t,frame,ang,npts,res_c,res_l,dispara,marca_humana
1.167,0,32.0,115,3.42,4.27,0,0
1.747,1,36.7,113,3.42,4.27,0,0
1.844,2,85.3,112,3.45,0.98,0,0
1.888,3,85.0,113,3.56,1.71,0,0
1.934,4,84.5,113,3.56,1.45,0,0
1.974,5,83.3,113,3.56,1.25,0,0
2.021,6,83.3,113,3.56,1.25,0,0
2.062,7,83.3,113,3.56,1.25,0,0
2.098,8,84.9,113,3.56,1.42,0,0
2.136,9,75.2,117,3.66,2.13,0,0
2.173,10,74.3,117,3.66,2.22,0,0
2.214,11,84.0,113,3.56,1.53,0,0
2.252,12,83.3,113,3.56,1.25,0,0
2.289,13,75.0,117,3.66,2.31,0,0
2.329,14,83.9,113,3.56,1.20,0,0
2.365,15,83.8,113,3.56,1.20,0,0
2.402,16,84.1,113,3.57,1.52,0,0
2.438,17,85.4,113,3.56,1.84,0,0
2.480,18,84.4,113,3.56,1.46,0,0
2.514,19,84.9,113,3.56,1.42,0,0
2.546,20,83.8,113,3.56,1.21,0,0
2.582,21,75.0,117,3.66,2.34,0,0
2.619,22,83.5,113,3.56,1.55,0,0
2.654,23,84.9,113,3.56,1.42,0,0
2.691,24,83.8,113,3.56,1.25,0,0
2.729,25,83.8,113,3.56,1.25,0,0
2.764,26,84.0,113,3.56,1.53,0,0
2.803,27,83.3,113,3.56,1.25,0,0
2.839,28,83.8,113,3.56,1.21,0,0
2.874,29,83.8,113,3.56,1.20,0,0
2.908,30,85.0,113,3.56,1.41,0,0
2.946,31,75.0,117,3.66,2.34,0,0
2.982,32,83.9,113,3.56,1.49,0,0
3.020,33,85.1,113,3.56,1.75,0,0
3.056,34,83.8,113,3.56,1.21,0,0
3.093,35,84.8,113,3.56,1.46,0,0
3.129,36,84.0,113,3.56,1.53,0,0
3.171,37,84.3,113,3.56,1.58,0,0
3.206,38,84.6,113,3.56,1.77,0,0
3.241,39,75.1,117,3.66,2.17,0,0
3.278,40,83.5,114,3.56,1.54,0,0
3.321,41,83.8,113,3.56,1.25,0,0
3.359,42,83.3,113,3.56,1.23,0,0
3.400,43,75.2,117,3.66,2.15,0,0
3.443,44,83.9,113,3.56,1.20,0,0
3.478,45,83.4,113,3.56,1.50,0,0
3.518,46,85.1,113,3.56,1.75,0,0
3.560,47,84.9,113,3.56,1.41,0,0
3.599,48,85.1,113,3.56,1.75,0,0
3.639,49,83.8,113,3.56,1.21,0,0
3.678,50,83.8,113,3.56,1.21,0,0
3.721,51,84.0,113,3.56,1.53,0,0
3.760,52,85.1,113,3.56,1.75,0,0
3.801,53,84.9,113,3.56,1.40,0,0
3.839,54,84.4,113,3.56,1.46,0,0
3.879,55,83.8,113,3.56,1.21,0,0
3.920,56,84.9,113,3.56,1.42,0,0
3.959,57,83.8,113,3.56,1.21,0,0
4.000,58,84.0,113,3.56,1.53,0,0
4.039,59,84.1,113,3.56,1.52,0,0
4.081,60,84.9,113,3.56,1.40,0,0
4.119,61,84.0,113,3.56,1.53,0,0
4.159,62,74.6,117,3.66,2.03,0,0
4.201,63,83.9,113,3.56,1.49,0,0
4.240,64,84.1,113,3.56,1.52,0,0
4.281,65,85.1,113,3.56,1.69,0,0
4.322,66,83.5,113,3.56,1.55,0,0
4.359,67,84.4,113,3.56,1.46,0,0
4.404,68,85.1,113,3.56,1.75,0,0
4.443,69,83.9,113,3.56,1.18,0,0
4.479,70,83.8,113,3.56,1.21,0,0
4.524,71,83.5,113,3.56,1.55,0,0
4.560,72,84.1,113,3.56,1.47,0,0
4.599,73,83.9,113,3.56,1.49,0,0
4.639,74,83.8,113,3.56,1.21,0,0
4.679,75,84.9,113,3.56,1.41,0,0
4.719,76,83.4,113,3.56,1.24,0,0
4.760,77,84.4,113,3.56,1.46,0,0
4.799,78,84.6,113,3.56,1.77,0,0
4.839,79,85.1,113,3.56,1.75,0,0
4.880,80,83.3,113,3.56,1.25,0,0
4.919,81,83.8,113,3.58,1.20,0,0
4.959,82,84.9,113,3.56,1.40,0,0
4.999,83,83.9,113,3.56,1.20,0,0
5.039,84,84.5,113,3.56,1.45,0,0
5.080,85,83.9,113,3.56,1.20,0,0
5.119,86,83.9,113,3.56,1.49,0,0
5.161,87,84.5,113,3.56,1.72,0,0
5.199,88,84.8,113,3.56,1.46,0,0
5.239,89,74.3,117,3.66,2.22,0,0
5.280,90,83.8,113,3.56,1.20,0,0
5.319,91,83.5,113,3.56,1.55,0,0
5.360,92,83.8,113,3.56,1.21,0,0
5.404,93,74.3,117,3.66,2.22,0,0
5.439,94,75.2,117,3.66,2.13,0,0
5.484,95,83.8,113,3.56,1.21,0,0
5.522,96,75.0,117,3.66,2.34,0,0
5.559,97,83.3,113,3.56,1.25,0,0
5.601,98,75.2,117,3.66,2.13,0,0
5.639,99,84.2,113,3.56,1.45,0,0
5.680,100,84.0,113,3.56,1.53,0,0
5.721,101,83.8,113,3.56,1.21,0,0
5.759,102,75.1,117,3.66,2.36,0,0
5.800,103,83.8,113,3.56,1.20,0,0
5.839,104,84.9,113,3.56,1.42,0,0
5.879,105,85.2,113,3.56,0.91,0,0
5.923,106,83.8,113,3.56,1.21,0,0
5.959,107,83.9,113,3.56,1.49,0,0
5.999,108,83.3,113,3.56,1.29,0,0
6.041,109,83.3,113,3.56,1.25,0,0
6.080,110,83.8,113,3.56,1.21,0,0
6.120,111,84.6,113,3.56,1.77,0,0
6.159,112,83.1,114,3.56,1.27,0,0
6.203,113,83.9,113,3.56,1.49,0,0
6.239,114,85.0,113,3.56,1.71,0,0
6.281,115,83.8,113,3.56,1.20,0,0
6.319,116,74.3,117,3.66,2.22,0,0
6.359,117,77.7,116,3.66,2.07,0,0
6.408,118,83.3,113,3.56,1.31,0,0
6.443,119,75.0,117,3.66,2.34,0,0
6.478,120,83.9,113,3.56,1.20,0,0
6.522,121,84.9,113,3.56,1.41,0,0
6.559,122,85.1,113,3.56,1.75,0,0
6.599,123,83.3,113,3.56,1.29,0,0
6.641,124,84.9,113,3.56,1.76,0,0
6.679,125,85.2,113,3.56,1.74,0,0
6.719,126,83.8,113,3.56,1.20,0,0
6.760,127,84.1,113,3.56,1.52,0,0
6.799,128,84.0,113,3.56,1.53,0,0
6.840,129,84.6,113,3.56,1.77,0,0
6.879,130,83.8,113,3.56,1.21,0,0
6.920,131,84.4,113,3.56,1.46,0,0
6.961,132,84.9,113,3.56,1.41,0,0
6.999,133,83.5,113,3.56,1.55,0,0
7.040,134,85.0,113,3.56,1.71,0,0
7.080,135,84.1,113,3.56,1.52,0,0
7.119,136,84.8,113,3.56,1.85,0,0
7.160,137,83.8,113,3.56,1.55,0,0
7.201,138,83.4,113,3.56,1.24,0,0
7.239,139,83.8,113,3.56,1.20,0,0
7.282,140,75.2,117,3.66,2.15,0,0
7.319,141,83.9,113,3.56,1.18,0,0
7.361,142,84.0,113,3.56,1.53,0,0
7.400,143,85.1,113,3.56,1.75,0,0
7.447,144,74.3,117,3.66,2.22,0,0
7.481,145,83.8,113,3.56,1.20,0,0
7.520,146,75.2,117,3.66,2.15,0,0
7.559,147,83.5,113,3.56,1.55,0,0
7.602,148,83.8,113,3.56,1.55,0,0
7.640,149,83.5,113,3.56,1.55,0,0
7.679,150,84.9,113,3.56,1.42,0,0
7.721,151,74.6,117,3.66,2.03,0,0
7.759,152,83.3,113,3.56,1.25,0,0
7.800,153,83.8,113,3.56,1.21,0,0
7.839,154,84.8,113,3.56,1.46,0,0
7.880,155,85.3,113,3.56,1.73,0,0
7.920,156,84.5,113,3.56,1.72,0,0
7.959,157,84.4,113,3.56,1.46,0,0
8.001,158,84.9,113,3.56,1.42,0,0
8.039,159,83.3,113,3.56,1.25,0,0
8.079,160,83.8,113,3.56,1.20,0,0
8.122,161,84.0,113,3.56,1.53,0,0
8.162,162,84.0,113,3.56,1.53,0,0
8.199,163,84.0,113,3.56,1.47,0,0
8.239,164,84.9,113,3.56,1.42,0,0
8.281,165,83.8,113,3.56,1.21,0,0
8.319,166,83.8,113,3.56,1.21,0,0
8.359,167,83.9,113,3.56,1.20,0,0
8.406,168,83.8,113,3.56,1.25,0,0
8.440,169,83.9,113,3.56,1.20,0,0
8.480,170,84.9,113,3.56,1.42,0,0
8.519,171,83.3,113,3.56,1.25,0,0
8.560,172,84.9,113,3.56,1.43,0,0
8.601,173,83.6,113,3.56,1.22,0,0
8.639,174,83.3,113,3.56,1.23,0,0
8.682,175,84.9,113,3.56,1.40,0,0
8.719,176,84.6,113,3.56,1.77,0,0
8.762,177,84.0,113,3.56,1.53,0,0
8.800,178,85.1,113,3.56,1.69,0,0
8.839,179,83.4,113,3.56,1.50,0,0
8.880,180,83.3,113,3.56,1.25,0,0
8.920,181,83.8,113,3.56,1.20,0,0
8.959,182,83.8,113,3.56,1.21,0,0
9.004,183,84.5,113,3.56,1.72,0,0
9.039,184,84.9,113,3.56,1.40,0,0
9.082,185,75.0,117,3.66,2.34,0,0
9.120,186,84.9,113,3.56,1.41,0,0
9.159,187,84.6,113,3.56,1.77,0,0
9.200,188,83.9,113,3.56,1.20,0,0
9.240,189,83.3,113,3.56,1.29,0,0
9.281,190,83.7,113,3.58,1.21,0,0
9.320,191,83.8,113,3.56,1.21,0,0
9.360,192,83.8,113,3.56,1.21,0,0
9.405,193,83.9,113,3.56,1.20,0,0
9.440,194,84.4,113,3.56,1.44,0,0
9.483,195,74.5,117,3.66,2.01,0,0
9.520,196,83.5,113,3.56,1.55,0,0
9.559,197,82.7,114,3.56,1.32,0,0
9.602,198,84.0,113,3.56,1.47,0,0
9.640,199,84.9,113,3.56,1.42,0,0
9.682,200,85.1,113,3.56,1.75,0,0
9.719,201,83.8,113,3.56,1.25,0,0
9.761,202,85.1,113,3.56,1.75,0,0
9.802,203,83.8,113,3.56,1.21,0,0
9.840,204,83.8,113,3.56,1.21,0,0
9.880,205,83.9,113,3.56,1.49,0,0
9.920,206,83.4,113,3.56,1.24,0,0
9.960,207,83.8,113,3.56,1.21,0,0
10.001,208,83.8,113,3.56,1.21,0,0
10.040,209,75.2,117,3.66,2.15,0,0
10.081,210,83.8,113,3.56,1.21,0,0
10.122,211,84.0,113,3.56,1.55,0,0
10.160,212,84.5,113,3.56,1.45,0,0
10.199,213,83.8,113,3.56,1.21,0,0
10.243,214,82.4,113,3.56,1.57,0,0
10.280,215,84.4,113,3.56,1.46,0,0
10.320,216,82.3,113,3.56,1.53,0,0
10.359,217,83.3,113,3.56,1.25,0,0
10.407,218,82.5,114,3.56,1.02,0,0
10.440,219,83.6,113,3.56,1.53,0,0
10.480,220,83.9,113,3.56,1.20,0,0
10.520,221,83.3,113,3.56,1.25,0,0
10.560,222,84.0,113,3.56,1.53,0,0
10.600,223,75.2,117,3.66,2.15,0,0
10.642,224,69.2,117,3.66,1.94,0,0
10.680,225,84.9,113,3.56,1.42,0,0
10.720,226,83.1,113,3.56,1.25,0,0
10.760,227,85.1,113,3.56,1.75,0,0
10.800,228,84.0,113,3.56,1.53,0,0
10.840,229,84.9,113,3.56,1.42,0,0
10.880,230,83.8,113,3.56,1.21,0,0
10.924,231,83.6,112,3.45,0.94,0,0
10.960,232,83.5,113,3.56,1.55,0,0
11.000,233,83.9,113,3.56,1.18,0,0
11.040,234,85.1,113,3.56,1.75,0,0
11.080,235,84.0,113,3.56,1.53,0,0
11.120,236,74.4,117,3.66,2.03,0,0
11.161,237,83.8,113,3.56,1.21,0,0
11.201,238,74.5,117,3.66,2.01,0,0
11.240,239,84.9,113,3.56,1.41,0,0
11.280,240,84.7,113,3.56,1.49,0,0
11.321,241,84.0,113,3.56,1.53,0,0
11.362,242,83.8,113,3.56,1.25,0,0
11.404,243,74.5,117,3.66,2.01,0,0
11.441,244,74.6,117,3.66,2.06,0,0
11.480,245,85.3,113,3.56,1.33,0,0
11.519,246,75.3,117,3.66,2.16,0,0
11.562,247,85.1,113,3.56,1.75,0,0
11.600,248,85.2,113,3.56,1.74,0,0
11.639,249,84.6,113,3.56,1.44,0,0
11.681,250,75.2,117,3.66,2.42,0,0
11.720,251,84.4,113,3.56,1.46,0,0
11.760,252,84.0,113,3.56,1.53,0,0
11.801,253,82.5,114,3.56,1.08,0,0
11.840,254,74.3,117,3.66,2.22,0,0
11.880,255,83.8,113,3.56,1.20,0,0
11.921,256,84.4,113,3.56,1.46,0,0
11.960,257,84.0,113,3.56,1.47,0,0
12.000,258,83.3,113,3.56,1.25,0,0
12.040,259,83.9,113,3.56,1.49,0,0
12.080,260,83.3,113,3.56,1.23,0,0
12.122,261,84.0,113,3.56,1.53,0,0
12.160,262,83.8,113,3.56,1.21,0,0
12.200,263,83.3,113,3.56,1.25,0,0
12.240,264,83.3,113,3.56,1.25,0,0
12.281,265,74.7,117,3.66,2.37,0,0
12.323,266,84.8,113,3.56,1.46,0,0
12.360,267,84.9,113,3.56,1.42,0,0
12.401,268,84.6,113,3.56,1.77,0,0
12.442,269,83.2,114,3.56,1.56,0,0
12.480,270,84.9,113,3.56,1.45,0,0
12.519,271,74.4,117,3.68,2.01,0,0
12.560,272,83.3,113,3.56,1.25,0,0
12.601,273,83.6,113,3.56,1.21,0,0
12.640,274,85.2,113,3.56,1.74,0,0
12.680,275,85.1,113,3.56,1.75,0,0
12.720,276,74.4,117,3.66,2.03,0,0
12.761,277,83.8,113,3.56,1.21,0,0
12.801,278,84.0,113,3.56,1.47,0,0
12.840,279,83.1,113,3.56,1.25,0,0
12.880,280,85.1,113,3.56,1.75,0,0
12.920,281,83.6,113,3.56,1.53,0,0
12.961,282,83.8,113,3.56,1.21,0,0
13.001,283,74.3,117,3.66,2.22,0,0
13.040,284,83.3,113,3.56,1.25,0,0
13.080,285,84.9,113,3.56,1.42,0,0
13.120,286,84.0,113,3.56,1.47,0,0
13.160,287,84.9,113,3.56,1.41,0,0
13.200,288,83.0,112,3.45,1.35,0,0
13.242,289,83.3,113,3.56,1.25,0,0
13.280,290,75.1,117,3.66,2.19,0,0
13.321,291,74.4,117,3.66,2.03,0,0
13.360,292,83.8,113,3.56,1.21,0,0
13.405,293,84.9,113,3.56,1.42,0,0
13.440,294,84.4,113,3.56,1.46,0,0
13.482,295,83.8,113,3.56,1.21,0,0
13.520,296,75.3,117,3.66,2.45,0,0
13.563,297,85.1,113,3.56,1.75,0,0
13.600,298,79.2,112,3.45,1.51,0,0
13.640,299,84.4,113,3.56,1.46,0,0
13.680,300,83.8,113,3.56,1.21,0,0
13.727,301,75.1,117,3.66,2.17,0,0
13.760,302,84.9,113,3.56,1.42,0,0
13.800,303,83.4,113,3.56,1.24,0,0
13.840,304,83.8,113,3.56,1.21,0,0
13.880,305,84.0,113,3.56,1.53,0,0
13.922,306,85.1,113,3.56,1.75,0,0
13.961,307,84.9,113,3.56,1.42,0,0
14.001,308,83.3,113,3.56,1.29,0,0
14.040,309,83.8,113,3.56,1.21,0,0
14.081,310,83.6,113,3.56,1.23,0,0
14.120,311,84.0,113,3.56,1.53,0,0
14.162,312,74.5,117,3.66,2.01,0,0
14.201,313,85.1,113,3.56,1.75,0,0
14.240,314,75.2,117,3.66,2.15,0,0
14.280,315,84.9,113,3.56,1.42,0,0
14.322,316,75.0,117,3.66,2.31,0,0
14.361,317,84.9,113,3.56,1.41,0,0
14.402,318,83.8,113,3.56,1.21,0,0
14.449,319,84.9,113,3.56,1.42,0,0
14.488,320,83.0,113,3.56,1.67,0,0
14.535,321,74.5,117,3.66,2.01,0,0
14.568,322,83.4,113,3.56,1.30,0,0
14.604,323,84.4,113,3.56,1.46,0,0
14.643,324,83.8,113,3.56,1.25,0,0
14.680,325,83.3,113,3.56,1.25,0,0
14.721,326,84.9,113,3.56,1.40,0,0
14.760,327,84.0,113,3.56,1.53,0,0
14.801,328,84.0,113,3.56,1.53,0,0
14.843,329,74.5,117,3.66,2.01,0,0
14.880,330,75.2,117,3.66,2.15,0,0
14.922,331,83.9,113,3.56,1.20,0,0
14.963,332,83.3,113,3.56,1.25,0,0
15.001,333,75.2,117,3.66,2.15,0,0
15.042,334,83.5,113,3.56,1.55,0,0
15.081,335,84.9,113,3.56,1.42,0,0
15.121,336,75.0,117,3.66,2.34,0,0
15.164,337,84.0,113,3.56,1.53,0,0
15.201,338,84.0,113,3.56,1.53,0,0
15.241,339,83.3,113,3.56,1.23,0,0
15.281,340,84.4,113,3.56,1.46,0,0
15.322,341,83.3,113,3.56,1.25,0,0
15.362,342,83.9,113,3.56,1.20,0,0
15.404,343,74.5,117,3.66,2.01,0,0
15.443,344,84.7,112,3.45,1.29,0,0
15.482,345,84.8,113,3.56,1.46,0,0
15.523,346,83.8,113,3.56,1.21,0,0
15.561,347,84.9,113,3.56,1.42,0,0
15.601,348,83.8,113,3.56,1.25,0,0
15.643,349,85.0,113,3.56,1.71,0,0
15.681,350,83.9,113,3.56,1.18,0,0
15.721,351,83.4,113,3.56,1.50,0,0
15.761,352,83.8,113,3.56,1.25,0,0
15.802,353,83.8,113,3.56,1.21,0,0
15.844,354,84.4,113,3.56,1.46,0,0
15.881,355,83.6,113,3.56,1.53,0,0
15.920,356,83.9,113,3.56,1.24,0,0
15.961,357,84.3,113,3.56,1.61,0,0
16.002,358,83.3,113,3.56,1.25,0,0
16.041,359,84.0,113,3.56,1.53,0,0
16.081,360,83.4,113,3.56,1.50,0,0
16.121,361,84.8,113,3.56,1.85,0,0
16.161,362,83.8,113,3.56,1.64,0,0
16.201,363,84.0,113,3.56,1.53,0,0
16.243,364,83.5,113,3.56,1.55,0,0
16.281,365,83.8,113,3.56,1.25,0,0
16.321,366,75.0,117,3.66,2.34,0,0
16.362,367,75.0,117,3.66,2.34,0,0
16.406,368,83.8,113,3.56,1.21,0,0
16.441,369,75.1,117,3.66,2.17,0,0
16.480,370,84.0,113,3.56,1.53,0,0
16.522,371,84.0,113,3.56,1.47,0,0
16.561,372,82.3,114,3.56,1.36,0,0
16.601,373,85.1,113,3.56,1.75,0,0
16.641,374,83.7,113,3.56,1.62,0,0
16.682,375,75.2,117,3.66,2.15,0,0
16.721,376,83.9,113,3.56,1.49,0,0
16.761,377,85.0,113,3.56,1.71,0,0
16.803,378,74.8,117,3.66,2.25,0,0
16.841,379,84.3,113,3.56,1.61,0,0
16.883,380,83.9,113,3.56,1.49,0,0
16.921,381,83.8,113,3.56,1.21,0,0
16.961,382,74.3,117,3.66,2.22,0,0
17.003,383,84.3,113,3.56,1.61,0,0
17.041,384,74.5,117,3.66,2.24,0,0
17.081,385,84.0,113,3.56,1.53,0,0
17.122,386,83.8,113,3.56,1.25,0,0
17.162,387,84.9,113,3.56,1.40,0,0
17.201,388,85.1,113,3.56,1.75,0,0
17.242,389,83.3,113,3.56,1.25,0,0
17.281,390,83.5,113,3.56,1.55,0,0
17.322,391,75.1,117,3.66,2.36,0,0
17.361,392,83.4,113,3.56,1.24,0,0
17.404,393,83.9,113,3.56,1.49,0,0
17.443,394,84.1,113,3.56,1.56,0,0
17.482,395,83.3,113,3.56,1.29,0,0
17.520,396,83.1,113,3.56,1.25,0,0
17.561,397,85.1,113,3.56,1.75,0,0
17.602,398,74.6,117,3.66,2.03,0,0
17.641,399,83.3,113,3.56,1.25,0,0
17.681,400,74.3,117,3.66,2.22,0,0
17.723,401,84.1,113,3.56,1.52,0,0
17.761,402,83.8,113,3.56,1.21,0,0
17.801,403,84.8,113,3.56,1.46,0,0
17.845,404,75.2,117,3.66,2.15,0,0
17.881,405,83.8,113,3.56,1.20,0,0
17.921,406,84.9,113,3.56,1.42,0,0
17.962,407,84.9,113,3.56,1.42,0,0
18.001,408,83.4,113,3.56,1.28,0,0
18.041,409,84.1,113,3.56,1.52,0,0
18.081,410,84.1,113,3.56,1.52,0,0
18.121,411,83.8,113,3.56,1.25,0,0
18.162,412,85.1,113,3.56,1.69,0,0
18.201,413,83.4,113,3.56,1.24,0,0
18.241,414,83.6,113,3.56,1.22,0,0
18.283,415,83.8,113,3.56,1.21,0,0
18.321,416,83.8,113,3.56,1.21,0,0
18.363,417,83.6,113,3.56,1.53,0,0
18.404,418,83.4,113,3.56,1.24,0,0
18.441,419,84.9,113,3.56,1.40,0,0
18.483,420,83.8,113,3.56,1.21,0,0
18.521,421,83.5,113,3.56,1.55,0,0
18.565,422,83.3,113,3.56,1.25,0,0
18.601,423,83.2,114,3.56,1.29,0,0
18.641,424,83.5,114,3.56,1.23,0,0
18.683,425,84.9,113,3.56,1.41,0,0
18.721,426,84.0,113,3.56,1.53,0,0
18.761,427,74.5,117,3.66,2.01,0,0
18.803,428,84.4,113,3.56,1.46,0,0
18.841,429,83.9,113,3.56,1.20,0,0
18.881,430,82.2,114,3.58,1.31,0,0
18.921,431,83.8,113,3.56,1.21,0,0
18.963,432,83.8,113,3.56,1.21,0,0
19.001,433,74.3,117,3.66,2.19,0,0
19.044,434,84.9,113,3.56,1.42,0,0
19.081,435,74.5,117,3.66,2.24,0,0
19.123,436,83.4,113,3.56,1.36,0,0
19.161,437,85.2,113,3.56,1.74,0,0
19.201,438,84.0,113,3.56,1.53,0,0
19.244,439,83.8,113,3.56,1.20,0,0
19.281,440,75.1,117,3.66,2.39,0,0
19.321,441,84.1,113,3.56,1.64,0,0
19.362,442,84.0,113,3.57,1.53,0,0
19.402,443,75.0,117,3.66,2.34,0,0
19.442,444,83.9,113,3.56,1.49,0,0
19.481,445,85.0,113,3.56,1.39,0,0
19.521,446,83.4,113,3.56,1.24,0,0
19.562,447,83.7,113,3.56,1.51,0,0
19.601,448,83.8,113,3.56,1.21,0,0
19.641,449,83.8,113,3.56,1.21,0,0
19.681,450,84.1,113,3.56,1.52,0,0
19.723,451,83.8,113,3.56,1.21,0,0
19.761,452,83.8,113,3.56,1.21,0,0
19.801,453,83.8,113,3.56,1.21,0,0
19.841,454,84.4,113,3.56,1.46,0,0
19.882,455,83.8,113,3.56,1.21,0,0
19.921,456,83.4,113,3.56,1.24,0,0
19.962,457,84.2,113,3.56,1.46,0,0
20.001,458,74.3,117,3.66,2.22,0,0
20.041,459,84.0,113,3.57,1.53,0,0
20.081,460,83.9,113,3.56,1.24,0,0
20.122,461,83.8,113,3.56,1.21,0,0
20.163,462,84.6,113,3.56,1.44,0,0
20.201,463,84.9,113,3.56,1.41,0,0
20.241,464,84.3,113,3.56,1.61,0,0
20.281,465,83.4,113,3.56,1.50,0,0
20.323,466,83.8,113,3.56,1.21,0,0
20.362,467,84.9,113,3.56,1.42,0,0
20.406,468,74.3,117,3.66,2.22,0,0
20.441,469,83.4,113,3.56,1.36,0,0
20.481,470,83.9,113,3.56,1.49,0,0
20.523,471,84.0,113,3.56,1.47,0,0
20.561,472,74.4,117,3.66,2.03,0,0
20.602,473,74.3,117,3.66,2.22,0,0
20.642,474,83.3,113,3.56,1.23,0,0
20.682,475,85.2,113,3.56,1.74,0,0
20.721,476,83.9,113,3.56,1.18,0,0
20.763,477,84.9,113,3.56,1.41,0,0
20.801,478,83.8,113,3.56,1.21,0,0
20.843,479,84.6,113,3.56,1.44,0,0
20.881,480,83.4,113,3.56,1.24,0,0
20.921,481,84.5,113,3.56,1.45,0,0
20.963,482,83.8,113,3.56,1.25,0,0
21.001,483,84.0,113,3.56,1.47,0,0
21.042,484,83.8,113,3.56,1.21,0,0
21.085,485,85.1,113,3.56,1.75,0,0
21.121,486,85.2,113,3.56,1.74,0,0
21.161,487,83.9,113,3.56,1.20,0,0
21.203,488,83.9,113,3.56,1.20,0,0
21.242,489,84.0,113,3.56,1.53,0,0
21.282,490,83.6,113,3.56,1.53,0,0
21.323,491,85.9,113,3.56,1.83,0,0
21.362,492,74.6,117,3.66,2.06,0,0
21.406,493,84.9,113,3.56,1.42,0,0
21.442,494,75.1,117,3.66,2.17,0,0
21.481,495,74.6,117,3.66,2.03,0,0
21.520,496,83.8,113,3.56,1.21,0,0
21.562,497,85.2,113,3.56,1.74,0,0
21.601,498,83.9,113,3.56,1.20,0,0
21.643,499,85.1,113,3.56,1.75,0,0
21.684,500,75.0,117,3.66,2.31,0,0
21.722,501,85.0,113,3.56,1.71,0,0
21.761,502,83.9,113,3.56,1.49,0,0
21.802,503,75.0,117,3.66,2.34,0,0
21.844,504,83.6,113,3.56,1.53,0,0
21.882,505,74.6,117,3.66,2.06,0,0
21.922,506,82.0,113,3.56,1.57,0,0
21.964,507,83.9,113,3.56,1.49,0,0
22.002,508,83.8,113,3.56,1.21,0,0
22.041,509,84.0,113,3.56,1.53,0,0
22.081,510,84.5,113,3.56,1.72,0,0
22.123,511,83.8,113,3.56,1.21,0,0
22.161,512,85.2,113,3.56,1.74,0,0
22.201,513,83.5,114,3.56,1.50,0,0
22.242,514,84.0,113,3.56,1.53,0,0
22.282,515,84.1,113,3.56,1.52,0,0
22.323,516,84.5,113,3.56,1.45,0,0
22.362,517,85.0,113,3.56,1.71,0,0
22.406,518,84.9,113,3.56,1.45,0,0
22.444,519,84.1,113,3.56,1.52,0,0
22.482,520,85.1,113,3.56,1.75,0,0
22.520,521,84.0,113,3.56,1.47,0,0
22.562,522,83.4,114,3.56,1.24,0,0
22.602,523,74.6,117,3.66,2.03,0,0
22.642,524,83.8,113,3.56,1.25,0,0
22.685,525,83.3,113,3.56,1.29,0,0
22.722,526,74.6,117,3.66,2.02,0,0
22.762,527,83.4,113,3.56,1.50,0,0
22.802,528,83.4,114,3.56,1.24,0,0
22.843,529,83.5,113,3.56,1.49,0,0
22.882,530,84.0,113,3.56,1.53,0,0
22.921,531,85.1,113,3.56,1.75,0,0
22.965,532,83.9,113,3.56,1.20,0,0
23.002,533,84.6,113,3.56,1.77,0,0
23.042,534,84.9,113,3.56,1.41,0,0
23.082,535,84.9,113,3.56,1.42,0,0
23.122,536,84.0,113,3.56,1.53,0,0
23.163,537,84.9,113,3.56,1.42,0,0
23.205,538,84.5,113,3.56,1.49,0,0
23.242,539,84.9,113,3.56,1.42,0,0
23.284,540,84.9,113,3.56,1.87,0,0
23.322,541,74.6,117,3.66,2.03,0,0
23.363,542,84.0,113,3.56,1.53,0,0
23.405,543,85.1,113,3.56,1.75,0,0
23.445,544,83.9,113,3.56,1.24,0,0
23.482,545,83.9,113,3.56,1.20,0,0
23.521,546,84.0,113,3.56,1.53,0,0
23.561,547,74.5,117,3.66,2.01,0,0
23.602,548,84.0,113,3.56,1.53,0,0
23.645,549,75.0,117,3.66,2.34,0,0
23.682,550,83.5,113,3.56,1.55,0,0
23.722,551,84.4,113,3.56,1.46,0,0
23.762,552,74.6,117,3.66,2.06,0,0
23.802,553,83.8,113,3.56,1.21,0,0
23.842,554,84.9,113,3.56,1.41,0,0
23.883,555,85.1,113,3.56,1.75,0,0
23.923,556,75.2,117,3.66,2.42,0,0
23.962,557,85.1,113,3.56,1.69,0,0
24.003,558,74.3,117,3.66,2.22,0,0
24.045,559,84.9,113,3.56,1.42,0,0
24.082,560,83.8,113,3.56,1.21,0,0
24.122,561,85.1,113,3.56,1.75,0,0
24.162,562,75.2,117,3.66,2.15,0,0
24.204,563,84.0,113,3.56,1.53,0,0
24.242,564,84.0,113,3.56,1.53,0,0
24.282,565,85.5,113,3.56,1.82,0,0
24.322,566,84.9,113,3.56,1.42,0,0
24.363,567,83.5,113,3.56,1.55,0,0
24.405,568,84.0,113,3.56,1.47,0,0
24.444,569,83.8,113,3.56,1.20,0,0
24.482,570,83.3,113,3.56,1.25,0,0
24.524,571,83.8,113,3.56,1.21,0,0
24.567,572,84.0,113,3.56,1.47,0,0
24.608,573,84.6,113,3.56,1.71,0,0
24.650,574,85.4,113,3.56,1.84,0,0
24.685,575,74.5,117,3.66,2.24,0,0
24.722,576,84.9,113,3.56,1.41,0,0
24.765,577,83.8,113,3.56,1.25,0,0
24.802,578,75.3,117,3.66,2.16,0,0
24.844,579,82.4,114,3.57,1.35,0,0
24.882,580,84.9,113,3.56,1.42,0,0
24.922,581,83.4,113,3.56,1.24,0,0
24.963,582,83.4,113,3.56,1.50,0,0
25.003,583,75.2,117,3.66,2.15,0,0
25.042,584,84.0,113,3.56,1.53,0,0
25.082,585,83.8,113,3.56,1.25,0,0
25.124,586,83.3,113,3.56,1.29,0,0
25.162,587,83.9,113,3.56,1.49,0,0
25.202,588,84.0,113,3.56,1.53,0,0
25.243,589,83.9,113,3.56,1.20,0,0
25.282,590,83.4,113,3.56,1.24,0,0
25.323,591,84.9,113,3.56,1.42,0,0
25.363,592,85.0,113,3.56,1.39,0,0
25.403,593,83.9,113,3.56,1.49,0,0
25.447,594,83.8,113,3.56,1.21,0,0
25.481,595,83.8,113,3.56,1.21,0,0
25.523,596,84.0,113,3.56,1.53,0,0
25.563,597,75.1,117,3.66,2.19,0,0
25.602,598,74.3,117,3.66,2.22,0,0
25.642,599,83.9,113,3.56,1.20,0,0
25.683,600,83.8,113,3.56,1.20,0,0
25.722,601,84.2,113,3.56,1.50,0,0
25.762,602,85.0,113,3.56,1.71,0,0
25.805,603,75.3,117,3.66,2.15,0,0
25.842,604,83.4,113,3.56,1.33,0,0
25.882,605,74.5,117,3.66,2.01,0,0
25.922,606,84.0,113,3.56,1.53,0,0
25.962,607,83.6,113,3.57,1.53,0,0
26.005,608,85.1,113,3.56,1.69,0,0
26.043,609,74.6,117,3.66,2.03,0,0
26.083,610,74.5,117,3.66,2.24,0,0
26.122,611,84.0,113,3.56,1.53,0,0
26.163,612,84.7,113,3.56,1.76,0,0
26.203,613,83.5,113,3.56,1.55,0,0
26.243,614,83.4,113,3.56,1.28,0,0
26.284,615,85.1,113,3.56,1.75,0,0
26.322,616,83.8,113,3.56,1.21,0,0
26.364,617,83.8,113,3.56,1.25,0,0
26.407,618,83.4,113,3.56,1.50,0,0
26.443,619,74.5,117,3.66,2.24,0,0
26.484,620,83.8,113,3.56,1.20,0,0
26.522,621,83.8,113,3.56,1.21,0,0
26.562,622,84.4,113,3.56,1.59,0,0
26.603,623,85.1,113,3.56,1.75,0,0
26.642,624,84.3,113,3.56,1.61,0,0
26.682,625,75.2,117,3.66,2.19,0,0
26.725,626,83.9,112,3.45,1.08,0,0
26.763,627,84.6,113,3.56,1.44,0,0
26.803,628,84.9,113,3.56,1.42,0,0
26.843,629,85.2,113,3.56,1.74,0,0
26.883,630,74.4,117,3.66,2.03,0,0
26.923,631,83.5,113,3.56,1.49,0,0
26.962,632,84.1,113,3.56,1.53,0,0
27.004,633,85.2,113,3.56,1.74,0,0
27.042,634,84.9,113,3.56,1.42,0,0
27.084,635,84.9,113,3.56,1.41,0,0
27.122,636,75.1,117,3.66,2.33,0,0
27.164,637,74.5,117,3.66,1.99,0,0
27.202,638,84.4,113,3.56,1.46,0,0
27.242,639,84.3,113,3.56,1.61,0,0
27.285,640,83.9,113,3.56,1.20,0,0
27.323,641,84.9,113,3.56,1.41,0,0
27.366,642,83.6,113,3.56,1.21,0,0
27.403,643,83.1,114,3.56,1.27,0,0
27.447,644,84.0,113,3.56,1.53,0,0
27.486,645,74.5,117,3.66,2.31,0,0
27.522,646,83.6,113,3.56,1.23,0,0
27.563,647,84.1,113,3.56,1.52,0,0
27.602,648,84.0,113,3.56,1.53,0,0
27.642,649,84.7,113,3.56,1.47,0,0
27.684,650,83.8,113,3.56,1.25,0,0
27.722,651,83.8,113,3.56,1.21,0,0
27.762,652,75.1,117,3.66,2.17,0,0
27.804,653,85.0,113,3.56,1.71,0,0
27.842,654,84.9,113,3.56,1.42,0,0
27.884,655,83.8,113,3.56,1.21,0,0
27.922,656,84.0,113,3.56,1.53,0,0
27.962,657,83.9,113,3.56,1.20,0,0
28.004,658,83.5,113,3.56,1.55,0,0
28.043,659,74.9,117,3.68,2.34,0,0
28.085,660,75.1,117,3.66,2.36,0,0
28.122,661,83.8,113,3.56,1.21,0,0
28.162,662,83.9,113,3.57,1.20,0,0
28.203,663,75.2,117,3.66,2.15,0,0
28.243,664,74.5,117,3.66,2.01,0,0
28.284,665,75.3,117,3.66,2.16,0,0
28.326,666,74.6,117,3.66,2.06,0,0
28.363,667,83.4,113,3.56,1.50,0,0
28.407,668,84.7,113,3.56,1.76,0,0
28.447,669,84.9,113,3.56,1.42,0,0
28.482,670,74.5,117,3.66,2.01,0,0
28.536,671,83.5,113,3.56,1.55,0,0
28.568,672,83.3,114,3.56,1.50,0,0
28.610,673,83.5,113,3.56,1.55,0,0
28.646,674,83.9,113,3.56,1.18,0,0
28.686,675,83.6,113,3.56,1.22,0,0
28.722,676,84.9,113,3.56,1.41,0,0
28.762,677,75.7,117,3.66,2.30,0,0
28.805,678,82.6,114,3.56,1.34,0,0
28.843,679,84.2,113,3.56,1.59,0,0
28.884,680,83.8,113,3.56,1.21,0,0
28.922,681,84.1,113,3.56,1.52,0,0
28.964,682,84.0,113,3.56,1.53,0,0
29.003,683,84.0,113,3.56,1.53,0,0
29.043,684,83.9,113,3.56,1.20,0,0
29.082,685,83.6,113,3.56,1.53,0,0
29.124,686,82.9,113,3.56,1.38,0,0
29.163,687,75.2,117,3.66,2.15,0,0
29.203,688,83.8,113,3.56,1.21,0,0
29.245,689,74.5,117,3.66,2.01,0,0
29.283,690,83.8,113,3.56,1.21,0,0
29.322,691,83.8,113,3.56,1.25,0,0
29.366,692,84.9,113,3.56,1.41,0,0
29.407,693,74.3,117,3.66,2.22,0,0
29.442,694,84.0,113,3.56,1.53,0,0
29.485,695,84.9,113,3.56,1.42,0,0
29.522,696,83.8,113,3.56,1.25,0,0
29.563,697,83.9,113,3.56,1.24,0,0
29.606,698,74.3,117,3.66,2.19,0,0
29.643,699,83.8,113,3.56,1.21,0,0
29.685,700,84.4,113,3.56,1.46,0,0
29.722,701,84.9,113,3.56,1.42,0,0
29.765,702,80.6,113,3.56,1.80,0,0
29.802,703,82.6,114,3.56,1.34,0,0
29.843,704,84.3,113,3.56,1.61,0,0
29.882,705,85.2,113,3.56,1.74,0,0
29.923,706,83.9,113,3.56,1.20,0,0
29.964,707,84.9,113,3.56,1.49,0,0
30.003,708,85.1,113,3.56,1.75,0,0
30.046,709,75.0,117,3.66,2.34,0,0
30.082,710,83.8,113,3.56,1.21,0,0
30.123,711,83.9,113,3.56,1.24,0,0
30.163,712,84.9,113,3.56,1.42,0,0
30.204,713,83.4,113,3.56,1.28,0,0
30.243,714,84.4,113,3.56,1.46,0,0
30.284,715,84.0,113,3.56,1.47,0,0
30.323,716,83.9,113,3.56,1.24,0,0
30.366,717,85.1,113,3.56,1.75,0,0
30.407,718,77.7,116,3.66,2.07,0,0
30.444,719,75.2,117,3.66,2.15,0,0
30.483,720,83.8,113,3.56,1.20,0,0
30.525,721,85.2,113,3.56,1.74,0,0
30.562,722,83.4,113,3.56,1.24,0,0
30.606,723,83.4,113,3.56,1.24,0,0
30.643,724,74.3,117,3.66,2.19,0,0
30.685,725,85.2,112,3.45,1.25,0,0
30.723,726,83.3,113,3.56,1.29,0,0
30.766,727,83.8,113,3.56,1.25,0,0
30.803,728,84.0,113,3.56,1.53,0,0
30.843,729,84.1,113,3.56,1.52,0,0
30.884,730,84.0,113,3.57,1.53,0,0
30.923,731,83.5,113,3.56,1.55,0,0
30.964,732,84.4,113,3.56,1.46,0,0
31.003,733,84.5,113,3.56,1.52,0,0
31.043,734,62.7,115,3.66,4.07,0,0
31.084,735,83.9,113,3.56,1.54,0,0
31.123,736,84.1,113,3.56,1.60,0,0
31.163,737,83.9,113,3.56,1.49,0,0
31.206,738,84.4,113,3.56,1.46,0,0
31.243,739,83.5,113,3.56,1.55,0,0
31.283,740,84.0,113,3.56,1.53,0,0
31.323,741,84.0,113,3.56,1.47,0,0
31.366,742,84.0,113,3.56,1.53,0,0
31.409,743,85.0,113,3.56,1.71,0,0
31.445,744,83.4,113,3.56,1.24,0,0
31.483,745,83.5,113,3.56,1.55,0,0
31.524,746,83.4,113,3.56,1.35,0,0
31.563,747,85.2,113,3.56,1.74,0,0
31.603,748,83.5,113,3.56,1.55,0,0
31.647,749,83.8,113,3.56,1.21,0,0
31.683,750,83.8,113,3.56,1.25,0,0
31.725,751,83.2,113,3.56,1.72,0,0
31.763,752,83.9,113,3.56,1.49,0,0
31.804,753,84.6,113,3.56,1.50,0,0
31.843,754,84.0,113,3.56,1.47,0,0
31.886,755,74.6,117,3.66,2.02,0,0
31.923,756,83.8,113,3.56,1.21,0,0
31.963,757,83.5,113,3.56,1.55,0,0
32.004,758,83.8,113,3.56,1.21,0,0
32.043,759,59.5,112,3.45,2.91,0,0
32.083,760,85.2,113,3.56,1.74,0,0
32.124,761,83.6,113,3.56,1.53,0,0
32.163,762,85.1,113,3.56,1.75,0,0
32.203,763,83.8,113,3.56,1.21,0,0
32.245,764,84.0,113,3.56,1.53,0,0
32.284,765,74.5,117,3.66,2.01,0,0
32.324,766,84.9,113,3.56,1.41,0,0
32.364,767,84.9,113,3.56,1.42,0,0
32.405,768,74.3,117,3.66,2.22,0,0
32.454,769,84.0,113,3.56,1.53,0,0
32.493,770,84.9,113,3.56,1.42,0,0
32.534,771,83.9,113,3.56,1.24,0,0
32.568,772,74.5,117,3.66,2.24,0,0
32.609,773,84.0,113,3.56,1.53,0,0
32.645,774,74.5,117,3.66,2.01,0,0
32.682,775,83.5,113,3.56,1.34,0,0
32.724,776,84.9,113,3.56,1.41,0,0
32.763,777,83.4,113,3.56,1.24,0,0
32.806,778,84.9,113,3.56,1.41,0,0
32.843,779,83.2,114,3.56,1.25,0,0
32.886,780,74.6,117,3.66,2.03,0,0
32.923,781,84.4,113,3.56,1.50,0,0
32.964,782,74.6,117,3.66,2.06,0,0
33.006,783,61.7,116,3.66,3.95,0,0
33.047,784,74.3,117,3.66,2.19,0,0
33.083,785,84.1,113,3.56,1.52,0,0
33.125,786,83.8,113,3.56,1.21,0,0
33.164,787,74.5,117,3.66,2.31,0,0
33.205,788,83.8,113,3.56,1.25,0,0
33.243,789,83.6,113,3.56,1.53,0,0
33.283,790,84.0,113,3.56,1.47,0,0
33.325,791,85.4,113,3.56,1.75,0,0
33.366,792,84.6,113,3.56,1.77,0,0
33.406,793,84.0,113,3.56,1.53,0,0
33.448,794,84.6,113,3.56,1.77,0,0
33.482,795,83.5,114,3.56,1.54,0,0
33.526,796,84.1,113,3.56,1.52,0,0
33.563,797,75.0,117,3.66,2.34,0,0
33.604,798,83.9,113,3.56,1.18,0,0
33.643,799,84.9,113,3.56,1.42,0,0
33.685,800,83.8,113,3.56,1.21,0,0
33.723,801,85.1,113,3.56,1.75,0,0
33.764,802,83.6,113,3.56,1.23,0,0
33.803,803,84.3,113,3.56,1.61,0,0
33.844,804,83.8,113,3.56,1.21,0,0
33.883,805,84.0,113,3.56,1.47,0,0
33.926,806,75.2,117,3.66,2.42,0,0
33.963,807,83.8,113,3.56,1.21,0,0
34.005,808,74.3,117,3.66,2.19,0,0
34.044,809,83.6,114,3.56,1.53,0,0
34.084,810,84.0,113,3.56,1.53,0,0
34.126,811,85.1,113,3.56,1.75,0,0
34.163,812,84.5,113,3.56,1.45,0,0
34.205,813,83.4,113,3.56,1.24,0,0
34.243,814,74.5,117,3.66,2.01,0,0
34.285,815,84.0,113,3.56,1.47,0,0
34.323,816,74.4,117,3.66,2.21,0,0
34.365,817,74.6,117,3.66,2.30,0,0
34.405,818,84.6,113,3.56,1.77,0,0
34.445,819,74.5,117,3.66,2.01,0,0
34.483,820,83.6,112,3.45,0.94,0,0
34.523,821,77.7,116,3.66,2.07,0,0
34.563,822,77.7,116,3.66,2.07,0,0
34.603,823,75.2,117,3.66,2.13,0,0
34.643,824,78.2,116,3.66,2.14,0,0
34.683,825,83.3,113,3.56,1.25,0,0
34.724,826,75.2,117,3.66,2.13,0,0
34.766,827,83.6,112,3.45,0.94,0,0
34.803,828,77.7,116,3.66,2.07,0,0
34.846,829,83.9,112,3.45,0.90,0,0
34.883,830,84.1,112,3.45,0.88,0,0
34.925,831,74.5,117,3.66,1.99,0,0
34.963,832,85.0,112,3.46,1.08,0,0
35.003,833,84.9,113,3.56,1.42,0,0
35.044,834,78.2,116,3.66,2.14,0,0
35.085,835,77.6,115,3.66,2.07,0,0
35.123,836,83.3,113,3.56,1.25,0,0
35.163,837,85.0,112,3.45,1.08,0,0
35.203,838,84.5,112,3.45,1.14,0,0
35.243,839,83.6,112,3.45,0.94,0,0
35.283,840,84.1,112,3.45,0.88,0,0
35.324,841,84.5,112,3.45,1.14,0,0
35.365,842,78.2,116,3.66,2.14,0,0
35.408,843,85.0,113,3.56,1.39,0,0
35.443,844,83.3,113,3.56,1.25,0,0
35.483,845,85.0,112,3.45,1.08,0,0
35.522,846,84.1,112,3.45,0.88,0,0
35.563,847,81.7,113,3.56,1.84,0,0
35.603,848,83.8,113,3.56,1.20,0,0
35.643,849,84.1,112,3.45,0.88,0,0
35.684,850,84.5,112,3.45,1.14,0,0
35.723,851,84.3,112,3.45,1.15,0,0
35.764,852,84.1,112,3.45,0.88,0,0
35.805,853,83.4,113,3.56,1.22,0,0
35.844,854,83.6,112,3.45,0.94,0,0
35.884,855,77.7,116,3.66,2.07,0,0
35.923,856,83.9,113,3.56,1.20,0,0
35.963,857,77.7,116,3.66,2.07,0,0
36.007,858,77.7,116,3.66,2.07,0,0
36.044,859,74.6,117,3.66,2.03,0,0
36.084,860,77.7,116,3.66,2.07,0,0
36.125,861,83.3,113,3.56,1.25,0,0
36.164,862,84.5,112,3.45,1.14,0,0
36.204,863,81.0,112,3.45,1.27,0,0
36.244,864,83.6,112,3.45,0.94,0,0
36.283,865,84.9,113,3.56,1.42,0,0
36.326,866,78.2,116,3.66,2.14,0,0
36.365,867,78.2,116,3.66,2.14,0,0
36.408,868,84.1,112,3.45,0.88,0,0
36.445,869,74.5,117,3.66,2.01,0,0
36.486,870,84.4,113,3.56,1.46,0,0
36.528,871,83.4,113,3.56,1.24,0,0
36.564,872,84.1,112,3.45,0.88,0,0
36.603,873,83.8,113,3.56,1.20,0,0
36.644,874,84.1,112,3.45,0.88,0,0
36.685,875,75.3,117,3.66,2.16,0,0
36.724,876,84.1,112,3.45,0.88,0,0
36.763,877,83.9,113,3.56,1.20,0,0
36.804,878,84.1,112,3.45,0.88,0,0
36.843,879,83.8,113,3.56,1.21,0,0
36.883,880,84.4,113,3.56,1.44,0,0
36.925,881,84.8,112,3.45,1.11,0,0
36.963,882,84.1,112,3.45,0.88,0,0
37.004,883,77.7,116,3.66,2.07,0,0
37.045,884,83.9,113,3.56,1.18,0,0
37.084,885,83.6,112,3.45,0.94,0,0
37.126,886,82.4,113,3.56,1.57,0,0
37.163,887,77.7,116,3.66,2.07,0,0
37.206,888,78.2,116,3.66,2.14,0,0
37.244,889,84.1,112,3.45,0.88,0,0
37.283,890,83.4,113,3.56,1.22,0,0
37.324,891,84.5,113,3.56,1.45,0,0
37.367,892,84.4,113,3.56,1.46,0,0
37.407,893,83.6,112,3.45,0.94,0,0
37.444,894,83.4,113,3.56,1.24,0,0
37.486,895,84.1,112,3.45,0.88,0,0
37.525,896,77.7,116,3.66,2.07,0,0
37.565,897,78.2,116,3.66,2.14,0,0
37.604,898,78.2,116,3.66,2.14,0,0
37.644,899,84.1,112,3.45,0.88,0,0
37.686,900,74.6,117,3.66,2.03,0,0
37.724,901,83.6,112,3.45,0.94,0,0
37.764,902,83.6,112,3.45,0.94,0,0
37.803,903,83.3,112,3.45,0.97,0,0
37.844,904,84.9,113,3.56,1.40,0,0
37.885,905,83.6,112,3.45,0.94,0,0
37.924,906,83.6,112,3.45,0.94,0,0
37.966,907,74.6,117,3.66,2.03,0,0
38.005,908,74.5,117,3.66,2.01,0,0
38.045,909,84.1,112,3.45,0.88,0,0
38.084,910,75.2,117,3.66,2.13,0,0
38.124,911,83.6,112,3.45,0.94,0,0
38.166,912,75.2,117,3.66,2.15,0,0
38.204,913,78.2,116,3.66,2.14,0,0
38.244,914,83.3,113,3.56,1.23,0,0
38.284,915,77.7,116,3.66,2.07,0,0
38.325,916,78.2,116,3.66,2.14,0,0
38.365,917,84.9,113,3.56,1.40,0,0
38.411,918,78.2,116,3.66,2.14,0,0
38.445,919,84.5,113,3.56,1.45,0,0
38.487,920,83.6,112,3.45,0.94,0,0
38.525,921,74.5,117,3.66,1.99,0,0
38.567,922,84.4,113,3.56,1.44,0,0
38.603,923,83.8,113,3.56,1.21,0,0
38.644,924,74.6,117,3.66,2.02,0,0
38.684,925,83.6,112,3.45,0.94,0,0
38.726,926,84.9,113,3.56,1.40,0,0
38.765,927,82.5,113,3.56,1.58,0,0
38.805,928,83.7,112,3.45,1.26,0,0
38.844,929,74.5,117,3.66,1.99,0,0
38.884,930,83.9,113,3.56,1.20,0,0
38.927,931,84.5,112,3.45,1.14,0,0
38.964,932,83.6,112,3.45,0.94,0,0
39.006,933,85.0,112,3.45,1.08,0,0
39.044,934,84.1,112,3.45,0.88,0,0
39.084,935,74.6,117,3.66,2.03,0,0
39.124,936,83.8,113,3.56,1.20,0,0
39.166,937,74.5,117,3.66,1.99,0,0
39.204,938,84.5,112,3.46,1.14,0,0
39.244,939,84.5,112,3.45,1.14,0,0
39.285,940,83.4,113,3.56,1.22,0,0
39.325,941,83.3,113,3.56,1.23,0,0
39.365,942,84.1,112,3.45,0.88,0,0
39.408,943,84.5,113,3.56,1.45,0,0
39.449,944,77.7,116,3.66,2.07,0,0
39.484,945,83.8,113,3.56,1.20,0,0
39.523,946,84.4,113,3.56,1.44,0,0
39.564,947,83.3,113,3.56,1.23,0,0
39.606,948,84.5,112,3.45,1.14,0,0
39.648,949,74.5,117,3.66,2.01,0,0
39.701,950,84.5,112,3.45,1.14,0,0
39.742,951,82.5,114,3.56,1.04,0,0
39.783,952,84.5,112,3.45,1.14,0,0
39.821,953,85.0,112,3.45,1.08,0,0
39.858,954,84.6,112,3.45,0.77,0,0
39.894,955,83.6,112,3.45,0.94,0,0
39.930,956,75.3,117,3.66,2.16,0,0
39.971,957,74.5,117,3.66,2.01,0,0
40.007,958,83.3,113,3.56,1.23,0,0
40.044,959,74.5,117,3.66,2.01,0,0
40.087,960,77.7,116,3.66,2.07,0,0
40.124,961,83.3,113,3.56,1.25,0,0
40.164,962,78.2,116,3.66,2.14,0,0
40.206,963,83.6,112,3.45,0.94,0,0
40.244,964,78.2,116,3.66,2.14,0,0
40.284,965,74.6,117,3.66,2.02,0,0
40.325,966,83.3,113,3.56,1.25,0,0
40.365,967,83.3,113,3.56,1.25,0,0
40.406,968,83.4,113,3.56,1.22,0,0
40.448,969,74.5,117,3.66,2.01,0,0
40.484,970,84.5,113,3.56,1.43,0,0
40.528,971,84.1,112,3.45,0.88,0,0
40.565,972,84.1,112,3.45,0.88,0,0
40.609,973,84.1,112,3.45,0.88,0,0
40.644,974,83.3,113,3.56,1.23,0,0
40.686,975,83.3,113,3.56,1.25,0,0
40.724,976,83.6,113,3.56,1.21,0,0
40.764,977,83.4,112,3.45,0.94,0,0
40.804,978,84.1,112,3.45,0.88,0,0
40.846,979,83.3,113,3.56,1.25,0,0
40.884,980,85.0,113,3.56,1.39,0,0
40.924,981,84.9,113,3.56,1.41,0,0
40.964,982,74.5,117,3.66,2.01,0,0
41.005,983,83.3,113,3.56,1.25,0,0
41.046,984,75.2,117,3.66,2.13,0,0
41.085,985,83.3,113,3.56,1.25,0,0
41.125,986,83.6,112,3.45,0.94,0,0
41.167,987,83.6,112,3.45,0.94,0,0
41.204,988,85.0,112,3.45,1.08,0,0
41.246,989,83.6,112,3.45,0.94,0,0
41.284,990,85.5,112,3.45,0.97,0,0
41.324,991,84.4,113,3.56,1.46,0,0
41.365,992,83.6,112,3.45,0.94,0,0
41.413,993,84.3,112,3.45,1.15,0,0
41.449,994,83.9,113,3.56,1.18,0,0
41.485,995,83.3,113,3.56,1.23,0,0
41.523,996,84.1,112,3.45,0.88,0,0
41.570,997,83.6,112,3.45,0.94,0,0
41.604,998,84.1,112,3.45,0.88,0,0
41.644,999,84.9,113,3.56,1.41,0,0
41.686,1000,84.1,112,3.45,0.88,0,0
41.724,1001,84.1,112,3.45,0.88,0,0
41.766,1002,85.1,112,3.45,1.01,0,0
41.805,1003,77.7,116,3.66,2.07,0,0
41.844,1004,74.6,117,3.66,2.06,0,0
41.884,1005,83.3,113,3.56,1.25,0,0
41.925,1006,84.5,113,3.57,1.52,0,0
41.964,1007,83.8,113,3.56,1.20,0,0
42.006,1008,77.7,116,3.66,2.07,0,0
42.044,1009,85.0,112,3.45,1.08,0,0
42.085,1010,83.3,113,3.56,1.23,0,0
42.124,1011,75.3,117,3.66,2.15,0,0
42.166,1012,83.6,112,3.45,0.94,0,0
42.205,1013,85.0,112,3.46,1.08,0,0
42.247,1014,83.8,113,3.56,1.21,0,0
42.284,1015,84.9,113,3.56,1.40,0,0
42.324,1016,83.3,113,3.56,1.23,0,0
42.365,1017,74.5,117,3.66,1.99,0,0
42.410,1018,85.0,113,3.56,1.39,0,0
42.445,1019,83.6,112,3.45,0.94,0,0
42.486,1020,84.1,112,3.45,0.88,0,0
42.525,1021,77.7,116,3.66,2.07,0,0
42.567,1022,84.5,112,3.45,1.14,0,0
42.604,1023,77.7,116,3.66,2.07,0,0
42.644,1024,83.6,112,3.45,0.94,0,0
42.686,1025,83.3,113,3.56,1.25,0,0
42.724,1026,84.4,113,3.56,1.46,0,0
42.766,1027,77.7,116,3.66,2.07,0,0
42.805,1028,77.7,116,3.66,2.07,0,0
42.846,1029,83.4,113,3.56,1.24,0,0
42.884,1030,83.9,113,3.56,1.20,0,0
42.928,1031,83.6,112,3.45,0.94,0,0
42.964,1032,83.9,113,3.56,1.18,0,0
43.004,1033,84.9,113,3.56,1.41,0,0
43.044,1034,83.3,113,3.56,1.25,0,0
43.085,1035,85.0,112,3.45,1.08,0,0
43.124,1036,77.7,116,3.66,2.07,0,0
43.164,1037,83.8,113,3.56,1.21,0,0
43.205,1038,84.5,112,3.45,1.14,0,0
43.246,1039,84.5,113,3.56,1.45,0,0
43.285,1040,83.3,113,3.56,1.23,0,0
43.325,1041,78.2,116,3.66,2.14,0,0
43.367,1042,85.0,112,3.45,1.08,0,0
43.407,1043,74.6,117,3.66,2.02,0,0
43.447,1044,84.1,112,3.45,0.88,0,0
43.485,1045,85.0,112,3.45,1.08,0,0
43.523,1046,83.5,113,3.56,1.31,0,0
43.567,1047,83.9,113,3.56,1.18,0,0
43.605,1048,84.1,112,3.45,0.88,0,0
43.648,1049,83.3,113,3.56,1.25,0,0
43.685,1050,84.9,113,3.56,1.41,0,0
43.724,1051,83.4,113,3.56,1.24,0,0
43.766,1052,84.4,113,3.56,1.46,0,0
43.805,1053,75.2,117,3.66,2.15,0,0
43.845,1054,85.2,113,3.56,0.91,0,0
43.886,1055,82.6,114,3.56,1.03,0,0
43.925,1056,83.3,113,3.56,1.25,0,0
43.964,1057,84.9,113,3.56,1.42,0,0
44.006,1058,84.9,113,3.56,1.42,0,0
44.044,1059,74.5,117,3.66,2.01,0,0
44.087,1060,83.9,113,3.56,1.20,0,0
44.124,1061,83.6,112,3.45,0.94,0,0
44.165,1062,77.7,116,3.66,2.07,0,0
44.205,1063,75.3,117,3.66,2.15,0,0
44.245,1064,83.9,112,3.45,0.90,0,0
44.285,1065,83.4,113,3.56,1.24,0,0
44.325,1066,83.3,113,3.56,1.23,0,0
44.365,1067,77.7,116,3.66,2.07,0,0
44.409,1068,84.5,112,3.45,1.14,0,0
44.446,1069,74.6,117,3.66,2.03,0,0
44.487,1070,78.2,116,3.66,2.14,0,0
44.526,1071,83.4,113,3.56,1.22,0,0
44.567,1072,83.8,113,3.56,1.20,0,0
44.606,1073,83.8,113,3.56,1.20,0,0
44.645,1074,74.5,117,3.66,1.99,0,0
44.688,1075,84.4,113,3.56,1.44,0,0
44.725,1076,74.6,117,3.66,2.03,0,0
44.769,1077,83.3,113,3.56,1.23,0,0
44.812,1078,84.9,113,3.56,1.40,0,0
44.848,1079,83.4,113,3.56,1.33,0,0
44.884,1080,82.8,112,3.45,1.12,0,0
44.927,1081,83.6,113,3.56,1.21,0,0
44.965,1082,75.3,117,3.66,2.15,0,0
45.005,1083,83.4,113,3.56,1.22,0,0
45.046,1084,75.2,117,3.66,2.15,0,0
45.085,1085,75.2,117,3.66,2.13,0,0
45.127,1086,77.7,116,3.66,2.07,0,0
45.165,1087,75.3,117,3.66,2.15,0,0
45.205,1088,83.6,112,3.45,0.94,0,0
45.246,1089,83.6,112,3.45,0.94,0,0
45.287,1090,83.6,112,3.45,0.94,0,0
45.325,1091,83.9,113,3.56,1.18,0,0
45.369,1092,83.3,113,3.56,1.23,0,0
45.407,1093,83.6,112,3.45,0.94,0,0
45.447,1094,83.8,113,3.56,1.20,0,0
45.485,1095,83.4,113,3.56,1.24,0,0
45.526,1096,84.2,113,3.56,1.45,0,0
45.564,1097,84.5,113,3.56,1.45,0,0
45.607,1098,84.9,113,3.56,1.42,0,0
45.645,1099,83.6,112,3.45,0.94,0,0
45.685,1100,83.4,113,3.56,1.24,0,0
45.727,1101,85.0,112,3.45,1.08,0,0
45.764,1102,78.2,116,3.66,2.14,0,0
45.808,1103,84.5,112,3.45,1.14,0,0
45.845,1104,75.3,117,3.66,2.16,0,0
45.885,1105,83.7,113,3.56,1.21,0,0
45.925,1106,83.4,113,3.56,1.22,0,0
45.965,1107,83.8,113,3.56,1.21,0,0
46.005,1108,84.5,113,3.56,1.52,0,0
46.046,1109,83.8,113,3.56,1.21,0,0
46.085,1110,84.9,113,3.56,1.40,0,0
46.128,1111,83.6,112,3.45,0.94,0,0
46.165,1112,77.7,116,3.66,2.07,0,0
46.206,1113,83.8,113,3.56,1.21,0,0
46.246,1114,77.7,116,3.66,2.07,0,0
46.284,1115,83.4,113,3.56,1.24,0,0
46.325,1116,83.4,113,3.56,1.24,0,0
46.367,1117,74.6,117,3.66,2.03,0,0
46.407,1118,84.9,113,3.56,1.42,0,0
46.449,1119,83.4,113,3.56,1.24,0,0
46.487,1120,84.2,112,3.45,1.14,0,0
46.525,1121,83.6,112,3.45,0.94,0,0
46.567,1122,84.2,112,3.45,0.83,0,0
46.605,1123,84.1,112,3.45,0.88,0,0
46.648,1124,83.6,112,3.45,0.94,0,0
46.685,1125,84.9,113,3.56,1.40,0,0
46.727,1126,83.4,113,3.56,1.24,0,0
46.765,1127,83.8,113,3.56,1.20,0,0
46.805,1128,83.9,113,3.56,1.20,0,0
46.846,1129,74.6,117,3.66,2.03,0,0
46.887,1130,85.0,112,3.45,1.08,0,0
46.925,1131,83.8,112,3.45,0.93,0,0
46.965,1132,75.2,117,3.66,2.15,0,0
47.009,1133,77.7,116,3.66,2.07,0,0
47.045,1134,84.1,112,3.45,0.88,0,0
47.088,1135,77.7,116,3.66,2.07,0,0
47.125,1136,84.0,113,3.56,1.19,0,0
47.166,1137,83.8,113,3.56,1.21,0,0
47.205,1138,83.9,113,3.56,1.20,0,0
47.247,1139,84.5,113,3.56,1.43,0,0
47.285,1140,83.3,113,3.56,1.23,0,0
47.325,1141,83.9,113,3.56,1.20,0,0
47.369,1142,77.7,116,3.66,2.07,0,0
47.407,1143,83.4,113,3.56,1.24,0,0
47.449,1144,84.2,113,3.56,1.46,0,0
47.486,1145,85.0,112,3.45,1.08,0,0
47.524,1146,83.1,113,3.56,1.25,0,0
47.567,1147,84.5,112,3.45,1.14,0,0
47.605,1148,84.5,113,3.56,1.45,0,0
47.645,1149,84.9,113,3.56,1.40,0,0
47.686,1150,83.0,113,3.56,1.34,0,0
47.725,1151,83.6,112,3.45,0.94,0,0
47.768,1152,75.3,117,3.66,2.16,0,0
47.805,1153,84.4,113,3.56,1.44,0,0
47.848,1154,74.6,117,3.66,2.02,0,0
47.885,1155,84.9,113,3.56,1.42,0,0
47.925,1156,84.1,112,3.45,0.88,0,0
47.967,1157,83.6,112,3.45,0.94,0,0
48.005,1158,85.0,112,3.45,1.08,0,0
48.047,1159,78.2,116,3.66,2.14,0,0
48.085,1160,77.7,116,3.66,2.07,0,0
48.126,1161,83.4,112,3.45,0.94,0,0
48.165,1162,83.3,113,3.56,1.25,0,0
48.206,1163,83.3,113,3.56,1.25,0,0
48.245,1164,74.5,117,3.66,2.01,0,0
48.286,1165,83.3,113,3.56,1.25,0,0
48.326,1166,77.7,116,3.66,2.07,0,0
48.368,1167,84.4,113,3.56,1.46,0,0
48.409,1168,84.2,112,3.45,1.14,0,0
48.447,1169,84.1,112,3.45,0.88,0,0
48.487,1170,83.6,112,3.45,0.94,0,0
48.528,1171,83.6,112,3.45,0.94,0,0
48.566,1172,74.6,117,3.66,2.03,0,0
48.605,1173,75.3,117,3.66,2.15,0,0
48.645,1174,84.1,112,3.45,0.88,0,0
48.687,1175,84.1,112,3.45,0.88,0,0
48.728,1176,83.6,112,3.45,0.94,0,0
48.765,1177,74.6,117,3.66,2.03,0,0
48.806,1178,85.6,112,3.45,0.96,0,0
48.845,1179,84.4,113,3.56,1.44,0,0
48.889,1180,84.5,113,3.56,1.43,0,0
48.925,1181,83.6,112,3.45,0.94,0,0
48.965,1182,83.9,113,3.56,1.20,0,0
49.008,1183,83.6,112,3.45,0.94,0,0
49.045,1184,74.6,117,3.66,2.02,0,0
49.087,1185,83.8,113,3.56,1.21,0,0
49.125,1186,83.9,113,3.56,1.18,0,0
49.167,1187,75.2,117,3.66,2.15,0,0
49.206,1188,77.7,116,3.66,2.07,0,0
49.246,1189,83.4,112,3.45,0.94,0,0
49.285,1190,78.2,116,3.66,2.14,0,0
49.326,1191,83.3,113,3.56,1.23,0,0
49.367,1192,77.7,116,3.66,2.07,0,0
49.407,1193,83.9,113,3.56,1.18,0,0
49.450,1194,85.0,112,3.45,1.08,0,0
49.486,1195,83.9,113,3.56,1.18,0,0
49.526,1196,84.1,112,3.45,0.88,0,0
49.567,1197,83.8,113,3.56,1.21,0,0
49.605,1198,85.0,113,3.56,1.39,0,0
49.647,1199,84.4,113,3.56,1.46,0,0
49.685,1200,83.3,113,3.56,1.23,0,0
49.727,1201,74.6,117,3.66,2.02,0,0
49.765,1202,84.1,112,3.46,0.88,0,0
49.805,1203,84.1,112,3.45,0.88,0,0
49.847,1204,74.6,117,3.66,2.03,0,0
49.885,1205,83.9,113,3.56,1.24,0,0
49.927,1206,77.7,116,3.66,2.07,0,0
49.965,1207,75.2,117,3.66,2.15,0,0
50.008,1208,84.9,113,3.56,1.42,0,0
50.046,1209,83.8,113,3.56,1.21,0,0
50.085,1210,83.8,113,3.56,1.21,0,0
50.126,1211,83.8,113,3.56,1.21,0,0
50.165,1212,84.1,112,3.45,0.88,0,0
50.207,1213,84.4,113,3.56,1.44,0,0
50.246,1214,83.9,113,3.57,1.20,0,0
50.287,1215,83.9,113,3.56,1.20,0,0
50.327,1216,77.7,116,3.66,2.07,0,0
50.366,1217,84.5,112,3.45,1.14,0,0
50.409,1218,74.6,117,3.66,2.02,0,0
50.450,1219,83.9,113,3.56,1.20,0,0
50.485,1220,83.8,113,3.56,1.21,0,0
50.529,1221,84.3,112,3.45,1.00,0,0
50.566,1222,84.1,112,3.45,0.88,0,0
50.606,1223,84.5,113,3.56,1.45,0,0
50.645,1224,74.6,117,3.66,2.03,0,0
50.688,1225,84.2,112,3.45,1.11,0,0
50.725,1226,83.3,113,3.56,1.25,0,0
50.766,1227,75.3,117,3.66,2.15,0,0
50.809,1228,83.6,112,3.45,0.94,0,0
50.846,1229,83.8,113,3.56,1.20,0,0
50.887,1230,83.8,113,3.56,1.21,0,0
50.926,1231,84.5,112,3.45,1.14,0,0
50.967,1232,84.4,113,3.56,1.44,0,0
51.006,1233,85.0,112,3.45,1.08,0,0
51.048,1234,83.4,113,3.56,1.22,0,0
51.086,1235,83.8,113,3.56,1.21,0,0
51.126,1236,75.2,117,3.66,2.15,0,0
51.167,1237,74.5,117,3.66,2.01,0,0
51.206,1238,84.9,113,3.56,1.42,0,0
51.247,1239,84.5,113,3.56,1.45,0,0
51.286,1240,84.4,113,3.56,1.46,0,0
51.326,1241,85.0,112,3.45,1.08,0,0
51.368,1242,77.7,116,3.66,2.07,0,0
51.409,1243,84.1,112,3.45,0.88,0,0
51.450,1244,78.2,116,3.66,2.14,0,0
51.485,1245,84.5,112,3.45,1.14,0,0
51.527,1246,78.2,116,3.66,2.14,0,0
51.569,1247,81.9,113,3.56,1.53,0,0
51.605,1248,83.8,113,3.56,1.21,0,0
51.647,1249,83.6,112,3.45,0.94,0,0
51.685,1250,77.7,116,3.66,2.07,0,0
51.726,1251,84.9,113,3.56,1.42,0,0
51.767,1252,83.6,112,3.45,0.94,0,0
51.806,1253,75.2,117,3.66,2.15,0,0
51.845,1254,83.3,113,3.56,1.25,0,0
51.885,1255,84.9,113,3.56,1.40,0,0
51.927,1256,78.2,116,3.66,2.14,0,0
51.966,1257,83.3,113,3.56,1.23,0,0
52.007,1258,84.5,113,3.56,1.43,0,0
52.045,1259,83.3,113,3.56,1.25,0,0
52.086,1260,78.2,116,3.66,2.14,0,0
52.125,1261,85.0,112,3.46,1.08,0,0
52.167,1262,83.9,112,3.45,0.90,0,0
52.206,1263,85.0,112,3.45,1.08,0,0
52.249,1264,84.9,113,3.56,1.42,0,0
52.285,1265,84.4,113,3.56,1.46,0,0
52.328,1266,74.5,117,3.66,2.01,0,0
52.367,1267,77.7,116,3.66,2.07,0,0
52.411,1268,85.0,112,3.45,1.08,0,0
52.449,1269,84.1,112,3.45,0.88,0,0
52.489,1270,83.8,113,3.56,1.21,0,0
52.527,1271,83.4,113,3.56,1.24,0,0
52.568,1272,83.6,112,3.45,0.94,0,0
52.606,1273,85.0,112,3.45,1.08,0,0
52.645,1274,83.4,113,3.56,1.24,0,0
52.689,1275,78.2,116,3.66,2.14,0,0
52.725,1276,75.2,117,3.66,2.15,0,0
52.766,1277,83.9,113,3.56,1.18,0,0
52.807,1278,83.6,112,3.45,0.94,0,0
52.846,1279,83.5,112,3.45,0.90,0,0
52.889,1280,84.1,112,3.45,0.88,0,0
52.926,1281,74.6,117,3.66,2.02,0,0
52.969,1282,83.6,112,3.45,0.94,0,0
53.006,1283,83.3,113,3.56,1.25,0,0
53.046,1284,74.6,117,3.66,2.03,0,0
53.088,1285,75.2,117,3.66,2.13,0,0
53.126,1286,77.7,116,3.66,2.07,0,0
53.167,1287,84.5,113,3.56,1.43,0,0
53.205,1288,85.2,113,3.56,0.91,0,0
53.249,1289,84.4,113,3.56,1.46,0,0
53.286,1290,83.3,113,3.56,1.23,0,0
53.326,1291,82.0,113,3.56,1.51,0,0
53.366,1292,84.6,113,3.56,1.47,0,0
53.414,1293,77.7,116,3.66,2.07,0,0
53.447,1294,83.8,113,3.56,1.20,0,0
53.488,1295,84.1,112,3.45,0.88,0,0
53.528,1296,83.4,113,3.56,1.24,0,0
53.565,1297,83.6,112,3.45,0.94,0,0
53.607,1298,83.8,113,3.56,1.21,0,0
53.646,1299,84.5,112,3.45,1.14,0,0
53.689,1300,83.8,113,3.56,1.21,0,0
53.726,1301,83.3,113,3.56,1.25,0,0
53.769,1302,84.4,113,3.56,1.46,0,0
53.806,1303,74.5,117,3.66,2.01,0,0
53.847,1304,74.6,117,3.66,2.02,0,0
53.886,1305,85.0,112,3.45,1.08,0,0
53.928,1306,75.2,117,3.66,2.13,0,0
53.967,1307,84.1,112,3.45,0.88,0,0
54.006,1308,83.4,113,3.56,1.24,0,0
54.048,1309,84.1,112,3.45,0.88,0,0
54.089,1310,83.6,112,3.45,0.94,0,0
54.125,1311,84.7,112,3.45,0.76,0,0
54.169,1312,83.6,112,3.45,0.94,0,0
54.205,1313,84.5,112,3.45,1.14,0,0
54.247,1314,77.7,116,3.66,2.07,0,0
54.286,1315,84.5,113,3.56,1.45,0,0
54.328,1316,85.0,112,3.45,1.08,0,0
54.367,1317,83.9,113,3.56,1.18,0,0
54.408,1318,74.5,117,3.66,1.99,0,0
54.451,1319,83.8,113,3.56,1.21,0,0
54.485,1320,84.9,113,3.56,1.40,0,0
54.529,1321,77.7,116,3.66,2.07,0,0
54.566,1322,83.6,112,3.45,0.94,0,0
54.608,1323,75.2,117,3.66,2.15,0,0
54.646,1324,74.5,117,3.66,1.99,0,0
54.686,1325,83.4,113,3.56,1.24,0,0
54.727,1326,74.5,117,3.66,2.01,0,0
54.766,1327,83.8,113,3.56,1.21,0,0
54.808,1328,83.8,113,3.56,1.21,0,0
54.850,1329,83.8,113,3.56,1.21,0,0
54.894,1330,75.2,117,3.66,2.13,0,0
54.935,1331,77.7,116,3.66,2.07,0,0
54.969,1332,84.4,113,3.56,1.50,0,0
55.009,1333,74.6,117,3.66,2.02,0,0
55.046,1334,74.5,117,3.66,1.99,0,0
55.086,1335,74.6,117,3.66,2.02,0,0
55.127,1336,83.9,113,3.56,1.20,0,0
55.166,1337,77.7,116,3.66,2.07,0,0
55.208,1338,77.7,116,3.66,2.07,0,0
55.246,1339,83.6,112,3.45,0.94,0,0
55.286,1340,83.7,113,3.56,1.20,0,0
55.326,1341,84.5,112,3.45,1.14,0,0
55.367,1342,84.7,113,3.56,1.41,0,0
55.413,1343,83.9,113,3.56,1.20,0,0
55.446,1344,74.6,117,3.66,2.03,0,0
55.489,1345,83.9,113,3.56,1.20,0,0
55.527,1346,84.4,113,3.58,1.45,0,0
55.567,1347,85.0,112,3.45,1.08,0,0
55.606,1348,77.7,116,3.66,2.07,0,0
55.646,1349,83.4,113,3.56,1.24,0,0
55.688,1350,84.5,112,3.45,1.14,0,0
55.726,1351,77.7,116,3.66,2.07,0,0
55.769,1352,84.4,113,3.56,1.44,0,0
55.806,1353,83.2,113,3.56,1.22,0,0
55.846,1354,83.8,113,3.56,1.21,0,0
55.888,1355,84.5,113,3.56,1.45,0,0
55.926,1356,83.3,113,3.56,1.25,0,0
55.969,1357,83.6,112,3.45,0.94,0,0
56.006,1358,77.8,116,3.66,2.09,0,0
56.046,1359,83.3,113,3.56,1.25,0,0
56.086,1360,78.2,116,3.66,2.14,0,0
56.127,1361,74.5,117,3.66,2.01,0,0
56.166,1362,83.3,113,3.56,1.25,0,0
56.207,1363,83.9,113,3.56,1.20,0,0
56.246,1364,78.2,116,3.66,2.14,0,0
56.288,1365,84.9,113,3.56,1.42,0,0
56.326,1366,84.1,112,3.45,0.88,0,0
56.367,1367,77.7,116,3.66,2.07,0,0
56.408,1368,84.5,113,3.56,1.72,0,0
56.451,1369,84.1,112,3.45,0.88,0,0
56.485,1370,83.4,113,3.56,1.24,0,0
56.526,1371,83.6,112,3.45,0.94,0,0
56.566,1372,74.5,117,3.66,1.99,0,0
56.608,1373,77.7,116,3.66,2.07,0,0
56.647,1374,84.4,113,3.56,1.46,0,0
56.686,1375,83.4,113,3.56,1.22,0,0
56.729,1376,83.4,113,3.56,1.24,0,0
56.766,1377,83.3,113,3.56,1.25,0,0
56.806,1378,78.2,116,3.66,2.14,0,0
56.847,1379,78.2,116,3.66,2.14,0,0
56.889,1380,75.3,117,3.66,2.16,0,0
56.928,1381,76.0,116,3.66,2.09,0,0
56.975,1382,85.0,112,3.45,1.08,0,0
57.010,1383,78.2,116,3.66,2.14,0,0
57.047,1384,83.6,113,3.56,1.23,0,0
57.088,1385,78.5,116,3.66,2.02,0,0
57.126,1386,84.9,113,3.56,1.40,0,0
57.167,1387,83.6,112,3.45,0.94,0,0
57.208,1388,84.1,112,3.45,0.88,0,0
57.246,1389,74.5,117,3.66,2.01,0,0
57.289,1390,83.4,113,3.56,1.24,0,0
57.326,1391,82.0,113,3.56,1.51,0,0
57.370,1392,83.6,112,3.45,0.94,0,0
57.407,1393,83.4,113,3.56,1.22,0,0
57.449,1394,82.5,111,3.45,1.26,0,0
57.488,1395,82.4,112,3.45,1.18,0,0
57.526,1396,77.7,116,3.66,2.07,0,0
57.568,1397,83.9,113,3.56,1.18,0,0
57.606,1398,75.2,117,3.66,2.15,0,0
57.646,1399,84.5,113,3.56,1.43,0,0
57.688,1400,74.6,117,3.66,2.03,0,0
57.726,1401,75.2,117,3.66,2.15,0,0
57.767,1402,75.2,117,3.66,2.19,0,0
57.807,1403,83.9,113,3.56,1.20,0,0
57.846,1404,83.9,113,3.56,1.18,0,0
57.889,1405,84.4,113,3.56,1.44,0,0
57.926,1406,77.7,116,3.66,2.07,0,0
57.967,1407,83.6,112,3.45,0.94,0,0
58.008,1408,83.6,112,3.45,0.94,0,0
58.047,1409,83.9,113,3.56,1.20,0,0
58.086,1410,83.9,112,3.45,0.90,0,0
58.128,1411,83.4,113,3.56,1.22,0,0
58.166,1412,75.2,117,3.66,2.15,0,0
58.206,1413,83.8,113,3.56,1.21,0,0
58.248,1414,83.4,113,3.56,1.22,0,0
58.286,1415,83.6,112,3.45,0.94,0,0
58.328,1416,84.1,112,3.45,0.88,0,0
58.367,1417,83.9,113,3.56,1.20,0,0
58.409,1418,83.4,113,3.56,1.24,0,0
58.449,1419,74.6,117,3.66,2.03,0,0
58.487,1420,84.1,113,3.56,1.53,0,0
58.527,1421,82.9,113,3.56,1.36,0,0
58.569,1422,75.3,117,3.66,2.15,0,0
58.606,1423,78.2,116,3.66,2.14,0,0
58.648,1424,85.6,112,3.45,0.96,0,0
58.686,1425,83.8,113,3.56,1.20,0,0
58.726,1426,81.0,112,3.45,1.31,0,0
58.770,1427,83.4,113,3.56,1.22,0,0
58.808,1428,74.6,117,3.66,2.03,0,0
58.848,1429,84.9,113,3.56,1.41,0,0
58.886,1430,74.6,117,3.66,2.02,0,0
58.926,1431,83.4,113,3.56,1.24,0,0
58.966,1432,83.3,113,3.56,1.25,0,0
59.007,1433,83.4,113,3.56,1.24,0,0
59.047,1434,83.6,112,3.45,0.94,0,0
59.087,1435,78.2,116,3.66,2.14,0,0
59.128,1436,77.7,116,3.66,2.07,0,0
59.167,1437,83.9,113,3.56,1.18,0,0
59.207,1438,74.6,117,3.66,2.02,0,0
59.247,1439,83.9,113,3.56,1.20,0,0
59.287,1440,84.1,113,3.56,1.47,0,0
59.327,1441,75.3,117,3.66,2.16,0,0
59.367,1442,83.3,113,3.56,1.25,0,0
59.414,1443,83.9,113,3.56,1.20,0,0
59.447,1444,84.5,113,3.56,1.45,0,0
59.486,1445,83.2,112,3.45,1.27,0,0
59.528,1446,74.6,117,3.66,2.02,0,0
59.567,1447,83.4,113,3.56,1.24,0,0
59.606,1448,75.3,117,3.66,2.16,0,0
59.650,1449,84.1,112,3.45,0.88,0,0
59.687,1450,84.1,112,3.45,0.88,0,0
59.730,1451,83.6,112,3.45,0.94,0,0
59.767,1452,75.2,117,3.66,2.15,0,0
59.807,1453,83.8,113,3.56,1.20,0,0
59.848,1454,74.5,117,3.66,2.01,0,0
59.886,1455,83.9,113,3.56,1.18,0,0
59.927,1456,75.2,117,3.66,2.13,0,0
59.968,1457,74.6,117,3.66,2.03,0,0
60.007,1458,84.6,112,3.45,1.17,0,0
60.050,1459,83.3,113,3.56,1.25,0,0
60.086,1460,85.0,112,3.45,1.08,0,0
60.127,1461,83.5,113,3.56,1.34,0,0
60.167,1462,84.5,113,3.56,1.43,0,0
60.208,1463,78.2,116,3.66,2.14,0,0
60.247,1464,83.6,112,3.45,0.94,0,0
60.287,1465,77.7,116,3.66,2.07,0,0
60.330,1466,74.6,117,3.66,2.03,0,0
60.367,1467,84.4,113,3.56,1.46,0,0
60.409,1468,78.2,116,3.66,2.14,0,0
60.453,1469,83.8,113,3.56,1.20,0,0
60.488,1470,74.5,117,3.66,2.01,0,0
60.531,1471,83.6,112,3.45,0.94,0,0
60.570,1472,83.6,112,3.45,0.94,0,0
60.609,1473,84.5,113,3.56,1.45,0,0
60.650,1474,83.8,113,3.56,1.21,0,0
60.686,1475,83.9,113,3.56,1.20,0,0
60.726,1476,74.6,117,3.66,2.03,0,0
60.767,1477,83.6,112,3.46,0.94,0,0
60.807,1478,83.4,113,3.56,1.24,0,0
60.847,1479,77.7,116,3.66,2.07,0,0
60.887,1480,75.2,117,3.66,2.15,0,0
60.929,1481,84.4,113,3.56,1.46,0,0
60.967,1482,75.2,117,3.66,2.13,0,0
61.007,1483,83.9,113,3.56,1.20,0,0
61.047,1484,84.1,112,3.45,0.88,0,0
61.089,1485,84.9,113,3.56,1.41,0,0
61.127,1486,84.1,112,3.45,0.88,0,0
61.169,1487,84.4,113,3.56,1.46,0,0
61.207,1488,83.3,113,3.56,1.23,0,0
61.247,1489,74.6,117,3.66,2.02,0,0
61.289,1490,84.5,113,3.56,1.45,0,0
61.327,1491,83.6,112,3.45,0.94,0,0
61.370,1492,75.3,117,3.66,2.15,0,0
61.408,1493,84.1,112,3.45,0.88,0,0
61.449,1494,74.6,117,3.66,2.03,0,0
61.488,1495,83.9,113,3.56,1.20,0,0
61.526,1496,84.9,113,3.56,1.45,0,0
61.570,1497,84.4,113,3.56,1.44,0,0
61.607,1498,83.9,113,3.56,1.20,0,0
61.648,1499,74.6,117,3.66,2.03,0,0
61.688,1500,83.4,113,3.56,1.24,0,0
61.727,1501,74.5,117,3.66,2.24,0,0
61.767,1502,74.5,117,3.66,1.99,0,0
61.808,1503,84.1,112,3.45,0.88,0,0
61.847,1504,83.4,113,3.56,1.22,0,0
61.887,1505,82.9,113,3.56,1.36,0,0
61.929,1506,78.2,116,3.66,2.14,0,0
61.967,1507,83.9,113,3.56,1.18,0,0
62.007,1508,83.8,113,3.56,1.21,0,0
62.049,1509,85.0,112,3.45,1.08,0,0
62.087,1510,83.8,113,3.56,1.21,0,0
62.129,1511,83.3,112,3.45,0.97,0,0
62.167,1512,84.5,112,3.45,1.14,0,0
62.209,1513,77.7,116,3.66,2.07,0,0
62.247,1514,83.8,112,3.45,1.35,0,0
62.287,1515,84.9,113,3.56,1.42,0,0
62.330,1516,74.5,117,3.66,1.99,0,0
62.367,1517,83.9,113,3.56,1.20,0,0
62.407,1518,82.9,112,3.45,1.12,0,0
62.448,1519,83.4,113,3.56,1.24,0,0
62.487,1520,74.6,117,3.66,2.03,0,0
62.529,1521,83.6,112,3.45,0.94,0,0
62.567,1522,80.2,113,3.56,1.69,0,0
62.607,1523,83.8,113,3.56,1.20,0,0
62.648,1524,81.2,113,3.56,1.82,0,0
62.687,1525,74.5,117,3.66,1.99,0,0
62.727,1526,84.9,113,3.56,1.41,0,0
62.768,1527,75.3,117,3.66,2.16,0,0
62.807,1528,84.9,113,3.56,1.42,0,0
62.849,1529,81.1,113,3.56,1.78,0,0
62.887,1530,81.2,113,3.56,1.82,0,0
62.927,1531,75.2,117,3.66,2.13,0,0
62.969,1532,83.3,113,3.56,1.25,0,0
63.007,1533,74.5,117,3.66,2.01,0,0
63.048,1534,83.9,113,3.56,1.20,0,0
63.087,1535,81.0,112,3.46,1.31,0,0
63.127,1536,83.6,112,3.45,0.94,0,0
63.167,1537,83.9,113,3.56,1.18,0,0
63.208,1538,84.9,113,3.56,1.42,0,0
63.246,1539,83.9,113,3.56,1.20,0,0
63.287,1540,83.6,112,3.45,0.94,0,0
63.329,1541,83.8,113,3.56,1.20,0,0
63.367,1542,84.5,113,3.56,1.45,0,0
63.413,1543,84.1,112,3.45,0.88,0,0
63.449,1544,84.9,113,3.56,1.41,0,0
63.487,1545,75.3,117,3.66,2.16,0,0
63.526,1546,83.8,113,3.56,1.21,0,0
63.567,1547,83.2,113,3.56,1.24,0,0
63.607,1548,83.4,113,3.56,1.24,0,0
63.651,1549,77.7,116,3.66,2.07,0,0
63.688,1550,84.1,112,3.45,0.88,0,0
63.728,1551,84.4,113,3.56,1.46,0,0
63.768,1552,83.7,113,3.56,1.20,0,0
63.807,1553,85.0,112,3.45,1.08,0,0
63.847,1554,85.5,112,3.45,0.97,0,0
63.890,1555,74.5,117,3.66,2.01,0,0
63.928,1556,84.4,113,3.56,1.46,0,0
63.968,1557,83.8,113,3.56,1.20,0,0
64.010,1558,83.4,113,3.56,1.22,0,0
64.048,1559,83.0,113,3.56,1.34,0,0
64.088,1560,84.1,112,3.45,0.88,0,0
64.130,1561,83.9,113,3.56,1.20,0,0
64.168,1562,83.6,112,3.45,0.94,0,0
64.209,1563,83.3,113,3.56,1.25,0,0
64.247,1564,82.1,113,3.56,1.52,0,0
64.287,1565,83.6,112,3.45,0.94,0,0
64.329,1566,77.7,116,3.66,2.07,0,0
64.368,1567,75.3,117,3.66,2.15,0,0
64.410,1568,78.2,116,3.66,2.14,0,0
64.448,1569,83.8,113,3.56,1.21,0,0
64.487,1570,77.7,116,3.66,2.07,0,0
64.530,1571,74.6,117,3.66,2.03,0,0
64.567,1572,84.5,113,3.56,1.45,0,0
64.607,1573,84.9,113,3.56,1.41,0,0
64.649,1574,83.0,113,3.56,1.37,0,0
64.687,1575,74.5,117,3.66,2.01,0,0
64.727,1576,78.2,116,3.66,2.14,0,0
64.769,1577,84.1,112,3.45,0.88,0,0
64.807,1578,83.4,113,3.56,1.24,0,0
64.847,1579,84.1,112,3.45,0.88,0,0
64.887,1580,84.4,113,3.56,1.46,0,0
64.929,1581,83.3,113,3.56,1.25,0,0
64.967,1582,83.9,113,3.56,1.20,0,0
65.009,1583,83.6,112,3.45,0.94,0,0
65.047,1584,83.1,113,3.56,1.25,0,0
65.088,1585,83.9,113,3.56,1.18,0,0
65.128,1586,74.5,117,3.66,1.99,0,0
65.167,1587,83.9,113,3.56,1.20,0,0
65.208,1588,74.5,117,3.66,2.01,0,0
65.247,1589,84.5,113,3.56,1.45,0,0
65.289,1590,85.1,112,3.45,1.01,0,0
65.327,1591,83.8,113,3.56,1.21,0,0
65.370,1592,83.9,113,3.56,1.20,0,0
65.412,1593,83.3,113,3.56,1.25,0,0
65.449,1594,85.0,113,3.56,1.39,0,0
65.490,1595,84.7,112,3.45,0.76,0,0
65.527,1596,83.4,113,3.56,1.22,0,0
65.569,1597,84.5,113,3.56,1.43,0,0
65.609,1598,83.3,112,3.45,0.97,0,0
65.647,1599,74.5,117,3.66,2.01,0,0
65.691,1600,74.5,117,3.66,2.01,0,0
65.727,1601,74.5,117,3.66,2.01,0,0
65.769,1602,83.8,113,3.56,1.20,0,0
65.807,1603,83.5,113,3.56,1.34,0,0
65.849,1604,84.9,113,3.56,1.41,0,0
65.888,1605,74.5,117,3.66,2.01,0,0
65.930,1606,83.3,113,3.56,1.23,0,0
65.968,1607,74.5,117,3.66,1.99,0,0
66.009,1608,78.3,115,3.66,2.04,0,0
66.047,1609,83.9,113,3.56,1.20,0,0
66.087,1610,74.5,117,3.66,1.99,0,0
66.127,1611,83.9,113,3.56,1.20,0,0
66.169,1612,83.9,113,3.56,1.20,0,0
66.208,1613,74.6,117,3.66,2.02,0,0
66.249,1614,84.7,113,3.56,1.43,0,0
66.287,1615,74.5,117,3.66,2.01,0,0
66.330,1616,77.6,116,3.66,2.18,0,0
66.367,1617,83.3,113,3.56,1.25,0,0
66.411,1618,83.6,112,3.45,0.94,0,0
66.452,1619,77.7,116,3.66,2.07,0,0
66.487,1620,83.5,113,3.56,1.55,0,0
66.528,1621,83.0,113,3.56,1.37,0,0
66.567,1622,84.5,113,3.56,1.43,0,0
66.610,1623,75.3,117,3.66,2.15,0,0
66.647,1624,83.6,112,3.45,0.94,0,0
66.687,1625,84.1,112,3.45,0.88,0,0
66.727,1626,83.4,113,3.56,1.22,0,0
66.768,1627,74.6,117,3.66,2.02,0,0
66.809,1628,83.4,113,3.56,1.24,0,0
66.847,1629,83.3,113,3.56,1.25,0,0
66.890,1630,74.6,117,3.66,2.03,0,0
66.927,1631,83.6,112,3.45,0.94,0,0
66.969,1632,83.3,113,3.56,1.25,0,0
67.007,1633,85.0,113,3.56,1.39,0,0
67.048,1634,83.8,113,3.56,1.25,0,0
67.090,1635,78.9,116,3.66,2.09,0,0
67.127,1636,84.4,113,3.56,1.46,0,0
67.171,1637,83.9,112,3.45,1.08,0,0
67.208,1638,82.6,114,3.56,1.01,0,0
67.250,1639,83.8,113,3.56,1.20,0,0
67.287,1640,84.1,112,3.45,0.88,0,0
67.329,1641,82.5,113,3.56,1.58,0,0
67.368,1642,83.0,113,3.56,1.67,0,0
67.408,1643,80.5,112,3.45,1.19,0,0
67.449,1644,74.6,117,3.66,2.03,0,0
67.487,1645,84.1,113,3.57,1.53,0,0
67.529,1646,84.5,113,3.56,1.43,0,0
67.569,1647,74.4,117,3.66,2.03,0,0
67.607,1648,74.6,117,3.66,2.02,0,0
67.650,1649,83.3,113,3.56,1.25,0,0
67.687,1650,74.6,117,3.66,2.03,0,0
67.728,1651,83.8,113,3.56,1.21,0,0
67.770,1652,84.5,113,3.56,1.45,0,0
67.808,1653,83.3,113,3.56,1.23,0,0
67.848,1654,83.6,113,3.56,1.22,0,0
67.889,1655,84.9,113,3.56,1.41,0,0
67.928,1656,83.8,113,3.56,1.21,0,0
67.968,1657,83.6,112,3.45,0.94,0,0
68.008,1658,74.6,117,3.66,2.03,0,0
68.048,1659,74.6,117,3.66,2.03,0,0
68.088,1660,77.7,116,3.66,2.07,0,0
68.128,1661,84.7,112,3.45,0.76,0,0
68.169,1662,83.4,112,3.45,0.94,0,0
68.208,1663,74.6,117,3.66,2.02,0,0
68.250,1664,84.5,112,3.45,1.14,0,0
68.288,1665,83.4,113,3.56,1.22,0,0
68.328,1666,81.0,112,3.46,1.27,0,0
68.369,1667,83.4,112,3.45,0.94,0,0
68.408,1668,85.0,112,3.45,1.08,0,0
68.450,1669,83.3,113,3.56,1.25,0,0
68.487,1670,84.5,113,3.56,1.45,0,0
68.528,1671,75.2,117,3.66,2.15,0,0
68.567,1672,83.4,113,3.56,1.24,0,0
68.608,1673,77.7,116,3.66,2.07,0,0
68.649,1674,74.6,117,3.66,2.02,0,0
68.690,1675,74.5,117,3.66,2.24,0,0
68.728,1676,83.5,113,3.56,1.55,0,0
68.768,1677,78.2,116,3.66,2.14,0,0
68.810,1678,83.2,113,3.56,1.22,0,0
68.848,1679,75.2,117,3.66,2.13,0,0
68.889,1680,83.4,113,3.56,1.22,0,0
68.928,1681,74.6,117,3.66,2.02,0,0
68.969,1682,77.7,116,3.66,2.07,0,0
69.010,1683,75.2,117,3.66,2.13,0,0
69.048,1684,75.2,117,3.66,2.13,0,0
69.089,1685,83.8,113,3.56,1.20,0,0
69.129,1686,83.3,113,3.56,1.25,0,0
69.168,1687,83.4,113,3.56,1.24,0,0
69.211,1688,77.7,116,3.66,2.07,0,0
69.248,1689,74.6,117,3.66,2.02,0,0
69.291,1690,83.4,113,3.56,1.24,0,0
69.327,1691,84.9,113,3.56,1.41,0,0
69.368,1692,84.9,113,3.56,1.42,0,0
69.412,1693,84.5,113,3.56,1.43,0,0
69.447,1694,84.1,112,3.45,0.88,0,0
69.489,1695,83.6,112,3.45,0.94,0,0
69.527,1696,84.9,113,3.56,1.41,0,0
69.570,1697,74.5,117,3.66,1.99,0,0
69.606,1698,78.2,116,3.66,2.14,0,0
69.650,1699,83.9,113,3.56,1.18,0,0
69.688,1700,74.6,117,3.66,2.02,0,0
69.731,1701,84.1,112,3.45,0.88,0,0
69.768,1702,75.2,117,3.66,2.15,0,0
69.808,1703,83.9,113,3.56,1.20,0,0
69.848,1704,83.9,113,3.56,1.18,0,0
69.889,1705,83.8,113,3.56,1.21,0,0
69.928,1706,84.1,112,3.45,0.88,0,0
69.973,1707,74.6,117,3.66,2.03,0,0
70.015,1708,74.5,117,3.66,2.01,0,0
70.051,1709,84.5,112,3.45,1.14,0,0
70.091,1710,83.4,113,3.56,1.24,0,0
70.129,1711,75.3,117,3.66,2.16,0,0
70.170,1712,83.9,113,3.56,1.20,0,0
70.208,1713,75.3,117,3.66,2.15,0,0
70.248,1714,83.9,113,3.56,1.20,0,0
70.289,1715,83.3,113,3.57,1.25,0,0
70.328,1716,74.6,117,3.66,2.03,0,0
70.370,1717,83.4,113,3.56,1.22,0,0
70.412,1718,77.7,116,3.66,2.07,0,0
70.452,1719,83.0,113,3.56,1.34,0,0
70.487,1720,83.9,113,3.56,1.20,0,0
70.532,1721,83.4,113,3.56,1.22,0,0
70.568,1722,83.9,113,3.56,1.20,0,0
70.608,1723,83.3,113,3.56,1.25,0,0
70.650,1724,77.7,116,3.66,2.07,0,0
70.688,1725,84.3,112,3.45,1.00,0,0
70.731,1726,77.7,116,3.66,2.07,0,0
70.768,1727,74.5,117,3.66,2.01,0,0
70.809,1728,83.3,113,3.56,1.25,0,0
70.850,1729,82.9,112,3.45,1.12,0,0
70.888,1730,83.3,113,3.56,1.25,0,0
70.928,1731,75.2,117,3.66,2.15,0,0
70.969,1732,83.6,113,3.56,1.23,0,0
71.008,1733,83.6,112,3.45,0.94,0,0
71.049,1734,74.6,117,3.66,2.02,0,0
71.091,1735,82.0,112,3.45,1.26,0,0
71.128,1736,84.1,112,3.45,0.88,0,0
71.171,1737,83.3,113,3.56,1.25,0,0
71.208,1738,83.8,112,3.45,0.93,0,0
71.251,1739,83.4,113,3.56,1.24,0,0
71.289,1740,84.5,113,3.56,1.72,0,0
71.328,1741,85.1,113,3.56,1.69,0,0
71.370,1742,74.5,117,3.66,1.99,0,0
71.409,1743,84.4,113,3.56,1.44,0,0
71.450,1744,85.0,112,3.45,1.08,0,0
71.488,1745,84.9,113,3.56,1.41,0,0
71.530,1746,74.6,117,3.66,2.03,0,0
71.569,1747,78.2,116,3.66,2.14,0,0
71.611,1748,83.8,113,3.56,1.20,0,0
71.648,1749,84.4,113,3.56,1.44,0,0
71.688,1750,84.2,112,3.45,0.82,0,0
71.730,1751,83.4,113,3.56,1.22,0,0
71.768,1752,85.0,112,3.45,1.08,0,0
71.808,1753,83.4,113,3.56,1.22,0,0
71.851,1754,83.8,113,3.56,1.20,0,0
71.888,1755,74.5,117,3.66,1.99,0,0
71.929,1756,77.7,116,3.66,2.07,0,0
71.971,1757,83.4,113,3.56,1.24,0,0
72.008,1758,83.5,113,3.56,1.34,0,0
72.051,1759,84.1,112,3.45,0.88,0,0
72.088,1760,75.3,117,3.66,2.16,0,0
72.129,1761,83.1,113,3.56,1.23,0,0
72.168,1762,82.9,113,3.56,1.36,0,0
72.208,1763,83.9,112,3.45,0.90,0,0
72.250,1764,77.7,116,3.66,2.07,0,0
72.288,1765,75.3,117,3.66,2.15,0,0
72.328,1766,83.6,112,3.45,0.94,0,0
72.371,1767,82.8,112,3.45,1.14,0,0
72.413,1768,74.6,117,3.66,2.03,0,0
72.448,1769,74.6,117,3.66,2.02,0,0
72.489,1770,83.9,113,3.56,1.20,0,0
72.532,1771,83.4,113,3.56,1.50,0,0
72.568,1772,83.4,113,3.56,1.24,0,0
72.608,1773,84.9,113,3.56,1.42,0,0
72.648,1774,83.4,113,3.56,1.24,0,0
72.689,1775,83.8,113,3.56,1.21,0,0
72.728,1776,75.2,117,3.66,2.15,0,0
72.768,1777,83.9,113,3.56,1.20,0,0
72.809,1778,83.3,113,3.56,1.25,0,0
72.848,1779,74.4,117,3.66,2.21,0,0
72.888,1780,84.9,113,3.56,1.41,0,0
72.929,1781,83.6,112,3.45,0.94,0,0
72.968,1782,83.4,112,3.45,0.94,0,0
73.012,1783,84.1,112,3.45,0.88,0,0
73.048,1784,74.5,117,3.66,2.01,0,0
73.089,1785,75.3,117,3.66,2.16,0,0
73.130,1786,75.3,117,3.66,2.15,0,0
73.168,1787,83.6,112,3.45,0.94,0,0
73.208,1788,83.9,113,3.56,1.18,0,0
73.249,1789,84.1,112,3.45,0.88,0,0
73.291,1790,83.9,113,3.56,1.20,0,0
73.328,1791,80.6,113,3.56,1.77,0,0
73.369,1792,83.9,113,3.56,1.18,0,0
73.410,1793,84.1,112,3.45,0.88,0,0
73.448,1794,77.7,116,3.66,2.07,0,0
73.490,1795,83.3,113,3.56,1.23,0,0
73.528,1796,83.9,113,3.56,1.20,0,0
73.568,1797,84.1,112,3.45,0.88,0,0
73.610,1798,74.5,117,3.66,1.99,0,0
73.648,1799,83.6,112,3.45,0.94,0,0
73.690,1800,83.6,113,3.56,1.22,0,0
73.729,1801,85.0,112,3.45,1.08,0,0
73.768,1802,82.9,112,3.45,1.14,0,0
73.810,1803,83.8,113,3.56,1.20,0,0
73.848,1804,84.1,112,3.45,0.88,0,0
73.888,1805,83.9,113,3.56,1.20,0,0
73.928,1806,74.5,117,3.66,2.01,0,0
73.971,1807,74.6,117,3.66,2.03,0,0
74.008,1808,74.5,117,3.66,2.01,0,0
74.048,1809,74.5,117,3.66,2.01,0,0
74.090,1810,83.6,113,3.56,1.22,0,0
74.128,1811,83.9,113,3.56,1.18,0,0
74.170,1812,74.5,117,3.66,2.01,0,0
74.209,1813,74.6,117,3.66,2.03,0,0
74.248,1814,83.9,113,3.56,1.18,0,0
74.290,1815,84.1,113,3.56,1.47,0,0
74.328,1816,85.0,112,3.45,1.08,0,0
74.369,1817,75.3,117,3.66,2.16,0,0
74.412,1818,83.9,113,3.56,1.20,0,0
74.448,1819,74.5,117,3.66,1.99,0,0
74.491,1820,82.3,114,3.56,1.03,0,0
74.529,1821,83.6,112,3.45,0.94,0,0
74.568,1822,83.3,113,3.56,1.23,0,0
74.608,1823,84.5,113,3.56,1.43,0,0
74.650,1824,83.3,113,3.57,1.25,0,0
74.689,1825,83.4,113,3.57,1.24,0,0
74.728,1826,83.8,113,3.56,1.21,0,0
74.770,1827,77.7,116,3.66,2.07,0,0
74.808,1828,75.2,117,3.66,2.15,0,0
74.849,1829,74.5,117,3.66,2.01,0,0
74.890,1830,83.3,113,3.56,1.25,0,0
74.928,1831,74.5,117,3.66,2.01,0,0
74.968,1832,84.2,112,3.45,0.83,0,0
75.010,1833,82.3,112,3.45,1.11,0,0
75.049,1834,74.5,117,3.66,2.01,0,0
75.091,1835,84.1,112,3.45,0.88,0,0
75.129,1836,80.7,113,3.56,1.75,0,0
75.169,1837,83.6,112,3.45,0.94,0,0
75.211,1838,83.9,113,3.56,1.20,0,0
75.249,1839,84.6,113,3.57,1.71,0,0
75.291,1840,83.9,113,3.56,1.20,0,0
75.329,1841,83.6,113,3.56,1.23,0,0
75.369,1842,84.5,112,3.45,1.14,0,0
75.417,1843,75.3,117,3.66,2.16,0,0
75.452,1844,85.0,113,3.56,1.39,0,0
75.488,1845,84.9,113,3.56,1.41,0,0
75.530,1846,74.5,117,3.66,1.99,0,0
75.568,1847,83.9,113,3.56,1.18,0,0
75.608,1848,83.4,113,3.56,1.24,0,0
75.648,1849,83.3,113,3.56,1.25,0,0
75.692,1850,83.4,113,3.56,1.24,0,0
75.729,1851,74.6,117,3.66,2.03,0,0
75.769,1852,84.5,113,3.56,1.45,0,0
75.810,1853,84.1,112,3.45,0.88,0,0
75.849,1854,83.4,113,3.56,1.22,0,0
75.889,1855,83.6,112,3.45,0.94,0,0
75.931,1856,83.6,112,3.45,0.94,0,0
75.969,1857,83.9,113,3.56,1.20,0,0
76.011,1858,83.4,113,3.56,1.24,0,0
76.049,1859,74.6,117,3.66,2.02,0,0
76.089,1860,74.5,117,3.66,1.99,0,0
76.130,1861,84.5,113,3.56,1.43,0,0
76.168,1862,83.4,113,3.56,1.24,0,0
76.209,1863,83.4,113,3.56,1.22,0,0
76.251,1864,74.6,117,3.66,2.03,0,0
76.289,1865,83.4,113,3.56,1.22,0,0
76.329,1866,74.5,117,3.66,2.01,0,0
76.369,1867,83.8,113,3.56,1.21,0,0
76.413,1868,83.4,113,3.56,1.24,0,0
76.450,1869,82.2,114,3.56,1.06,0,0
76.489,1870,74.6,117,3.66,2.02,0,0
76.528,1871,83.5,113,3.56,1.34,0,0
76.568,1872,84.9,113,3.56,1.41,0,0
76.610,1873,75.3,117,3.66,2.16,0,0
76.649,1874,84.7,112,3.45,1.10,0,0
76.689,1875,84.1,112,3.45,0.88,0,0
76.730,1876,74.5,117,3.66,2.01,0,0
76.769,1877,75.2,117,3.66,2.15,0,0
76.809,1878,83.3,113,3.56,1.23,0,0
76.851,1879,74.6,117,3.66,2.03,0,0
76.889,1880,83.9,113,3.56,1.20,0,0
76.928,1881,83.9,113,3.56,1.20,0,0
76.969,1882,74.5,117,3.66,2.01,0,0
77.010,1883,84.1,112,3.45,0.88,0,0
77.050,1884,74.6,117,3.66,2.02,0,0
77.089,1885,83.8,113,3.56,1.21,0,0
77.129,1886,83.3,113,3.56,1.25,0,0
77.169,1887,85.2,113,3.56,0.91,0,0
77.211,1888,83.3,113,3.56,1.23,0,0
77.248,1889,84.9,113,3.56,1.41,0,0
77.290,1890,84.9,113,3.56,0.94,0,0
77.328,1891,83.9,113,3.56,1.20,0,0
77.369,1892,83.3,113,3.56,1.23,0,0
77.415,1893,83.6,112,3.45,0.94,0,0
77.449,1894,75.2,117,3.68,2.16,0,0
77.489,1895,83.1,113,3.58,1.37,0,0
77.532,1896,74.6,117,3.66,2.03,0,0
77.569,1897,83.2,113,3.56,1.52,0,0
77.612,1898,83.8,113,3.56,1.21,0,0
77.648,1899,84.5,113,3.56,1.45,0,0
77.688,1900,82.9,113,3.56,1.38,0,0
77.731,1901,83.9,113,3.56,1.20,0,0
77.769,1902,84.4,113,3.56,1.46,0,0
77.809,1903,83.4,113,3.56,1.24,0,0
77.850,1904,84.5,113,3.56,1.45,0,0
77.889,1905,84.4,113,3.56,1.46,0,0
77.930,1906,74.6,117,3.66,2.03,0,0
77.969,1907,75.2,117,3.66,2.15,0,0
78.009,1908,83.4,113,3.56,1.24,0,0
78.052,1909,77.7,116,3.66,2.07,0,0
78.089,1910,83.4,113,3.56,1.24,0,0
78.130,1911,83.4,113,3.56,1.24,0,0
78.171,1912,83.9,113,3.56,1.20,0,0
78.209,1913,83.8,113,3.56,1.20,0,0
78.249,1914,83.5,113,3.56,1.34,0,0
78.289,1915,83.9,113,3.56,1.20,0,0
78.331,1916,83.4,113,3.56,1.24,0,0
78.369,1917,83.6,113,3.56,1.53,0,0
78.409,1918,83.3,113,3.56,1.25,0,0
78.449,1919,83.6,112,3.45,0.94,0,0
78.489,1920,84.4,113,3.56,1.46,0,0
78.529,1921,83.9,113,3.56,1.18,0,0
78.569,1922,84.5,113,3.56,1.43,0,0
78.610,1923,83.4,113,3.56,1.24,0,0
78.651,1924,74.5,117,3.66,2.01,0,0
78.689,1925,83.4,113,3.56,1.24,0,0
78.729,1926,75.3,117,3.66,2.15,0,0
78.770,1927,77.7,116,3.66,2.07,0,0
78.810,1928,83.4,112,3.45,0.96,0,0
78.849,1929,83.3,113,3.56,1.23,0,0
78.889,1930,84.0,113,3.56,1.53,0,0
78.929,1931,84.9,113,3.56,1.41,0,0
78.970,1932,78.2,116,3.66,2.14,0,0
79.009,1933,83.4,113,3.56,1.24,0,0
79.049,1934,84.4,113,3.56,1.46,0,0
79.089,1935,74.6,117,3.66,2.03,0,0
79.131,1936,74.6,117,3.66,2.03,0,0
79.169,1937,83.9,112,3.45,1.08,0,0
79.211,1938,83.9,113,3.56,1.18,0,0
79.249,1939,74.6,117,3.66,2.03,0,0
79.289,1940,83.4,113,3.57,1.24,0,0
79.330,1941,77.7,116,3.66,2.07,0,0
79.369,1942,84.2,113,3.56,1.46,0,0
79.413,1943,83.8,113,3.56,1.20,0,0
79.450,1944,84.9,113,3.56,1.40,0,0
79.490,1945,82.3,114,3.56,1.05,0,0
79.528,1946,84.1,112,3.45,0.88,0,0
79.572,1947,75.2,117,3.66,2.13,0,0
79.609,1948,83.9,113,3.56,1.18,0,0
79.650,1949,82.1,112,3.45,1.04,0,0
79.690,1950,75.3,117,3.66,2.16,0,0
79.730,1951,75.2,117,3.66,2.42,0,0
79.770,1952,84.5,113,3.56,1.43,0,0
79.812,1953,83.3,113,3.56,1.23,0,0
79.849,1954,84.5,113,3.56,1.45,0,0
79.890,1955,83.6,112,3.45,0.94,0,0
79.930,1956,83.6,112,3.45,0.94,0,0
79.969,1957,84.5,113,3.56,1.43,0,0
80.011,1958,83.4,113,3.56,1.24,0,0
80.049,1959,83.3,113,3.56,1.25,0,0
80.089,1960,84.2,112,3.45,0.87,0,0
80.131,1961,84.4,113,3.56,1.46,0,0
80.170,1962,78.2,116,3.66,2.14,0,0
80.210,1963,83.4,113,3.56,1.22,0,0
80.250,1964,75.2,117,3.66,2.13,0,0
80.289,1965,83.9,113,3.56,1.20,0,0
80.331,1966,83.3,113,3.56,1.23,0,0
80.369,1967,84.3,112,3.45,1.04,0,0
80.409,1968,74.6,117,3.66,2.06,0,0
80.451,1969,83.2,113,3.56,1.24,0,0
80.489,1970,83.4,113,3.56,1.22,0,0
80.529,1971,83.4,113,3.56,1.24,0,0
80.570,1972,80.2,113,3.56,1.69,0,0
80.609,1973,83.9,113,3.56,1.20,0,0
80.649,1974,74.5,117,3.66,2.01,0,0
80.690,1975,74.5,117,3.66,1.99,0,0
80.729,1976,83.4,113,3.56,1.24,0,0
80.769,1977,74.6,117,3.66,2.03,0,0
80.810,1978,83.2,113,3.56,1.24,0,0
80.849,1979,84.1,113,3.56,1.52,0,0
80.890,1980,74.6,117,3.66,2.03,0,0
80.930,1981,75.3,117,3.66,2.16,0,0
80.969,1982,83.3,113,3.56,1.23,0,0
81.011,1983,77.7,116,3.66,2.07,0,0
81.050,1984,84.4,113,3.56,1.46,0,0
81.091,1985,74.6,117,3.66,2.03,0,0
81.130,1986,82.6,112,3.45,1.07,0,0
81.169,1987,74.6,117,3.66,2.03,0,0
81.211,1988,83.4,113,3.56,1.24,0,0
81.249,1989,83.2,113,3.56,1.24,0,0
81.292,1990,83.8,113,3.56,1.21,0,0
81.329,1991,75.3,117,3.66,2.15,0,0
81.369,1992,83.9,113,3.56,1.20,0,0
81.416,1993,74.6,117,3.66,2.03,0,0
81.451,1994,83.3,113,3.56,1.23,0,0
81.489,1995,83.4,113,3.56,1.24,0,0
81.530,1996,74.5,117,3.66,1.99,0,0
81.569,1997,83.4,113,3.56,1.22,0,0
81.609,1998,83.9,113,3.56,1.18,0,0
81.649,1999,84.0,113,3.56,1.47,0,0
81.690,2000,83.4,113,3.56,1.24,0,0
81.729,2001,83.3,113,3.56,1.25,0,0
81.769,2002,83.9,113,3.56,1.18,0,0
81.811,2003,85.0,112,3.45,1.08,0,0
81.849,2004,84.4,113,3.57,1.46,0,0
81.892,2005,83.4,113,3.56,1.24,0,0
81.929,2006,83.4,113,3.56,1.24,0,0
81.973,2007,84.1,112,3.45,0.88,0,0
82.010,2008,77.7,116,3.66,2.07,0,0
82.050,2009,77.7,116,3.66,2.07,0,0
82.091,2010,84.9,113,3.56,1.41,0,0
82.129,2011,75.3,117,3.66,2.15,0,0
82.170,2012,74.6,117,3.66,2.02,0,0
82.209,2013,83.4,113,3.56,1.36,0,0
82.251,2014,77.7,116,3.66,2.07,0,0
82.290,2015,84.4,113,3.56,1.46,0,0
82.330,2016,84.1,112,3.45,0.88,0,0
82.371,2017,77.7,116,3.66,2.07,0,0
82.410,2018,74.6,117,3.66,2.03,0,0
82.452,2019,83.9,113,3.56,1.18,0,0
82.489,2020,85.0,112,3.45,1.08,0,0
82.529,2021,74.5,117,3.66,2.01,0,0
82.570,2022,74.6,117,3.66,2.02,0,0
82.610,2023,77.7,116,3.66,2.07,0,0
82.649,2024,84.5,113,3.56,1.43,0,0
82.690,2025,83.3,113,3.56,1.25,0,0
82.732,2026,77.7,116,3.66,2.07,0,0
82.769,2027,83.9,113,3.56,1.20,0,0
82.809,2028,85.0,113,3.56,1.39,0,0
82.851,2029,75.3,117,3.66,2.16,0,0
82.890,2030,74.6,117,3.66,2.06,0,0
82.931,2031,78.2,116,3.66,2.14,0,0
82.969,2032,83.8,112,3.45,0.93,0,0
83.009,2033,83.5,113,3.56,1.31,0,0
83.050,2034,83.0,113,3.56,1.37,0,0
83.091,2035,74.5,117,3.66,1.99,0,0
83.132,2036,74.5,117,3.66,2.01,0,0
83.170,2037,74.5,117,3.66,2.01,0,0
83.211,2038,83.8,112,3.45,0.93,0,0
83.249,2039,83.9,113,3.56,1.18,0,0
83.291,2040,83.9,113,3.56,1.20,0,0
83.329,2041,83.4,113,3.56,1.22,0,0
83.369,2042,83.9,113,3.56,1.18,0,0
83.410,2043,83.4,113,3.56,1.28,0,0
83.449,2044,85.0,113,3.56,1.39,0,0
83.492,2045,83.4,113,3.56,1.22,0,0
83.530,2046,74.4,117,3.66,2.03,0,0
83.570,2047,84.5,113,3.56,1.45,0,0
83.610,2048,83.6,113,3.56,1.22,0,0
83.650,2049,74.5,117,3.66,2.01,0,0
83.693,2050,83.9,113,3.56,1.18,0,0
83.730,2051,74.6,117,3.66,2.03,0,0
83.770,2052,83.6,113,3.56,1.23,0,0
83.809,2053,83.4,113,3.56,1.24,0,0
83.851,2054,83.3,113,3.56,1.23,0,0
83.889,2055,83.9,113,3.56,1.20,0,0
83.929,2056,83.4,113,3.56,1.24,0,0
83.971,2057,84.1,112,3.45,0.88,0,0
84.010,2058,83.5,113,3.56,1.36,0,0
84.049,2059,83.5,113,3.56,1.31,0,0
84.092,2060,83.4,113,3.56,1.24,0,0
84.130,2061,83.9,113,3.56,1.18,0,0
84.170,2062,77.9,116,3.66,2.31,0,0
84.213,2063,83.4,113,3.56,1.36,0,0
84.250,2064,83.4,113,3.56,1.24,0,0
84.290,2065,85.2,113,3.56,0.91,0,0
84.330,2066,84.5,112,3.45,1.14,0,0
84.371,2067,77.7,116,3.66,2.07,0,0
84.410,2068,74.6,117,3.66,2.03,0,0
84.449,2069,83.5,113,3.56,1.31,0,0
84.492,2070,83.9,113,3.56,1.20,0,0
84.530,2071,83.9,113,3.56,1.20,0,0
84.571,2072,84.5,112,3.45,1.14,0,0
84.609,2073,84.2,112,3.45,0.87,0,0
84.650,2074,83.4,113,3.56,1.24,0,0
84.692,2075,83.8,113,3.56,1.20,0,0
84.730,2076,85.0,113,3.56,1.39,0,0
84.770,2077,82.8,113,3.56,1.68,0,0
84.810,2078,74.5,117,3.66,2.01,0,0
84.851,2079,74.3,117,3.66,2.22,0,0
84.890,2080,80.1,113,3.56,1.70,0,0
84.930,2081,83.1,113,3.56,1.25,0,0
84.971,2082,84.3,113,3.56,1.61,0,0
85.009,2083,83.9,113,3.56,1.20,0,0
85.052,2084,74.5,117,3.66,2.01,0,0
85.089,2085,83.4,113,3.56,1.22,0,0
85.132,2086,83.4,114,3.56,1.22,0,0
85.170,2087,83.4,112,3.45,0.94,0,0
85.210,2088,84.9,113,3.56,1.41,0,0
85.251,2089,75.3,117,3.66,2.15,0,0
85.289,2090,83.2,113,3.56,1.22,0,0
85.330,2091,84.9,113,3.56,1.42,0,0
85.370,2092,83.4,113,3.56,1.24,0,0
85.414,2093,83.9,113,3.56,1.18,0,0
85.454,2094,84.4,113,3.56,1.46,0,0
85.489,2095,83.8,113,3.56,1.20,0,0
85.530,2096,84.5,113,3.56,1.45,0,0
85.574,2097,74.5,117,3.66,2.01,0,0
85.609,2098,83.9,113,3.56,1.20,0,0
85.651,2099,83.4,113,3.56,1.22,0,0
85.690,2100,83.4,113,3.56,1.24,0,0
85.730,2101,84.5,113,3.56,1.45,0,0
85.771,2102,75.3,117,3.66,2.16,0,0
85.810,2103,84.7,113,3.56,1.43,0,0
85.853,2104,84.5,113,3.56,1.45,0,0
85.889,2105,84.6,113,3.56,1.50,0,0
85.930,2106,83.8,113,3.56,1.21,0,0
85.972,2107,80.5,112,3.45,1.23,0,0
86.010,2108,83.8,113,3.56,1.21,0,0
86.050,2109,83.9,113,3.57,1.18,0,0
86.092,2110,83.9,113,3.56,1.20,0,0
86.130,2111,84.5,113,3.56,1.43,0,0
86.170,2112,84.1,113,3.56,1.52,0,0
86.211,2113,75.3,117,3.66,2.16,0,0
86.250,2114,84.9,113,3.56,1.41,0,0
86.290,2115,83.4,113,3.56,1.24,0,0
86.333,2116,84.0,113,3.56,1.47,0,0
86.370,2117,84.7,113,3.56,1.76,0,0
86.410,2118,83.4,113,3.56,1.24,0,0
86.453,2119,84.5,113,3.56,1.45,0,0
86.490,2120,74.5,117,3.66,1.99,0,0
86.531,2121,75.1,117,3.66,2.17,0,0
86.571,2122,83.8,113,3.56,1.20,0,0
86.610,2123,77.7,116,3.66,2.07,0,0
86.650,2124,83.6,113,3.56,1.22,0,0
86.691,2125,77.7,116,3.66,2.07,0,0
86.730,2126,74.6,117,3.66,2.02,0,0
86.770,2127,78.2,116,3.66,2.28,0,0
86.810,2128,80.1,113,3.56,1.70,0,0
86.853,2129,83.2,113,3.56,1.24,0,0
86.889,2130,83.8,113,3.56,1.21,0,0
86.930,2131,74.6,117,3.66,2.02,0,0
86.971,2132,83.0,113,3.56,1.37,0,0
87.010,2133,74.5,117,3.66,1.99,0,0
87.050,2134,75.3,117,3.66,2.16,0,0
87.090,2135,83.7,113,3.56,1.20,0,0
87.130,2136,74.6,117,3.66,2.02,0,0
87.170,2137,84.6,113,3.56,1.50,0,0
87.210,2138,74.5,117,3.66,2.01,0,0
87.252,2139,83.9,113,3.56,1.18,0,0
87.290,2140,82.0,113,3.56,1.54,0,0
87.330,2141,77.7,116,3.66,2.21,0,0
87.370,2142,83.2,113,3.56,1.72,0,0
87.410,2143,83.4,113,3.56,1.24,0,0
87.450,2144,83.9,113,3.56,1.20,0,0
87.490,2145,78.2,116,3.66,2.14,0,0
87.531,2146,85.2,112,3.47,1.06,0,0
87.570,2147,83.2,113,3.57,1.22,0,0
87.610,2148,77.7,114,3.58,2.07,0,0
87.650,2149,35.6,111,3.40,4.34,0,0
87.689,2150,89.0,113,3.35,1.55,0,0
87.730,2151,87.5,117,3.53,1.31,0,0
87.769,2152,81.0,123,3.29,1.83,0,0
87.811,2153,86.5,114,3.42,2.01,0,0
87.848,2154,7.1,114,3.58,5.15,0,0
87.888,2155,69.4,105,3.48,1.99,0,0
87.928,2156,63.9,95,2.85,0.93,0,0
87.968,2157,49.0,86,1.95,0.89,1,0
88.010,2158,26.0,76,0.25,1.70,0,0
88.047,2159,18.7,62,0.23,1.41,0,0
88.087,2160,34.6,60,0.23,1.21,0,0
88.131,2161,31.2,56,0.77,0.93,0,0
88.169,2162,80.6,178,5.96,0.85,0,0
88.211,2163,61.7,228,9.42,0.70,0,0
88.250,2164,31.7,245,8.96,0.97,0,0
88.293,2165,15.7,239,4.54,0.98,0,0
88.331,2166,13.9,243,3.76,1.09,0,0
88.371,2167,13.4,248,3.18,1.06,0,0
88.413,2168,30.6,81,0.60,0.25,0,0
88.455,2169,32.4,77,0.41,0.26,0,0
88.497,2170,25.4,81,0.50,1.15,0,0
88.534,2171,40.0,74,0.60,0.35,0,0
88.570,2172,49.9,71,1.08,1.28,1,0
88.613,2173,52.1,77,1.46,0.97,1,0
88.649,2174,44.9,74,1.11,1.29,0,0
88.689,2175,48.5,70,1.19,1.28,1,0
88.732,2176,53.2,68,1.21,1.28,1,0
88.769,2177,51.1,67,1.18,1.25,1,0
88.810,2178,51.4,67,1.18,1.25,1,0
88.851,2179,52.4,67,1.18,1.16,1,0
88.889,2180,51.4,67,1.18,1.25,1,0
88.931,2181,52.2,67,1.18,1.16,1,0
88.969,2182,52.0,67,1.15,1.20,1,0
89.010,2183,52.1,67,1.21,1.17,1,0
89.051,2184,52.2,67,1.18,1.16,1,0
89.089,2185,52.0,67,1.15,1.20,1,0
89.130,2186,52.0,67,1.18,1.17,1,0
89.173,2187,52.0,67,1.18,1.17,1,0
89.219,2188,52.2,67,1.15,1.17,1,0
89.250,2189,52.0,67,1.18,1.17,1,0
89.292,2190,52.0,67,1.18,1.17,1,0
89.329,2191,52.0,67,1.18,1.17,1,0
89.370,2192,52.0,67,1.18,1.17,1,0
89.410,2193,52.0,67,1.18,1.17,1,0
89.450,2194,52.0,67,1.18,1.17,1,0
89.490,2195,52.0,67,1.18,1.17,1,0
89.530,2196,52.0,67,1.18,1.17,1,0
89.569,2197,52.5,67,1.15,1.16,1,0
89.611,2198,52.0,67,1.18,1.17,1,0
89.650,2199,52.0,67,1.18,1.17,1,0
89.690,2200,52.0,67,1.18,1.17,1,0
89.731,2201,52.0,67,1.18,1.17,1,0
89.770,2202,52.2,67,1.18,1.16,1,0
89.811,2203,51.7,67,1.18,1.20,1,0
89.850,2204,52.0,67,1.18,1.17,1,0
89.892,2205,52.2,67,1.18,1.16,1,0
89.930,2206,52.0,67,1.18,1.17,1,0
89.972,2207,52.0,67,1.18,1.17,1,0
90.010,2208,52.0,67,1.18,1.17,1,0
90.054,2209,52.2,67,1.15,1.17,1,0
90.096,2210,51.7,67,1.18,1.20,1,0
90.139,2211,52.0,67,1.18,1.17,1,0
90.173,2212,52.0,67,1.18,1.17,1,0
90.209,2213,52.0,67,1.18,1.17,1,0
90.248,2214,52.0,67,1.18,1.17,1,0
90.289,2215,52.0,67,1.18,1.17,1,0
90.328,2216,52.2,67,1.18,1.16,1,0
90.370,2217,52.2,67,1.18,1.16,1,0
90.409,2218,52.2,67,1.18,1.16,1,0
90.462,2219,52.0,67,1.18,1.17,1,0
90.493,2220,52.0,67,1.18,1.17,1,0
90.529,2221,52.0,67,1.18,1.17,1,0
90.572,2222,52.0,67,1.18,1.17,1,0
90.609,2223,52.2,67,1.18,1.16,1,0
90.650,2224,52.2,67,1.18,1.16,1,0
90.697,2225,52.0,67,1.18,1.17,1,0
90.734,2226,52.0,67,1.18,1.17,1,0
90.770,2227,52.0,67,1.18,1.17,1,0
90.812,2228,52.2,67,1.15,1.17,1,0
90.852,2229,52.0,67,1.18,1.17,1,0
90.893,2230,52.0,67,1.18,1.17,1,0
90.930,2231,52.0,67,1.18,1.17,1,0
90.971,2232,52.2,67,1.18,1.16,1,0
91.009,2233,52.0,67,1.18,1.17,1,0
91.050,2234,52.0,67,1.18,1.17,1,0
91.090,2235,52.2,67,1.15,1.17,1,0
91.130,2236,52.0,67,1.18,1.17,1,0
91.172,2237,52.2,67,1.18,1.16,1,0
91.210,2238,52.2,67,1.18,1.16,1,0
91.250,2239,51.7,67,1.18,1.20,1,0
91.290,2240,52.5,67,1.15,1.16,1,0
91.330,2241,52.0,67,1.18,1.17,1,0
91.371,2242,52.2,67,1.18,1.16,1,0
91.413,2243,52.0,67,1.18,1.17,1,0
91.451,2244,52.2,67,1.18,1.16,1,0
91.489,2245,52.0,67,1.18,1.17,1,0
91.528,2246,52.0,67,1.18,1.17,1,0
91.571,2247,52.2,67,1.18,1.16,1,0
91.609,2248,52.2,67,1.18,1.16,1,0
91.657,2249,52.7,67,1.15,1.16,1,0
91.689,2250,52.0,67,1.18,1.17,1,0
91.731,2251,52.2,67,1.18,1.16,1,0
91.770,2252,52.0,67,1.18,1.17,1,0
91.811,2253,52.0,67,1.18,1.17,1,0
91.851,2254,49.8,69,1.20,0.92,1,0
91.893,2255,49.2,69,1.06,0.94,1,0
91.930,2256,57.2,73,1.45,1.09,1,0
91.970,2257,65.5,66,1.38,0.98,1,0
92.011,2258,34.3,56,1.37,0.74,0,0
92.050,2259,39.2,56,1.45,0.51,0,0
92.091,2260,44.6,58,1.29,0.59,0,0
92.129,2261,45.8,57,1.30,0.53,1,0
92.170,2262,44.0,58,1.35,0.57,0,0
92.208,2263,50.5,54,0.94,0.44,1,0
92.249,2264,64.7,55,0.24,0.49,1,0
92.288,2265,55.4,51,0.23,0.30,1,0
92.330,2266,52.7,54,0.24,0.29,1,0
92.374,2267,53.2,53,0.24,0.29,1,0
92.408,2268,54.2,53,0.24,0.33,1,0
92.448,2269,54.2,53,0.24,0.33,1,0
92.490,2270,64.1,60,0.23,0.45,1,0
92.529,2271,54.5,51,0.24,0.26,1,0
92.572,2272,56.6,53,0.25,0.33,1,0
92.608,2273,61.7,58,0.24,0.42,1,0
92.650,2274,58.1,53,0.27,0.29,1,0
92.690,2275,62.1,58,0.29,0.44,1,0
92.732,2276,63.5,59,0.31,0.44,1,0
92.769,2277,59.6,58,0.58,0.47,1,0
92.812,2278,40.7,62,1.45,0.56,0,0
92.850,2279,63.0,72,1.82,1.00,1,0
92.902,2280,52.4,76,1.49,1.26,1,0
92.934,2281,52.0,75,1.42,1.32,1,0
92.970,2282,55.7,72,1.41,1.35,1,0
93.010,2283,58.0,73,1.74,1.14,1,0
93.050,2284,58.7,71,1.59,1.34,1,0
93.090,2285,56.1,72,1.67,1.20,1,0
93.131,2286,57.2,74,1.76,1.05,1,0
93.170,2287,56.2,72,1.65,1.17,1,0
93.212,2288,57.3,74,1.75,1.04,1,0
93.249,2289,56.2,72,1.65,1.17,1,0
93.290,2290,58.1,73,1.82,1.16,1,0
93.330,2291,58.1,73,1.82,1.16,1,0
93.370,2292,58.3,72,1.68,1.18,1,0
93.414,2293,59.8,73,1.81,1.20,1,0
93.450,2294,58.3,72,1.68,1.15,1,0
93.488,2295,58.1,73,1.82,1.16,1,0
93.529,2296,58.1,73,1.82,1.16,1,0
93.568,2297,58.3,72,1.68,1.15,1,0
93.609,2298,59.8,73,1.81,1.20,1,0
93.648,2299,59.8,73,1.81,1.20,1,0
93.691,2300,59.8,73,1.81,1.20,1,0
93.729,2301,57.8,72,1.68,1.22,1,0
93.768,2302,57.7,72,1.68,1.23,1,0
93.810,2303,57.4,73,1.80,1.22,1,0
93.848,2304,57.5,73,1.80,1.25,1,0
93.890,2305,57.6,73,1.77,1.22,1,0
93.929,2306,58.3,73,1.76,1.16,1,0
93.970,2307,60.1,73,1.81,1.11,1,0
94.009,2308,56.3,75,1.82,0.97,1,0
94.050,2309,54.4,77,1.80,1.01,1,0
94.096,2310,50.1,74,1.46,1.29,1,0
94.130,2311,47.7,85,1.64,1.12,1,0
94.173,2312,44.0,87,1.09,0.81,0,0
94.210,2313,41.8,86,0.85,0.77,0,0
94.251,2314,40.4,88,0.90,0.76,0,0
94.292,2315,40.8,87,0.83,0.70,0,0
94.331,2316,38.5,89,0.80,0.58,0,0
94.371,2317,40.4,101,0.94,0.84,0,0
94.413,2318,35.2,105,0.75,0.28,0,0
94.452,2319,41.4,111,1.29,0.56,0,0
94.493,2320,41.9,110,1.46,0.33,0,0
94.531,2321,44.2,108,1.90,0.34,0,0
94.572,2322,44.0,108,1.93,0.34,0,0
94.613,2323,44.7,106,1.89,0.35,0,0
94.651,2324,44.9,106,1.87,0.34,0,0
94.691,2325,44.8,106,1.89,0.34,0,0
94.734,2326,44.9,106,1.88,0.34,0,0
94.771,2327,44.8,106,1.89,0.34,0,0
94.811,2328,44.9,106,1.87,0.34,0,0
94.851,2329,45.0,106,1.86,0.34,1,0
94.892,2330,42.6,107,1.69,0.30,0,0
94.931,2331,45.2,106,1.87,0.34,1,0
94.971,2332,46.9,107,1.92,0.57,1,0
95.013,2333,52.5,105,2.34,0.97,0,0
95.051,2334,47.8,96,1.94,0.30,1,0
95.093,2335,55.7,95,2.33,0.87,0,0
95.131,2336,46.7,85,1.73,0.25,1,0
95.177,2337,49.8,85,1.82,0.31,1,0
95.219,2338,50.5,86,1.93,0.40,1,0
95.253,2339,56.4,86,2.13,0.76,0,0
95.291,2340,55.8,86,2.15,0.83,0,0
95.334,2341,55.9,86,2.16,0.76,0,0
95.371,2342,56.7,87,2.16,1.00,0,0
95.411,2343,57.4,87,2.15,1.00,0,0
95.454,2344,56.5,86,2.15,0.76,0,0
95.491,2345,57.7,87,2.13,0.89,0,0
95.531,2346,56.4,86,2.10,0.65,0,0
95.573,2347,51.8,87,1.93,0.47,1,0
95.625,2348,53.0,88,2.16,0.45,0,0
95.658,2349,51.9,88,2.18,0.36,0,0
95.693,2350,51.2,90,2.22,0.37,0,0
95.732,2351,49.0,87,1.96,0.28,1,0
95.771,2352,49.1,87,1.94,0.27,1,0
95.811,2353,49.9,88,2.20,0.27,0,0
95.851,2354,61.6,95,2.80,1.03,0,0
95.896,2355,54.6,88,2.26,0.29,0,0
95.931,2356,52.7,86,2.09,0.24,0,0
95.972,2357,54.1,91,2.37,0.29,0,0
96.016,2358,54.7,87,2.27,0.30,0,0
96.051,2359,62.1,92,2.73,0.73,0,0
96.091,2360,62.6,89,2.65,0.77,0,0
96.133,2361,61.9,88,2.67,0.78,0,0
96.171,2362,63.0,88,2.66,0.95,0,0
96.213,2363,55.9,88,2.27,0.78,0,0
96.251,2364,57.4,89,2.31,0.95,0,0
96.291,2365,49.2,81,1.86,0.31,1,0
96.332,2366,50.2,79,1.85,0.30,1,0
96.372,2367,49.7,79,1.80,0.30,1,0
96.411,2368,44.3,82,1.52,0.31,0,0
96.454,2369,46.7,80,1.68,0.32,1,0
96.491,2370,47.9,78,1.73,0.35,1,0
96.531,2371,43.6,79,1.32,0.43,0,0
96.574,2372,44.3,79,1.45,0.43,0,0
96.611,2373,44.6,79,1.45,0.44,0,0
96.651,2374,44.1,79,1.32,0.43,0,0
96.693,2375,44.2,79,1.30,0.45,0,0
96.731,2376,44.7,80,1.53,0.33,0,0
96.771,2377,42.3,82,1.32,0.32,0,0
96.815,2378,42.2,82,1.32,0.33,0,0
96.851,2379,42.4,82,1.32,0.31,0,0
96.891,2380,45.5,80,1.52,0.32,1,0
96.950,2381,42.4,82,1.26,0.30,0,0
96.986,2382,42.5,82,1.32,0.30,0,0
97.018,2383,42.6,82,1.32,0.30,0,0
97.055,2384,43.6,81,1.30,0.41,0,0
97.092,2385,43.1,81,1.30,0.45,0,0
97.131,2386,42.9,81,1.32,0.45,0,0
97.171,2387,43.3,81,1.28,0.44,0,0
97.214,2388,42.8,81,1.32,0.43,0,0
97.251,2389,43.7,81,1.31,0.45,0,0
97.294,2390,50.8,88,1.95,1.01,1,0
97.331,2391,47.9,87,1.69,0.87,1,0
97.378,2392,48.3,87,1.65,0.85,1,0
97.410,2393,49.6,88,1.95,0.80,1,0
97.451,2394,49.6,88,1.95,0.80,1,0
97.493,2395,49.6,88,1.95,0.80,1,0
97.531,2396,51.2,89,1.91,0.99,1,0
97.571,2397,44.4,83,1.49,0.30,0,0
97.613,2398,43.8,83,1.47,0.34,0,0
97.651,2399,43.8,82,1.36,0.34,0,0
97.691,2400,44.2,83,1.54,0.26,0,0
97.734,2401,44.6,83,1.52,0.28,0,0
97.771,2402,47.1,85,1.81,0.37,1,0
97.811,2403,44.3,83,1.54,0.23,0,0
97.851,2404,44.9,84,1.58,0.28,0,0
97.891,2405,44.6,83,1.58,0.25,0,0
97.933,2406,44.7,83,1.59,0.25,0,0
97.971,2407,44.2,83,1.53,0.23,0,0
98.013,2408,43.9,83,1.56,0.23,0,0
98.051,2409,44.4,83,1.53,0.25,0,0
98.091,2410,43.9,83,1.56,0.23,0,0
98.134,2411,44.5,84,1.56,0.28,0,0
98.171,2412,44.3,84,1.58,0.28,0,0
98.211,2413,46.4,85,1.78,0.37,1,0
98.268,2414,45.4,82,1.50,0.28,1,0
98.301,2415,48.0,83,1.74,0.37,1,0
98.335,2416,48.0,83,1.74,0.37,1,0
98.372,2417,47.9,83,1.79,0.37,1,0
98.411,2418,47.9,83,1.79,0.37,1,0
98.451,2419,48.9,84,1.79,0.49,1,0
98.492,2420,48.9,84,1.79,0.49,1,0
98.531,2421,48.9,84,1.79,0.49,1,0
98.573,2422,48.9,84,1.79,0.49,1,0
98.612,2423,48.9,84,1.79,0.49,1,0
98.651,2424,48.9,84,1.79,0.49,1,0
98.692,2425,48.9,84,1.79,0.49,1,0
98.731,2426,51.3,85,1.91,0.64,1,0
98.772,2427,48.8,84,1.73,0.49,1,0
98.812,2428,51.3,85,1.91,0.64,1,0
98.851,2429,48.7,84,1.73,0.49,1,0
98.891,2430,48.7,84,1.73,0.49,1,0
98.932,2431,48.6,84,1.73,0.49,1,0
98.971,2432,48.7,84,1.73,0.49,1,0
99.011,2433,48.7,84,1.73,0.49,1,0
99.056,2434,48.6,84,1.73,0.49,1,0
99.091,2435,51.2,85,1.92,0.64,1,0
99.132,2436,48.6,84,1.73,0.49,1,0
99.173,2437,48.6,84,1.73,0.49,1,0
99.211,2438,48.6,84,1.73,0.49,1,0
99.252,2439,48.7,84,1.73,0.49,1,0
99.295,2440,48.6,84,1.73,0.49,1,0
99.331,2441,48.7,84,1.73,0.49,1,0
99.374,2442,51.3,85,1.91,0.64,1,0
99.411,2443,48.7,84,1.73,0.49,1,0
99.451,2444,51.3,85,1.91,0.64,1,0
99.506,2445,48.7,84,1.73,0.49,1,0
99.539,2446,48.6,84,1.73,0.49,1,0
99.573,2447,48.6,84,1.73,0.49,1,0
99.614,2448,51.3,85,1.91,0.64,1,0
99.652,2449,48.7,84,1.73,0.49,1,0
99.692,2450,48.6,84,1.73,0.49,1,0
99.731,2451,48.6,84,1.73,0.49,1,0
99.771,2452,48.7,84,1.73,0.49,1,0
99.811,2453,48.6,84,1.73,0.49,1,0
99.851,2454,48.6,84,1.73,0.49,1,0
99.892,2455,48.6,84,1.73,0.49,1,0
99.931,2456,51.2,85,1.92,0.64,1,0
99.972,2457,48.0,84,1.80,0.49,1,0
100.012,2458,52.2,81,1.92,0.49,1,0
100.051,2459,54.7,85,2.20,0.79,0,0
100.094,2460,52.2,81,1.92,0.49,1,0
100.131,2461,56.4,83,2.14,0.80,0,0
100.174,2462,53.6,82,1.95,0.64,1,0
100.211,2463,53.7,82,1.95,0.65,1,0
100.252,2464,56.4,83,2.14,0.80,0,0
100.293,2465,53.6,82,1.95,0.64,1,0
100.332,2466,53.5,82,1.92,0.64,1,0
100.375,2467,56.4,83,2.14,0.80,0,0
100.411,2468,53.6,82,1.95,0.64,1,0
100.453,2469,53.7,82,1.95,0.65,1,0
100.493,2470,53.6,82,1.95,0.64,1,0
100.531,2471,53.6,82,1.95,0.64,1,0
100.574,2472,53.7,82,1.95,0.65,1,0
100.612,2473,56.4,83,2.14,0.79,0,0
100.652,2474,53.6,82,1.95,0.64,1,0
100.709,2475,53.6,82,1.95,0.64,1,0
100.742,2476,56.4,83,2.14,0.80,0,0
100.776,2477,53.6,82,1.95,0.64,1,0
100.814,2478,53.6,82,1.95,0.64,1,0
100.851,2479,53.6,82,1.95,0.64,1,0
100.891,2480,53.6,82,1.95,0.64,1,0
100.933,2481,56.4,83,2.14,0.79,0,0
100.971,2482,53.6,82,1.95,0.64,1,0
101.012,2483,53.7,82,1.95,0.65,1,0
101.053,2484,53.6,82,1.95,0.64,1,0
101.091,2485,53.6,82,1.95,0.64,1,0
101.134,2486,53.6,82,1.95,0.64,1,0
101.171,2487,53.6,82,1.95,0.64,1,0
101.213,2488,53.6,82,1.95,0.64,1,0
101.251,2489,53.6,82,1.95,0.64,1,0
101.291,2490,53.6,82,1.95,0.64,1,0
101.334,2491,53.6,82,1.95,0.64,1,0
101.372,2492,53.6,82,1.95,0.64,1,0
101.412,2493,56.4,83,2.14,0.79,0,0
101.453,2494,56.4,83,2.14,0.79,0,0
101.492,2495,53.6,82,1.95,0.64,1,0
101.532,2496,53.6,82,1.95,0.64,1,0
101.575,2497,53.6,82,1.95,0.64,1,0
101.616,2498,53.6,82,1.95,0.64,1,0
101.656,2499,56.4,83,2.14,0.79,0,0
101.697,2500,56.4,83,2.14,0.79,0,0
101.741,2501,53.6,82,1.95,0.64,1,0
101.778,2502,53.6,82,1.95,0.64,1,0
101.824,2503,53.6,82,1.95,0.64,1,0
101.857,2504,53.6,82,1.95,0.64,1,0
101.913,2505,53.6,82,1.95,0.64,1,0
101.951,2506,53.6,82,1.95,0.64,1,0
101.989,2507,53.6,82,1.95,0.64,1,0
102.031,2508,53.6,82,1.95,0.64,1,0
102.069,2509,53.6,82,1.95,0.64,1,0
102.106,2510,53.6,82,1.95,0.64,1,0
102.146,2511,53.7,82,1.95,0.65,1,0
102.182,2512,53.6,82,1.95,0.64,1,0
102.218,2513,53.6,82,1.95,0.64,1,0
102.254,2514,53.6,82,1.95,0.64,1,0
102.293,2515,53.6,82,1.95,0.64,1,0
102.331,2516,53.6,82,1.95,0.64,1,0
102.372,2517,56.4,83,2.14,0.79,0,0
102.415,2518,56.4,83,2.14,0.79,0,0
102.452,2519,53.6,82,1.95,0.64,1,0
102.493,2520,56.4,83,2.14,0.79,0,0
102.532,2521,53.6,82,1.95,0.64,1,0
102.572,2522,53.6,82,1.95,0.64,1,1
102.628,2523,56.4,83,2.14,0.79,0,0
102.663,2524,53.6,82,1.95,0.64,1,0
102.698,2525,53.6,82,1.95,0.64,1,0
102.740,2526,56.4,83,2.14,0.80,0,0
102.775,2527,53.6,82,1.95,0.64,1,0
102.816,2528,56.4,83,2.14,0.79,0,0
102.851,2529,53.6,82,1.95,0.64,1,0
102.892,2530,56.4,83,2.14,0.80,0,0
102.933,2531,53.6,82,1.95,0.64,1,0
102.972,2532,56.4,83,2.14,0.79,0,0
103.012,2533,53.6,82,1.95,0.64,1,0
103.052,2534,53.6,82,1.95,0.64,1,0
103.092,2535,56.4,83,2.14,0.79,0,0
103.133,2536,53.6,82,1.95,0.64,1,0
103.187,2537,53.6,82,1.95,0.64,1,0
103.220,2538,56.4,83,2.14,0.79,0,0
103.255,2539,53.6,82,1.95,0.64,1,0
103.293,2540,53.6,82,1.95,0.64,1,0
103.333,2541,53.6,82,1.95,0.64,1,0
103.372,2542,53.6,82,1.95,0.64,1,0
103.412,2543,53.6,82,1.95,0.64,1,0
103.456,2544,56.4,83,2.14,0.79,0,0
103.499,2545,53.6,82,1.95,0.64,1,0
103.535,2546,53.6,82,1.95,0.64,1,0
103.572,2547,53.6,82,1.95,0.64,1,0
103.612,2548,53.6,82,1.95,0.64,1,0
103.652,2549,53.6,82,1.95,0.64,1,0
103.695,2550,53.6,82,1.95,0.64,1,0
103.731,2551,53.6,82,1.95,0.64,1,0
103.772,2552,56.4,83,2.14,0.80,0,0
103.812,2553,53.6,82,1.95,0.64,1,0
103.854,2554,53.6,82,1.95,0.64,1,0
103.896,2555,56.4,83,2.14,0.79,0,0
103.932,2556,53.6,82,1.95,0.64,1,0
103.972,2557,53.6,82,1.95,0.64,1,0
104.014,2558,56.4,83,2.14,0.79,0,0
104.053,2559,53.6,82,1.95,0.64,1,0
104.094,2560,53.6,82,1.95,0.64,1,0
104.132,2561,53.6,82,1.95,0.64,1,0
104.171,2562,53.6,82,1.95,0.64,1,0
104.216,2563,56.4,83,2.14,0.79,0,0
104.253,2564,53.6,82,1.95,0.64,1,0
104.294,2565,53.6,82,1.95,0.64,1,0
104.332,2566,56.4,83,2.14,0.79,0,0
104.373,2567,53.6,82,1.95,0.64,1,0
104.431,2568,53.6,82,1.95,0.64,1,0
104.464,2569,56.4,83,2.14,0.79,0,0
104.500,2570,53.6,82,1.95,0.64,1,0
104.537,2571,53.6,82,1.95,0.64,1,0
104.576,2572,53.6,82,1.95,0.64,1,0
104.612,2573,53.6,82,1.95,0.64,1,0
104.653,2574,53.6,82,1.95,0.64,1,0
104.692,2575,53.6,82,1.95,0.64,1,0
104.732,2576,53.6,82,1.95,0.64,1,0
104.773,2577,53.6,82,1.95,0.64,1,0
104.812,2578,53.6,82,1.95,0.64,1,0
104.853,2579,53.6,82,1.95,0.64,1,0
104.894,2580,53.6,82,1.95,0.64,1,0
104.932,2581,53.6,82,1.95,0.64,1,0
104.973,2582,56.4,83,2.14,0.79,0,0
105.012,2583,56.4,83,2.14,0.79,0,0
105.053,2584,53.6,82,1.95,0.64,1,0
105.092,2585,56.4,83,2.14,0.79,0,0
105.133,2586,53.6,82,1.95,0.64,1,0
105.172,2587,56.4,83,2.14,0.79,0,0
105.226,2588,53.6,82,1.95,0.64,1,0
105.260,2589,56.4,83,2.14,0.79,0,0
105.294,2590,56.4,83,2.14,0.79,0,0
105.335,2591,56.4,83,2.14,0.79,0,0
105.373,2592,56.4,83,2.14,0.79,0,0
105.412,2593,53.6,82,1.95,0.64,1,0
105.454,2594,56.4,83,2.14,0.79,0,0
105.492,2595,56.4,83,2.14,0.79,0,0
105.532,2596,53.6,82,1.95,0.64,1,0
105.572,2597,53.6,82,1.95,0.64,1,0
105.614,2598,53.6,82,1.95,0.64,1,0
105.670,2599,56.4,83,2.14,0.79,0,0
105.703,2600,53.6,82,1.95,0.64,1,0
105.736,2601,56.4,83,2.14,0.79,0,0
105.772,2602,53.6,82,1.95,0.64,1,0
105.813,2603,53.6,82,1.95,0.64,1,0
105.854,2604,53.6,82,1.95,0.64,1,0
105.892,2605,53.7,82,1.95,0.65,1,0
105.932,2606,53.6,82,1.95,0.64,1,0
105.973,2607,53.6,82,1.95,0.64,1,0
106.012,2608,53.6,82,1.95,0.64,1,0
106.052,2609,56.4,83,2.14,0.79,0,0
106.095,2610,53.6,82,1.95,0.64,1,0
106.132,2611,53.6,82,1.95,0.64,1,0
106.175,2612,53.6,82,1.95,0.64,1,0
106.212,2613,53.6,82,1.95,0.64,1,0
106.252,2614,53.6,82,1.95,0.64,1,0
106.293,2615,53.6,82,1.95,0.64,1,0
106.332,2616,53.6,82,1.95,0.64,1,0
106.373,2617,53.6,82,1.95,0.64,1,0
106.416,2618,56.4,83,2.14,0.79,0,0
106.452,2619,56.3,83,2.14,0.79,0,0
106.494,2620,53.6,82,1.95,0.64,1,0
106.532,2621,53.6,82,1.95,0.64,1,0
106.572,2622,53.6,82,1.95,0.64,1,0
106.612,2623,56.4,83,2.14,0.79,0,0
106.653,2624,53.6,82,1.95,0.64,1,0
106.692,2625,53.6,82,1.95,0.64,1,0
106.735,2626,53.6,82,1.95,0.64,1,0
106.772,2627,56.4,83,2.14,0.79,0,0
106.813,2628,53.6,82,1.95,0.64,1,0
106.856,2629,53.6,82,1.95,0.64,1,0
106.909,2630,53.6,82,1.95,0.64,1,0
106.945,2631,53.6,82,1.95,0.64,1,0
106.983,2632,53.6,82,1.95,0.64,1,0
107.015,2633,53.6,82,1.95,0.64,1,0
107.055,2634,53.6,82,1.95,0.64,1,0
107.095,2635,53.6,82,1.95,0.64,1,0
107.132,2636,53.6,82,1.95,0.64,1,0
107.173,2637,53.6,82,1.95,0.64,1,0
107.212,2638,53.6,82,1.95,0.64,1,0
107.255,2639,53.6,82,1.95,0.64,1,0
107.292,2640,53.6,82,1.95,0.64,1,0
107.332,2641,56.4,83,2.14,0.79,0,0
107.375,2642,53.6,82,1.95,0.64,1,0
107.412,2643,53.6,82,1.95,0.64,1,0
107.453,2644,53.6,82,1.95,0.64,1,0
107.492,2645,53.6,82,1.95,0.64,1,0
107.534,2646,53.6,82,1.95,0.64,1,0
107.572,2647,53.6,82,1.95,0.64,1,0
107.613,2648,53.6,82,1.95,0.64,1,0
107.652,2649,53.6,82,1.95,0.64,1,0
107.694,2650,53.6,82,1.95,0.64,1,0
107.732,2651,53.6,82,1.95,0.64,1,0
107.772,2652,53.6,82,1.95,0.64,1,0
107.813,2653,53.6,82,1.95,0.64,1,0
107.852,2654,53.6,82,1.95,0.64,1,0
107.894,2655,53.6,82,1.95,0.64,1,0
107.932,2656,53.6,82,1.95,0.64,1,0
107.975,2657,53.6,82,1.95,0.64,1,0
108.013,2658,53.6,82,1.95,0.64,1,0
108.052,2659,56.4,83,2.14,0.79,0,0
108.094,2660,50.3,83,1.97,0.49,1,0
108.150,2661,50.8,83,1.92,0.49,1,0
108.184,2662,53.5,82,1.92,0.64,1,0
108.222,2663,53.9,84,1.91,0.80,1,0
108.258,2664,52.5,83,1.91,0.65,1,0
108.295,2665,53.9,84,1.96,0.80,1,0
108.333,2666,53.9,84,1.96,0.80,1,0
108.373,2667,52.5,83,1.96,0.65,1,0
108.414,2668,53.9,84,1.96,0.80,1,0
108.452,2669,53.9,84,1.96,0.80,1,0
108.496,2670,58.1,84,2.14,0.96,0,0
108.532,2671,48.8,83,1.76,0.49,1,0
108.573,2672,54.3,86,1.97,0.96,1,0
108.614,2673,53.3,85,1.95,0.81,1,0
108.653,2674,48.3,83,1.74,0.49,1,0
108.693,2675,46.7,82,1.44,0.38,1,0
108.734,2676,47.7,83,1.64,0.39,1,0
108.773,2677,46.4,86,1.54,0.40,1,0
108.813,2678,43.0,86,1.30,0.28,0,0
108.854,2679,55.3,91,1.83,0.97,1,0
108.893,2680,49.2,91,1.47,0.48,1,0
108.935,2681,50.3,94,1.44,0.69,1,0
108.973,2682,50.3,93,1.48,0.70,1,0
109.013,2683,49.4,93,1.46,0.53,1,0
109.053,2684,49.7,94,1.48,0.57,1,0
109.093,2685,52.2,96,1.83,0.77,1,0
109.133,2686,55.3,95,2.08,0.81,0,0
109.173,2687,56.2,100,2.21,0.94,0,0
109.213,2688,59.3,99,2.52,1.04,0,0
109.256,2689,64.1,100,2.81,1.22,0,0
109.293,2690,62.3,102,2.63,1.17,0,0
109.335,2691,62.7,102,2.65,1.14,0,0
109.374,2692,62.4,102,2.67,1.19,0,0
109.413,2693,62.2,102,2.68,1.19,0,0
109.455,2694,61.2,101,2.67,0.92,0,0
109.493,2695,60.5,102,2.66,0.89,0,0
109.533,2696,58.0,100,2.64,0.56,0,0
109.573,2697,89.4,116,4.54,2.85,0,0
109.615,2698,86.3,118,4.82,3.19,0,0
109.653,2699,79.3,122,5.11,3.80,0,0
109.694,2700,76.4,123,5.35,4.01,0,0
109.733,2701,76.3,123,5.35,4.00,0,0
109.776,2702,76.7,124,5.27,4.00,0,0
109.813,2703,76.4,123,5.36,4.01,0,0
109.855,2704,76.2,123,5.37,3.98,0,0
109.893,2705,76.2,123,5.38,3.98,0,0
109.933,2706,83.0,120,5.13,3.48,0,0
109.973,2707,76.4,123,5.36,4.01,0,0
110.014,2708,76.8,124,5.27,4.01,0,0
110.053,2709,76.3,123,5.36,4.00,0,0
110.094,2710,82.8,120,5.11,3.45,0,0
110.135,2711,76.2,123,5.38,3.98,0,0
110.173,2712,76.3,123,5.37,3.98,0,0
110.213,2713,82.9,120,5.12,3.45,0,0
110.253,2714,82.9,120,5.11,3.45,0,0
110.294,2715,82.9,120,5.11,3.45,0,0
110.334,2716,84.2,121,5.04,3.46,0,0
110.374,2717,82.9,120,5.11,3.45,0,0
110.414,2718,82.8,120,5.11,3.46,0,0
110.453,2719,79.5,122,5.11,3.80,0,0
110.494,2720,75.0,124,5.36,4.04,0,0
110.535,2721,83.1,121,5.11,3.51,0,0
110.573,2722,83.0,121,5.11,3.52,0,0
110.613,2723,82.9,121,5.09,3.53,0,0
110.655,2724,88.0,119,4.82,3.17,0,0
110.693,2725,80.3,119,5.06,3.34,0,0
110.735,2726,81.5,112,4.78,2.92,0,0
110.773,2727,79.7,107,4.67,2.63,0,0
110.814,2728,73.6,96,3.69,0.86,0,0
110.855,2729,73.6,96,3.71,0.86,0,0
110.893,2730,73.7,96,3.68,0.86,0,0
110.936,2731,73.7,96,3.68,0.86,0,0
110.974,2732,79.6,107,4.67,2.61,0,0
111.014,2733,73.6,96,3.69,0.89,0,0
111.056,2734,73.8,96,3.72,0.87,0,0
111.093,2735,73.7,96,3.69,0.88,0,0
111.133,2736,73.7,96,3.69,0.88,0,0
111.173,2737,73.6,96,3.69,0.89,0,0
111.213,2738,73.6,96,3.69,0.89,0,0
111.257,2739,73.8,96,3.72,0.89,0,0
111.293,2740,73.6,96,3.69,0.89,0,0
111.336,2741,73.6,96,3.69,0.89,0,0
111.374,2742,73.6,96,3.69,0.89,0,0
111.417,2743,73.6,96,3.69,0.89,0,0
111.453,2744,73.6,96,3.69,0.89,0,0
111.497,2745,73.7,96,3.69,0.87,0,0
111.534,2746,73.6,96,3.69,0.89,0,0
111.575,2747,73.6,96,3.69,0.87,0,0
111.613,2748,73.7,96,3.69,0.87,0,0
111.653,2749,73.7,96,3.69,0.87,0,0
111.694,2750,73.7,96,3.69,0.87,0,0
111.733,2751,73.6,96,3.69,0.87,0,0
111.774,2752,73.6,96,3.69,0.87,0,0
111.814,2753,73.6,96,3.69,0.89,0,0
111.853,2754,73.8,96,3.73,0.88,0,0
111.894,2755,73.6,96,3.69,0.86,0,0
111.933,2756,73.7,96,3.73,0.89,0,0
111.975,2757,73.6,96,3.69,0.89,0,0
112.013,2758,73.5,96,3.71,0.87,0,0
112.053,2759,73.6,96,3.69,0.89,0,0
112.096,2760,73.6,96,3.69,0.86,0,0
112.133,2761,73.6,96,3.71,0.89,0,0
112.177,2762,73.7,96,3.71,0.88,0,0
112.213,2763,73.6,96,3.69,0.89,0,0
112.253,2764,73.6,96,3.71,0.89,0,0
112.296,2765,73.5,96,3.71,0.87,0,0
112.333,2766,73.6,96,3.71,0.86,0,0
112.373,2767,73.6,96,3.71,0.86,0,0
112.416,2768,73.6,96,3.71,0.89,0,0
112.453,2769,73.6,96,3.71,0.89,0,0
112.495,2770,73.5,96,3.71,0.87,0,0
112.533,2771,73.6,96,3.71,0.89,0,0
112.573,2772,73.6,96,3.69,0.89,0,0
112.613,2773,73.6,96,3.71,0.87,0,0
112.655,2774,73.6,96,3.71,0.89,0,0
112.693,2775,73.6,96,3.71,0.87,0,0
112.733,2776,73.6,96,3.71,0.89,0,0
112.774,2777,73.6,96,3.71,0.87,0,0
112.814,2778,73.6,96,3.69,0.89,0,0
112.855,2779,73.5,96,3.71,0.87,0,0
112.893,2780,73.6,96,3.71,0.87,0,0
112.933,2781,73.6,96,3.71,0.87,0,0
112.975,2782,73.6,96,3.71,0.87,0,0
113.013,2783,73.6,96,3.71,0.86,0,0
113.053,2784,73.6,96,3.71,0.89,0,0
113.095,2785,73.6,96,3.71,0.86,0,0
113.133,2786,73.7,96,3.71,0.88,0,0
113.173,2787,73.6,96,3.71,0.87,0,0
113.215,2788,73.6,96,3.71,0.87,0,0
113.253,2789,73.6,96,3.71,0.89,0,0
113.296,2790,73.6,96,3.71,0.89,0,0
113.333,2791,73.6,96,3.71,0.89,0,0
113.375,2792,73.6,96,3.71,0.89,0,0
113.414,2793,73.6,96,3.71,0.87,0,0
113.454,2794,73.6,96,3.71,0.87,0,0
113.494,2795,73.6,96,3.71,0.86,0,0
113.533,2796,73.6,96,3.71,0.87,0,0
113.573,2797,73.5,96,3.71,0.89,0,0
113.614,2798,73.6,96,3.71,0.86,0,0
113.653,2799,73.7,96,3.71,0.88,0,0
113.694,2800,73.6,96,3.71,0.87,0,0
113.736,2801,73.6,96,3.71,0.87,0,0
113.774,2802,73.6,96,3.71,0.90,0,0
113.816,2803,79.6,107,4.68,2.63,0,0
113.854,2804,73.6,96,3.71,0.87,0,0
113.896,2805,73.6,96,3.71,0.86,0,0
113.934,2806,73.7,96,3.71,0.88,0,0
113.974,2807,73.6,96,3.71,0.87,0,0
114.016,2808,73.6,96,3.71,0.87,0,0
114.054,2809,73.5,96,3.71,0.87,0,0
114.096,2810,73.6,96,3.71,0.87,0,0
114.134,2811,73.6,96,3.71,0.87,0,0
114.175,2812,73.6,96,3.71,0.86,0,0
114.216,2813,73.6,96,3.71,0.86,0,0
114.254,2814,73.6,96,3.71,0.86,0,0
114.296,2815,73.6,96,3.71,0.87,0,0
114.334,2816,73.6,96,3.71,0.89,0,0
114.377,2817,73.6,96,3.71,0.87,0,0
114.413,2818,73.6,96,3.71,0.87,0,0
114.456,2819,73.6,96,3.71,0.89,0,0
114.494,2820,73.6,96,3.71,0.87,0,0
114.537,2821,73.6,96,3.71,0.89,0,0
114.573,2822,73.6,96,3.71,0.86,0,0
114.613,2823,73.5,96,3.71,0.89,0,0
114.655,2824,73.6,96,3.71,0.89,0,0
114.694,2825,73.6,96,3.71,0.86,0,0
114.734,2826,73.6,96,3.71,0.89,0,0
114.776,2827,73.6,96,3.71,0.86,0,0
114.816,2828,73.6,96,3.71,0.87,0,0
114.856,2829,73.6,96,3.71,0.89,0,0
114.893,2830,73.6,96,3.71,0.86,0,0
114.936,2831,73.6,96,3.71,0.87,0,0
114.973,2832,73.6,96,3.71,0.87,0,0
115.013,2833,73.6,96,3.71,0.86,0,0
115.056,2834,73.6,96,3.71,0.87,0,0
115.093,2835,73.6,96,3.71,0.86,0,0
115.135,2836,73.6,96,3.71,0.89,0,0
115.175,2837,73.5,96,3.71,0.87,0,0
115.214,2838,73.6,96,3.71,0.86,0,0
115.256,2839,73.6,96,3.71,0.86,0,0
115.294,2840,73.6,96,3.71,0.87,0,0
115.333,2841,73.5,96,3.71,0.87,0,0
115.374,2842,73.6,96,3.71,0.86,0,0
115.414,2843,73.6,96,3.71,0.86,0,0
115.456,2844,73.6,96,3.71,0.87,0,0
115.494,2845,73.6,96,3.71,0.86,0,0
115.534,2846,73.6,96,3.71,0.87,0,0
115.574,2847,73.6,96,3.71,0.87,0,0
115.616,2848,73.6,96,3.71,0.86,0,0
115.657,2849,73.6,96,3.71,0.87,0,0
115.693,2850,73.6,96,3.71,0.87,0,0
115.734,2851,73.6,96,3.71,0.89,0,0
115.776,2852,73.6,96,3.71,0.87,0,0
115.814,2853,73.6,96,3.71,0.87,0,0
115.855,2854,73.6,96,3.71,0.86,0,0
115.895,2855,73.6,96,3.71,0.89,0,0
115.934,2856,73.6,96,3.71,0.89,0,0
115.977,2857,73.6,96,3.71,0.87,0,1
116.026,2858,73.6,96,3.71,0.87,0,0
116.065,2859,73.6,96,3.71,0.86,0,0
116.104,2860,73.6,96,3.71,0.86,0,0
116.139,2861,73.6,96,3.71,0.87,0,0
116.175,2862,73.6,96,3.71,0.89,0,0
116.213,2863,73.6,96,3.71,0.87,0,0
116.257,2864,73.5,96,3.71,0.90,0,0
116.293,2865,73.6,96,3.71,0.89,0,0
116.334,2866,73.6,96,3.71,0.86,0,0
116.378,2867,73.6,96,3.71,0.86,0,0
116.414,2868,73.6,96,3.71,0.87,0,0
116.454,2869,73.5,96,3.71,0.87,0,0
116.499,2870,73.6,96,3.71,0.89,0,0
116.533,2871,73.6,96,3.71,0.86,0,0
116.577,2872,73.6,96,3.71,0.89,0,0
116.615,2873,73.6,96,3.71,0.86,0,0
116.654,2874,73.6,96,3.71,0.86,0,0
116.694,2875,73.6,96,3.71,0.87,0,0
116.735,2876,73.6,96,3.71,0.87,0,0
116.774,2877,73.6,96,3.69,0.86,0,0
116.814,2878,73.6,96,3.71,0.87,0,0
116.854,2879,73.6,96,3.71,0.87,0,0
116.896,2880,73.6,96,3.71,0.86,0,0
116.935,2881,73.6,96,3.71,0.86,0,0
116.976,2882,73.6,96,3.71,0.86,0,0
117.014,2883,73.6,96,3.71,0.87,0,0
117.054,2884,73.6,96,3.71,0.86,0,0
117.095,2885,73.6,96,3.71,0.86,0,0
117.134,2886,73.5,96,3.71,0.87,0,0
117.174,2887,73.6,96,3.71,0.87,0,0
117.215,2888,73.6,96,3.71,0.86,0,0
117.254,2889,73.6,96,3.71,0.86,0,0
117.296,2890,73.6,96,3.71,0.87,0,0
117.334,2891,73.6,96,3.71,0.87,0,0
117.375,2892,73.6,96,3.71,0.87,0,0
117.417,2893,73.6,96,3.71,0.87,0,0
117.454,2894,73.6,96,3.71,0.86,0,0
117.497,2895,73.6,96,3.71,0.87,0,0
117.534,2896,73.6,96,3.71,0.87,0,0
117.574,2897,73.6,96,3.71,0.89,0,0
117.615,2898,73.6,96,3.71,0.89,0,0
117.654,2899,73.6,96,3.71,0.86,0,0
117.694,2900,73.6,96,3.71,0.86,0,0
117.735,2901,73.6,96,3.71,0.86,0,0
117.775,2902,73.6,96,3.71,0.86,0,0
117.816,2903,73.6,96,3.71,0.86,0,0
117.854,2904,73.6,96,3.71,0.87,0,0
117.896,2905,73.6,96,3.71,0.87,0,0
117.935,2906,73.6,96,3.71,0.86,0,0
117.974,2907,73.6,96,3.71,0.86,0,0
118.016,2908,73.6,96,3.71,0.87,0,0
118.054,2909,73.6,96,3.71,0.89,0,0
118.097,2910,73.6,96,3.71,0.86,0,0
118.134,2911,73.6,96,3.71,0.87,0,0
118.174,2912,73.6,96,3.71,0.87,0,0
118.216,2913,73.6,96,3.71,0.87,0,0
118.254,2914,73.6,96,3.71,0.87,0,0
118.297,2915,73.6,96,3.71,0.89,0,0
118.334,2916,73.5,96,3.71,0.87,0,0
118.377,2917,73.6,96,3.71,0.87,0,0
118.414,2918,73.6,96,3.71,0.86,0,0
118.457,2919,73.5,96,3.71,0.87,0,0
118.494,2920,73.6,96,3.71,0.87,0,0
118.537,2921,73.6,96,3.71,0.87,0,0
118.574,2922,73.6,96,3.71,0.89,0,0
118.614,2923,73.7,96,3.71,0.88,0,0
118.658,2924,73.5,96,3.71,0.87,0,0
118.694,2925,73.6,96,3.71,0.86,0,0
118.735,2926,73.6,96,3.71,0.86,0,0
118.776,2927,73.6,96,3.71,0.86,0,0
118.814,2928,73.6,96,3.71,0.86,0,0
118.854,2929,73.4,96,3.71,0.88,0,0
118.894,2930,73.6,96,3.71,0.86,0,0
118.934,2931,73.6,96,3.71,0.86,0,0
118.975,2932,73.5,96,3.71,0.90,0,0
119.015,2933,73.6,96,3.71,0.87,0,0
119.055,2934,73.6,96,3.71,0.86,0,0
119.094,2935,73.6,96,3.71,0.87,0,0
119.149,2936,73.5,96,3.71,0.87,0,0
119.185,2937,73.5,96,3.71,0.87,0,0
119.218,2938,73.6,96,3.71,0.87,0,0
119.259,2939,73.6,96,3.71,0.87,0,0
119.295,2940,73.6,96,3.71,0.86,0,0
119.334,2941,73.6,96,3.71,0.87,0,0
119.376,2942,73.6,96,3.71,0.86,0,0
119.417,2943,73.5,96,3.71,0.87,0,0
119.454,2944,73.6,96,3.71,0.87,0,0
119.496,2945,73.6,96,3.71,0.86,0,0
119.534,2946,73.6,96,3.71,0.86,0,0
119.574,2947,73.6,96,3.71,0.87,0,0
119.614,2948,73.6,96,3.71,0.87,0,0
119.656,2949,73.6,96,3.71,0.87,0,0
119.694,2950,73.6,96,3.71,0.87,0,0
119.734,2951,73.6,96,3.71,0.89,0,0
119.776,2952,73.6,96,3.71,0.87,0,0
119.814,2953,73.4,96,3.71,0.88,0,0
119.855,2954,73.7,96,3.71,0.88,0,0
119.894,2955,73.6,96,3.71,0.86,0,0
119.934,2956,73.6,96,3.71,0.87,0,0
119.976,2957,73.6,96,3.71,0.86,0,0
120.014,2958,73.6,96,3.71,0.86,0,0
120.054,2959,73.6,96,3.71,0.87,0,0
120.095,2960,73.6,96,3.71,0.86,0,0
120.134,2961,73.6,96,3.71,0.86,0,0
120.174,2962,73.6,96,3.71,0.89,0,0
120.214,2963,73.6,96,3.71,0.86,0,0
120.256,2964,73.6,96,3.71,0.86,0,0
120.295,2965,73.6,96,3.71,0.86,0,0
120.337,2966,73.6,96,3.71,0.86,0,0
120.375,2967,73.6,96,3.71,0.86,0,0
120.415,2968,73.4,96,3.71,0.89,0,0
120.457,2969,73.5,96,3.71,0.87,0,0
120.494,2970,73.6,96,3.71,0.86,0,0
120.534,2971,73.6,96,3.71,0.87,0,0
120.577,2972,73.5,96,3.71,0.87,0,0
120.614,2973,73.6,96,3.71,0.87,0,0
120.654,2974,73.7,96,3.71,0.88,0,0
120.696,2975,73.4,96,3.71,0.88,0,0
120.734,2976,73.5,96,3.71,0.87,0,0
120.774,2977,73.6,96,3.71,0.86,0,0
120.814,2978,73.6,96,3.71,0.86,0,0
120.854,2979,73.6,96,3.71,0.86,0,0
120.894,2980,73.6,96,3.71,0.87,0,0
120.935,2981,73.6,96,3.71,0.87,0,0
120.974,2982,73.6,96,3.71,0.86,0,0
121.014,2983,73.6,96,3.71,0.87,0,0
121.057,2984,73.4,96,3.71,0.88,0,0
121.094,2985,73.6,96,3.71,0.86,0,0
121.136,2986,73.6,96,3.71,0.86,0,0
121.174,2987,73.6,96,3.71,0.86,0,0
121.214,2988,73.6,96,3.71,0.89,0,0
121.256,2989,73.6,96,3.71,0.86,0,0
121.294,2990,73.6,96,3.71,0.87,0,0
121.335,2991,73.6,96,3.71,0.86,0,0
121.375,2992,73.6,96,3.71,0.87,0,0
121.414,2993,73.6,96,3.71,0.87,0,0
121.455,2994,73.6,96,3.71,0.86,0,0
121.494,2995,73.4,96,3.71,0.88,0,0
121.536,2996,73.6,96,3.71,0.86,0,0
121.574,2997,73.6,96,3.71,0.89,0,0
121.614,2998,73.6,96,3.71,0.87,0,0
121.654,2999,73.6,96,3.71,0.86,0,0
121.695,3000,73.6,96,3.71,0.87,0,0
121.734,3001,73.9,96,3.73,0.88,0,0
121.775,3002,74.0,96,3.71,0.88,0,0
121.815,3003,73.5,96,3.68,0.88,0,0
121.854,3004,73.7,96,3.68,0.90,0,0
121.894,3005,73.6,96,3.68,0.90,0,0
121.935,3006,73.8,96,3.68,0.88,0,0
121.974,3007,73.9,96,3.71,0.90,0,0
122.018,3008,72.4,98,3.78,0.90,0,0
122.054,3009,69.7,96,3.50,0.75,0,0
122.094,3010,69.7,97,3.50,0.75,0,0
122.135,3011,69.7,96,3.50,0.73,0,0
122.174,3012,69.4,96,3.47,0.75,0,0
122.214,3013,69.4,96,3.47,0.73,0,0
122.255,3014,73.3,95,3.73,0.73,0,0
122.294,3015,69.2,97,3.52,0.75,0,0
122.335,3016,73.3,95,3.73,0.73,0,0
122.374,3017,73.3,95,3.73,0.75,0,0
122.414,3018,69.3,97,3.50,0.75,0,0
122.455,3019,69.2,97,3.52,0.73,0,0
122.494,3020,69.3,97,3.51,0.71,0,0
122.537,3021,68.8,96,3.47,0.58,0,0
122.574,3022,68.8,97,3.53,0.57,0,0
122.616,3023,70.0,97,3.46,0.57,0,0
122.655,3024,77.2,114,5.06,2.90,0,0
122.695,3025,69.5,120,5.37,3.44,0,0
122.735,3026,76.2,123,5.34,3.34,0,0
122.776,3027,17.3,246,3.87,0.62,0,0
122.818,3028,16.1,249,3.47,0.68,0,0
122.856,3029,16.0,250,3.66,0.81,0,0
122.896,3030,16.0,249,4.17,0.65,0,0
122.938,3031,16.1,248,4.19,0.67,0,0
122.976,3032,16.4,252,4.29,0.82,0,0
123.016,3033,15.4,249,3.77,0.88,0,0
123.058,3034,14.4,253,3.49,0.96,0,0
123.096,3035,13.7,259,3.32,0.98,0,0
123.135,3036,12.1,254,2.42,0.80,0,0
123.178,3037,12.1,258,2.53,0.81,0,0
123.216,3038,10.0,266,0.85,1.03,0,0
123.259,3039,10.1,265,0.74,1.13,0,0
123.296,3040,10.0,259,0.63,1.20,0,0
123.335,3041,10.1,245,0.68,1.10,0,0
123.378,3042,11.1,241,0.67,1.44,0,0
123.417,3043,14.2,243,1.90,1.82,0,0
123.456,3044,11.1,225,0.67,1.56,0,0
123.499,3045,18.1,227,2.82,2.08,0,0
123.536,3046,19.6,220,3.09,2.08,0,0
123.575,3047,19.7,214,2.72,2.12,0,0
123.618,3048,22.6,212,3.34,2.28,0,0
123.654,3049,26.1,202,3.57,2.33,0,0
123.694,3050,30.6,195,3.72,2.49,0,0
123.734,3051,36.5,191,4.19,2.78,0,0
123.775,3052,48.1,181,4.76,3.50,0,0
123.813,3053,54.6,177,4.98,3.67,0,0
123.853,3054,63.0,172,4.91,4.01,0,0
123.894,3055,61.0,170,4.56,3.85,0,0
123.931,3056,35.1,143,1.12,2.46,0,0
123.971,3057,39.2,135,1.01,2.39,0,0
124.012,3058,41.3,134,1.33,2.40,0,0
124.052,3059,42.7,129,1.20,2.94,0,0
124.092,3060,45.6,130,1.53,2.96,0,0
124.133,3061,41.3,130,1.37,3.00,0,0
124.172,3062,43.7,128,1.56,3.08,0,0
124.213,3063,47.9,122,1.50,3.04,0,0
124.255,3064,22.4,119,1.47,5.59,0,0
124.295,3065,4.4,127,1.81,4.33,0,0
124.334,3066,0.0,123,1.82,4.60,0,0
124.374,3067,36.8,177,2.13,0.58,0,0
124.415,3068,11.2,128,1.49,3.29,0,0
124.454,3069,16.0,129,1.36,2.74,0,0
124.495,3070,56.3,179,5.61,0.61,0,0
124.536,3071,64.5,179,6.40,0.58,0,0
124.574,3072,69.3,175,6.85,0.51,0,0
124.614,3073,71.7,177,6.87,0.61,0,0
124.658,3074,72.7,176,6.99,0.54,0,0
124.694,3075,75.7,178,7.25,0.64,0,0
124.734,3076,77.2,181,7.45,0.81,0,0
124.778,3077,69.5,182,7.16,0.93,0,0
124.814,3078,68.3,183,7.22,0.87,0,0
124.855,3079,64.3,185,6.85,0.88,0,0
124.896,3080,66.7,186,7.08,0.62,0,0
124.935,3081,64.3,187,6.84,0.70,0,0
124.975,3082,65.2,187,6.86,0.68,0,0
125.016,3083,65.3,190,7.07,0.76,0,0
125.055,3084,63.0,189,6.81,0.74,0,0
125.096,3085,63.5,190,6.92,0.69,0,0
125.135,3086,63.8,191,6.90,0.63,0,0
125.176,3087,64.3,192,6.91,0.63,0,0
125.215,3088,62.3,192,6.86,0.63,0,0
125.259,3089,62.3,192,6.87,0.63,0,0
125.305,3090,65.6,195,7.65,0.64,0,0
125.345,3091,62.6,194,7.22,0.65,0,0
125.379,3092,63.5,196,7.46,0.69,0,0
125.418,3093,63.1,196,7.19,0.69,0,0
125.454,3094,63.1,197,7.35,0.69,0,0
125.497,3095,64.2,195,7.51,0.69,0,0
125.535,3096,61.2,195,7.23,0.70,0,0
125.575,3097,63.3,201,7.68,0.75,0,0
125.618,3098,63.2,196,7.40,0.70,0,0
125.655,3099,63.1,196,7.36,0.69,0,0
125.696,3100,63.5,200,7.70,0.71,0,0
125.735,3101,61.8,195,7.27,0.71,0,0
125.775,3102,63.5,198,7.57,0.72,0,0
125.815,3103,63.1,195,7.34,0.67,0,0
125.858,3104,61.8,193,7.14,0.64,0,0
125.895,3105,62.6,196,7.34,0.65,0,0
125.935,3106,62.8,196,7.33,0.71,0,0
125.976,3107,64.4,195,7.46,0.68,0,0
126.015,3108,63.9,195,7.46,0.65,0,0
126.058,3109,64.5,196,7.57,0.71,0,0
126.095,3110,64.9,203,7.82,0.79,0,0
126.138,3111,62.1,204,8.06,0.81,0,0
126.176,3112,59.3,205,8.00,0.79,0,0
126.216,3113,59.5,210,8.13,0.82,0,0
126.256,3114,57.5,211,8.09,0.85,0,0
126.296,3115,56.6,210,8.06,0.84,0,0
126.335,3116,37.9,120,1.54,0.92,0,0
126.378,3117,37.3,120,1.62,0.91,0,0
126.415,3118,36.6,119,1.54,0.97,0,0
126.455,3119,37.5,120,1.51,1.00,0,0
126.499,3120,34.9,125,1.74,1.46,0,0
126.534,3121,35.1,124,1.70,1.38,0,0
126.578,3122,57.3,212,8.18,0.72,0,0
126.616,3123,58.2,214,8.35,0.68,0,0
126.657,3124,58.3,214,8.31,0.70,0,0
126.698,3125,59.6,213,8.42,0.68,0,0
126.735,3126,59.4,213,8.42,0.66,0,0
126.778,3127,59.5,213,8.43,0.68,0,0
126.815,3128,59.1,213,8.42,0.78,0,0
126.855,3129,59.6,213,8.42,0.69,0,0
126.898,3130,59.5,213,8.42,0.67,0,0
126.935,3131,59.5,213,8.42,0.71,0,0
126.975,3132,36.2,125,1.83,1.50,0,0
127.017,3133,59.1,213,8.37,0.69,0,0
127.056,3134,59.3,210,8.27,0.65,0,0
127.096,3135,59.3,210,8.23,0.66,0,0
127.136,3136,58.9,211,8.06,0.66,0,0
127.176,3137,57.6,211,7.89,0.67,0,0
127.218,3138,56.3,213,7.82,0.66,0,0
127.255,3139,56.6,210,7.79,0.66,0,0
127.296,3140,56.7,209,7.74,0.72,0,0
127.336,3141,56.7,209,7.73,0.66,0,0
127.380,3142,56.8,209,7.74,0.67,0,0
127.416,3143,56.7,209,7.73,0.68,0,0
127.458,3144,56.8,209,7.74,0.65,0,0
127.495,3145,56.7,209,7.74,0.68,0,0
127.538,3146,56.7,209,7.74,0.66,0,0
127.577,3147,56.8,209,7.74,0.67,0,0
127.618,3148,56.4,209,7.74,0.75,0,0
127.655,3149,56.7,209,7.74,0.67,0,0
127.695,3150,35.0,124,1.66,1.46,0,0
127.736,3151,56.7,209,7.74,0.67,0,0
127.776,3152,56.7,209,7.73,0.67,0,0
127.817,3153,56.4,209,7.74,0.76,0,0
127.856,3154,56.7,209,7.74,0.66,0,0
127.896,3155,56.7,209,7.74,0.68,0,0
127.936,3156,57.7,211,7.96,0.70,0,0
127.976,3157,56.7,209,7.73,0.67,0,0
128.019,3158,56.7,209,7.73,0.66,0,0
128.056,3159,57.7,211,7.95,0.70,0,0
128.096,3160,56.7,209,7.73,0.66,0,0
128.136,3161,56.7,209,7.74,0.67,0,0
128.177,3162,35.1,124,1.65,1.46,0,0
128.216,3163,56.7,209,7.74,0.67,0,0
128.256,3164,56.7,209,7.74,0.67,0,0
128.296,3165,56.7,209,7.74,0.66,0,0
128.340,3166,56.7,209,7.73,0.65,0,0
128.376,3167,56.7,209,7.74,0.69,0,0
128.416,3168,56.8,209,7.74,0.66,0,0
128.459,3169,57.6,211,7.96,0.68,0,0
128.497,3170,56.7,209,7.73,0.68,0,0
128.537,3171,56.7,209,7.73,0.66,0,0
128.576,3172,56.7,209,7.74,0.65,0,0
128.618,3173,56.7,209,7.74,0.66,0,0
128.656,3174,56.7,209,7.74,0.67,0,0
128.696,3175,56.4,209,7.73,0.75,0,0
128.740,3176,56.7,209,7.73,0.67,0,0
128.776,3177,56.7,209,7.74,0.67,0,0
128.833,3178,56.7,209,7.73,0.65,0,0
128.871,3179,56.8,209,7.73,0.69,0,0
128.907,3180,56.7,209,7.74,0.66,0,0
128.950,3181,57.6,211,7.94,0.70,0,0
128.987,3182,56.8,209,7.74,0.65,0,0
129.031,3183,56.7,209,7.73,0.67,0,0
129.069,3184,56.8,209,7.73,0.69,0,0
129.110,3185,57.7,211,7.95,0.68,0,0
129.145,3186,56.7,209,7.73,0.68,0,0
129.184,3187,56.7,209,7.73,0.68,0,0
129.221,3188,56.7,209,7.74,0.66,0,0
129.259,3189,56.7,209,7.74,0.67,0,0
129.300,3190,56.7,209,7.73,0.67,0,0
129.337,3191,56.7,209,7.73,0.67,0,0
129.376,3192,56.7,209,7.74,0.66,0,0
129.416,3193,56.7,209,7.74,0.67,0,0
129.456,3194,56.7,209,7.74,0.66,0,0
129.497,3195,56.7,209,7.73,0.67,0,0
129.536,3196,56.7,209,7.73,0.66,0,0
129.576,3197,56.7,209,7.73,0.67,0,0
129.617,3198,56.7,209,7.73,0.67,0,0
129.658,3199,56.7,209,7.73,0.67,0,0
129.696,3200,57.7,211,7.96,0.67,0,0
129.736,3201,56.7,209,7.73,0.67,0,0
129.777,3202,57.7,211,7.94,0.68,0,0
129.817,3203,56.7,209,7.74,0.69,0,0
129.856,3204,56.7,209,7.73,0.67,0,0
129.896,3205,56.7,209,7.74,0.67,0,0
129.939,3206,57.7,211,7.94,0.68,0,0
129.977,3207,56.7,209,7.74,0.66,0,1
130.037,3208,56.7,209,7.74,0.67,0,0
130.070,3209,56.7,209,7.74,0.66,0,0
130.104,3210,56.7,209,7.74,0.67,0,0
130.143,3211,56.3,209,7.73,0.81,0,0
130.183,3212,56.7,209,7.73,0.69,0,0
130.221,3213,56.7,209,7.74,0.67,0,0
130.263,3214,56.7,209,7.73,0.66,0,0
130.298,3215,57.7,211,7.95,0.67,0,0
130.337,3216,57.7,211,7.94,0.68,0,0
130.379,3217,56.7,209,7.74,0.69,0,0
130.419,3218,56.7,209,7.74,0.66,0,0
130.461,3219,57.7,211,7.94,0.69,0,0
130.498,3220,56.7,209,7.74,0.67,0,0
130.536,3221,35.1,124,1.63,1.46,0,0
130.579,3222,57.7,211,7.94,0.66,0,0
130.616,3223,56.4,209,7.73,0.75,0,0
130.657,3224,56.7,209,7.73,0.67,0,0
130.697,3225,56.7,209,7.74,0.65,0,0
130.736,3226,56.4,209,7.74,0.77,0,0
130.779,3227,56.7,209,7.74,0.66,0,0
130.816,3228,56.7,209,7.74,0.66,0,0
130.860,3229,56.7,209,7.74,0.66,0,0
130.896,3230,56.7,209,7.73,0.67,0,0
130.939,3231,56.7,209,7.73,0.66,0,0
130.977,3232,56.8,209,7.74,0.68,0,0
131.019,3233,56.7,209,7.74,0.69,0,0
131.056,3234,56.7,209,7.74,0.67,0,0
131.099,3235,56.7,209,7.73,0.66,0,0
131.136,3236,56.7,209,7.74,0.68,0,0
131.177,3237,56.7,209,7.74,0.66,0,0
131.219,3238,56.7,209,7.74,0.67,0,0
131.259,3239,57.7,211,7.94,0.68,0,0
131.297,3240,56.7,209,7.74,0.67,0,0
131.340,3241,56.7,209,7.74,0.67,0,0
131.379,3242,56.7,209,7.73,0.66,0,0
131.419,3243,56.7,209,7.73,0.68,0,0
131.456,3244,57.7,211,7.95,0.67,0,0
131.496,3245,57.5,211,7.94,0.72,0,0
131.538,3246,56.8,209,7.73,0.69,0,0
131.577,3247,56.7,209,7.73,0.67,0,0
131.618,3248,56.7,209,7.74,0.66,0,0
131.659,3249,56.7,209,7.73,0.67,0,0
131.697,3250,56.7,209,7.74,0.67,0,0
131.739,3251,56.7,209,7.73,0.66,0,0
131.777,3252,56.7,209,7.74,0.67,0,0
131.816,3253,56.8,209,7.74,0.68,0,0
131.858,3254,57.7,211,7.94,0.69,0,0
131.896,3255,56.7,209,7.74,0.67,0,0
131.938,3256,56.7,209,7.73,0.67,0,0
131.975,3257,35.1,124,1.63,1.46,0,0
132.016,3258,56.8,209,7.74,0.69,0,0
132.059,3259,56.7,209,7.73,0.66,0,0
132.096,3260,56.7,209,7.74,0.66,0,0
132.137,3261,56.7,209,7.73,0.66,0,0
132.176,3262,56.7,209,7.74,0.65,0,0
132.218,3263,56.8,209,7.74,0.69,0,0
132.258,3264,56.7,209,7.73,0.67,0,0
132.297,3265,56.2,212,7.89,0.78,0,0
132.336,3266,22.2,137,2.19,5.11,0,0
132.377,3267,56.5,213,8.12,0.76,0,0
132.417,3268,33.7,127,1.68,1.47,0,0
132.456,3269,56.6,209,7.76,0.64,0,0
132.496,3270,55.5,208,7.51,0.68,0,0
132.538,3271,55.5,208,7.64,0.65,0,0
132.579,3272,53.4,209,7.39,0.68,0,0
132.617,3273,54.5,207,7.42,0.66,0,0
132.657,3274,54.5,208,7.42,0.68,0,0
132.697,3275,54.2,207,7.44,0.68,0,0
132.739,3276,54.7,209,7.42,0.65,0,0
132.776,3277,55.5,208,7.64,0.66,0,0
132.817,3278,53.8,209,7.37,0.68,0,0
132.860,3279,53.5,214,7.72,0.79,0,0
132.895,3280,44.5,136,1.83,6.18,0,0
132.937,3281,50.6,218,7.77,0.81,0,0
132.980,3282,48.7,218,7.66,0.83,0,0
133.017,3283,48.1,218,7.78,0.85,0,0
133.056,3284,29.5,137,1.55,1.68,0,0
133.097,3285,47.6,219,7.75,0.79,0,0
133.138,3286,69.1,145,1.80,6.65,0,0
133.177,3287,63.8,155,1.52,6.93,0,0
133.217,3288,76.4,157,1.06,7.30,0,0
133.257,3289,28.2,156,0.57,2.08,0,0
133.299,3290,28.4,159,0.59,2.03,0,0
133.337,3291,29.7,157,0.55,1.85,0,0
133.378,3292,30.4,157,0.57,1.71,0,0
133.421,3293,29.5,157,0.66,1.97,0,0
133.458,3294,30.7,155,0.61,1.70,0,0
133.497,3295,30.8,151,0.63,1.67,0,0
133.539,3296,30.1,153,0.66,1.90,0,0
133.577,3297,29.9,151,0.65,1.83,0,0
133.616,3298,30.0,151,0.66,1.83,0,0
133.658,3299,30.3,151,0.68,1.81,0,0
133.697,3300,30.4,149,0.68,1.70,0,0
133.736,3301,30.5,151,0.65,1.79,0,0
133.777,3302,30.8,151,0.55,1.63,0,0
133.818,3303,30.7,151,0.51,1.61,0,0
133.857,3304,30.6,149,0.55,1.65,0,0
133.896,3305,30.5,151,0.54,1.65,0,0
133.937,3306,30.6,150,0.64,1.68,0,0
133.977,3307,30.7,150,0.64,1.68,0,0
134.020,3308,30.5,151,0.54,1.65,0,0
134.056,3309,30.6,150,0.64,1.61,0,0
134.097,3310,31.0,149,0.55,1.60,0,0
134.138,3311,29.9,151,0.66,1.82,0,0
134.177,3312,30.5,149,0.56,1.63,0,0
134.217,3313,30.1,151,0.66,1.77,0,0
134.259,3314,30.2,153,0.68,1.69,0,0
134.297,3315,30.5,151,0.67,1.68,0,0
134.337,3316,30.6,153,0.59,1.44,0,0
134.380,3317,30.5,153,0.59,1.49,0,0
134.417,3318,30.9,153,0.63,1.35,0,0
134.457,3319,30.6,149,0.57,1.24,0,0
134.499,3320,31.4,144,0.64,1.04,0,0
134.536,3321,31.9,136,0.89,0.85,0,0
134.576,3322,33.5,128,1.20,0.81,0,0
134.618,3323,34.3,125,1.27,0.74,0,0
134.656,3324,33.8,126,1.07,0.78,0,0
134.696,3325,33.3,127,1.07,0.69,0,0
134.736,3326,32.9,127,1.06,0.72,0,0
134.777,3327,33.3,127,1.04,0.68,0,0
134.816,3328,33.3,127,1.04,0.67,0,0
134.856,3329,33.3,126,1.06,0.71,0,0
134.896,3330,32.9,126,1.06,0.84,0,0
134.936,3331,33.3,126,1.03,0.76,0,0
134.976,3332,32.6,127,0.87,0.70,0,0
135.019,3333,33.5,126,0.87,0.64,0,0
135.056,3334,33.4,124,0.89,0.53,0,0
135.096,3335,34.2,123,0.93,0.64,0,0
135.137,3336,34.4,120,0.91,0.51,0,0
135.176,3337,34.7,119,0.88,0.45,0,0
135.216,3338,36.3,114,0.93,0.49,0,0
135.258,3339,36.6,112,0.94,0.47,0,0
135.296,3340,35.9,112,0.94,0.42,0,0
135.336,3341,38.2,105,1.36,0.57,0,0
135.375,3342,41.5,103,1.85,0.43,0,0
135.422,3343,45.1,97,1.97,0.46,1,0
135.477,3344,52.2,89,1.72,0.48,1,0
135.508,3345,55.3,84,1.48,0.46,1,0
135.539,3346,54.9,85,1.50,0.36,1,0
135.575,3347,55.6,84,1.48,0.46,1,0
135.616,3348,55.2,85,1.47,0.34,1,0
135.654,3349,55.5,84,1.38,0.46,1,0
135.695,3350,54.9,85,1.49,0.35,1,0
135.735,3351,54.9,85,1.50,0.36,1,0
135.778,3352,53.9,86,1.38,0.36,1,0
135.815,3353,54.4,86,1.38,0.35,1,0
135.859,3354,54.3,86,1.38,0.38,1,0
135.894,3355,54.4,86,1.38,0.38,1,0
135.935,3356,54.3,86,1.38,0.39,1,0
135.978,3357,54.5,86,1.38,0.38,1,0
136.015,3358,54.4,86,1.40,0.37,1,0
136.055,3359,54.4,86,1.38,0.38,1,0
136.099,3360,54.2,86,1.40,0.38,1,0
136.135,3361,54.5,86,1.38,0.38,1,0
136.175,3362,54.5,86,1.38,0.39,1,0
136.215,3363,53.4,87,1.48,0.39,1,0
136.257,3364,54.5,86,1.38,0.39,1,0
136.295,3365,53.8,87,1.35,0.39,1,0
136.336,3366,54.3,86,1.40,0.39,1,0
136.375,3367,53.3,87,1.33,0.39,1,0
136.415,3368,54.5,86,1.38,0.39,1,0
136.458,3369,53.3,87,1.33,0.39,1,0
136.495,3370,54.3,86,1.40,0.39,1,0
136.535,3371,54.2,88,1.42,0.47,1,0
136.576,3372,53.2,87,1.48,0.38,1,0
136.616,3373,51.9,89,1.56,0.34,1,0
136.655,3374,53.5,88,1.56,0.44,1,0
136.707,3375,52.6,87,1.48,0.36,1,0
136.738,3376,53.3,88,1.54,0.46,1,0
136.777,3377,54.0,86,1.59,0.58,1,0
136.816,3378,53.1,87,1.57,0.41,1,0
136.854,3379,53.0,87,1.62,0.39,1,0
136.898,3380,52.9,87,1.64,0.39,1,0
136.935,3381,54.9,86,1.62,0.54,1,0
136.975,3382,53.3,87,1.56,0.39,1,0
137.017,3383,53.3,87,1.56,0.42,1,0
137.055,3384,53.1,87,1.57,0.41,1,0
137.095,3385,53.4,87,1.73,0.39,1,0
137.136,3386,53.7,88,1.84,0.43,1,0
137.176,3387,54.3,88,1.94,0.41,1,0
137.215,3388,52.3,89,1.93,0.45,1,0
137.256,3389,52.2,91,1.93,0.40,1,0
137.295,3390,51.7,90,1.97,0.36,1,0
137.337,3391,52.0,91,1.97,0.40,1,0
137.376,3392,53.3,90,2.02,0.41,0,0
137.415,3393,54.2,87,1.77,0.35,1,0
137.456,3394,57.7,85,1.64,0.35,1,0
137.499,3395,56.0,85,1.40,0.29,1,0
137.535,3396,57.3,85,1.51,0.29,1,0
137.576,3397,57.4,85,1.38,0.29,1,0
137.617,3398,57.2,85,1.49,0.30,1,0
137.655,3399,57.0,85,1.49,0.29,1,0
137.696,3400,56.7,86,1.34,0.34,1,0
137.736,3401,57.0,85,1.49,0.29,1,0
137.775,3402,57.2,85,1.33,0.29,1,0
137.816,3403,56.7,86,1.34,0.34,1,0
137.856,3404,56.7,86,1.34,0.34,1,0
137.909,3405,57.2,85,1.33,0.29,1,0
137.940,3406,56.5,86,1.34,0.34,1,0
137.981,3407,57.2,85,1.33,0.29,1,0
138.016,3408,56.5,86,1.34,0.34,1,0
138.054,3409,57.2,85,1.33,0.29,1,0
138.096,3410,57.3,85,1.35,0.29,1,0
138.136,3411,57.1,85,1.35,0.29,1,0
138.175,3412,57.3,85,1.35,0.29,1,0
138.217,3413,57.1,85,1.35,0.29,1,0
138.255,3414,57.2,85,1.33,0.29,1,0
138.295,3415,57.2,85,1.32,0.29,1,0
138.335,3416,57.0,85,1.34,0.29,1,0
138.380,3417,57.2,85,1.38,0.29,1,0
138.415,3418,57.1,85,1.35,0.29,1,0
138.455,3419,57.2,85,1.38,0.29,1,0
138.499,3420,57.2,85,1.32,0.29,1,0
138.535,3421,57.0,85,1.34,0.29,1,0
138.575,3422,57.0,85,1.34,0.29,1,0
138.615,3423,57.2,85,1.36,0.29,1,1
138.668,3424,57.0,85,1.34,0.29,1,0
138.700,3425,57.0,85,1.34,0.29,1,0
138.736,3426,57.2,85,1.38,0.29,1,0
138.780,3427,57.2,85,1.36,0.29,1,0
138.819,3428,57.2,85,1.32,0.29,1,0
138.856,3429,57.2,85,1.36,0.29,1,0
138.896,3430,57.0,85,1.34,0.29,1,0
138.935,3431,57.0,85,1.34,0.29,1,0
138.979,3432,57.2,85,1.32,0.29,1,0
139.015,3433,57.2,85,1.36,0.29,1,0
139.056,3434,57.2,85,1.36,0.29,1,0
139.111,3435,57.2,85,1.36,0.29,1,0
139.142,3436,57.0,85,1.34,0.29,1,0
139.177,3437,57.0,85,1.34,0.29,1,0
139.217,3438,57.2,85,1.36,0.29,1,0
139.254,3439,57.2,85,1.36,0.29,1,0
139.295,3440,57.0,85,1.34,0.29,1,0
139.337,3441,57.2,85,1.36,0.29,1,0
139.376,3442,57.0,85,1.34,0.29,1,0
139.415,3443,57.0,85,1.34,0.29,1,0
139.456,3444,57.2,85,1.36,0.29,1,0
139.495,3445,57.2,85,1.36,0.29,1,0
139.536,3446,57.2,85,1.36,0.29,1,0
139.576,3447,57.2,85,1.36,0.29,1,0
139.616,3448,57.2,85,1.36,0.29,1,0
139.656,3449,57.2,85,1.36,0.29,1,0
139.695,3450,57.2,85,1.36,0.29,1,0
139.735,3451,57.2,85,1.36,0.29,1,0
139.776,3452,57.2,85,1.36,0.29,1,0
139.818,3453,57.2,85,1.36,0.29,1,0
139.855,3454,57.2,85,1.36,0.29,1,0
139.895,3455,57.2,85,1.36,0.29,1,0
139.935,3456,57.2,85,1.36,0.29,1,0
139.976,3457,57.2,85,1.33,0.29,1,0
140.016,3458,56.4,86,1.34,0.34,1,0
140.056,3459,57.1,85,1.34,0.30,1,0
140.097,3460,57.0,85,1.34,0.29,1,0
140.136,3461,57.0,85,1.34,0.29,1,0
140.175,3462,57.0,85,1.34,0.29,1,0
140.216,3463,57.0,85,1.34,0.29,1,0
140.256,3464,56.8,85,1.49,0.29,1,0
140.298,3465,57.0,86,1.67,0.30,1,0
140.358,3466,56.4,86,1.67,0.33,1,0
140.399,3467,58.5,85,1.70,0.29,1,0
140.437,3468,57.9,85,1.74,0.28,1,0
140.472,3469,57.4,86,1.83,0.32,1,0
140.509,3470,58.4,86,1.79,0.30,1,0
140.545,3471,57.9,87,1.82,0.26,1,0
140.580,3472,58.3,87,1.98,0.26,1,0
140.618,3473,58.2,89,1.97,0.26,1,0
140.656,3474,59.1,89,2.00,0.26,1,0
140.696,3475,58.8,90,2.20,0.26,0,0
140.736,3476,56.4,92,2.21,0.25,0,0
140.777,3477,53.6,94,2.23,0.25,0,0
140.817,3478,51.0,97,2.31,0.25,0,0
140.856,3479,48.2,100,2.34,0.26,0,0
140.898,3480,44.9,103,2.23,0.29,0,0
140.938,3481,43.5,106,2.11,0.26,0,0
140.977,3482,44.3,108,1.94,0.30,0,0
141.017,3483,45.8,108,1.87,0.34,1,0
141.059,3484,43.9,111,1.58,0.33,0,0
141.097,3485,44.5,112,1.55,0.38,0,0
141.137,3486,49.2,110,1.88,0.47,1,0
141.180,3487,49.1,110,1.86,0.47,1,0
141.217,3488,49.9,109,1.84,0.47,1,0
141.257,3489,49.9,109,1.86,0.47,1,0
141.299,3490,50.2,109,1.86,0.47,1,0
141.338,3491,50.4,109,1.87,0.45,1,0
141.378,3492,50.9,110,2.04,0.47,0,0
141.417,3493,51.1,110,2.05,0.48,0,0
141.459,3494,51.4,110,2.10,0.48,0,0
141.499,3495,53.3,107,2.09,0.48,0,0
141.538,3496,52.3,109,2.10,0.46,0,0
141.577,3497,53.6,107,2.13,0.50,0,0
141.619,3498,55.4,108,2.35,0.59,0,0
141.658,3499,55.3,108,2.32,0.62,0,0
141.697,3500,52.0,105,2.12,0.32,0,0
141.738,3501,52.0,105,2.08,0.33,0,0
141.778,3502,53.1,103,2.11,0.33,0,0
141.817,3503,53.1,103,2.09,0.32,0,0
141.859,3504,53.0,103,2.07,0.33,0,0
141.897,3505,52.9,103,2.09,0.32,0,0
141.937,3506,54.9,108,2.33,0.62,0,0
141.979,3507,54.8,108,2.34,0.61,0,0
142.017,3508,53.5,107,2.11,0.46,0,0
142.058,3509,54.8,108,2.36,0.47,0,0
142.098,3510,55.7,108,2.42,0.46,0,0
142.138,3511,55.2,110,2.43,0.46,0,0
142.177,3512,55.9,110,2.42,0.52,0,0
142.220,3513,56.0,110,2.47,0.52,0,0
142.257,3514,59.4,110,2.67,0.65,0,0
142.299,3515,59.9,108,2.67,0.52,0,0
142.337,3516,60.6,109,2.67,0.65,0,0
142.377,3517,59.9,109,2.70,0.53,0,0
142.418,3518,62.3,110,2.96,0.65,0,0
142.458,3519,62.2,111,2.97,0.65,0,0
142.500,3520,64.8,110,3.24,0.66,0,0
142.537,3521,66.2,109,3.19,0.68,0,0
142.578,3522,65.4,110,3.24,0.66,0,0
142.617,3523,66.7,109,3.21,0.67,0,0
142.660,3524,63.7,106,2.96,0.39,0,0
142.698,3525,63.5,107,3.03,0.37,0,0
142.737,3526,64.0,107,2.99,0.35,0,0
142.778,3527,66.7,107,3.25,0.38,0,0
142.817,3528,66.8,107,3.24,0.38,0,0
142.857,3529,66.4,107,3.26,0.43,0,0
142.899,3530,69.6,105,3.48,0.41,0,0
142.937,3531,71.5,104,3.44,0.52,0,0
142.977,3532,71.2,104,3.52,0.54,0,0
143.017,3533,76.1,100,3.68,0.53,0,0
143.057,3534,71.5,102,3.43,0.50,0,0
143.099,3535,71.5,102,3.46,0.47,0,0
143.137,3536,71.6,102,3.46,0.48,0,0
143.177,3537,71.4,102,3.46,0.47,0,0
143.219,3538,71.4,102,3.46,0.47,0,0
143.257,3539,71.5,102,3.46,0.48,0,0
143.297,3540,71.4,102,3.46,0.47,0,0
143.337,3541,71.1,102,3.46,0.51,0,0
143.379,3542,71.4,102,3.46,0.47,0,0
143.418,3543,71.4,102,3.46,0.47,0,0
143.458,3544,71.4,102,3.46,0.47,0,0
143.500,3545,71.1,102,3.46,0.51,0,0
143.538,3546,71.4,102,3.46,0.47,0,0
143.577,3547,71.5,102,3.46,0.48,0,0
143.617,3548,71.1,102,3.46,0.51,0,0
143.657,3549,71.4,102,3.46,0.47,0,0
143.700,3550,71.4,102,3.46,0.47,0,0
143.737,3551,71.4,102,3.46,0.47,0,0
143.778,3552,71.4,102,3.46,0.47,0,0
143.818,3553,71.4,102,3.46,0.47,0,0
143.860,3554,71.4,102,3.46,0.47,0,1
143.912,3555,71.4,102,3.46,0.47,0,0
143.948,3556,71.4,102,3.46,0.47,0,0
143.988,3557,71.5,102,3.46,0.48,0,0
144.021,3558,71.4,102,3.46,0.47,0,0
144.059,3559,71.4,102,3.46,0.47,0,0
144.099,3560,71.4,102,3.46,0.47,0,0
144.137,3561,71.4,102,3.46,0.47,0,0
144.180,3562,71.4,102,3.46,0.47,0,0
144.218,3563,71.5,102,3.46,0.48,0,0
144.257,3564,71.1,102,3.46,0.52,0,0
144.297,3565,71.4,102,3.46,0.47,0,0
144.337,3566,71.4,102,3.46,0.47,0,0
144.377,3567,71.4,102,3.46,0.47,0,0
144.418,3568,71.5,102,3.46,0.48,0,0
144.457,3569,71.4,102,3.46,0.47,0,0
144.498,3570,71.4,102,3.46,0.47,0,0
144.538,3571,71.4,102,3.46,0.47,0,0
144.577,3572,71.4,102,3.46,0.47,0,0
144.617,3573,71.4,102,3.46,0.47,0,0
144.661,3574,71.4,102,3.46,0.47,0,0
144.698,3575,71.4,102,3.46,0.47,0,0
144.737,3576,71.4,102,3.46,0.47,0,0
144.777,3577,71.1,102,3.46,0.51,0,0
144.818,3578,71.4,102,3.46,0.47,0,0
144.858,3579,71.5,102,3.46,0.48,0,0
144.897,3580,71.4,102,3.46,0.47,0,0
144.937,3581,71.4,102,3.46,0.47,0,0
144.978,3582,71.4,102,3.46,0.47,0,0
145.018,3583,71.5,102,3.46,0.48,0,0
145.057,3584,71.4,102,3.46,0.47,0,0
145.100,3585,71.4,102,3.46,0.47,0,0
145.137,3586,71.4,102,3.46,0.47,0,0
145.177,3587,71.4,102,3.46,0.47,0,0
145.218,3588,71.4,102,3.46,0.47,0,0
145.257,3589,71.4,102,3.46,0.47,0,0
145.297,3590,71.4,102,3.46,0.47,0,0
145.337,3591,71.2,102,3.44,0.51,0,0
145.378,3592,71.5,102,3.46,0.48,0,0
145.417,3593,70.6,101,3.49,0.36,0,0
145.462,3594,71.9,106,3.68,0.60,0,0
145.503,3595,70.3,105,3.65,0.46,0,0
145.545,3596,70.0,105,3.62,0.46,0,0
145.578,3597,70.3,105,3.64,0.45,0,0
145.617,3598,65.9,108,3.47,0.37,0,0
145.658,3599,68.0,106,3.45,0.37,0,0
145.698,3600,65.4,109,3.26,0.35,0,0
145.737,3601,62.9,112,3.10,0.36,0,0
145.777,3602,62.3,114,3.14,0.36,0,0
145.818,3603,62.6,115,3.19,0.32,0,0
145.858,3604,58.0,119,2.77,0.27,0,0
145.899,3605,57.1,123,2.76,0.27,0,0
145.937,3606,59.5,127,3.10,0.28,0,0
145.977,3607,62.7,107,4.56,0.28,0,0
146.017,3608,55.7,107,4.56,0.29,0,0
146.057,3609,47.8,107,4.46,0.29,0,0
146.097,3610,42.5,109,4.51,0.31,0,0
146.140,3611,36.3,109,4.43,0.35,0,0
146.177,3612,30.8,112,4.28,0.45,0,0
146.217,3613,20.2,113,3.66,0.52,0,0
146.258,3614,17.0,116,3.55,0.62,0,0
146.297,3615,13.2,115,3.17,0.71,0,0
146.339,3616,1.0,116,0.48,0.70,0,0
146.377,3617,2.1,116,0.30,0.80,0,0
146.417,3618,2.0,115,0.42,0.81,0,0
146.457,3619,2.3,114,0.38,0.76,0,0
146.499,3620,2.2,114,0.35,0.66,0,0
146.537,3621,2.4,113,0.36,0.64,0,0
146.577,3622,2.9,114,0.33,0.64,0,0
146.618,3623,3.1,113,0.35,0.63,0,0
146.657,3624,3.1,113,0.33,0.63,0,0
146.697,3625,2.6,113,0.36,0.61,0,0
146.738,3626,2.7,113,0.35,0.60,0,0
146.777,3627,2.5,113,0.36,0.59,0,0
146.817,3628,2.5,113,0.36,0.61,0,0
146.857,3629,2.7,113,0.35,0.60,0,0
146.900,3630,3.2,113,0.31,0.64,0,0
146.937,3631,2.7,113,0.37,0.64,0,0
146.977,3632,1.2,114,0.36,0.92,0,0
147.017,3633,2.3,114,0.36,0.74,0,0
147.057,3634,0.7,115,0.35,0.96,0,0
147.100,3635,2.0,114,0.36,0.76,0,0
147.137,3636,2.2,114,0.34,0.80,0,0
147.177,3637,1.2,115,0.36,0.96,0,0
147.217,3638,2.5,114,0.29,0.74,0,0
147.257,3639,1.8,114,0.35,0.78,0,0
147.297,3640,2.2,114,0.34,0.78,0,0
147.338,3641,2.3,114,0.36,0.77,0,0
147.378,3642,1.0,115,0.30,1.02,0,0
147.419,3643,0.6,115,0.31,1.02,0,0
147.457,3644,0.2,115,0.33,1.06,0,0
147.499,3645,0.7,116,0.31,1.10,0,0
147.537,3646,0.1,116,0.28,1.10,0,0
147.577,3647,0.8,115,0.33,0.98,0,0
147.617,3648,0.2,116,0.37,1.22,0,0
147.657,3649,0.5,114,0.48,1.42,0,0
147.697,3650,1.2,115,0.63,1.61,0,0
147.737,3651,0.2,113,0.79,1.49,0,0
147.777,3652,3.9,111,1.07,1.61,0,0
147.817,3653,4.1,111,1.19,1.95,0,0
147.857,3654,4.1,112,1.19,2.30,0,0
147.899,3655,4.8,109,1.11,2.18,0,0
147.937,3656,7.4,109,0.96,2.20,0,0
147.977,3657,7.9,107,0.79,2.35,0,0
148.018,3658,8.6,106,0.55,2.61,0,0
148.059,3659,12.4,110,0.29,2.57,0,0
148.097,3660,15.7,105,0.25,2.35,0,0
148.137,3661,15.4,106,0.26,2.30,0,0
148.177,3662,15.4,105,0.26,2.40,0,0
148.218,3663,16.0,106,0.25,2.36,0,0
148.258,3664,15.6,105,0.26,2.27,0,0
148.297,3665,17.9,104,0.25,2.00,0,0
148.338,3666,18.5,102,0.25,2.08,0,0
148.378,3667,19.6,108,0.25,2.10,0,0
148.418,3668,15.0,109,0.25,2.57,0,0
148.457,3669,10.9,108,0.26,2.64,0,0
148.497,3670,6.4,112,0.25,2.61,0,0
148.538,3671,3.8,114,0.25,2.93,0,0
148.577,3672,0.3,112,0.25,2.79,0,0
148.617,3673,2.5,115,0.25,2.85,0,0
148.657,3674,5.7,113,0.24,2.86,0,0
148.697,3675,3.7,111,0.25,2.70,0,0
148.738,3676,6.5,111,0.24,2.42,0,0
148.777,3677,11.1,112,0.25,2.52,0,0
148.821,3678,8.8,109,0.25,2.33,0,0
148.857,3679,8.6,108,0.25,2.32,0,0
148.899,3680,4.3,107,0.24,2.50,0,0
148.936,3681,5.5,109,0.24,2.59,0,0
148.977,3682,5.6,108,0.25,2.60,0,0
149.017,3683,5.4,108,0.24,2.62,0,0
149.057,3684,7.1,107,0.24,2.46,0,0
149.097,3685,5.4,108,0.25,2.60,0,0
149.137,3686,5.5,108,0.24,2.61,0,0
149.176,3687,5.4,109,0.24,2.61,0,0
149.217,3688,7.5,108,0.25,2.49,0,0
149.258,3689,6.5,107,0.24,2.34,0,0
149.297,3690,11.9,109,0.24,2.24,0,0
149.337,3691,16.1,110,0.25,2.27,0,0
149.380,3692,14.3,109,0.25,2.00,0,0
149.416,3693,11.3,107,0.24,1.95,0,0
149.459,3694,14.8,108,0.24,2.06,0,0
149.496,3695,13.8,109,0.24,2.11,0,0
149.540,3696,13.3,108,0.24,2.22,0,0
149.577,3697,17.0,109,0.24,2.42,0,0
149.617,3698,14.3,109,0.25,2.17,0,0
149.657,3699,12.9,109,0.24,2.34,0,0
149.697,3700,7.4,106,0.24,2.42,0,0
149.736,3701,8.6,106,0.24,2.60,0,0
149.778,3702,6.6,107,0.24,2.84,0,0
149.818,3703,3.7,108,0.25,3.34,0,0
149.860,3704,2.5,105,0.25,3.02,0,0
149.897,3705,4.9,105,0.24,3.11,0,0
149.936,3706,6.6,106,0.23,3.23,0,0
149.979,3707,5.4,107,0.24,3.37,0,0
150.016,3708,5.5,107,0.24,3.35,0,0
150.057,3709,5.6,107,0.24,3.37,0,0
150.098,3710,20.1,101,0.23,2.64,0,0
150.136,3711,20.0,101,0.24,2.63,0,0
150.176,3712,7.7,106,0.24,3.35,0,0
150.220,3713,7.5,106,0.24,3.40,0,0
150.257,3714,7.7,106,0.25,3.41,0,0
150.297,3715,7.7,106,0.24,3.43,0,0
150.340,3716,5.6,107,0.25,3.36,0,0
150.376,3717,20.1,101,0.24,2.65,0,0
150.417,3718,20.1,101,0.24,2.65,0,0
150.457,3719,20.1,101,0.23,2.64,0,0
150.497,3720,20.2,101,0.23,2.64,0,0
150.538,3721,20.1,101,0.23,2.64,0,0
150.581,3722,7.8,107,0.24,3.36,0,0
150.625,3723,22.7,100,0.24,2.42,0,0
150.658,3724,21.0,100,0.24,2.51,0,0
150.699,3725,0.2,107,0.24,3.54,0,0
150.736,3726,0.6,106,0.24,3.26,0,0
150.778,3727,15.2,110,0.24,2.65,0,0
150.817,3728,21.0,111,0.25,2.24,0,0
150.857,3729,25.4,112,0.32,1.60,0,0
150.897,3730,29.9,113,0.95,1.02,0,0
150.940,3731,35.2,122,1.53,0.84,0,0
150.977,3732,44.4,121,1.75,0.55,0,0
151.017,3733,48.5,125,1.36,0.61,1,0
151.072,3734,49.6,127,1.12,0.84,1,0
151.104,3735,47.5,124,1.14,0.54,1,0
151.139,3736,49.0,125,1.12,0.63,1,0
151.178,3737,48.8,125,1.07,0.65,1,0
151.218,3738,48.4,125,1.07,0.49,1,0
151.257,3739,48.5,127,1.04,0.67,1,0
151.297,3740,49.7,129,0.96,0.84,1,0
151.340,3741,49.0,125,0.83,0.46,1,0
151.377,3742,48.5,129,0.75,0.48,1,0
151.417,3743,49.3,128,0.74,0.61,1,0
151.457,3744,49.5,128,0.73,0.63,1,0
151.501,3745,49.2,129,0.76,0.63,1,0
151.537,3746,49.7,129,0.65,0.61,1,0
151.577,3747,49.9,128,0.57,0.59,1,0
151.617,3748,50.9,130,0.52,0.71,1,0
151.659,3749,49.2,129,0.54,0.46,1,0
151.698,3750,50.1,131,0.37,0.54,1,0
151.738,3751,49.2,130,0.30,0.40,1,0
151.778,3752,49.7,134,0.25,0.49,1,0
151.817,3753,48.3,134,0.24,0.35,1,0
151.857,3754,46.8,135,0.23,0.31,1,0
151.896,3755,46.1,139,0.22,0.42,1,0
151.936,3756,46.4,139,0.24,0.41,1,0
151.977,3757,45.6,137,0.25,0.30,1,0
152.016,3758,46.2,137,0.23,0.42,1,0
152.059,3759,48.2,136,0.22,0.62,1,0
152.097,3760,47.4,135,0.22,0.43,1,0
152.137,3761,47.0,135,0.23,0.35,1,0
152.176,3762,47.7,136,0.21,0.43,1,0
152.221,3763,47.6,136,0.24,0.42,1,0
152.275,3764,47.4,136,0.22,0.42,1,0
152.309,3765,47.4,136,0.23,0.42,1,0
152.345,3766,47.4,136,0.22,0.42,1,0
152.384,3767,47.5,136,0.22,0.43,1,0
152.417,3768,48.3,137,0.22,0.53,1,0
152.456,3769,47.9,135,0.23,0.44,1,0
152.498,3770,47.9,135,0.23,0.43,1,0
152.537,3771,48.7,135,0.26,0.44,1,0
152.577,3772,47.9,132,0.25,0.37,1,0
152.620,3773,49.6,132,0.30,0.46,1,0
152.657,3774,49.7,129,0.41,0.59,1,0
152.697,3775,49.3,129,0.63,0.65,1,0
152.737,3776,50.3,128,0.86,0.84,1,0
152.779,3777,48.8,126,1.07,0.66,1,0
152.817,3778,48.2,125,0.99,0.51,1,0
152.857,3779,48.3,125,1.09,0.54,1,0
152.901,3780,48.3,124,1.13,0.47,1,0
152.941,3781,48.7,125,1.09,0.47,1,0
152.977,3782,48.2,124,1.11,0.50,1,0
153.017,3783,48.0,126,1.12,0.52,1,0
153.057,3784,48.0,125,1.04,0.51,1,0
153.098,3785,48.5,123,1.10,0.52,1,0
153.137,3786,48.6,124,1.11,0.49,1,0
153.177,3787,50.7,125,1.02,0.63,1,0
153.218,3788,50.6,125,0.95,0.47,1,0
153.257,3789,51.2,127,0.95,0.76,1,0
153.299,3790,53.3,129,0.84,0.91,1,0
153.337,3791,52.3,127,0.83,0.72,1,0
153.377,3792,53.1,126,0.80,0.71,1,0
153.417,3793,53.2,127,0.83,0.81,1,0
153.457,3794,53.9,126,0.90,0.85,1,0
153.512,3795,52.7,126,0.83,0.71,1,0
153.546,3796,54.1,127,0.88,0.83,1,0
153.581,3797,52.6,126,0.88,0.66,1,0
153.618,3798,51.4,124,0.89,0.55,1,0
153.657,3799,52.9,126,0.99,0.75,1,0
153.696,3800,52.0,124,0.96,0.58,1,0
153.737,3801,53.6,128,0.97,1.00,1,0
153.777,3802,52.5,126,1.04,0.81,1,0
153.818,3803,54.2,127,0.96,1.08,1,0
153.857,3804,53.2,125,1.07,0.83,1,0
153.898,3805,53.3,124,1.04,0.88,1,0
153.940,3806,53.0,127,1.20,1.10,1,0
153.977,3807,54.0,125,1.48,1.42,1,0
154.018,3808,51.6,122,1.67,1.28,1,0
154.058,3809,48.4,124,1.85,1.60,1,0
154.098,3810,43.4,124,1.80,1.64,0,0
154.137,3811,40.1,126,1.48,1.67,0,0
154.178,3812,36.2,122,1.24,1.35,0,0
154.219,3813,36.0,122,1.28,1.36,0,0
154.257,3814,41.5,126,1.47,1.91,0,0
154.298,3815,36.1,121,1.24,1.37,0,0
154.338,3816,36.1,122,1.24,1.38,0,0
154.378,3817,37.1,122,1.24,1.57,0,0
154.417,3818,37.1,122,1.24,1.58,0,0
154.457,3819,37.0,122,1.24,1.60,0,0
154.499,3820,37.1,122,1.24,1.61,0,0
154.537,3821,36.5,123,1.27,1.61,0,0
154.578,3822,37.0,122,1.32,1.60,0,0
154.621,3823,36.6,124,1.33,1.61,0,0
154.658,3824,37.2,122,1.32,1.60,0,0
154.698,3825,37.3,122,1.31,1.60,0,0
154.738,3826,36.6,124,1.31,1.63,0,0
154.778,3827,38.9,124,1.43,1.75,0,0
154.818,3828,39.0,124,1.43,1.79,0,0
154.858,3829,41.0,125,1.54,1.94,0,0
154.899,3830,35.9,122,1.31,1.38,0,0
154.938,3831,37.0,122,1.31,1.54,0,0
154.978,3832,36.8,124,1.28,1.54,0,0
155.018,3833,36.8,124,1.28,1.55,0,0
155.058,3834,37.6,123,1.43,1.57,0,0
155.098,3835,38.8,124,1.43,1.70,0,0
155.138,3836,38.8,124,1.43,1.70,0,0
155.179,3837,38.7,124,1.43,1.71,0,0
155.218,3838,38.7,124,1.43,1.70,0,0
155.260,3839,38.7,124,1.43,1.70,0,0
155.298,3840,38.7,124,1.43,1.70,0,0
155.337,3841,38.7,125,1.39,1.70,0,0
155.378,3842,38.0,126,1.34,1.72,0,0
155.419,3843,38.0,126,1.34,1.73,0,0
155.458,3844,38.0,126,1.34,1.72,0,0
155.498,3845,38.0,126,1.34,1.72,0,0
155.543,3846,38.0,126,1.34,1.72,0,0
155.578,3847,38.0,126,1.34,1.72,0,0
155.619,3848,38.0,126,1.34,1.74,0,0
155.662,3849,38.0,126,1.34,1.71,0,0
155.705,3850,38.0,126,1.34,1.74,0,0
155.743,3851,38.0,126,1.34,1.73,0,0
155.779,3852,38.0,126,1.34,1.74,0,0
155.817,3853,38.0,127,1.33,1.72,0,0
155.859,3854,38.0,126,1.34,1.71,0,0
155.898,3855,38.5,126,1.43,1.73,0,0
155.941,3856,38.0,126,1.33,1.72,0,0
155.979,3857,38.0,127,1.34,1.72,0,0
156.019,3858,38.0,127,1.33,1.73,0,0
156.059,3859,38.1,127,1.33,1.72,0,0
156.098,3860,37.9,127,1.32,1.71,0,0
156.138,3861,38.0,126,1.33,1.74,0,0
156.178,3862,38.0,126,1.33,1.71,0,0
156.219,3863,38.1,126,1.35,1.71,0,0
156.258,3864,38.2,126,1.35,1.72,0,0
156.298,3865,38.0,127,1.33,1.73,0,0
156.340,3866,38.0,127,1.34,1.73,0,0
156.378,3867,35.5,129,1.10,1.74,0,0
156.418,3868,38.6,126,1.44,1.73,0,0
156.458,3869,38.0,127,1.33,1.72,0,0
156.498,3870,38.0,127,1.33,1.71,0,0
156.538,3871,38.0,127,1.33,1.71,0,0
156.579,3872,38.0,127,1.33,1.71,0,0
156.618,3873,38.1,126,1.35,1.73,0,0
156.658,3874,38.0,127,1.33,1.71,0,0
156.699,3875,38.1,126,1.35,1.71,0,0
156.738,3876,38.1,126,1.35,1.74,0,0
156.778,3877,38.1,126,1.35,1.73,0,0
156.818,3878,37.9,127,1.32,1.72,0,0
156.858,3879,38.0,126,1.33,1.73,0,1
156.910,3880,38.1,126,1.35,1.71,0,0
156.944,3881,38.5,125,1.35,1.71,0,0
156.978,3882,37.9,127,1.32,1.71,0,0
157.021,3883,38.5,126,1.43,1.74,0,0
157.059,3884,39.1,125,1.48,1.71,0,0
157.097,3885,38.1,126,1.35,1.73,0,0
157.142,3886,38.5,126,1.43,1.72,0,0
157.178,3887,38.0,127,1.33,1.74,0,0
157.218,3888,38.0,127,1.33,1.73,0,0
157.258,3889,38.5,126,1.43,1.71,0,0
157.298,3890,38.0,126,1.34,1.72,0,0
157.338,3891,38.1,126,1.35,1.72,0,0
157.378,3892,38.5,126,1.43,1.71,0,0
157.419,3893,38.0,127,1.33,1.74,0,0
157.458,3894,38.5,126,1.43,1.71,0,0
157.500,3895,38.1,126,1.35,1.74,0,0
157.538,3896,38.5,125,1.35,1.71,0,0
157.578,3897,38.0,127,1.33,1.72,0,0
157.618,3898,38.0,127,1.33,1.74,0,0
157.659,3899,38.1,126,1.35,1.73,0,0
157.698,3900,38.5,126,1.43,1.73,0,0
157.738,3901,38.1,126,1.35,1.71,0,0
157.779,3902,38.0,127,1.34,1.73,0,0
157.818,3903,38.5,126,1.43,1.71,0,0
157.858,3904,38.5,126,1.43,1.73,0,0
157.899,3905,38.4,124,1.35,1.70,0,0
157.938,3906,38.5,126,1.43,1.73,0,0
157.978,3907,38.5,126,1.44,1.74,0,0
158.018,3908,38.1,126,1.35,1.71,0,0
158.058,3909,38.0,127,1.33,1.71,0,0
158.098,3910,39.2,127,1.33,1.84,0,0
158.138,3911,39.1,125,1.48,1.71,0,0
158.178,3912,38.5,125,1.35,1.70,0,0
158.218,3913,38.1,126,1.35,1.73,0,0
158.261,3914,38.4,124,1.35,1.71,0,0
158.298,3915,38.2,126,1.35,1.71,0,0
158.338,3916,39.1,125,1.48,1.71,0,0
158.378,3917,38.0,127,1.33,1.73,0,0
158.418,3918,38.2,126,1.35,1.71,0,0
158.459,3919,39.2,125,1.48,1.72,0,0
158.499,3920,38.1,126,1.35,1.71,0,0
158.538,3921,38.0,126,1.33,1.71,0,0
158.578,3922,38.1,126,1.35,1.73,0,0
158.618,3923,38.5,126,1.43,1.71,0,0
158.658,3924,39.3,125,1.48,1.70,0,0
158.701,3925,38.1,126,1.35,1.73,0,0
158.738,3926,39.2,125,1.48,1.71,0,0
158.778,3927,38.5,125,1.35,1.70,0,0
158.818,3928,38.4,124,1.35,1.71,0,0
158.858,3929,39.1,125,1.48,1.70,0,0
158.899,3930,38.1,126,1.35,1.72,0,0
158.942,3931,38.1,126,1.35,1.72,0,0
158.978,3932,38.0,126,1.34,1.73,0,0
159.019,3933,39.3,125,1.48,1.70,0,0
159.059,3934,38.0,127,1.33,1.73,0,0
159.098,3935,38.6,126,1.43,1.71,0,0
159.139,3936,38.0,127,1.33,1.73,0,0
159.178,3937,39.4,127,1.35,1.83,0,0
159.218,3938,38.0,127,1.33,1.71,0,0
159.259,3939,38.0,127,1.33,1.71,0,0
159.298,3940,36.5,131,1.11,1.87,0,0
159.340,3941,38.0,127,1.34,1.71,0,0
159.378,3942,38.1,126,1.35,1.71,0,0
159.418,3943,39.2,127,1.34,1.83,0,0
159.459,3944,38.1,126,1.35,1.71,0,0
159.500,3945,39.4,122,1.39,1.70,0,0
159.539,3946,35.4,127,1.01,1.71,0,0
159.579,3947,36.4,127,1.13,1.70,0,0
159.618,3948,35.4,127,1.01,1.72,0,0
159.660,3949,39.4,122,1.39,1.65,0,0
159.698,3950,36.3,127,1.13,1.71,0,0
159.738,3951,39.4,122,1.39,1.64,0,0
159.779,3952,36.5,124,1.25,1.55,0,0
159.818,3953,35.4,127,1.01,1.68,0,0
159.862,3954,34.0,128,1.00,1.55,0,0
159.898,3955,39.3,122,1.39,1.65,0,0
159.941,3956,34.1,127,0.97,1.53,0,0
159.978,3957,36.1,127,1.15,1.68,0,0
160.020,3958,35.6,128,1.08,1.68,0,0
160.058,3959,36.2,127,1.15,1.68,0,0
160.101,3960,37.9,122,1.42,1.50,0,0
160.139,3961,37.1,123,1.42,1.54,0,0
160.178,3962,38.6,124,1.41,1.65,0,0
160.218,3963,39.5,123,1.53,1.65,0,0
160.258,3964,39.4,123,1.55,1.67,0,0
160.300,3965,36.1,127,1.13,1.66,0,0
160.338,3966,39.5,123,1.52,1.67,0,0
160.379,3967,34.8,126,1.13,1.55,0,0
160.418,3968,36.2,127,1.12,1.68,0,0
160.459,3969,36.2,127,1.14,1.66,0,0
160.500,3970,35.0,126,1.12,1.53,0,0
160.539,3971,36.6,124,1.25,1.54,0,0
160.580,3972,38.3,124,1.37,1.67,0,0
160.618,3973,34.2,126,1.01,1.55,0,0
160.658,3974,34.0,124,0.87,1.58,0,0
160.698,3975,35.0,124,0.97,1.57,0,0
160.741,3976,34.5,125,1.01,1.52,0,0
160.783,3977,35.4,127,1.01,1.66,0,0
160.824,3978,35.4,127,1.01,1.66,0,0
160.857,3979,35.5,127,1.01,1.68,0,0
160.898,3980,35.5,127,1.01,1.68,0,0
160.938,3981,36.3,126,1.14,1.70,0,0
160.979,3982,36.9,130,1.14,1.87,0,0
161.019,3983,37.9,124,1.28,1.67,0,0
161.059,3984,36.4,128,1.26,1.70,0,0
161.098,3985,42.0,126,1.63,1.70,0,0
161.138,3986,38.0,123,1.51,1.38,0,0
161.179,3987,38.0,124,1.51,1.40,0,0
161.218,3988,40.1,126,1.61,1.49,0,0
161.260,3989,43.1,126,1.78,1.47,0,0
161.298,3990,44.5,125,1.78,1.46,0,0
161.338,3991,42.8,123,1.90,1.18,0,0
161.379,3992,41.4,122,1.85,1.04,0,0
161.418,3993,45.2,124,1.91,1.52,1,0
161.471,3994,44.6,126,1.92,1.52,0,0
161.503,3995,50.1,124,2.01,1.62,0,0
161.538,3996,44.9,122,1.88,1.04,0,0
161.580,3997,45.0,123,1.89,1.05,1,0
161.618,3998,52.7,124,1.70,1.61,1,0
161.661,3999,50.9,121,1.61,1.24,1,0
161.699,4000,49.6,122,1.65,1.01,1,0
161.738,4001,52.5,123,1.42,1.40,1,0
161.779,4002,51.5,125,1.45,1.22,1,0
161.819,4003,50.7,123,1.43,1.04,1,0
161.859,4004,52.0,125,1.45,1.39,1,0
161.899,4005,49.8,123,1.33,1.05,1,0
161.941,4006,52.5,126,1.34,1.63,1,0
161.978,4007,51.4,126,1.32,1.47,1,0
162.018,4008,49.5,125,1.25,1.16,1,0
162.059,4009,49.3,125,1.35,1.15,1,0
162.098,4010,48.9,123,1.31,0.96,1,0
162.139,4011,51.2,127,1.39,1.55,1,0
162.178,4012,49.8,126,1.41,1.34,1,0
162.222,4013,49.9,126,1.36,1.34,1,0
162.258,4014,48.8,125,1.43,1.21,1,0
162.298,4015,49.3,126,1.34,1.19,1,0
162.340,4016,49.2,126,1.34,1.16,1,0
162.379,4017,49.9,128,1.32,1.32,1,0
162.419,4018,50.3,127,1.37,1.34,1,0
162.458,4019,49.4,126,1.35,1.18,1,0
162.502,4020,49.6,126,1.41,1.34,1,0
162.538,4021,49.6,126,1.41,1.34,1,0
162.578,4022,49.6,126,1.41,1.36,1,0
162.619,4023,49.6,126,1.41,1.35,1,0
162.670,4024,50.3,127,1.37,1.38,1,0
162.705,4025,49.7,126,1.41,1.36,1,0
162.739,4026,49.7,126,1.41,1.33,1,0
162.779,4027,49.8,126,1.39,1.38,1,0
162.820,4028,50.7,128,1.45,1.49,1,0
162.859,4029,51.3,129,1.33,1.51,1,0
162.898,4030,51.1,129,1.25,1.52,1,0
162.942,4031,50.7,128,1.37,1.54,1,0
162.978,4032,51.2,127,1.37,1.54,1,0
163.018,4033,48.5,122,1.24,0.80,1,0
163.059,4034,48.9,125,1.30,0.99,1,0
163.100,4035,51.5,129,1.20,1.56,1,0
163.139,4036,50.6,125,1.31,1.28,1,0
163.178,4037,51.7,126,1.27,1.36,1,0
163.219,4038,51.5,126,1.34,1.37,1,0
163.259,4039,51.8,125,1.26,1.39,1,0
163.299,4040,51.0,125,1.28,1.40,1,0
163.338,4041,51.2,125,1.27,1.38,1,0
163.380,4042,51.1,125,1.27,1.38,1,0
163.418,4043,51.2,125,1.27,1.38,1,0
163.459,4044,51.1,125,1.27,1.38,1,0
163.498,4045,51.6,126,1.25,1.37,1,0
163.539,4046,51.1,125,1.26,1.38,1,0
163.579,4047,51.6,126,1.25,1.37,1,0
163.619,4048,51.2,125,1.27,1.39,1,0
163.659,4049,51.2,125,1.27,1.40,1,0
163.701,4050,51.9,126,1.27,1.57,1,0
163.739,4051,51.2,125,1.26,1.41,1,0
163.778,4052,52.2,125,1.28,1.56,1,0
163.819,4053,52.6,126,1.27,1.56,1,0
163.859,4054,53.0,128,1.33,1.74,1,0
163.913,4055,53.7,127,1.26,1.72,1,0
163.947,4056,53.7,127,1.27,1.69,1,0
163.984,4057,53.1,128,1.34,1.72,1,0
164.018,4058,53.1,128,1.31,1.74,1,0
164.058,4059,53.0,128,1.33,1.74,1,0
164.099,4060,53.3,127,1.30,1.75,1,0
164.139,4061,53.4,127,1.28,1.72,1,0
164.179,4062,49.5,123,1.23,0.99,1,0
164.222,4063,53.2,128,1.31,1.72,1,0
164.259,4064,52.6,127,1.26,1.63,1,0
164.299,4065,53.0,128,1.33,1.75,1,0
164.338,4066,53.1,129,1.32,1.74,1,0
164.379,4067,49.5,123,1.23,0.98,1,0
164.418,4068,53.1,128,1.31,1.76,1,0
164.459,4069,53.1,129,1.32,1.76,1,0
164.499,4070,53.1,128,1.31,1.74,1,0
164.539,4071,53.2,128,1.31,1.72,1,1
164.591,4072,53.1,128,1.31,1.76,1,0
164.631,4073,49.5,123,1.23,0.99,1,0
164.665,4074,53.1,128,1.31,1.76,1,0
164.699,4075,53.1,128,1.31,1.74,1,0
164.739,4076,53.1,128,1.34,1.74,1,0
164.779,4077,53.2,128,1.31,1.79,1,0
164.822,4078,49.7,123,1.24,1.02,1,0
164.859,4079,49.6,123,1.24,1.04,1,0
164.899,4080,49.6,123,1.24,1.05,1,0
164.939,4081,50.4,124,1.25,1.19,1,0
164.979,4082,50.5,124,1.25,1.20,1,0
165.019,4083,50.5,124,1.25,1.20,1,0
165.059,4084,50.6,124,1.25,1.20,1,0
165.099,4085,50.5,124,1.23,1.18,1,0
165.152,4086,50.5,124,1.25,1.20,1,0
165.183,4087,50.1,123,1.20,1.19,1,0
165.218,4088,50.3,123,1.29,1.22,1,0
165.259,4089,50.5,124,1.25,1.22,1,0
165.299,4090,51.1,124,1.20,1.38,1,0
165.339,4091,50.1,124,1.22,1.22,1,0
165.379,4092,50.8,125,1.24,1.38,1,0
165.418,4093,50.1,124,1.22,1.22,1,0
165.459,4094,49.3,123,1.27,1.04,1,0
165.502,4095,50.2,124,1.29,1.18,1,0
165.539,4096,50.3,125,1.31,1.22,1,0
165.579,4097,51.1,124,1.22,1.37,1,0
165.621,4098,50.2,124,1.29,1.23,1,0
165.659,4099,50.8,124,1.28,1.24,1,0
165.699,4100,51.6,125,1.31,1.38,1,0
165.739,4101,51.5,126,1.32,1.38,1,0
165.779,4102,52.4,126,1.24,1.54,1,0
165.819,4103,51.5,125,1.25,1.41,1,0
165.865,4104,52.6,127,1.37,1.55,1,0
165.906,4105,50.5,124,1.30,1.12,1,0
165.950,4106,51.8,127,1.32,1.51,1,0
165.985,4107,50.5,127,1.27,1.15,1,0
166.018,4108,50.3,127,1.31,1.30,1,0
166.059,4109,52.0,129,1.49,1.69,1,0
166.098,4110,47.2,125,1.50,1.08,1,0
166.138,4111,45.4,124,1.53,0.92,1,0
166.181,4112,43.3,123,1.64,0.76,0,0
166.219,4113,45.3,130,1.86,1.58,1,0
166.258,4114,38.7,121,1.95,0.32,0,0
166.298,4115,35.6,121,2.27,0.35,0,0
166.341,4116,32.9,123,2.64,0.29,0,0
166.379,4117,36.1,139,0.31,1.92,0,0
166.421,4118,17.7,115,2.29,0.35,0,0
166.458,4119,16.7,117,2.15,0.34,0,0
166.498,4120,15.4,118,2.10,0.33,0,0
166.538,4121,14.4,117,1.99,0.30,0,0
166.580,4122,15.2,119,2.00,0.33,0,0
166.620,4123,35.0,116,0.30,1.44,0,0
166.662,4124,13.1,117,1.90,0.34,0,0
166.699,4125,13.9,118,1.99,0.36,0,0
166.739,4126,13.1,118,1.80,0.38,0,0
166.781,4127,13.0,118,1.89,0.38,0,0
166.818,4128,13.1,118,1.90,0.38,0,0
166.864,4129,33.5,114,0.31,1.42,0,0
166.898,4130,36.5,102,0.26,0.99,0,0
166.938,4131,38.6,102,0.28,0.96,0,0
166.981,4132,32.8,133,1.61,1.88,0,0
167.018,4133,33.3,134,1.62,1.81,0,0
167.059,4134,36.1,138,2.31,2.01,0,0
167.102,4135,31.4,118,0.35,1.37,0,0
167.138,4136,31.7,121,0.37,1.58,0,0
167.179,4137,44.7,145,3.89,2.07,0,0
167.219,4138,34.1,138,1.97,2.00,0,0
167.262,4139,32.0,128,1.19,1.63,0,0
167.299,4140,57.1,136,6.19,0.85,0,0
167.340,4141,35.1,107,0.28,1.15,0,0
167.379,4142,37.9,101,0.29,1.15,0,0
167.418,4143,38.2,97,0.29,0.96,0,0
167.460,4144,36.8,93,0.37,0.87,0,0
167.500,4145,37.6,90,0.36,0.93,0,0
167.538,4146,35.4,85,0.45,0.80,0,0
167.579,4147,32.7,79,0.40,0.99,0,0
167.620,4148,33.9,76,0.43,0.80,0,0
167.659,4149,31.7,73,0.66,0.86,0,0
167.699,4150,21.6,87,0.24,0.32,0,0
167.741,4151,23.2,71,0.21,0.35,0,0
167.779,4152,21.7,71,0.21,0.28,0,0
167.820,4153,32.4,81,0.21,1.78,0,0
167.859,4154,29.4,79,0.21,1.79,0,0
167.899,4155,23.2,71,0.28,0.38,0,0
167.940,4156,25.4,77,0.00,1.75,0,0
167.979,4157,38.4,77,0.48,0.68,0,0
168.019,4158,35.4,72,0.31,0.84,0,0
168.059,4159,27.0,77,0.24,1.75,0,0
168.100,4160,19.0,74,0.00,1.62,0,0
168.141,4161,35.4,67,0.51,0.95,0,0
168.180,4162,28.8,80,0.00,1.75,0,0
168.220,4163,28.8,80,0.00,1.75,0,0
168.262,4164,26.6,79,0.00,1.79,0,0
168.299,4165,28.5,67,0.47,0.90,0,0
168.341,4166,21.7,75,0.22,1.62,0,0
168.381,4167,19.3,74,0.21,1.54,0,0
168.419,4168,30.8,82,0.00,1.87,0,0
168.462,4169,19.4,74,0.21,1.54,0,0
168.500,4170,26.6,79,0.00,1.79,0,0
168.539,4171,20.6,76,0.00,1.71,0,0
168.580,4172,28.8,79,0.00,1.75,0,0
168.619,4173,21.9,76,0.00,1.14,0,0
168.660,4174,24.9,77,0.08,1.56,0,0
168.701,4175,5.9,155,2.84,1.06,0,0
168.739,4176,13.4,161,3.80,0.94,0,0
168.779,4177,22.2,161,4.23,0.38,0,0
168.819,4178,21.9,171,4.57,1.09,0,0
168.862,4179,25.3,171,4.70,0.64,0,0
168.899,4180,28.1,168,4.58,0.42,0,0
168.939,4181,27.6,168,4.63,0.44,0,0
168.979,4182,27.2,170,4.73,0.44,0,0
169.019,4183,25.9,171,4.73,0.63,0,0
169.059,4184,23.6,170,4.58,0.86,0,0
169.099,4185,23.9,169,4.56,0.87,0,0
169.139,4186,22.6,170,4.60,1.02,0,0
169.179,4187,22.8,168,4.45,0.87,0,0
169.219,4188,24.1,167,4.45,0.70,0,0
169.259,4189,18.9,169,4.49,1.42,0,0
169.299,4190,18.6,165,4.30,1.17,0,0
169.342,4191,20.2,165,4.23,0.99,0,0
169.379,4192,21.0,164,4.16,0.97,0,0
169.419,4193,20.4,161,3.98,0.81,0,0
169.459,4194,21.4,157,3.66,0.49,0,0
169.499,4195,22.5,154,3.75,0.35,0,0
169.539,4196,19.7,158,3.57,1.16,0,0
169.578,4197,11.7,141,3.14,0.58,0,0
169.619,4198,16.0,138,3.14,0.28,0,0
169.659,4199,18.5,136,3.51,0.26,0,0
169.699,4200,26.0,139,3.57,0.26,0,0
169.739,4201,27.9,138,3.75,0.30,0,0
169.779,4202,30.6,144,3.66,0.83,0,0
169.820,4203,38.6,138,3.09,0.28,0,0
169.860,4204,40.2,141,2.75,0.58,0,0
169.899,4205,46.2,136,2.16,0.30,0,0
169.940,4206,47.8,139,2.02,0.21,0,0
169.981,4207,47.1,141,2.13,0.27,0,0
170.020,4208,47.9,139,2.05,0.35,0,0
170.060,4209,47.4,140,2.13,0.32,0,0
170.100,4210,48.0,139,2.05,0.37,0,0
170.140,4211,47.7,138,2.10,0.36,0,0
170.179,4212,48.5,141,2.20,0.15,0,0
170.219,4213,48.0,142,2.31,0.08,0,0
170.259,4214,46.5,143,2.54,0.08,0,0
170.299,4215,44.6,144,2.77,0.21,0,0
170.340,4216,44.2,143,2.75,0.33,0,0
170.380,4217,43.6,143,2.85,0.28,0,0
170.420,4218,43.9,141,2.83,0.29,0,0
170.460,4219,43.4,140,2.83,0.23,0,0
170.500,4220,40.7,142,2.84,0.28,0,0
170.541,4221,43.4,136,2.60,0.30,0,0
170.580,4222,42.7,137,2.79,0.24,0,0
170.620,4223,40.9,139,2.85,0.24,0,0
170.660,4224,41.4,138,2.82,0.28,0,0
170.700,4225,43.5,135,2.76,0.23,0,0
170.740,4226,41.1,134,2.67,0.25,0,0
170.781,4227,41.8,131,2.63,0.35,0,0
170.820,4228,42.2,130,2.67,0.39,0,0
170.860,4229,42.2,127,2.52,0.37,0,0
170.899,4230,41.1,127,2.49,0.38,0,0
170.944,4231,42.6,126,2.53,0.28,0,0
170.986,4232,41.7,123,2.32,0.25,0,0
171.027,4233,41.2,124,2.42,0.28,0,0
171.059,4234,42.0,124,2.48,0.25,0,0
171.099,4235,41.2,122,2.37,0.25,0,0
171.140,4236,40.1,122,2.31,0.25,0,0
171.180,4237,40.6,122,2.28,0.22,0,0
171.222,4238,40.1,120,2.13,0.27,0,0
171.260,4239,42.1,121,2.26,0.25,0,0
171.300,4240,41.7,121,2.27,0.29,0,0
171.340,4241,40.9,121,2.17,0.25,0,0
171.381,4242,42.7,121,2.25,0.25,0,0
171.420,4243,41.5,122,2.27,0.25,0,0
171.460,4244,43.1,122,2.31,0.25,0,0
171.500,4245,41.4,124,2.35,0.25,0,0
171.544,4246,40.6,123,2.19,0.25,0,0
171.580,4247,41.0,124,2.31,0.25,0,0
171.620,4248,41.0,124,2.33,0.25,0,0
171.660,4249,40.4,123,2.21,0.25,0,0
171.700,4250,40.9,124,2.32,0.25,0,0
171.739,4251,42.4,125,2.41,0.25,0,0
171.781,4252,42.1,125,2.44,0.25,0,0
171.820,4253,42.0,124,2.37,0.25,0,0
171.860,4254,41.8,125,2.44,0.25,0,0
171.900,4255,42.0,124,2.37,0.25,0,0
171.940,4256,42.0,125,2.45,0.25,0,0
171.980,4257,40.7,123,2.21,0.24,0,0
172.021,4258,40.5,123,2.21,0.27,0,0
172.062,4259,39.3,124,2.20,0.29,0,0
172.100,4260,39.3,124,2.20,0.29,0,0
172.140,4261,39.0,124,2.20,0.30,0,0
172.181,4262,39.0,124,2.20,0.30,0,0
172.220,4263,39.1,124,2.20,0.30,0,0
172.259,4264,38.8,124,2.20,0.29,0,0
172.300,4265,38.8,124,2.22,0.29,0,0
172.340,4266,38.8,124,2.22,0.29,0,0
172.380,4267,38.7,124,2.22,0.28,0,0
172.420,4268,38.7,124,2.20,0.28,0,0
172.460,4269,38.6,124,2.20,0.28,0,0
172.500,4270,38.6,124,2.20,0.28,0,0
172.540,4271,38.5,124,2.21,0.26,0,0
172.582,4272,38.5,124,2.20,0.26,0,0
172.620,4273,38.7,124,2.20,0.27,0,0
172.660,4274,38.6,124,2.20,0.26,0,0
172.700,4275,38.7,124,2.20,0.27,0,0
172.740,4276,38.7,124,2.20,0.27,0,0
172.781,4277,38.6,124,2.20,0.26,0,0
172.820,4278,38.6,124,2.20,0.26,0,0
172.861,4279,38.6,124,2.20,0.26,0,0
172.901,4280,38.7,124,2.20,0.27,0,0
172.940,4281,38.7,124,2.20,0.27,0,0
172.980,4282,38.7,124,2.20,0.27,0,0
173.020,4283,38.6,124,2.20,0.26,0,0
173.061,4284,38.7,124,2.20,0.27,0,0
173.100,4285,38.7,124,2.20,0.27,0,0
173.140,4286,38.6,124,2.20,0.26,0,0
173.181,4287,38.6,124,2.20,0.26,0,0
173.220,4288,38.7,124,2.20,0.27,0,0
173.260,4289,38.6,124,2.20,0.26,0,0
173.300,4290,38.6,124,2.20,0.26,0,0
173.340,4291,38.6,124,2.20,0.27,0,0
173.381,4292,38.7,124,2.20,0.27,0,0
173.421,4293,38.6,124,2.20,0.26,0,0
173.460,4294,38.7,124,2.20,0.27,0,0
173.501,4295,38.6,124,2.20,0.26,0,0
173.540,4296,38.6,124,2.20,0.26,0,0
173.580,4297,38.5,124,2.20,0.26,0,0
173.621,4298,38.6,124,2.20,0.26,0,0
173.660,4299,38.6,124,2.20,0.26,0,0
173.700,4300,38.6,124,2.20,0.27,0,0
173.740,4301,38.6,124,2.20,0.26,0,0
173.780,4302,38.7,124,2.20,0.27,0,0
173.820,4303,38.6,124,2.20,0.26,0,0
173.860,4304,38.6,124,2.20,0.26,0,0
173.900,4305,38.6,124,2.20,0.26,0,0
173.941,4306,38.6,124,2.20,0.26,0,1
173.994,4307,38.6,124,2.20,0.26,0,0
174.029,4308,38.6,124,2.20,0.26,0,0
174.065,4309,38.7,124,2.20,0.27,0,0
174.102,4310,38.7,124,2.20,0.27,0,0
174.141,4311,38.6,124,2.20,0.26,0,0
174.180,4312,38.6,124,2.20,0.26,0,0
174.220,4313,38.6,124,2.20,0.26,0,0
174.261,4314,38.6,124,2.20,0.26,0,0
174.301,4315,38.7,124,2.20,0.27,0,0
174.340,4316,38.5,124,2.24,0.27,0,0
174.380,4317,38.4,124,2.24,0.26,0,0
174.420,4318,38.5,124,2.24,0.27,0,0
174.460,4319,38.5,124,2.23,0.27,0,0
174.500,4320,38.4,124,2.21,0.27,0,0
174.540,4321,38.2,124,2.21,0.26,0,0
174.581,4322,38.4,124,2.25,0.27,0,0
174.620,4323,38.2,124,2.22,0.26,0,0
174.661,4324,38.4,124,2.21,0.27,0,0
174.700,4325,38.4,124,2.21,0.27,0,0
174.740,4326,38.3,124,2.22,0.27,0,0
174.781,4327,38.3,124,2.22,0.27,0,0
174.821,4328,38.2,124,2.22,0.27,0,0
174.860,4329,38.2,124,2.22,0.26,0,0
174.900,4330,38.2,124,2.22,0.26,0,0
174.940,4331,38.2,124,2.20,0.26,0,0
174.980,4332,38.2,124,2.20,0.26,0,0
175.021,4333,38.3,124,2.20,0.27,0,0
175.060,4334,38.2,124,2.22,0.26,0,0
175.100,4335,38.1,124,2.22,0.26,0,0
175.141,4336,38.2,124,2.22,0.26,0,0
175.180,4337,38.2,124,2.20,0.26,0,0
175.220,4338,38.1,124,2.22,0.26,0,0
175.260,4339,38.0,124,2.22,0.25,0,0
175.300,4340,38.2,124,2.22,0.26,0,0
175.341,4341,38.2,124,2.22,0.26,0,0
175.381,4342,38.1,124,2.22,0.26,0,0
175.420,4343,38.2,124,2.22,0.26,0,0
175.460,4344,38.2,124,2.21,0.25,0,0
175.501,4345,38.3,124,2.21,0.26,0,0
175.540,4346,38.1,124,2.20,0.25,0,0
175.581,4347,38.3,124,2.22,0.26,0,0
175.620,4348,38.3,124,2.24,0.26,0,0
175.661,4349,38.3,124,2.21,0.26,0,0
175.700,4350,38.4,124,2.24,0.26,0,0
175.741,4351,38.4,124,2.23,0.26,0,0
175.781,4352,38.3,124,2.22,0.26,0,0
175.820,4353,38.7,124,2.22,0.25,0,0
175.861,4354,38.3,124,2.25,0.26,0,0
175.901,4355,38.3,124,2.21,0.26,0,0
175.940,4356,38.4,124,2.24,0.26,0,0
175.981,4357,38.8,124,2.24,0.25,0,0
176.020,4358,38.4,124,2.24,0.26,0,0
176.066,4359,38.4,124,2.23,0.25,0,0
176.107,4360,38.4,124,2.23,0.26,0,0
176.143,4361,38.5,124,2.22,0.26,0,0
176.180,4362,38.2,124,2.22,0.25,0,0
176.220,4363,38.2,124,2.21,0.25,0,0
176.261,4364,38.3,124,2.22,0.25,0,0
176.300,4365,38.3,124,2.19,0.25,0,0
176.340,4366,38.2,124,2.25,0.25,0,0
176.381,4367,38.2,124,2.21,0.25,0,0
176.421,4368,38.3,124,2.22,0.25,0,0
176.461,4369,38.3,124,2.24,0.25,0,0
176.501,4370,38.7,124,2.25,0.25,0,0
176.541,4371,38.3,124,2.22,0.26,0,0
176.580,4372,38.2,124,2.22,0.26,0,0
176.621,4373,38.3,124,2.24,0.25,0,0
176.661,4374,38.3,124,2.21,0.26,0,0
176.701,4375,38.1,124,2.22,0.25,0,0
176.741,4376,38.2,124,2.21,0.25,0,0
176.781,4377,38.4,124,2.24,0.26,0,0
176.821,4378,38.1,124,2.22,0.25,0,0
176.861,4379,38.1,124,2.22,0.25,0,0
176.901,4380,38.1,124,2.22,0.25,0,0
176.940,4381,38.2,124,2.20,0.26,0,0
176.980,4382,38.1,124,2.22,0.25,0,0
177.021,4383,38.0,124,2.22,0.25,0,0
177.060,4384,38.1,124,2.22,0.25,0,0
177.101,4385,38.1,124,2.20,0.25,0,0
177.140,4386,38.0,124,2.24,0.25,0,0
177.183,4387,38.2,124,2.21,0.25,0,0
177.221,4388,38.2,124,2.21,0.25,0,0
177.261,4389,38.2,124,2.22,0.26,0,0
177.301,4390,38.2,124,2.22,0.26,0,0
177.341,4391,38.5,124,2.22,0.25,0,0
177.381,4392,38.0,124,2.24,0.25,0,0
177.420,4393,38.0,124,2.22,0.25,0,0
177.462,4394,38.0,124,2.24,0.25,0,0
177.500,4395,38.1,124,2.20,0.25,0,0
177.541,4396,38.0,124,2.22,0.25,0,0
177.580,4397,38.0,124,2.22,0.25,0,0
177.621,4398,38.1,124,2.20,0.25,0,0
177.660,4399,38.0,124,2.22,0.25,0,0
177.701,4400,38.1,124,2.20,0.25,0,0
177.741,4401,38.0,124,2.22,0.25,0,0
177.781,4402,38.0,124,2.22,0.25,0,0
177.821,4403,38.1,124,2.20,0.25,0,0
177.861,4404,38.1,124,2.20,0.25,0,0
177.901,4405,38.1,124,2.20,0.25,0,0
177.941,4406,38.5,124,2.22,0.25,0,0
177.981,4407,38.6,124,2.20,0.25,0,0
178.020,4408,38.0,124,2.22,0.25,0,0
178.061,4409,38.5,124,2.22,0.25,0,0
178.101,4410,38.0,124,2.22,0.25,0,0
178.141,4411,38.6,124,2.20,0.25,0,0
178.181,4412,38.0,124,2.22,0.25,0,0
178.220,4413,39.4,125,2.33,0.25,0,0
178.261,4414,38.0,124,2.22,0.25,0,0
178.300,4415,38.0,124,2.22,0.25,0,0
178.341,4416,38.6,124,2.20,0.25,0,0
178.381,4417,38.0,124,2.22,0.25,0,0
178.420,4418,38.0,124,2.22,0.25,0,0
178.461,4419,39.4,125,2.35,0.25,0,0
178.501,4420,38.0,124,2.22,0.25,0,0
178.541,4421,38.0,124,2.22,0.25,0,0
178.581,4422,38.0,124,2.22,0.25,0,0
178.621,4423,38.0,124,2.22,0.25,0,0
178.661,4424,38.5,124,2.20,0.25,0,0
178.701,4425,38.0,124,2.20,0.25,0,0
178.741,4426,38.4,124,2.22,0.24,0,0
178.781,4427,38.0,124,2.20,0.25,0,0
178.821,4428,39.3,125,2.32,0.25,0,0
178.861,4429,38.0,124,2.22,0.25,0,0
178.901,4430,38.4,124,2.20,0.24,0,0
178.940,4431,39.8,125,2.33,0.25,0,0
178.981,4432,39.3,125,2.34,0.25,0,0
179.021,4433,38.0,124,2.20,0.25,0,0
179.061,4434,39.8,125,2.36,0.25,0,0
179.101,4435,39.8,124,2.31,0.25,0,0
179.141,4436,39.0,123,2.22,0.25,0,0
179.181,4437,39.0,123,2.24,0.25,0,0
179.222,4438,39.8,124,2.32,0.25,0,0
179.261,4439,39.9,124,2.32,0.25,0,0
179.301,4440,40.3,124,2.33,0.25,0,0
179.341,4441,40.5,123,2.25,0.25,0,0
179.381,4442,39.4,125,2.29,0.25,0,0
179.421,4443,39.0,125,2.28,0.25,0,0
179.462,4444,39.0,125,2.28,0.25,0,0
179.503,4445,39.5,125,2.28,0.25,0,0
179.546,4446,37.8,125,2.23,0.24,0,1
179.600,4447,38.2,126,2.33,0.25,0,0
179.637,4448,38.8,126,2.32,0.24,0,0
179.675,4449,39.0,125,2.28,0.25,0,0
179.707,4450,39.0,125,2.28,0.25,0,0
179.741,4451,39.0,125,2.28,0.25,0,0
179.781,4452,39.0,125,2.28,0.25,0,0
179.822,4453,38.7,126,2.32,0.24,0,0
179.861,4454,39.4,125,2.28,0.24,0,0
179.901,4455,38.9,125,2.29,0.25,0,0
179.941,4456,39.4,125,2.28,0.24,0,0
179.982,4457,39.0,125,2.28,0.25,0,0
180.021,4458,39.4,125,2.28,0.24,0,0
180.061,4459,39.0,125,2.28,0.25,0,0
180.101,4460,39.0,125,2.28,0.25,0,0
180.141,4461,39.4,125,2.29,0.25,0,0
180.181,4462,39.4,125,2.28,0.24,0,0
180.221,4463,39.4,125,2.28,0.24,0,0
180.261,4464,38.3,126,2.32,0.25,0,0
180.302,4465,39.0,125,2.28,0.25,0,0
180.341,4466,38.9,125,2.29,0.25,0,0
180.381,4467,39.3,125,2.29,0.24,0,0
180.421,4468,38.3,126,2.32,0.25,0,0
180.461,4469,38.9,125,2.29,0.25,0,0
180.501,4470,39.0,125,2.28,0.25,0,0
180.545,4471,39.4,125,2.28,0.25,0,0
180.581,4472,39.4,125,2.28,0.24,0,0
180.623,4473,39.0,125,2.28,0.25,0,0
180.661,4474,39.0,125,2.28,0.25,0,0
180.701,4475,39.5,125,2.28,0.25,0,0
180.741,4476,38.9,125,2.29,0.25,0,0
180.781,4477,38.9,125,2.29,0.25,0,0
180.821,4478,39.3,125,2.29,0.24,0,0
180.861,4479,39.4,125,2.28,0.24,0,0
180.901,4480,38.9,125,2.29,0.25,0,0
180.942,4481,39.4,125,2.28,0.24,0,0
180.981,4482,39.0,125,2.28,0.25,0,0
181.025,4483,38.9,125,2.29,0.25,0,0
181.063,4484,39.0,125,2.28,0.25,0,0
181.101,4485,39.4,125,2.28,0.24,0,0
181.146,4486,39.5,125,2.28,0.25,0,0
181.196,4487,38.9,125,2.28,0.25,0,0
181.245,4488,39.4,125,2.28,0.25,0,0
181.279,4489,39.3,125,2.28,0.24,0,0
181.315,4490,39.4,125,2.26,0.25,0,0
181.351,4491,39.4,125,2.26,0.25,0,0
181.387,4492,38.9,125,2.25,0.25,0,0
181.423,4493,38.9,125,2.23,0.25,0,0
181.460,4494,38.9,125,2.23,0.25,0,0
181.501,4495,38.9,125,2.23,0.25,0,0
181.541,4496,39.0,125,2.23,0.26,0,0
181.581,4497,39.0,125,2.23,0.26,0,0
181.621,4498,38.9,125,2.23,0.25,0,0
181.662,4499,40.5,123,2.19,0.25,0,0
181.702,4500,40.5,123,2.19,0.26,0,0
181.741,4501,40.5,123,2.20,0.25,0,0
181.781,4502,40.5,123,2.19,0.25,0,0
181.825,4503,40.6,123,2.19,0.26,0,0
181.861,4504,40.5,123,2.19,0.26,0,0
181.901,4505,40.5,123,2.19,0.26,0,0
181.942,4506,40.9,123,2.19,0.31,0,0
181.981,4507,41.1,123,2.19,0.32,0,0
182.022,4508,42.9,120,2.13,0.31,0,0
182.061,4509,41.3,122,2.22,0.32,0,0
182.101,4510,40.0,124,2.24,0.29,0,0
182.141,4511,41.8,122,2.19,0.24,0,0
182.181,4512,41.1,125,2.34,0.25,0,0
182.221,4513,41.1,127,2.26,0.67,0,0
182.264,4514,40.5,124,2.22,0.23,0,0
182.302,4515,40.5,124,2.22,0.23,0,0
182.342,4516,38.8,128,2.34,0.23,0,0
182.383,4517,42.3,125,2.26,0.24,0,0
182.422,4518,41.0,127,2.24,0.25,0,0
182.462,4519,42.5,127,2.25,0.26,0,0
182.501,4520,41.0,127,2.13,0.27,0,0
182.541,4521,38.5,132,2.22,0.35,0,0
182.581,4522,37.4,135,2.11,0.54,0,0
182.622,4523,37.9,132,1.96,0.28,0,0
182.661,4524,36.0,134,1.96,0.32,0,0
182.701,4525,34.2,136,1.85,0.47,0,0
182.741,4526,33.5,138,1.93,0.61,0,0
182.781,4527,34.0,137,1.91,0.48,0,0
182.822,4528,33.5,136,1.80,0.60,0,0
182.862,4529,33.0,137,1.86,0.48,0,0
182.902,4530,33.5,134,1.81,0.49,0,0
182.942,4531,32.4,137,1.83,0.62,0,0
182.982,4532,32.0,137,1.78,0.96,0,0
183.022,4533,32.0,137,1.78,0.96,0,0
183.061,4534,33.1,135,1.76,0.62,0,0
183.101,4535,34.0,134,1.78,0.48,0,0
183.141,4536,33.5,136,1.83,0.60,0,0
183.182,4537,33.9,135,1.81,0.61,0,0
183.222,4538,34.1,135,1.81,0.48,0,0
183.261,4539,34.2,134,1.89,0.30,0,0
183.301,4540,34.7,134,2.05,0.29,0,0
183.341,4541,31.3,140,1.84,1.16,0,0
183.382,4542,32.0,140,1.81,1.02,0,0
183.422,4543,33.4,135,1.62,0.34,0,0
183.462,4544,26.0,138,1.41,1.08,0,0
183.502,4545,24.2,141,1.48,1.15,0,0
183.542,4546,20.1,141,1.33,1.43,0,0
183.582,4547,18.8,143,1.33,1.44,0,0
183.622,4548,20.4,133,1.34,0.59,0,0
183.662,4549,18.0,142,1.06,0.96,0,0
183.701,4550,7.6,136,1.59,1.44,0,0
183.741,4551,3.8,132,1.75,1.05,0,0
183.781,4552,6.1,131,1.45,1.29,0,0
183.821,4553,14.7,126,0.30,1.63,0,0
183.864,4554,19.0,95,0.27,1.60,0,0
183.902,4555,17.8,89,0.44,1.54,0,0
183.941,4556,22.9,88,0.64,1.59,0,0
183.981,4557,34.3,90,0.21,1.65,0,0
184.022,4558,37.1,89,0.23,1.60,0,0
184.061,4559,39.7,91,0.23,1.63,0,0
184.101,4560,39.9,89,0.23,1.61,0,0
184.141,4561,42.8,93,0.25,1.56,0,0
184.181,4562,46.5,91,0.24,1.39,1,0
184.231,4563,48.2,92,0.25,1.17,1,0
184.266,4564,47.5,90,0.25,1.22,1,0
184.302,4565,48.4,92,0.23,1.14,1,0
184.344,4566,48.3,92,0.23,1.13,1,0
184.379,4567,46.8,90,0.25,1.22,1,0
184.423,4568,45.5,92,0.25,1.35,1,0
184.462,4569,46.5,91,0.25,1.28,1,0
184.501,4570,46.7,91,0.25,1.23,1,0
184.543,4571,46.8,91,0.25,1.23,1,0
184.586,4572,46.7,91,0.24,1.25,1,0
184.622,4573,46.9,91,0.25,1.26,1,0
184.661,4574,46.1,93,0.26,1.38,1,0
184.700,4575,45.1,94,0.24,1.42,1,0
184.741,4576,44.0,94,0.24,1.47,0,0
184.781,4577,45.3,96,0.23,1.52,1,0
184.821,4578,45.1,95,0.23,1.41,1,0
184.861,4579,45.0,95,0.23,1.41,1,0
184.903,4580,45.0,95,0.23,1.41,1,0
184.941,4581,45.1,95,0.23,1.41,1,0
184.981,4582,44.7,95,0.23,1.48,0,0
185.021,4583,45.1,97,0.26,1.52,1,0
185.062,4584,45.9,97,0.24,1.43,1,0
185.101,4585,46.3,99,0.24,1.53,1,0
185.141,4586,46.0,100,0.24,1.50,1,0
185.182,4587,44.7,103,0.25,1.68,0,0
185.224,4588,44.7,102,0.24,1.52,0,0
185.264,4589,44.4,102,0.25,1.58,0,0
185.304,4590,43.8,102,0.25,1.64,0,0
185.343,4591,42.9,103,0.25,1.65,0,0
185.384,4592,41.7,100,0.25,1.58,0,0
185.425,4593,42.1,102,0.24,1.65,0,0
185.462,4594,42.4,102,0.24,1.68,0,0
185.501,4595,42.4,102,0.24,1.69,0,0
185.542,4596,42.4,102,0.24,1.66,0,0
185.582,4597,42.3,101,0.25,1.65,0,0
185.621,4598,42.2,101,0.25,1.65,0,0
185.661,4599,42.4,102,0.24,1.62,0,0
185.701,4600,42.3,101,0.26,1.64,0,0
185.741,4601,42.2,101,0.25,1.65,0,0
185.782,4602,42.2,101,0.25,1.64,0,0
185.821,4603,42.4,101,0.25,1.62,0,0
185.861,4604,42.3,101,0.25,1.60,0,0
185.901,4605,42.5,102,0.24,1.60,0,0
185.942,4606,42.2,101,0.25,1.61,0,0
185.981,4607,42.4,102,0.24,1.61,0,0
186.021,4608,42.5,102,0.24,1.63,0,0
186.061,4609,42.5,101,0.24,1.59,0,0
186.102,4610,42.5,101,0.24,1.63,0,0
186.142,4611,40.4,100,0.24,1.58,0,0
186.181,4612,42.5,101,0.24,1.63,0,0
186.222,4613,42.4,102,0.24,1.61,0,0
186.265,4614,40.9,101,0.24,1.60,0,0
186.306,4615,41.9,100,0.24,1.62,0,0
186.343,4616,42.5,101,0.24,1.65,0,0
186.382,4617,42.9,101,0.24,1.63,0,0
186.421,4618,43.0,101,0.25,1.65,0,0
186.462,4619,43.1,101,0.25,1.60,0,0
186.501,4620,43.1,101,0.24,1.62,0,0
186.541,4621,43.7,100,0.25,1.55,0,0
186.583,4622,43.7,100,0.25,1.55,0,0
186.622,4623,44.1,101,0.25,1.64,0,0
186.661,4624,44.3,101,0.25,1.62,0,0
186.702,4625,44.2,101,0.25,1.60,0,0
186.741,4626,44.0,101,0.25,1.61,0,0
186.782,4627,44.1,101,0.26,1.60,0,0
186.822,4628,44.2,101,0.25,1.62,0,0
186.863,4629,44.2,101,0.26,1.59,0,0
186.902,4630,44.1,101,0.26,1.61,0,0
186.941,4631,44.1,101,0.26,1.61,0,0
186.982,4632,44.2,101,0.26,1.62,0,0
187.022,4633,44.2,101,0.25,1.61,0,0
187.061,4634,43.0,101,0.26,1.59,0,0
187.101,4635,43.5,100,0.27,1.59,0,0
187.142,4636,43.6,100,0.26,1.58,0,0
187.181,4637,43.7,100,0.26,1.58,0,0
187.222,4638,43.6,100,0.27,1.56,0,0
187.261,4639,43.5,100,0.27,1.59,0,0
187.302,4640,43.7,100,0.26,1.58,0,0
187.342,4641,43.6,100,0.27,1.58,0,0
187.381,4642,43.6,100,0.27,1.58,0,0
187.422,4643,43.6,100,0.27,1.58,0,0
187.461,4644,43.6,100,0.27,1.58,0,0
187.501,4645,43.6,100,0.27,1.58,0,0
187.542,4646,43.7,100,0.26,1.58,0,0
187.582,4647,43.6,100,0.27,1.58,0,0
187.621,4648,43.7,100,0.26,1.58,0,0
187.661,4649,43.7,100,0.26,1.58,0,0
187.702,4650,43.6,100,0.27,1.58,0,0
187.741,4651,43.7,100,0.26,1.58,0,0
187.783,4652,43.7,100,0.27,1.58,0,0
187.821,4653,43.7,100,0.26,1.58,0,0
187.861,4654,43.7,100,0.27,1.56,0,0
187.905,4655,43.9,100,0.27,1.56,0,0
187.942,4656,43.7,100,0.27,1.56,0,0
187.981,4657,43.8,100,0.27,1.56,0,0
188.021,4658,43.5,100,0.26,1.56,0,0
188.064,4659,43.8,100,0.27,1.56,0,0
188.101,4660,43.9,100,0.27,1.56,0,0
188.141,4661,43.8,100,0.27,1.56,0,0
188.181,4662,43.9,100,0.27,1.56,0,0
188.225,4663,44.0,100,0.27,1.56,0,0
188.262,4664,43.7,100,0.27,1.56,0,0
188.302,4665,43.9,100,0.27,1.59,0,0
188.341,4666,43.8,100,0.27,1.56,0,0
188.383,4667,43.8,100,0.27,1.58,0,0
188.423,4668,43.7,100,0.27,1.56,0,0
188.462,4669,43.7,100,0.27,1.58,0,0
188.501,4670,43.8,100,0.27,1.56,0,0
188.543,4671,43.9,100,0.26,1.56,0,0
188.582,4672,43.5,100,0.26,1.56,0,0
188.621,4673,43.6,100,0.27,1.60,0,0
188.662,4674,43.6,100,0.26,1.57,0,0
188.703,4675,44.1,99,0.27,1.53,0,0
188.741,4676,43.5,101,0.25,1.60,0,0
188.781,4677,44.9,101,0.25,1.54,0,0
188.821,4678,46.3,102,0.24,1.54,1,0
188.878,4679,45.4,101,0.24,1.60,1,0
188.910,4680,46.6,102,0.25,1.56,1,0
188.945,4681,46.5,102,0.25,1.55,1,0
188.983,4682,45.4,101,0.25,1.58,1,0
189.020,4683,46.5,102,0.25,1.55,1,0
189.063,4684,46.3,102,0.25,1.57,1,0
189.101,4685,46.6,102,0.25,1.55,1,0
189.141,4686,46.6,102,0.25,1.56,1,0
189.181,4687,46.3,102,0.26,1.55,1,0
189.221,4688,45.4,101,0.24,1.60,1,0
189.261,4689,46.9,103,0.25,1.59,1,0
189.302,4690,45.4,101,0.24,1.60,1,0
189.342,4691,45.4,101,0.25,1.56,1,0
189.381,4692,46.7,102,0.24,1.56,1,0
189.423,4693,45.3,101,0.24,1.58,1,0
189.461,4694,46.7,102,0.24,1.56,1,0
189.502,4695,45.4,101,0.24,1.60,1,0
189.541,4696,46.4,102,0.24,1.55,1,0
189.581,4697,46.3,101,0.24,1.55,1,0
189.623,4698,45.6,100,0.24,1.56,1,0
189.661,4699,46.2,102,0.25,1.55,1,0
189.705,4700,48.0,102,0.25,1.52,1,0
189.742,4701,48.1,102,0.26,1.44,1,0
189.781,4702,49.4,102,0.25,1.33,1,0
189.822,4703,48.5,104,0.25,1.42,1,0
189.862,4704,51.8,108,0.26,1.21,1,0
189.901,4705,55.3,112,0.26,0.91,1,0
189.940,4706,59.2,110,0.26,0.26,1,0
189.981,4707,60.4,106,0.24,1.99,1,0
190.022,4708,59.2,95,0.25,1.54,1,0
190.078,4709,69.4,97,0.28,1.82,1,0
190.112,4710,68.7,99,0.26,1.71,1,0
190.146,4711,70.4,91,1.14,1.38,1,0
190.181,4712,87.4,214,5.15,5.20,0,0
190.221,4713,81.1,226,5.45,6.80,0,0
190.263,4714,55.8,150,0.96,3.21,0,0
190.301,4715,49.4,129,1.06,0.90,1,0
190.343,4716,52.0,142,1.88,1.38,1,0
190.382,4717,76.5,166,1.41,4.81,0,0
190.422,4718,74.4,191,1.80,4.83,0,0
190.467,4719,81.6,203,4.40,2.82,0,0
190.502,4720,89.5,183,2.80,3.30,0,0
190.543,4721,87.3,179,1.37,2.50,0,0
190.581,4722,70.2,139,1.10,0.25,1,0
190.621,4723,68.8,137,0.61,0.38,1,0
190.661,4724,82.0,171,1.63,2.15,0,0
190.705,4725,80.7,168,1.32,2.09,0,0
190.743,4726,79.2,168,1.65,2.34,0,0
190.782,4727,89.4,179,1.32,1.98,1,0
190.826,4728,85.5,185,2.71,2.03,0,0
190.864,4729,88.1,177,1.31,1.80,1,0
190.903,4730,80.7,167,1.75,2.63,0,0
190.945,4731,87.9,178,1.35,1.83,1,0
190.982,4732,88.7,177,1.53,1.71,1,0
191.023,4733,81.6,168,1.77,2.76,0,0
191.063,4734,81.8,167,1.72,2.38,0,0
191.103,4735,81.5,167,1.65,2.12,0,0
191.144,4736,81.7,170,1.82,2.23,0,0
191.183,4737,79.7,170,1.94,2.58,0,0
191.225,4738,73.8,175,2.89,2.63,0,0
191.263,4739,72.3,176,3.16,2.55,0,0
191.305,4740,74.0,174,3.08,2.57,0,0
191.342,4741,72.7,173,3.15,2.31,0,0
191.385,4742,71.2,171,3.32,1.98,0,0
191.422,4743,67.7,169,3.46,2.14,0,0
191.465,4744,69.4,169,3.39,2.38,0,0
191.502,4745,78.3,179,3.07,1.46,0,0
191.545,4746,73.2,167,3.14,2.29,0,0
191.583,4747,71.6,167,3.12,2.53,0,0
191.626,4748,69.1,168,3.39,2.44,0,0
191.664,4749,69.8,166,3.27,2.29,0,0
191.702,4750,69.3,163,3.31,2.03,0,0
191.746,4751,72.6,161,3.19,1.94,0,0
191.783,4752,68.7,161,3.44,1.86,0,0
191.826,4753,72.1,160,3.19,2.06,0,0
191.864,4754,76.3,171,3.01,1.17,0,0
191.902,4755,58.5,165,3.28,1.13,0,0
191.945,4756,69.0,162,3.36,1.98,0,0
191.983,4757,67.7,162,3.35,1.99,0,0
192.025,4758,68.4,159,3.23,1.50,0,0
192.062,4759,53.4,146,3.41,0.56,0,0
192.102,4760,48.4,149,3.46,0.54,0,0
192.143,4761,47.5,151,3.41,0.69,0,0
192.182,4762,53.0,150,3.42,0.43,0,0
192.223,4763,47.2,144,3.23,0.36,0,0
192.264,4764,45.6,139,3.12,0.28,0,0
192.302,4765,49.6,136,2.98,0.28,0,0
192.342,4766,50.0,141,2.93,0.28,0,0
192.384,4767,43.1,150,3.18,0.63,0,0
192.422,4768,42.3,146,3.08,0.31,0,0
192.462,4769,42.3,144,3.08,0.40,0,0
192.502,4770,39.6,149,3.19,0.88,0,0
192.544,4771,40.7,149,3.17,0.54,0,0
192.582,4772,40.0,148,3.17,0.54,0,0
192.625,4773,40.9,148,3.16,0.70,0,0
192.662,4774,39.7,150,3.17,0.86,0,0
192.704,4775,40.4,149,3.17,0.90,0,0
192.742,4776,41.3,145,3.13,0.34,0,0
192.782,4777,40.7,146,2.94,0.89,0,0
192.822,4778,39.2,145,3.08,0.51,0,0
192.863,4779,40.5,143,3.02,0.42,0,0
192.902,4780,42.2,143,3.01,0.34,0,0
192.945,4781,41.8,143,2.90,0.51,0,0
192.982,4782,41.2,144,2.90,0.66,0,0
193.022,4783,39.7,146,3.04,0.51,0,0
193.063,4784,41.7,145,2.99,0.51,0,0
193.102,4785,39.5,146,3.01,0.51,0,0
193.142,4786,38.9,147,3.02,0.66,0,0
193.183,4787,40.8,145,2.90,0.86,0,0
193.222,4788,41.4,145,2.84,0.85,0,0
193.265,4789,39.1,149,3.11,0.86,0,0
193.302,4790,39.1,149,3.09,0.82,0,0
193.342,4791,39.7,148,3.09,0.69,0,0
193.384,4792,39.1,149,3.09,0.83,0,0
193.422,4793,39.0,149,3.11,0.83,0,0
193.462,4794,39.1,149,3.10,0.83,0,0
193.504,4795,39.0,149,3.10,0.83,0,0
193.543,4796,39.7,148,3.11,0.69,0,0
193.586,4797,39.1,149,3.10,0.83,0,0
193.622,4798,39.1,149,3.11,0.83,0,0
193.663,4799,39.1,149,3.10,0.82,0,0
193.703,4800,39.1,149,3.09,0.82,0,0
193.742,4801,39.1,149,3.10,0.83,0,0
193.783,4802,39.1,149,3.10,0.83,0,0
193.822,4803,39.1,149,3.10,0.83,0,0
193.864,4804,39.1,149,3.11,0.82,0,0
193.902,4805,39.1,149,3.10,0.82,0,0
193.943,4806,39.1,149,3.10,0.82,0,0
193.983,4807,39.1,149,3.11,0.83,0,0
194.022,4808,39.7,148,3.11,0.69,0,0
194.062,4809,39.1,149,3.10,0.82,0,0
194.102,4810,39.7,148,3.11,0.69,0,0
194.143,4811,39.1,149,3.11,0.82,0,0
194.182,4812,39.7,148,3.10,0.70,0,0
194.223,4813,39.7,148,3.10,0.68,0,0
194.264,4814,39.7,148,3.11,0.68,0,0
194.302,4815,39.7,148,3.09,0.69,0,0
194.346,4816,39.1,149,3.11,0.82,0,0
194.382,4817,39.7,148,3.10,0.69,0,0
194.424,4818,39.0,149,3.10,0.82,0,0
194.462,4819,39.7,148,3.10,0.69,0,0
194.505,4820,39.1,149,3.11,0.82,0,0
194.542,4821,39.1,149,3.09,0.82,0,0
194.582,4822,39.1,149,3.11,0.82,0,1
194.637,4823,39.1,149,3.10,0.82,0,0
194.673,4824,39.7,148,3.10,0.68,0,0
194.712,4825,39.1,149,3.10,0.82,0,0
194.751,4826,39.1,149,3.10,0.82,0,0
194.787,4827,39.7,148,3.11,0.69,0,0
194.826,4828,39.1,149,3.11,0.83,0,0
194.866,4829,39.1,149,3.09,0.82,0,0
194.902,4830,39.1,149,3.11,0.82,0,0
194.943,4831,39.1,149,3.10,0.82,0,0
194.983,4832,39.1,149,3.11,0.82,0,0
195.026,4833,39.1,149,3.10,0.82,0,0
195.062,4834,39.1,149,3.11,0.82,0,0
195.102,4835,39.7,148,3.10,0.68,0,0
195.144,4836,39.1,149,3.10,0.82,0,0
195.182,4837,39.7,148,3.10,0.68,0,0
195.224,4838,39.1,149,3.09,0.82,0,0
195.262,4839,39.7,148,3.10,0.69,0,0
195.302,4840,39.1,149,3.11,0.82,0,0
195.344,4841,39.1,149,3.10,0.82,0,0
195.383,4842,39.1,149,3.10,0.83,0,0
195.425,4843,39.1,149,3.11,0.82,0,0
195.463,4844,39.8,148,3.11,0.68,0,0
195.502,4845,39.1,149,3.10,0.82,0,0
195.545,4846,39.1,149,3.10,0.82,0,0
195.582,4847,39.1,149,3.11,0.82,0,0
195.623,4848,39.1,149,3.10,0.82,0,0
195.663,4849,39.1,149,3.10,0.83,0,0
195.704,4850,39.1,149,3.10,0.82,0,0
195.743,4851,39.7,148,3.11,0.69,0,0
195.783,4852,39.7,148,3.10,0.69,0,0
195.824,4853,39.1,149,3.12,0.82,0,0
195.863,4854,39.1,149,3.10,0.82,0,0
195.904,4855,39.2,149,3.09,0.82,0,0
195.942,4856,39.1,149,3.10,0.82,0,0
195.985,4857,39.1,149,3.10,0.82,0,0
196.022,4858,39.1,149,3.10,0.82,0,0
196.062,4859,39.7,148,3.10,0.68,0,0
196.102,4860,39.8,148,3.11,0.68,0,0
196.145,4861,39.1,149,3.10,0.82,0,0
196.183,4862,39.7,148,3.10,0.67,0,0
196.223,4863,39.7,148,3.10,0.67,0,0
196.264,4864,39.8,148,3.10,0.67,0,0
196.302,4865,39.7,148,3.10,0.65,0,0
196.346,4866,41.3,146,2.99,0.67,0,0
196.390,4867,39.6,148,3.11,0.67,0,0
196.433,4868,39.8,148,3.11,0.65,0,0
196.470,4869,42.9,145,2.90,0.50,0,0
196.505,4870,42.0,144,2.85,0.50,0,0
196.544,4871,41.0,145,2.88,0.83,0,0
196.585,4872,40.5,147,3.04,0.68,0,0
196.624,4873,40.5,148,3.10,0.51,0,0
196.664,4874,42.8,145,2.88,0.51,0,0
196.702,4875,40.4,148,3.10,0.50,0,0
196.743,4876,42.1,144,2.82,0.50,0,0
196.783,4877,39.8,149,3.14,0.65,0,0
196.823,4878,41.5,147,2.98,0.64,0,0
196.863,4879,42.0,145,2.84,0.67,0,0
196.903,4880,40.0,148,3.14,0.67,0,0
196.942,4881,41.9,145,2.83,0.67,0,0
196.983,4882,41.6,145,2.80,0.68,0,0
197.022,4883,42.8,145,2.89,0.51,0,0
197.063,4884,40.9,147,3.00,0.49,0,0
197.103,4885,41.4,148,3.05,0.50,0,0
197.146,4886,42.7,145,2.86,0.50,0,0
197.183,4887,43.5,145,2.92,0.38,0,0
197.223,4888,42.0,147,2.89,0.49,0,0
197.263,4889,42.8,144,2.86,0.39,0,0
197.304,4890,42.6,150,2.90,0.82,0,0
197.343,4891,41.4,152,3.05,0.64,0,0
197.383,4892,44.3,150,2.66,0.50,0,0
197.423,4893,45.4,150,2.49,0.31,0,0
197.465,4894,42.6,146,2.37,0.54,0,0
197.503,4895,43.3,145,2.50,0.44,0,0
197.543,4896,42.2,144,2.46,0.43,0,0
197.585,4897,37.9,146,2.99,0.88,0,0
197.623,4898,37.7,146,3.16,0.73,0,0
197.663,4899,37.4,145,3.22,0.57,0,0
197.705,4900,36.9,146,3.28,0.54,0,0
197.742,4901,37.5,146,3.30,0.41,0,0
197.783,4902,36.6,145,3.43,0.33,0,0
197.824,4903,36.1,149,3.45,0.49,0,0
197.863,4904,36.0,148,3.70,0.37,0,0
197.903,4905,38.3,147,3.55,0.28,0,0
197.943,4906,37.3,152,3.96,0.95,0,0
197.984,4907,38.0,154,3.98,1.14,0,0
198.023,4908,39.3,154,3.83,0.95,0,0
198.065,4909,39.3,154,3.86,0.95,0,0
198.102,4910,38.2,153,3.88,0.94,0,0
198.143,4911,38.5,147,3.52,0.29,0,0
198.183,4912,38.6,147,3.52,0.29,0,0
198.225,4913,38.2,147,3.60,0.29,0,0
198.263,4914,38.0,147,3.59,0.29,0,0
198.303,4915,38.1,147,3.61,0.29,0,0
198.343,4916,38.0,147,3.62,0.29,0,0
198.384,4917,38.1,147,3.59,0.29,0,0
198.422,4918,36.0,145,3.76,0.29,0,0
198.463,4919,39.0,147,3.47,0.28,0,0
198.504,4920,38.4,146,3.52,0.30,0,0
198.543,4921,38.3,146,3.47,0.29,0,0
198.582,4922,37.1,145,3.59,0.30,0,0
198.624,4923,37.3,144,3.44,0.28,0,0
198.663,4924,34.6,148,3.65,0.47,0,0
198.706,4925,34.5,147,3.67,0.47,0,0
198.743,4926,35.1,147,3.53,0.38,0,0
198.783,4927,33.2,146,3.70,0.37,0,0
198.823,4928,33.7,143,3.60,0.28,0,0
198.864,4929,33.4,144,3.61,0.28,0,0
198.903,4930,31.4,143,3.68,0.29,0,0
198.943,4931,44.8,148,5.09,0.29,0,0
198.985,4932,31.5,143,3.60,0.29,0,0
199.023,4933,32.3,144,3.42,0.36,0,0
199.063,4934,34.0,155,2.65,0.33,0,0
199.106,4935,28.0,142,3.48,0.32,0,0
199.143,4936,32.4,153,2.53,0.34,0,0
199.183,4937,29.0,144,3.06,0.34,0,0
199.223,4938,27.9,143,2.93,0.36,0,0
199.265,4939,29.7,150,2.30,0.34,0,0
199.303,4940,28.1,151,2.13,0.40,0,0
199.346,4941,27.1,150,2.07,0.41,0,0
199.383,4942,25.4,148,1.99,0.45,0,0
199.426,4943,24.1,149,1.78,0.60,0,0
199.463,4944,21.4,142,1.67,0.64,0,0
199.503,4945,20.1,144,1.50,0.69,0,0
199.545,4946,19.5,140,1.36,0.51,0,0
199.583,4947,30.1,128,4.88,0.54,0,0
199.623,4948,17.6,136,1.15,0.56,0,0
199.664,4949,31.1,125,5.12,0.70,0,0
199.704,4950,12.3,133,1.12,0.94,0,0
199.746,4951,24.7,120,4.57,1.07,0,0
199.783,4952,30.9,116,4.81,1.09,0,0
199.824,4953,32.7,109,4.45,0.90,0,0
199.863,4954,36.9,106,4.38,0.93,0,0
199.903,4955,37.2,104,4.31,1.11,0,0
199.943,4956,37.5,100,4.23,1.21,0,0
199.983,4957,36.1,97,4.12,1.40,0,0
200.023,4958,35.8,93,4.04,1.54,0,0
200.062,4959,40.1,85,3.56,1.35,0,0
200.106,4960,46.3,82,3.40,1.53,0,0
200.143,4961,51.8,77,3.18,1.40,0,0
200.183,4962,68.6,72,2.83,1.36,0,0
200.223,4963,57.0,68,2.86,1.30,0,0
200.267,4964,53.0,65,2.74,1.15,0,0
200.303,4965,50.5,63,2.62,1.18,0,0
200.343,4966,50.0,59,2.41,1.15,0,0
200.385,4967,43.9,62,2.45,1.09,0,0
200.422,4968,47.8,61,2.51,1.15,0,0
200.463,4969,45.9,63,2.62,1.19,0,0
200.503,4970,78.7,68,2.55,1.23,0,0
200.544,4971,74.4,73,2.18,0.38,0,0
200.583,4972,58.1,90,2.33,0.63,0,0
200.623,4973,52.7,100,2.45,0.77,0,0
200.665,4974,51.6,105,2.52,0.80,0,0
200.703,4975,50.2,106,2.47,0.81,0,0
200.743,4976,49.5,106,2.45,0.79,0,0
200.784,4977,49.1,106,2.48,0.91,0,0
200.823,4978,51.5,105,2.51,0.94,0,0
200.863,4979,50.2,106,2.47,0.79,0,0
200.903,4980,51.6,105,2.50,0.77,0,0
200.943,4981,51.7,105,2.49,0.77,0,0
200.984,4982,51.6,105,2.52,0.75,0,0
201.023,4983,49.8,107,2.40,0.77,0,0
201.063,4984,51.9,106,2.53,0.79,0,0
201.103,4985,49.7,107,2.38,0.84,0,0
201.145,4986,51.8,106,2.51,0.79,0,0
201.183,4987,51.6,105,2.53,0.77,0,0
201.224,4988,51.5,105,2.51,0.77,0,0
201.265,4989,51.6,105,2.51,0.75,0,0
201.303,4990,51.4,105,2.53,0.94,0,0
201.343,4991,51.9,105,2.53,0.89,0,0
201.383,4992,52.1,103,2.47,0.75,0,0
201.423,4993,53.7,100,2.47,0.76,0,0
201.463,4994,54.3,100,2.42,0.72,0,0
201.504,4995,53.9,100,2.47,0.69,0,0
201.546,4996,54.0,100,2.49,0.69,0,0
201.584,4997,54.3,100,2.47,0.73,0,0
201.623,4998,54.4,100,2.49,0.73,0,0
201.667,4999,54.2,100,2.49,0.71,0,0
201.703,5000,54.4,100,2.49,0.73,0,0
201.743,5001,54.2,100,2.49,0.71,0,0
201.783,5002,54.2,100,2.49,0.71,0,0
201.823,5003,54.0,100,2.49,0.71,0,0
201.865,5004,54.3,100,2.47,0.73,0,0
201.904,5005,54.2,100,2.49,0.71,0,0
201.943,5006,54.1,100,2.47,0.71,0,0
201.986,5007,54.0,100,2.49,0.69,0,0
202.024,5008,54.4,100,2.49,0.73,0,0
202.063,5009,53.9,100,2.49,0.71,0,0
202.103,5010,54.2,100,2.49,0.71,0,0
202.146,5011,54.2,100,2.49,0.71,0,0
202.183,5012,54.2,100,2.49,0.71,0,0
202.223,5013,53.9,100,2.49,0.71,0,0
202.266,5014,54.0,100,2.47,0.71,0,0
202.303,5015,54.1,100,2.47,0.71,0,0
202.343,5016,54.1,100,2.47,0.71,0,0
202.384,5017,54.0,100,2.49,0.71,0,0
202.423,5018,54.0,100,2.47,0.71,0,0
202.463,5019,54.3,100,2.47,0.73,0,0
202.503,5020,54.2,100,2.49,0.71,0,1
202.557,5021,54.2,100,2.49,0.71,0,0
202.595,5022,54.3,100,2.47,0.73,0,0
202.632,5023,52.7,99,2.39,0.81,0,0
202.665,5024,54.4,100,2.49,0.73,0,0
202.707,5025,52.8,99,2.39,0.81,0,0
202.743,5026,53.0,99,2.39,0.78,0,0
202.787,5027,53.0,98,2.39,0.78,0,0
202.826,5028,53.3,98,2.39,0.75,0,0
202.863,5029,54.3,98,2.41,0.77,0,0
202.907,5030,53.2,99,2.33,0.74,0,0
202.943,5031,53.9,98,2.43,0.74,0,0
202.983,5032,53.1,100,2.40,0.77,0,0
203.024,5033,53.6,98,2.40,0.74,0,0
203.064,5034,54.2,97,2.28,0.75,0,0
203.105,5035,55.2,98,2.30,0.78,0,0
203.143,5036,55.1,99,2.38,0.69,0,0
203.183,5037,54.9,100,2.33,0.71,0,0
203.223,5038,55.2,100,2.40,0.72,0,0
203.266,5039,53.8,101,2.36,0.74,0,0
203.303,5040,53.7,101,2.36,0.72,0,0
203.343,5041,53.8,101,2.36,0.72,0,0
203.384,5042,53.6,101,2.36,0.72,0,0
203.423,5043,53.6,101,2.33,0.74,0,0
203.467,5044,54.7,99,2.38,0.67,0,0
203.503,5045,55.0,98,2.38,0.78,0,0
203.543,5046,54.6,97,2.29,0.74,0,0
203.583,5047,54.1,97,2.34,0.76,0,0
203.624,5048,56.8,95,2.36,0.66,0,0
203.663,5049,59.0,93,2.28,0.67,0,0
203.703,5050,58.8,92,2.27,0.68,0,0
203.743,5051,58.4,93,2.39,0.70,0,0
203.783,5052,57.6,92,2.29,0.77,0,0
203.823,5053,56.8,92,2.27,0.74,0,0
203.863,5054,57.0,92,2.26,0.76,0,0
203.907,5055,57.1,93,2.40,0.78,0,0
203.943,5056,58.3,92,2.32,0.77,0,0
203.984,5057,58.2,92,2.36,0.77,0,0
204.023,5058,60.4,88,2.30,0.66,0,0
204.066,5059,65.8,83,2.40,0.55,0,0
204.104,5060,69.3,78,2.40,0.41,0,0
204.148,5061,73.0,73,2.26,0.32,0,0
204.183,5062,86.9,69,2.33,0.42,0,0
204.223,5063,80.9,66,2.43,0.75,0,0
204.266,5064,69.8,63,2.46,0.87,0,0
204.304,5065,67.5,63,2.44,0.86,0,0
204.343,5066,55.1,63,2.46,1.10,0,0
204.383,5067,46.4,61,2.31,1.03,0,0
204.424,5068,35.3,61,2.13,1.11,0,0
204.465,5069,8.8,66,1.47,0.29,0,0
204.503,5070,5.7,66,1.62,0.29,0,0
204.544,5071,5.6,68,1.62,0.46,0,0
204.583,5072,6.2,67,1.51,0.26,0,0
204.624,5073,5.9,67,1.51,0.38,0,0
204.665,5074,6.6,68,1.53,0.51,0,0
204.703,5075,5.1,67,1.53,0.43,0,0
204.747,5076,7.4,67,1.53,0.27,0,0
204.783,5077,6.3,67,1.51,0.27,0,0
204.823,5078,6.3,67,1.51,0.27,0,0
204.863,5079,6.1,67,1.54,0.27,0,0
204.905,5080,6.2,67,1.51,0.26,0,0
204.943,5081,6.8,67,1.62,0.27,0,0
204.985,5082,6.2,65,1.62,0.26,0,0
205.023,5083,3.6,69,1.73,0.28,0,0
205.064,5084,1.3,69,1.71,0.48,0,0
205.103,5085,58.1,62,2.35,0.89,0,0
205.144,5086,58.5,62,2.35,0.92,0,0
205.183,5087,58.5,62,2.35,0.92,0,0
205.223,5088,58.5,62,2.35,0.92,0,0
205.263,5089,58.7,62,2.35,0.92,0,0
205.306,5090,2.8,69,1.71,0.26,0,0
205.344,5091,3.0,68,1.70,0.32,0,0
205.384,5092,58.7,62,2.36,0.77,0,0
205.426,5093,58.7,62,2.36,0.80,0,0
205.463,5094,58.7,62,2.36,0.80,0,0
205.504,5095,0.1,67,1.70,0.44,0,0
205.546,5096,3.8,68,1.73,0.25,0,0
205.584,5097,56.7,62,2.35,0.90,0,0
205.623,5098,56.7,62,2.35,0.94,0,0
205.663,5099,56.4,62,2.35,0.91,0,0
205.705,5100,56.7,62,2.35,0.90,0,0
205.743,5101,56.7,62,2.35,0.94,0,0
205.783,5102,56.4,62,2.35,0.91,0,0
205.824,5103,56.7,62,2.35,0.90,0,0
205.863,5104,56.4,62,2.35,0.91,0,0
205.904,5105,57.3,62,2.31,0.94,0,0
205.944,5106,56.7,62,2.35,0.90,0,0
205.983,5107,56.7,62,2.35,0.90,0,0
206.024,5108,57.3,62,2.31,0.94,0,0
206.064,5109,56.7,62,2.35,0.94,0,0
206.105,5110,57.3,62,2.31,0.94,0,0
206.144,5111,57.3,62,2.31,0.90,0,0
206.187,5112,57.4,62,2.36,0.94,0,0
206.223,5113,56.7,62,2.35,0.90,0,0
206.265,5114,57.3,62,2.31,0.90,0,0
206.304,5115,57.3,62,2.31,0.94,0,0
206.343,5116,56.7,62,2.35,0.94,0,1
206.390,5117,57.0,62,2.31,0.91,0,0
206.429,5118,57.0,62,2.31,0.88,0,0
206.472,5119,56.7,62,2.35,0.94,0,0
206.514,5120,56.4,62,2.35,0.91,0,0
206.550,5121,57.0,62,2.31,0.91,0,0
206.588,5122,56.4,62,2.35,0.91,0,0
206.627,5123,56.7,62,2.35,0.94,0,0
206.663,5124,56.4,62,2.35,0.91,0,0
206.704,5125,56.4,62,2.35,0.91,0,0
206.743,5126,56.7,62,2.35,0.94,0,0
206.784,5127,56.7,62,2.35,0.94,0,0
206.823,5128,56.4,62,2.35,0.91,0,0
206.864,5129,57.3,62,2.31,0.94,0,0
206.904,5130,57.3,62,2.31,0.94,0,0
206.943,5131,56.4,62,2.35,0.91,0,0
206.984,5132,56.7,62,2.35,0.90,0,0
207.027,5133,56.4,62,2.35,0.91,0,0
207.063,5134,57.4,62,2.31,0.91,0,0
207.103,5135,57.4,62,2.36,0.94,0,0
207.144,5136,56.7,62,2.35,0.90,0,0
207.185,5137,57.8,62,2.36,0.88,0,0
207.224,5138,57.4,62,2.36,0.90,0,0
207.264,5139,57.8,62,2.36,0.88,0,0
207.304,5140,57.8,62,2.36,0.88,0,0
207.349,5141,58.6,62,2.36,0.80,0,0
207.383,5142,58.6,62,2.36,0.80,0,0
207.424,5143,58.6,62,2.36,0.80,0,0
207.465,5144,58.6,62,2.36,0.80,0,0
207.505,5145,58.6,62,2.36,0.80,0,0
207.543,5146,58.6,62,2.36,0.80,0,0
207.584,5147,58.7,62,2.36,0.80,0,0
207.623,5148,58.7,62,2.36,0.80,0,0
207.665,5149,58.7,62,2.36,0.80,0,0
207.703,5150,52.2,60,2.27,0.79,0,0
207.744,5151,52.2,60,2.27,0.76,0,0
207.788,5152,2.8,65,1.56,0.28,0,0
207.823,5153,56.2,59,2.24,0.71,0,0
207.864,5154,1.0,65,1.51,0.46,0,0
207.904,5155,0.9,65,1.39,0.45,0,0
207.947,5156,0.5,65,1.39,0.26,0,0
207.984,5157,0.3,65,1.39,0.25,0,0
208.025,5158,58.1,58,2.24,0.56,0,0
208.065,5159,0.6,66,1.39,0.25,0,0
208.105,5160,0.6,63,1.52,0.29,0,0
208.144,5161,4.9,67,1.62,0.25,0,0
208.184,5162,2.3,67,1.69,0.26,0,0
208.224,5163,1.6,67,1.69,0.27,0,0
208.267,5164,2.3,66,1.64,0.25,0,0
208.303,5165,2.3,66,1.64,0.25,0,0
208.344,5166,0.2,67,1.72,0.44,0,0
208.384,5167,61.2,59,2.22,0.38,0,0
208.428,5168,61.2,59,2.22,0.38,0,0
208.464,5169,61.2,59,2.22,0.38,0,0
208.505,5170,61.2,59,2.22,0.38,0,0
208.547,5171,61.3,59,2.22,0.38,0,0
208.584,5172,0.3,65,1.72,0.42,0,0
208.625,5173,2.1,65,1.72,0.26,0,0
208.664,5174,0.4,67,1.73,0.44,0,0
208.705,5175,0.8,67,1.69,0.27,0,0
208.744,5176,0.2,67,1.69,0.30,0,0
208.784,5177,2.9,68,1.67,0.27,0,0
208.824,5178,3.7,68,1.64,0.26,0,0
208.864,5179,0.7,68,1.77,0.28,0,0
208.905,5180,1.2,70,1.80,0.38,0,0
208.945,5181,2.2,70,1.77,0.49,0,0
208.984,5182,2.8,70,1.77,0.26,0,0
209.025,5183,3.6,70,1.80,0.28,0,0
209.066,5184,2.8,70,1.77,0.26,0,0
209.104,5185,1.8,69,1.77,0.27,0,0
209.144,5186,1.6,69,1.77,0.27,0,0
209.188,5187,1.6,69,1.77,0.25,0,0
209.224,5188,1.7,69,1.77,0.26,0,0
209.264,5189,2.6,72,1.80,0.27,0,0
209.307,5190,2.1,71,1.80,0.27,0,0
209.344,5191,2.2,71,1.82,0.30,0,0
209.384,5192,0.8,73,1.92,0.33,0,0
209.426,5193,4.2,76,1.97,0.33,0,0
209.465,5194,1.8,77,2.05,0.31,0,0
209.505,5195,1.2,76,2.05,0.29,0,0
209.545,5196,1.8,76,2.05,0.31,0,0
209.584,5197,1.4,76,2.05,0.29,0,0
209.625,5198,1.4,76,2.05,0.29,0,0
209.664,5199,1.4,76,2.05,0.30,0,0
209.704,5200,1.6,76,2.05,0.31,0,0
209.746,5201,2.0,78,2.11,0.31,0,0
209.784,5202,2.3,78,2.11,0.31,0,0
209.824,5203,0.0,76,2.03,0.44,0,0
209.868,5204,0.8,77,2.03,0.29,0,0
209.904,5205,2.0,73,1.94,0.34,0,0
209.944,5206,1.5,76,1.97,0.27,0,0
209.985,5207,0.6,74,1.90,0.25,0,0
210.024,5208,0.2,75,1.97,0.27,0,0
210.068,5209,0.1,75,1.97,0.24,0,0
210.104,5210,1.6,73,1.90,0.28,0,0
210.146,5211,2.0,73,1.90,0.31,0,0
210.184,5212,1.6,73,1.90,0.30,0,0
210.224,5213,1.2,74,1.83,0.28,0,0
210.264,5214,1.0,74,1.90,0.25,0,0
210.305,5215,0.1,74,1.90,0.26,0,0
210.344,5216,0.6,74,1.90,0.26,0,0
210.384,5217,2.6,72,1.92,0.43,0,0
210.424,5218,0.7,73,1.90,0.46,0,0
210.469,5219,1.4,73,1.90,0.46,0,0
210.504,5220,1.0,73,1.90,0.26,0,0
210.544,5221,1.9,73,1.86,0.25,0,0
210.584,5222,2.2,73,1.78,0.30,0,0
210.624,5223,1.9,72,1.73,0.26,0,0
210.666,5224,2.8,74,1.78,0.27,0,0
210.704,5225,2.6,74,1.75,0.30,0,0
210.744,5226,4.2,73,1.81,0.26,0,0
210.784,5227,2.7,72,1.77,0.27,0,0
210.825,5228,2.5,72,1.74,0.26,0,0
210.865,5229,2.9,72,1.77,0.26,0,0
210.904,5230,1.3,72,1.74,0.29,0,0
210.948,5231,3.2,74,1.78,0.30,0,0
210.984,5232,2.6,74,1.78,0.30,0,0
211.025,5233,2.7,73,1.78,0.29,0,0
211.064,5234,2.9,73,1.75,0.25,0,0
211.105,5235,2.1,73,1.78,0.29,0,0
211.145,5236,2.6,74,1.78,0.30,0,0
211.187,5237,2.4,74,1.78,0.28,0,0
211.225,5238,2.8,74,1.78,0.29,0,0
211.267,5239,2.5,74,1.78,0.29,0,0
211.305,5240,2.2,74,1.78,0.35,0,0
211.345,5241,60.8,64,2.21,1.09,0,0
211.387,5242,61.1,63,2.21,1.12,0,0
211.425,5243,58.9,65,2.28,1.17,0,0
211.469,5244,60.1,65,2.28,1.10,0,0
211.508,5245,60.6,66,2.28,1.23,0,0
211.545,5246,57.1,65,2.17,1.25,0,0
211.586,5247,57.9,64,2.10,1.23,0,0
211.624,5248,59.4,64,2.12,1.15,0,0
211.664,5249,59.4,64,2.12,1.15,0,0
211.706,5250,59.4,64,2.12,1.15,0,0
211.744,5251,59.4,64,2.12,1.15,0,0
211.785,5252,5.7,73,1.75,0.27,0,0
211.824,5253,57.4,64,2.10,1.15,0,0
211.868,5254,58.0,64,2.10,1.20,0,0
211.905,5255,56.9,65,2.09,1.12,0,0
211.945,5256,56.2,64,2.10,1.15,0,0
211.985,5257,56.2,64,2.10,1.15,0,0
212.025,5258,6.5,73,1.64,0.27,0,0
212.065,5259,7.2,73,1.61,0.24,0,0
212.107,5260,57.6,65,2.20,1.18,0,0
212.145,5261,3.3,74,1.80,0.27,0,0
212.185,5262,57.7,65,2.20,1.15,0,0
212.226,5263,57.7,65,2.20,1.15,0,0
212.264,5264,57.6,65,2.20,1.18,0,0
212.306,5265,57.6,65,2.20,1.18,0,0
212.344,5266,57.7,65,2.20,1.15,0,0
212.384,5267,57.7,65,2.20,1.15,0,0
212.424,5268,57.3,65,2.20,1.17,0,0
212.465,5269,57.3,65,2.20,1.17,0,0
212.504,5270,57.3,65,2.20,1.17,0,0
212.545,5271,57.3,65,2.20,1.17,0,0
212.584,5272,57.3,65,2.20,1.17,0,0
212.626,5273,57.3,65,2.20,1.17,0,0
212.664,5274,57.3,65,2.20,1.17,0,0
212.705,5275,57.3,65,2.20,1.17,0,0
212.744,5276,57.3,65,2.20,1.17,0,0
212.784,5277,57.3,65,2.20,1.17,0,0
212.825,5278,57.3,65,2.20,1.17,0,0
212.866,5279,57.3,65,2.20,1.17,0,0
212.904,5280,57.3,65,2.20,1.17,0,0
212.944,5281,57.3,65,2.20,1.17,0,0
212.984,5282,57.3,65,2.20,1.17,0,0
213.025,5283,57.3,65,2.20,1.17,0,0
213.064,5284,57.3,65,2.20,1.17,0,0
213.106,5285,57.3,65,2.20,1.17,0,0
213.145,5286,57.3,65,2.20,1.17,0,0
213.187,5287,57.3,65,2.20,1.17,0,0
213.225,5288,57.3,65,2.20,1.17,0,0
213.264,5289,57.3,65,2.20,1.17,0,0
213.305,5290,57.3,65,2.20,1.17,0,0
213.345,5291,57.3,65,2.20,1.17,0,0
213.386,5292,57.3,65,2.20,1.17,0,0
213.425,5293,57.3,65,2.20,1.17,0,0
213.465,5294,57.3,65,2.20,1.17,0,0
213.505,5295,57.3,65,2.20,1.17,0,1
213.554,5296,57.3,65,2.20,1.17,0,0
213.590,5297,57.3,65,2.20,1.17,0,0
213.631,5298,57.3,65,2.20,1.17,0,0
213.664,5299,57.3,65,2.20,1.17,0,0
213.705,5300,57.3,65,2.20,1.17,0,0
213.744,5301,57.3,65,2.20,1.17,0,0
213.787,5302,57.3,65,2.20,1.17,0,0
213.825,5303,57.3,65,2.20,1.17,0,0
213.865,5304,57.3,65,2.20,1.17,0,0
213.904,5305,57.3,65,2.20,1.17,0,0
213.949,5306,57.3,65,2.20,1.17,0,0
213.985,5307,57.3,65,2.20,1.17,0,0
214.025,5308,57.3,65,2.20,1.17,0,0
214.064,5309,57.3,65,2.20,1.17,0,0
214.105,5310,57.3,65,2.20,1.17,0,0
214.145,5311,57.3,65,2.20,1.17,0,0
214.185,5312,57.3,65,2.20,1.17,0,0
214.229,5313,57.3,65,2.20,1.17,0,0
214.264,5314,57.3,65,2.20,1.17,0,0
214.305,5315,63.3,69,2.38,1.19,0,0
214.346,5316,63.2,70,2.47,1.27,0,0
214.385,5317,4.9,74,1.80,0.26,0,0
214.425,5318,4.5,74,1.76,0.34,0,0
214.465,5319,58.2,66,2.20,1.12,0,0
214.506,5320,4.0,73,1.80,0.30,0,0
214.546,5321,4.5,74,1.79,0.43,0,0
214.587,5322,3.8,74,1.79,0.28,0,0
214.625,5323,59.1,65,2.20,1.06,0,0
214.665,5324,59.7,65,2.20,1.17,0,0
214.705,5325,59.4,66,2.32,1.12,0,0
214.745,5326,4.1,73,1.79,0.29,0,0
214.788,5327,3.7,73,1.80,0.29,0,0
214.825,5328,59.7,66,2.28,1.17,0,0
214.865,5329,58.1,66,2.20,1.17,0,0
214.905,5330,58.7,66,2.20,1.19,0,0
214.949,5331,59.7,65,2.20,1.17,0,0
214.985,5332,58.2,66,2.20,1.12,0,0
215.025,5333,58.2,66,2.20,1.12,0,0
215.065,5334,5.1,75,1.74,0.29,0,0
215.106,5335,2.3,77,1.97,0.30,0,0
215.145,5336,63.1,67,2.34,1.22,0,0
215.185,5337,59.9,68,2.43,1.19,0,0
215.225,5338,59.7,68,2.39,1.19,0,0
215.267,5339,62.4,69,2.38,1.33,0,0
215.305,5340,63.6,70,2.51,1.33,0,0
215.345,5341,4.1,80,2.05,0.28,0,0
215.385,5342,66.8,69,2.45,1.24,0,0
215.425,5343,64.3,68,2.45,1.15,0,0
215.465,5344,67.2,70,2.56,1.18,0,0
215.506,5345,2.5,83,2.21,0.46,0,0
215.545,5346,2.8,83,2.13,0.66,0,0
215.585,5347,5.1,82,2.18,0.98,0,0
215.625,5348,8.3,83,2.21,1.22,0,0
215.665,5349,6.9,87,2.21,1.17,0,0
215.705,5350,5.7,89,2.20,1.26,0,0
215.745,5351,10.1,88,2.17,1.09,0,0
215.785,5352,15.2,86,2.15,0.56,0,0
215.827,5353,23.6,88,0.72,1.58,0,0
215.865,5354,25.4,91,0.46,1.67,0,0
215.905,5355,28.8,101,0.24,1.72,0,0
215.945,5356,29.1,104,0.25,1.73,0,0
215.985,5357,29.1,103,0.25,1.79,0,0
216.024,5358,28.8,102,0.25,1.90,0,0
216.068,5359,28.5,101,0.25,1.89,0,0
216.105,5360,28.5,101,0.25,1.92,0,0
216.145,5361,28.3,101,0.25,1.95,0,0
216.185,5362,28.3,100,0.25,2.04,0,0
216.224,5363,26.6,100,0.25,2.02,0,0
216.264,5364,26.2,102,0.25,2.16,0,0
216.305,5365,26.0,101,0.24,2.18,0,0
216.344,5366,23.7,99,0.24,2.35,0,0
216.384,5367,22.6,100,0.25,2.37,0,0
216.428,5368,21.1,99,0.25,2.40,0,0
216.464,5369,18.7,100,0.24,2.45,0,0
216.504,5370,17.5,99,0.24,2.62,0,0
216.544,5371,16.3,99,0.25,2.59,0,0
216.584,5372,5.5,102,0.30,2.89,0,0
216.627,5373,15.7,98,0.25,2.56,0,0
216.664,5374,7.6,101,0.28,2.89,0,0
216.704,5375,17.7,98,0.24,2.48,0,0
216.744,5376,16.4,98,0.25,2.58,0,0
216.784,5377,15.9,97,0.25,2.62,0,0
216.825,5378,16.1,97,0.25,2.58,0,0
216.865,5379,16.1,97,0.25,2.60,0,0
216.905,5380,16.1,97,0.25,2.62,0,0
216.946,5381,16.7,97,0.24,2.48,0,0
216.984,5382,16.2,97,0.24,2.52,0,0
217.024,5383,7.4,101,0.28,2.91,0,0
217.065,5384,16.0,97,0.24,2.55,0,0
217.107,5385,5.0,101,0.35,2.80,0,0
217.144,5386,5.5,102,0.28,2.81,0,0
217.185,5387,15.0,97,0.24,2.64,0,0
217.225,5388,2.2,101,0.33,2.90,0,0
217.266,5389,12.6,97,0.25,2.59,0,0
217.304,5390,10.4,97,0.24,2.69,0,0
217.344,5391,4.9,102,0.41,2.60,0,0
217.385,5392,1.4,101,0.30,2.64,0,0
217.426,5393,6.9,102,0.36,2.47,0,0
217.464,5394,8.7,102,0.33,2.50,0,0
217.505,5395,10.3,100,0.42,2.21,0,0
217.544,5396,8.8,99,0.34,2.05,0,0
217.586,5397,12.4,99,0.30,1.89,0,0
217.625,5398,21.8,100,0.52,1.98,0,0
217.664,5399,21.1,100,0.50,1.79,0,0
217.705,5400,25.9,100,0.64,1.80,0,0
217.745,5401,28.1,99,0.61,1.55,0,0
217.785,5402,23.3,95,0.56,0.88,0,0
217.825,5403,23.1,97,0.37,0.95,0,0
217.865,5404,18.1,94,0.24,1.10,0,0
217.905,5405,19.2,95,0.24,0.91,0,0
217.945,5406,19.4,98,0.23,1.45,0,0
217.988,5407,17.3,96,0.24,1.28,0,0
218.025,5408,14.7,95,0.23,1.41,0,0
218.065,5409,16.7,98,0.23,1.52,0,0
218.104,5410,23.6,99,0.24,1.34,0,0
218.146,5411,19.0,96,0.24,1.15,0,0
218.185,5412,17.6,94,0.24,1.27,0,0
218.224,5413,20.2,96,0.24,1.17,0,0
218.265,5414,22.2,98,0.26,1.24,0,0
218.305,5415,30.4,101,0.54,1.27,0,0
218.345,5416,30.4,99,0.53,1.19,0,0
218.384,5417,30.7,100,0.62,1.19,0,0
218.428,5418,19.8,94,0.31,0.87,0,0
218.465,5419,20.2,94,0.29,0.90,0,0
218.505,5420,29.8,99,0.57,0.87,0,0
218.545,5421,26.8,101,0.61,0.50,0,0
218.590,5422,28.4,109,0.58,0.75,0,0
218.626,5423,23.4,108,0.41,0.49,0,0
218.665,5424,24.3,108,0.42,0.38,0,0
218.705,5425,24.9,108,0.41,0.35,0,0
218.745,5426,24.4,110,0.41,0.24,0,0
218.785,5427,24.7,109,0.32,0.33,0,0
218.825,5428,24.5,109,0.43,0.23,0,0
218.865,5429,25.4,109,0.43,0.28,0,0
218.905,5430,25.3,109,0.43,0.29,0,0
218.945,5431,25.2,109,0.41,0.31,0,0
218.986,5432,25.7,110,0.54,0.26,0,0
219.025,5433,25.5,112,0.54,0.28,0,0
219.065,5434,26.2,112,0.68,0.27,0,0
219.106,5435,28.8,115,1.14,0.37,0,0
219.145,5436,29.2,119,0.97,0.47,0,0
219.188,5437,28.2,119,0.96,0.46,0,0
219.226,5438,28.0,120,0.97,0.46,0,0
219.266,5439,26.7,119,0.86,0.36,0,0
219.306,5440,25.9,117,0.71,0.30,0,0
219.345,5441,25.6,116,0.70,0.28,0,0
219.385,5442,25.5,116,0.72,0.28,0,0
219.428,5443,25.5,115,0.71,0.27,0,0
219.465,5444,25.2,115,0.59,0.33,0,0
219.505,5445,25.2,115,0.60,0.33,0,0
219.546,5446,25.4,115,0.60,0.31,0,0
219.585,5447,25.5,115,0.58,0.31,0,0
219.626,5448,25.2,115,0.60,0.31,0,0
219.667,5449,24.9,114,0.45,0.31,0,0
219.706,5450,24.9,114,0.45,0.31,0,0
219.747,5451,24.7,114,0.45,0.32,0,0
219.789,5452,24.7,114,0.45,0.32,0,0
219.825,5453,24.7,114,0.43,0.32,0,0
219.866,5454,25.2,115,0.55,0.32,0,0
219.908,5455,28.8,120,0.86,0.67,0,0
219.945,5456,26.0,117,0.58,0.36,0,0
219.985,5457,24.9,114,0.45,0.30,0,0
220.029,5458,25.2,112,0.46,0.27,0,0
220.065,5459,24.8,113,0.46,0.29,0,0
220.107,5460,25.0,112,0.46,0.25,0,0
220.145,5461,24.9,112,0.46,0.26,0,0
220.185,5462,25.0,112,0.46,0.25,0,0
220.226,5463,24.9,112,0.46,0.25,0,0
220.265,5464,24.6,113,0.46,0.28,0,0
220.306,5465,25.0,112,0.46,0.25,0,0
220.347,5466,24.6,113,0.46,0.28,0,0
220.385,5467,24.7,113,0.47,0.29,0,0
220.426,5468,24.8,113,0.48,0.30,0,0
220.466,5469,24.3,112,0.35,0.29,0,0
220.505,5470,24.3,112,0.37,0.29,0,0
220.545,5471,24.3,112,0.34,0.29,0,0
220.585,5472,24.3,112,0.35,0.29,0,0
220.630,5473,24.3,112,0.35,0.30,0,0
220.665,5474,24.2,112,0.36,0.30,0,0
220.705,5475,24.2,112,0.36,0.30,0,0
220.745,5476,24.3,112,0.36,0.29,0,0
220.785,5477,24.9,111,0.46,0.30,0,0
220.827,5478,25.0,111,0.46,0.29,0,0
220.865,5479,25.0,111,0.46,0.29,0,0
220.905,5480,24.9,111,0.46,0.30,0,0
220.945,5481,25.0,111,0.46,0.29,0,1
220.998,5482,25.0,111,0.46,0.29,0,0
221.036,5483,24.3,112,0.33,0.29,0,0
221.070,5484,25.0,111,0.46,0.29,0,0
221.107,5485,24.9,111,0.46,0.30,0,0
221.147,5486,25.0,111,0.46,0.29,0,0
221.186,5487,25.0,111,0.46,0.29,0,0
221.226,5488,25.0,111,0.46,0.29,0,0
221.265,5489,25.0,111,0.46,0.29,0,0
221.305,5490,25.0,111,0.46,0.29,0,0
221.347,5491,25.0,111,0.46,0.29,0,0
221.386,5492,25.0,111,0.46,0.29,0,0
221.425,5493,25.0,111,0.46,0.29,0,0
221.465,5494,25.0,111,0.46,0.29,0,0
221.508,5495,24.9,111,0.46,0.30,0,0
221.549,5496,25.0,111,0.46,0.29,0,0
221.590,5497,24.8,111,0.46,0.30,0,0
221.630,5498,25.0,111,0.46,0.29,0,0
221.665,5499,25.0,111,0.46,0.29,0,0
221.705,5500,25.0,111,0.46,0.29,0,0
221.748,5501,25.0,111,0.46,0.29,0,0
221.787,5502,25.0,111,0.46,0.29,0,0
221.825,5503,25.0,111,0.46,0.29,0,0
221.865,5504,25.0,111,0.47,0.29,0,0
221.905,5505,24.2,112,0.37,0.29,0,0
221.946,5506,24.5,112,0.37,0.29,0,0
221.985,5507,23.8,112,0.37,0.23,0,0
222.027,5508,23.6,112,0.37,0.23,0,0
222.066,5509,24.4,112,0.37,0.29,0,0
222.106,5510,24.0,111,0.35,0.33,0,0
222.147,5511,23.6,111,0.35,0.23,0,0
222.185,5512,24.3,111,0.38,0.31,0,0
222.226,5513,24.2,111,0.35,0.31,0,0
222.266,5514,24.4,111,0.35,0.29,0,0
222.305,5515,24.4,112,0.37,0.29,0,0
222.347,5516,25.0,111,0.46,0.29,0,0
222.386,5517,25.0,111,0.46,0.29,0,0
222.425,5518,24.9,111,0.43,0.30,0,0
222.467,5519,24.9,112,0.48,0.28,0,0
222.505,5520,25.6,111,0.57,0.27,0,0
222.545,5521,25.9,111,0.74,0.28,0,0
222.586,5522,26.1,113,0.71,0.27,0,0
222.625,5523,26.8,115,0.85,0.27,0,0
222.667,5524,26.5,118,0.88,0.26,0,0
222.705,5525,29.6,115,1.38,0.23,0,0
222.747,5526,27.3,120,1.21,0.24,0,0
222.787,5527,29.8,117,1.40,0.27,0,0
222.825,5528,27.3,122,1.21,0.28,0,0
222.867,5529,29.3,125,1.50,0.25,0,0
222.906,5530,32.5,125,1.93,0.34,0,0
222.947,5531,29.7,129,1.83,0.24,0,0
222.986,5532,29.0,131,1.82,0.36,0,0
223.029,5533,30.9,133,2.13,0.45,0,0
223.065,5534,32.2,131,2.27,0.40,0,0
223.105,5535,31.2,128,1.94,0.36,0,0
223.146,5536,31.7,128,1.84,0.38,0,0
223.187,5537,30.2,126,1.76,0.37,0,0
223.225,5538,31.1,125,1.76,0.29,0,0
223.266,5539,30.0,126,1.77,0.32,0,0
223.305,5540,29.4,124,1.85,0.32,0,0
223.345,5541,29.0,125,1.89,0.31,0,0
223.389,5542,29.1,122,1.98,0.32,0,0
223.425,5543,30.5,123,2.18,0.29,0,0
223.466,5544,29.6,125,2.22,0.33,0,0
223.505,5545,32.0,127,2.18,0.40,0,0
223.545,5546,31.4,126,2.07,0.34,0,0
223.585,5547,32.1,125,2.42,0.35,0,0
223.626,5548,34.1,126,2.46,0.35,0,0
223.665,5549,36.8,129,2.45,0.26,0,0
223.708,5550,39.4,133,2.90,0.29,0,0
223.745,5551,40.5,138,3.08,0.21,0,0
223.785,5552,37.6,143,3.42,0.31,0,0
223.825,5553,31.0,143,3.49,0.25,0,0
223.867,5554,29.8,141,3.62,0.21,0,0
223.905,5555,31.1,143,3.46,0.26,0,0
223.945,5556,38.4,149,3.17,0.25,0,0
223.988,5557,38.1,150,3.17,0.26,0,0
224.024,5558,38.2,150,3.17,0.26,0,0
224.065,5559,33.5,157,3.45,1.01,0,0
224.106,5560,34.9,156,3.37,0.68,0,0
224.144,5561,38.3,150,3.29,0.27,0,0
224.187,5562,39.0,152,3.10,0.27,0,0
224.224,5563,38.8,152,3.25,0.26,0,0
224.265,5564,38.4,152,3.29,0.27,0,0
224.305,5565,39.2,154,3.28,0.29,0,0
224.345,5566,38.0,155,3.26,0.29,0,0
224.386,5567,38.4,156,3.32,0.28,0,0
224.425,5568,39.2,155,3.25,0.24,0,0
224.465,5569,39.2,155,3.24,0.24,0,0
224.506,5570,38.9,155,3.25,0.26,0,0
224.545,5571,38.8,155,3.27,0.26,0,0
224.586,5572,38.5,155,3.34,0.26,0,0
224.625,5573,38.4,155,3.36,0.24,0,0
224.665,5574,38.9,156,3.44,0.25,0,0
224.707,5575,39.8,157,3.60,0.29,0,0
224.744,5576,36.5,160,3.94,0.30,0,0
224.787,5577,38.0,161,4.16,0.31,0,0
224.825,5578,38.7,159,4.11,0.24,0,0
224.865,5579,40.2,162,4.09,0.25,0,0
224.906,5580,40.1,163,4.27,0.27,0,0
224.945,5581,42.9,166,4.38,0.26,0,0
224.987,5582,43.8,170,4.52,0.28,0,0
225.025,5583,47.1,172,4.40,0.27,0,0
225.065,5584,45.4,176,4.59,0.32,0,0
225.106,5585,46.5,177,4.69,0.32,0,0
225.145,5586,46.3,178,4.68,0.31,0,0
225.188,5587,47.9,175,4.53,0.27,0,0
225.225,5588,48.6,176,4.61,0.25,0,0
225.264,5589,47.5,180,4.87,0.30,0,0
225.307,5590,47.8,180,5.07,0.31,0,0
225.345,5591,48.1,179,5.00,0.26,0,0
225.387,5592,45.9,182,5.21,0.38,0,0
225.425,5593,46.2,181,5.18,0.33,0,0
225.467,5594,47.6,179,4.99,0.31,0,0
225.504,5595,47.8,179,4.99,0.31,0,0
225.546,5596,46.7,178,5.06,0.31,0,0
225.584,5597,45.3,176,5.09,0.28,0,0
225.625,5598,45.4,176,5.11,0.27,0,0
225.666,5599,45.3,176,5.03,0.31,0,0
225.705,5600,43.1,177,5.14,0.32,0,0
225.747,5601,42.0,178,5.26,0.37,0,0
225.785,5602,43.2,177,5.14,0.32,0,0
225.825,5603,41.8,178,5.24,0.38,0,0
225.866,5604,42.3,177,5.16,0.38,0,0
225.905,5605,42.4,177,5.17,0.38,0,0
225.949,5606,41.3,175,5.23,0.32,0,0
225.984,5607,41.7,177,5.20,0.46,0,0
226.025,5608,35.5,176,5.24,0.78,0,0
226.065,5609,35.0,171,5.10,0.39,0,0
226.108,5610,22.8,286,5.28,2.82,0,0
226.146,5611,21.5,294,5.03,3.04,0,0
226.186,5612,20.7,295,4.26,3.04,0,0
226.226,5613,20.7,291,3.82,3.16,0,0
226.269,5614,21.2,290,3.87,3.17,0,0
226.307,5615,21.6,289,3.89,3.33,0,0
226.349,5616,21.1,290,3.86,3.20,0,0
226.387,5617,21.2,290,3.85,3.20,0,0
226.427,5618,21.4,289,3.87,3.44,0,0
226.469,5619,22.3,285,3.75,3.41,0,0
226.507,5620,19.2,293,3.60,3.18,0,0
226.549,5621,23.1,281,3.36,3.84,0,0
226.587,5622,19.9,285,3.07,3.50,0,0
226.626,5623,19.4,285,2.99,3.36,0,0
226.674,5624,20.1,283,3.01,3.61,0,0
226.718,5625,20.1,284,3.03,3.60,0,0
226.760,5626,20.5,283,3.04,3.70,0,0
226.799,5627,21.0,283,3.06,3.82,0,0
226.837,5628,26.1,272,3.18,4.55,0,0
226.881,5629,26.6,271,3.19,4.69,0,0
226.918,5630,26.4,269,3.01,4.68,0,0
226.957,5631,26.5,269,3.02,4.66,0,0
226.998,5632,26.6,269,3.04,4.70,0,0
227.038,5633,26.8,269,3.03,4.71,0,0
227.078,5634,33.8,254,2.94,5.39,0,0
227.119,5635,34.3,255,3.22,5.37,0,0
227.158,5636,34.0,255,3.07,5.29,0,0
227.199,5637,33.0,255,3.03,5.28,0,0
227.235,5638,33.8,255,3.36,5.22,0,0
227.274,5639,32.7,255,3.23,5.12,0,0
227.316,5640,32.9,255,3.23,5.07,0,0
227.352,5641,43.5,237,3.19,5.76,0,0
227.398,5642,43.8,236,3.23,5.85,0,0
227.432,5643,34.3,248,3.15,5.33,0,0
227.473,5644,44.6,234,3.44,5.99,0,0
227.510,5645,33.6,248,3.16,5.16,0,0
227.549,5646,33.1,248,3.21,5.09,0,0
227.590,5647,33.9,248,3.28,5.17,0,0
227.627,5648,33.3,245,3.11,5.04,0,0
227.666,5649,34.2,246,3.51,5.27,0,0
227.708,5650,34.0,245,3.53,5.16,0,0
227.745,5651,34.6,246,3.60,5.28,0,0
227.786,5652,32.6,247,3.43,5.02,0,0
227.829,5653,32.5,248,3.46,4.95,0,0
227.866,5654,32.7,245,3.59,4.95,0,0
227.909,5655,32.3,244,3.46,4.92,0,0
227.945,5656,41.4,228,3.39,5.73,0,0
227.986,5657,41.3,230,3.67,5.55,0,0
228.028,5658,40.1,229,3.44,5.42,0,0
228.066,5659,40.2,229,3.47,5.37,0,0
228.109,5660,40.3,229,3.48,5.32,0,0
228.146,5661,39.8,228,3.32,5.34,0,0
228.186,5662,40.4,226,3.35,5.46,0,0
228.230,5663,39.7,226,3.33,5.30,0,0
228.266,5664,38.2,225,3.09,5.15,0,0
228.307,5665,30.5,239,3.23,4.45,0,0
228.350,5666,37.7,224,3.12,5.10,0,0
228.387,5667,37.7,224,3.12,5.10,0,0
228.432,5668,36.9,222,2.87,4.96,0,0
228.468,5669,36.9,222,2.90,4.96,0,0
228.506,5670,36.8,222,2.90,4.96,0,0
228.546,5671,36.9,221,2.84,4.96,0,0
228.586,5672,36.9,221,2.81,4.96,0,0
228.627,5673,37.0,223,2.79,5.02,0,0
228.666,5674,35.6,220,2.54,4.75,0,0
228.709,5675,35.6,220,2.51,4.76,0,0
228.746,5676,37.3,218,2.51,5.00,0,0
228.786,5677,37.6,220,2.71,4.99,0,0
228.828,5678,37.7,220,2.69,4.99,0,0
228.866,5679,38.6,219,2.71,5.10,0,0
228.908,5680,37.6,220,2.70,4.99,0,0
228.946,5681,38.5,219,2.72,5.08,0,0
228.986,5682,37.6,220,2.69,4.98,0,0
229.026,5683,37.6,220,2.67,5.01,0,0
229.067,5684,37.1,218,2.41,5.02,0,0
229.110,5685,37.1,218,2.41,5.02,0,0
229.147,5686,37.2,218,2.39,5.02,0,0
229.187,5687,36.3,219,2.37,4.88,0,0
229.229,5688,36.3,219,2.35,4.91,0,0
229.267,5689,36.9,217,2.37,4.89,0,0
229.307,5690,40.5,224,3.68,5.18,0,0
229.347,5691,36.0,217,2.35,4.76,0,0
229.387,5692,35.5,218,2.33,4.78,0,0
229.435,5693,66.7,199,4.13,7.24,0,0
229.470,5694,41.3,224,3.88,5.17,0,0
229.506,5695,68.1,198,4.10,7.38,0,0
229.545,5696,59.3,192,2.51,6.56,0,0
229.589,5697,59.3,192,2.50,6.56,0,0
229.626,5698,60.6,191,2.51,6.72,0,0
229.668,5699,60.8,191,2.51,6.73,0,0
229.706,5700,60.7,191,2.52,6.70,0,0
229.749,5701,60.6,191,2.52,6.69,0,0
229.786,5702,60.7,191,2.53,6.70,0,0
229.827,5703,60.6,191,2.53,6.69,0,0
229.867,5704,60.7,191,2.54,6.69,0,0
229.907,5705,67.7,198,4.15,7.30,0,0
229.948,5706,67.8,198,4.15,7.31,0,0
229.987,5707,67.7,198,4.15,7.30,0,0
230.027,5708,65.5,196,3.66,7.09,0,0
230.068,5709,59.3,190,2.30,6.46,0,0
230.106,5710,57.9,190,2.29,6.27,0,0
230.150,5711,62.2,195,3.36,6.67,0,0
230.186,5712,63.4,195,3.61,6.72,0,0
230.230,5713,40.2,220,3.61,4.81,0,0
230.267,5714,40.7,222,3.94,4.81,0,0
230.309,5715,34.8,211,1.91,4.43,0,0
230.347,5716,41.8,218,3.69,4.94,0,0
230.387,5717,39.3,217,3.24,4.71,0,0
230.433,5718,39.5,219,3.47,4.73,0,0
230.468,5719,40.3,218,3.48,4.85,0,0
230.515,5720,40.3,218,3.48,4.84,0,0
230.555,5721,35.4,210,1.94,4.38,0,0
230.589,5722,35.0,211,1.97,4.40,0,0
230.630,5723,43.6,218,4.04,5.05,0,0
230.667,5724,32.5,228,3.17,4.21,0,0
230.707,5725,33.2,229,3.42,4.22,0,0
230.752,5726,34.9,231,3.94,4.35,0,0
230.787,5727,32.6,229,3.24,4.20,0,0
230.827,5728,34.5,229,3.75,4.43,0,0
230.867,5729,29.2,222,2.20,3.94,0,0
230.909,5730,35.0,232,4.00,4.33,0,0
230.947,5731,29.2,222,2.19,3.95,0,0
230.989,5732,35.1,230,4.01,4.43,0,0
231.027,5733,34.8,231,4.00,4.44,0,0
231.069,5734,37.0,211,2.29,4.70,0,0
231.107,5735,35.1,230,4.00,4.41,0,0
231.147,5736,35.7,231,4.01,4.47,0,0
231.187,5737,35.2,230,4.01,4.39,0,0
231.229,5738,34.9,232,4.00,4.35,0,0
231.267,5739,29.2,222,2.18,3.94,0,0
231.309,5740,34.1,231,3.72,4.36,0,0
231.347,5741,31.9,228,2.96,4.22,0,0
231.387,5742,34.8,231,3.90,4.37,0,0
231.438,5743,31.5,229,3.11,4.10,0,0
231.471,5744,35.2,229,3.86,4.36,0,0
231.509,5745,33.4,226,3.31,4.25,0,0
231.548,5746,27.1,217,1.50,3.54,0,0
231.587,5747,41.2,215,3.38,4.79,0,0
231.628,5748,33.0,225,3.27,4.08,0,0
231.670,5749,39.8,213,3.04,4.63,0,0
231.707,5750,41.2,212,3.30,4.60,0,0
231.750,5751,42.3,213,3.56,4.74,0,0
231.788,5752,40.6,209,3.14,4.53,0,0
231.830,5753,39.9,208,2.89,4.53,0,0
231.868,5754,32.6,218,2.82,3.85,0,0
231.910,5755,35.0,221,3.59,4.02,0,0
231.948,5756,41.3,210,3.44,4.52,0,0
231.989,5757,34.5,223,3.60,4.04,0,0
232.034,5758,35.0,222,3.64,3.99,0,0
232.069,5759,40.6,210,3.21,4.48,0,0
232.108,5760,33.6,222,3.40,3.87,0,0
232.150,5761,33.9,223,3.44,4.03,0,0
232.188,5762,34.1,226,3.74,4.05,0,0
232.230,5763,34.6,224,3.72,4.03,0,1
232.283,5764,34.5,225,3.72,4.01,0,0
232.322,5765,35.0,222,3.74,4.10,0,0
232.363,5766,33.9,220,3.25,4.07,0,0
232.404,5767,33.3,223,3.23,4.02,0,0
232.439,5768,33.8,222,3.25,4.02,0,0
232.481,5769,33.6,221,3.26,4.09,0,0
232.519,5770,33.3,223,3.20,4.04,0,0
232.559,5771,34.3,222,3.48,4.08,0,0
232.597,5772,33.0,225,3.43,3.88,0,0
232.639,5773,34.3,222,3.52,4.09,0,0
232.676,5774,34.3,222,3.47,4.09,0,0
232.721,5775,34.0,224,3.45,4.02,0,0
232.758,5776,34.0,224,3.49,4.02,0,0
232.797,5777,33.9,224,3.51,4.01,0,0
232.837,5778,32.5,224,3.24,3.89,0,0
232.875,5779,33.3,223,3.20,4.03,0,0
232.913,5780,33.3,223,3.20,4.03,0,0
232.952,5781,33.3,223,3.24,4.04,0,0
232.994,5782,33.3,223,3.23,4.03,0,0
233.030,5783,41.0,212,3.33,4.63,0,0
233.069,5784,34.5,225,3.73,4.03,0,0
233.111,5785,42.7,213,3.76,4.81,0,0
233.148,5786,41.0,216,3.68,4.70,0,0
233.188,5787,41.4,215,3.68,4.66,0,0
233.230,5788,41.4,215,3.69,4.63,0,0
233.267,5789,65.6,192,3.86,6.53,0,0
233.308,5790,63.6,191,3.27,6.57,0,0
233.348,5791,64.3,194,3.71,6.69,0,0
233.393,5792,61.6,195,3.24,6.43,0,0
233.427,5793,55.7,186,1.41,6.02,0,0
233.467,5794,62.7,195,3.40,6.58,0,0
233.510,5795,62.8,196,3.36,6.74,0,0
233.547,5796,55.6,189,1.58,6.02,0,0
233.588,5797,61.6,197,3.38,6.70,0,0
233.629,5798,55.6,190,1.59,5.99,0,0
233.667,5799,56.3,189,1.52,6.20,0,0
233.708,5800,57.4,188,1.51,6.28,0,0
233.750,5801,65.0,193,3.17,6.93,0,0
233.788,5802,62.2,194,3.01,6.67,0,0
233.831,5803,65.0,192,3.35,6.83,0,0
233.867,5804,63.4,192,3.34,6.65,0,0
233.908,5805,62.6,192,3.32,6.49,0,0
233.951,5806,62.2,190,3.06,6.47,0,0
233.988,5807,63.8,191,3.37,6.65,0,0
234.031,5808,61.6,191,3.07,6.44,0,0
234.067,5809,62.3,190,3.04,6.54,0,0
234.109,5810,62.4,191,3.06,6.67,0,0
234.150,5811,65.2,190,3.36,6.78,0,0
234.188,5812,69.2,186,3.62,7.03,0,0
234.232,5813,73.2,183,4.00,7.17,0,0
234.268,5814,75.2,180,3.98,6.95,0,0
234.307,5815,83.2,178,4.28,7.64,0,0
234.349,5816,88.2,178,4.61,7.92,0,0
234.388,5817,84.7,179,4.46,7.76,0,0
234.433,5818,79.0,176,4.76,8.20,0,0
234.470,5819,55.8,174,4.74,8.41,0,0
234.509,5820,72.9,174,4.77,8.23,0,0
234.549,5821,67.2,175,4.73,8.30,0,0
234.587,5822,69.0,175,4.73,8.26,0,0
234.632,5823,72.3,176,4.66,8.24,0,0
234.669,5824,76.4,175,4.50,8.11,0,0
234.706,5825,82.3,177,4.48,8.09,0,0
234.747,5826,73.5,176,4.47,8.21,0,0
234.787,5827,74.9,176,4.49,8.16,0,0
234.830,5828,79.2,176,4.46,8.27,0,0
234.867,5829,86.4,175,4.20,7.91,0,0
234.911,5830,88.8,176,4.39,7.81,0,0
234.947,5831,85.7,175,4.37,7.51,0,0
234.987,5832,85.2,172,4.41,7.35,0,0
235.029,5833,89.9,169,4.37,7.40,0,0
235.068,5834,89.1,167,4.42,7.39,0,0
235.108,5835,75.7,169,4.44,6.74,0,0
235.149,5836,83.0,163,4.50,7.51,0,0
235.188,5837,32.2,209,4.12,1.50,0,0
235.231,5838,34.2,208,4.48,1.70,0,0
235.268,5839,34.6,207,4.54,1.52,0,0
235.311,5840,35.3,204,4.57,1.53,0,0
235.348,5841,35.5,204,4.58,1.53,0,0
235.391,5842,35.9,202,4.59,1.54,0,0
235.432,5843,35.0,205,4.52,1.52,0,0
235.471,5844,37.6,205,5.05,1.71,0,0
235.509,5845,34.9,205,4.53,1.51,0,0
235.550,5846,37.6,205,5.03,1.70,0,0
235.589,5847,35.8,203,4.54,1.70,0,0
235.628,5848,35.8,203,4.54,1.72,0,0
235.668,5849,35.8,204,4.54,1.70,0,0
235.710,5850,35.9,204,4.53,1.70,0,0
235.749,5851,35.9,204,4.54,1.70,0,0
235.790,5852,36.1,203,4.52,1.90,0,0
235.829,5853,36.1,203,4.49,1.90,0,0
235.871,5854,35.9,203,4.45,1.90,0,0
235.908,5855,37.0,204,4.70,1.90,0,0
235.948,5856,35.9,203,4.46,1.90,0,0
235.990,5857,36.3,206,4.60,1.87,0,0
236.028,5858,77.3,166,4.64,6.49,0,0
236.068,5859,33.8,204,4.05,1.72,0,0
236.109,5860,34.0,204,3.79,2.09,0,0
236.149,5861,33.2,205,3.59,2.11,0,0
236.188,5862,33.1,205,3.60,2.10,0,0
236.230,5863,32.9,207,3.57,2.07,0,0
236.268,5864,32.4,208,3.59,2.10,0,0
236.309,5865,33.2,207,3.75,2.08,0,0
236.348,5866,33.2,207,3.76,2.12,0,0
236.392,5867,32.3,206,3.50,2.08,0,0
236.434,5868,30.6,209,3.51,1.79,0,0
236.470,5869,31.9,209,3.74,2.00,0,0
236.509,5870,31.8,207,3.51,1.88,0,0
236.547,5871,32.6,208,3.73,2.13,0,0
236.589,5872,32.2,206,3.51,2.10,0,0
236.629,5873,32.8,208,3.74,2.04,0,0
236.672,5874,31.8,207,3.52,1.86,0,0
236.708,5875,31.1,208,3.49,1.98,0,0
236.748,5876,32.2,206,3.52,2.08,0,0
236.790,5877,31.6,207,3.53,1.90,0,0
236.829,5878,32.2,206,3.53,2.09,0,0
236.871,5879,32.2,206,3.52,2.08,0,0
236.908,5880,30.5,209,3.51,1.82,0,0
236.949,5881,31.7,207,3.53,1.86,0,0
236.990,5882,31.6,207,3.53,1.90,0,0
237.028,5883,31.7,207,3.52,1.88,0,0
237.070,5884,32.2,206,3.52,2.08,0,0
237.108,5885,32.2,206,3.51,2.10,0,0
237.152,5886,32.2,206,3.52,2.08,0,1
237.200,5887,31.8,207,3.52,1.87,0,0
237.241,5888,32.2,206,3.52,2.08,0,0
237.276,5889,31.7,207,3.53,1.88,0,0
237.316,5890,31.8,207,3.51,1.88,0,0
237.354,5891,30.6,209,3.51,1.81,0,0
237.393,5892,32.3,206,3.51,2.06,0,0
237.431,5893,31.7,207,3.52,1.89,0,0
237.468,5894,31.0,208,3.50,2.01,0,0
237.509,5895,31.8,207,3.51,1.88,0,0
237.550,5896,31.7,207,3.52,1.89,0,0
237.588,5897,32.2,206,3.53,2.09,0,0
237.630,5898,31.7,207,3.53,1.86,0,0
237.669,5899,30.6,209,3.50,1.79,0,0
237.712,5900,32.8,208,3.74,2.05,0,0
237.748,5901,31.8,207,3.52,1.87,0,0
237.788,5902,32.2,206,3.52,2.10,0,0
237.831,5903,31.1,208,3.50,1.99,0,0
237.869,5904,32.2,206,3.52,2.09,0,0
237.909,5905,32.3,206,3.52,2.07,0,0
237.951,5906,31.6,207,3.52,1.91,0,0
237.989,5907,32.9,208,3.72,2.03,0,0
238.031,5908,33.4,208,3.75,2.27,0,0
238.069,5909,33.2,207,3.73,2.07,0,0
238.112,5910,31.8,209,3.72,2.02,0,0
238.148,5911,32.5,208,3.71,2.15,0,0
238.189,5912,33.1,207,3.73,2.09,0,0
238.230,5913,33.4,208,3.76,2.25,0,0
238.268,5914,34.3,207,3.75,2.20,0,0
238.310,5915,32.5,209,3.40,2.21,0,0
238.348,5916,70.9,169,3.33,6.72,0,0
238.391,5917,73.9,169,3.27,6.88,0,0
238.433,5918,70.3,169,3.11,6.67,0,0
238.470,5919,69.1,168,2.85,6.63,0,0
238.509,5920,67.1,168,2.78,6.50,0,0
238.551,5921,64.5,169,2.65,6.16,0,0
238.588,5922,70.2,167,2.74,6.67,0,0
238.629,5923,70.2,168,2.70,6.71,0,0
238.671,5924,78.2,163,2.59,7.06,0,0
238.709,5925,87.9,163,2.62,7.34,0,0
238.748,5926,83.7,161,2.63,7.64,0,0
238.790,5927,66.9,155,2.33,7.42,0,0
238.828,5928,35.8,151,2.36,6.86,0,0
238.870,5929,27.1,151,2.39,6.42,0,0
238.908,5930,27.4,151,2.43,6.46,0,0
238.951,5931,36.9,151,2.25,6.83,0,0
238.988,5932,78.8,163,2.11,7.05,0,0
239.032,5933,27.0,208,1.12,1.42,0,0
239.069,5934,22.9,190,0.26,0.84,0,0
239.109,5935,40.6,148,0.24,2.89,0,0
239.153,5936,24.8,186,0.24,0.74,0,0
239.189,5937,24.9,189,0.26,0.94,0,0
239.232,5938,37.0,156,0.26,2.20,0,0
239.269,5939,39.1,151,0.25,2.41,0,0
239.310,5940,38.5,152,0.28,2.22,0,0
239.352,5941,26.8,189,0.30,0.98,0,0
239.390,5942,26.3,192,0.29,1.33,0,0
239.435,5943,25.6,193,0.28,1.39,0,0
239.472,5944,25.3,191,0.31,1.54,0,0
239.511,5945,23.7,194,0.27,1.65,0,0
239.553,5946,24.4,192,0.28,1.53,0,0
239.590,5947,24.0,192,0.27,1.52,0,0
239.634,5948,24.7,192,0.30,1.66,0,0
239.670,5949,24.2,191,0.31,1.56,0,0
239.714,5950,25.0,191,0.30,1.71,0,0
239.754,5951,24.6,192,0.30,1.65,0,0
239.791,5952,24.8,193,0.31,1.63,0,0
239.830,5953,24.1,193,0.31,1.54,0,0
239.871,5954,24.7,192,0.30,1.63,0,0
239.910,5955,24.7,191,0.28,1.62,0,0
239.950,5956,25.7,184,0.26,1.29,0,0
239.991,5957,43.4,146,0.26,2.58,0,0
240.029,5958,43.5,146,0.25,2.56,0,0
240.069,5959,42.2,147,0.25,2.39,0,0
240.111,5960,40.7,149,0.26,2.19,0,0
240.150,5961,41.3,147,0.24,2.22,0,0
240.192,5962,41.6,147,0.25,2.25,0,0
240.229,5963,41.6,145,0.25,2.16,0,0
240.273,5964,30.2,166,0.26,0.93,0,0
240.309,5965,27.1,167,0.32,2.18,0,0
240.350,5966,30.9,152,1.33,1.85,0,0
240.395,5967,59.4,169,5.64,0.45,0,0
240.434,5968,72.9,157,6.60,0.22,0,0
240.472,5969,88.3,163,7.52,0.40,0,0
240.509,5970,79.8,152,6.83,0.53,0,0
240.549,5971,63.8,69,0.97,0.26,1,0
240.607,5972,30.4,72,0.75,0.25,0,0
240.640,5973,28.7,72,0.76,0.27,0,0
240.674,5974,65.5,65,0.80,0.76,1,0
240.710,5975,31.2,67,0.66,0.23,0,0
240.748,5976,32.0,70,0.74,0.23,0,0
240.788,5977,30.4,69,0.69,0.23,0,0
240.829,5978,32.3,67,0.70,0.24,0,0
240.868,5979,34.0,70,0.82,0.23,0,0
240.909,5980,30.7,69,0.56,0.25,0,0
240.949,5981,30.7,70,0.64,0.24,0,0
240.988,5982,32.1,72,0.82,0.27,0,0
241.028,5983,30.3,74,0.70,0.25,0,0
241.069,5984,28.8,73,0.56,0.25,0,0
241.112,5985,29.8,73,0.61,0.23,0,0
241.149,5986,58.2,76,0.36,1.31,1,0
241.191,5987,60.3,77,0.60,1.38,1,0
241.230,5988,78.8,159,4.46,0.07,0,0
241.270,5989,74.8,200,4.87,2.47,0,0
241.314,5990,65.4,211,5.61,2.80,0,0
241.351,5991,65.9,209,5.38,3.08,0,0
241.391,5992,63.5,212,5.53,2.96,0,0
241.439,5993,57.5,222,6.13,3.19,0,0
241.475,5994,57.7,222,6.08,3.18,0,0
241.516,5995,58.9,219,6.06,3.27,0,0
241.556,5996,57.6,221,6.22,3.24,0,0
241.595,5997,56.8,223,6.27,3.31,0,0
241.635,5998,56.6,223,6.28,3.31,0,0
241.679,5999,55.7,223,6.29,3.30,0,0
241.717,6000,54.5,224,6.43,3.26,0,0
241.754,6001,54.3,226,6.60,3.19,0,0
241.792,6002,49.7,232,7.11,3.10,0,0
241.831,6003,80.9,86,1.63,2.46,0,0
241.870,6004,77.4,193,7.79,0.35,0,0
241.910,6005,64.2,97,1.97,2.49,0,0
241.951,6006,35.6,114,1.97,0.25,0,0
241.990,6007,29.8,124,1.32,0.25,0,0
242.031,6008,39.8,143,2.00,2.17,0,0
242.071,6009,83.5,251,11.77,1.53,0,0
242.110,6010,46.3,144,2.61,2.25,0,0
242.150,6011,47.0,140,2.59,2.03,0,0
242.190,6012,47.3,137,2.37,2.33,0,0
242.230,6013,50.2,144,2.95,2.58,0,0
242.271,6014,52.5,142,2.99,2.67,0,0
242.313,6015,73.1,252,11.65,1.52,0,0
242.352,6016,70.0,252,11.55,1.33,0,0
242.394,6017,66.5,201,9.32,2.48,0,0
242.435,6018,62.3,203,9.31,2.95,0,0
242.471,6019,60.0,139,3.41,3.28,0,0
242.513,6020,64.6,201,9.23,2.72,0,0
242.553,6021,62.6,140,3.66,3.41,0,0
242.594,6022,64.1,200,9.23,2.60,0,0
242.631,6023,60.1,139,3.44,3.28,0,0
242.670,6024,59.9,139,3.43,3.28,0,0
242.711,6025,62.6,140,3.64,3.41,0,0
242.754,6026,62.6,140,3.64,3.41,0,0
242.790,6027,62.6,140,3.64,3.41,0,0
242.833,6028,58.9,138,3.43,2.98,0,0
242.871,6029,62.6,140,3.64,3.41,0,0
242.911,6030,62.6,140,3.64,3.41,0,0
242.953,6031,62.5,140,3.64,3.42,0,0
242.991,6032,58.8,138,3.43,2.98,0,0
243.031,6033,62.5,140,3.64,3.42,0,0
243.072,6034,58.9,138,3.43,2.98,0,0
243.111,6035,58.9,138,3.43,2.98,0,0
243.152,6036,59.0,197,8.94,3.01,0,0
243.190,6037,62.6,140,3.64,3.41,0,0
243.234,6038,60.6,198,9.09,2.91,0,0
243.270,6039,58.9,138,3.43,2.98,0,0
243.311,6040,56.8,137,3.22,2.83,0,0
243.352,6041,62.6,140,3.64,3.41,0,0
243.392,6042,58.8,138,3.43,2.98,0,0
243.434,6043,58.8,138,3.43,2.98,0,0
243.472,6044,58.9,138,3.43,2.98,0,0
243.512,6045,62.6,140,3.64,3.41,0,0
243.550,6046,56.8,137,3.22,2.83,0,0
243.593,6047,62.5,140,3.64,3.42,0,0
243.630,6048,58.9,138,3.43,2.98,0,0
243.671,6049,62.5,140,3.64,3.42,0,0
243.713,6050,58.9,138,3.43,2.98,0,0
243.751,6051,62.6,140,3.64,3.41,0,0
243.792,6052,56.9,137,3.22,2.83,0,0
243.833,6053,60.0,139,3.43,3.28,0,0
243.871,6054,62.6,140,3.64,3.41,0,0
243.911,6055,62.5,140,3.64,3.42,0,0
243.952,6056,52.4,134,3.00,2.08,0,0
243.991,6057,54.8,133,3.31,2.37,0,0
244.032,6058,60.1,136,3.51,2.99,0,0
244.071,6059,53.2,132,3.13,2.06,0,0
244.111,6060,53.1,132,3.12,2.05,0,0
244.151,6061,51.4,134,3.05,2.08,0,0
244.192,6062,39.3,124,2.31,0.29,0,0
244.230,6063,39.8,125,2.43,0.24,0,0
244.271,6064,39.8,125,2.46,0.24,0,0
244.312,6065,39.8,122,2.28,0.27,0,0
244.351,6066,39.7,122,2.29,0.25,0,0
244.391,6067,40.1,123,2.38,0.32,0,0
244.436,6068,40.1,122,2.38,0.32,0,0
244.470,6069,39.7,122,2.50,0.27,0,0
244.511,6070,39.6,124,2.59,0.25,0,0
244.554,6071,38.4,126,2.72,0.25,0,0
244.592,6072,33.4,132,2.47,0.64,0,0
244.632,6073,31.1,135,2.55,0.59,0,0
244.675,6074,30.7,134,2.31,0.54,0,0
244.712,6075,33.0,133,2.62,0.52,0,0
244.751,6076,31.3,132,2.04,0.25,0,0
244.795,6077,35.2,128,2.02,0.26,0,0
244.831,6078,37.7,124,2.06,0.32,0,0
244.872,6079,53.1,133,2.96,1.96,0,0
244.913,6080,39.5,123,2.09,0.31,0,0
244.951,6081,39.7,123,2.01,0.31,0,0
244.994,6082,43.8,126,2.30,0.64,0,0
245.031,6083,52.9,133,3.02,1.98,0,0
245.072,6084,65.2,140,3.74,3.57,0,0
245.113,6085,53.3,133,2.97,1.99,0,0
245.152,6086,53.3,134,3.01,1.98,0,0
245.194,6087,53.6,132,2.94,1.95,0,0
245.231,6088,45.0,125,2.45,0.65,0,0
245.275,6089,44.6,125,2.49,0.65,0,0
245.311,6090,44.5,125,2.51,0.65,0,0
245.351,6091,42.8,122,2.31,0.44,0,0
245.393,6092,41.6,120,2.22,0.30,0,0
245.434,6093,41.2,120,2.25,0.28,0,0
245.472,6094,42.4,118,2.25,0.27,0,0
245.514,6095,41.5,117,2.08,0.26,0,0
245.554,6096,43.3,120,2.45,0.36,0,0
245.590,6097,41.7,118,2.19,0.27,0,0
245.630,6098,43.2,120,2.45,0.36,0,0
245.673,6099,43.6,120,2.42,0.37,0,0
245.711,6100,43.9,120,2.48,0.45,0,0
245.752,6101,43.4,117,2.32,0.26,0,0
245.793,6102,47.6,121,2.72,0.69,0,0
245.831,6103,43.0,117,2.24,0.27,0,0
245.871,6104,47.6,121,2.74,0.69,0,0
245.913,6105,44.5,119,2.53,0.44,0,0
245.951,6106,43.6,118,2.40,0.31,0,0
245.991,6107,42.2,117,2.20,0.27,0,0
246.031,6108,44.3,115,2.42,0.27,0,0
246.073,6109,44.2,115,2.40,0.27,0,0
246.111,6110,44.1,115,2.38,0.27,0,0
246.151,6111,43.9,115,2.39,0.27,0,0
246.191,6112,43.5,117,2.37,0.28,0,0
246.231,6113,42.7,118,2.31,0.28,0,0
246.273,6114,43.7,118,2.49,0.27,0,0
246.311,6115,43.0,117,2.30,0.25,0,0
246.351,6116,46.1,115,2.59,0.27,0,0
246.392,6117,46.1,112,2.46,0.30,0,0
246.436,6118,48.6,108,2.61,0.28,0,0
246.473,6119,57.7,112,3.32,0.93,0,0
246.511,6120,51.2,106,2.75,0.28,0,0
246.554,6121,56.3,112,3.21,0.75,0,0
246.591,6122,53.8,107,2.87,0.35,0,0
246.632,6123,55.5,108,3.21,0.47,0,0
246.673,6124,52.9,105,2.86,0.30,0,0
246.711,6125,59.8,111,3.46,1.00,0,0
246.751,6126,52.9,103,2.87,0.30,0,0
246.792,6127,61.1,109,3.47,1.01,0,0
246.831,6128,61.1,109,3.48,1.03,0,0
246.873,6129,60.2,106,3.46,0.71,0,0
246.911,6130,55.2,102,3.02,0.30,0,0
246.952,6131,61.0,99,3.33,0.35,0,0
246.991,6132,65.7,99,3.58,0.53,0,0
247.031,6133,67.7,97,3.52,0.62,0,0
247.074,6134,72.9,99,3.80,0.97,0,0
247.111,6135,81.4,99,4.18,1.17,0,0
247.154,6136,79.7,96,4.02,0.90,0,0
247.190,6137,85.3,94,4.28,1.37,0,0
247.231,6138,68.1,91,4.46,1.61,0,0
247.270,6139,63.9,84,4.15,1.47,0,0
247.310,6140,17.0,102,0.71,1.41,0,0
247.353,6141,24.5,105,0.44,1.75,0,0
247.392,6142,25.6,110,0.37,2.00,0,0
247.433,6143,26.1,110,0.39,1.96,0,0
247.471,6144,21.7,106,0.37,1.58,0,0
247.510,6145,26.8,110,0.40,1.87,0,0
247.553,6146,26.8,110,0.36,1.87,0,0
247.590,6147,26.9,110,0.36,1.85,0,0
247.630,6148,26.4,110,0.38,1.89,0,0
247.670,6149,25.8,110,0.39,1.88,0,0
247.713,6150,25.4,110,0.42,1.86,0,0
247.751,6151,25.5,110,0.42,1.84,0,0
247.790,6152,25.5,110,0.42,1.87,0,0
247.832,6153,25.5,110,0.42,1.84,0,0
247.870,6154,25.5,110,0.42,1.88,0,0
247.913,6155,25.6,110,0.42,1.90,0,0
247.950,6156,25.5,110,0.42,1.84,0,0
247.991,6157,24.9,110,0.48,1.90,0,0
248.032,6158,25.0,110,0.45,1.86,0,0
248.071,6159,24.5,110,0.50,1.87,0,0
248.111,6160,24.5,110,0.50,1.87,0,0
248.151,6161,24.4,110,0.50,1.86,0,0
248.191,6162,24.3,110,0.52,1.86,0,0
248.231,6163,24.4,110,0.50,1.86,0,0
248.272,6164,24.4,110,0.50,1.86,0,0
248.311,6165,24.4,110,0.54,1.89,0,0
248.351,6166,21.5,107,0.43,1.61,0,0
248.395,6167,21.8,107,0.43,1.56,0,0
248.430,6168,21.7,107,0.43,1.57,0,0
248.476,6169,21.7,107,0.43,1.58,0,0
248.511,6170,22.1,107,0.39,1.57,0,0
248.553,6171,22.5,107,0.34,1.55,0,0
248.590,6172,22.4,107,0.36,1.54,0,0
248.631,6173,22.2,107,0.39,1.55,0,0
248.674,6174,22.4,107,0.38,1.55,0,0
248.711,6175,22.1,107,0.39,1.58,0,0
248.751,6176,22.6,107,0.34,1.55,0,0
248.791,6177,22.4,107,0.36,1.56,0,0
248.831,6178,21.3,106,0.46,1.53,0,0
248.872,6179,21.2,106,0.57,1.68,0,0
248.911,6180,21.5,106,0.52,1.62,0,0
248.954,6181,15.0,105,0.94,1.44,0,0
248.990,6182,12.0,103,1.15,1.29,0,0
249.033,6183,3.0,105,1.42,1.60,0,0
249.071,6184,3.3,101,1.59,1.44,0,0
249.111,6185,14.8,94,1.59,1.05,0,0
249.153,6186,67.0,75,3.74,1.33,0,0
249.191,6187,75.3,75,3.69,1.07,0,0
249.234,6188,70.8,75,3.74,1.10,0,0
249.271,6189,69.7,77,3.74,1.29,0,0
249.311,6190,69.7,77,3.74,1.29,0,0
249.354,6191,71.7,76,3.74,1.12,0,0
249.392,6192,69.7,77,3.74,1.29,0,0
249.436,6193,64.7,78,3.87,1.42,0,0
249.471,6194,69.4,77,3.74,1.26,0,0
249.517,6195,70.0,77,3.74,1.26,0,0
249.551,6196,70.0,77,3.74,1.26,0,0
249.593,6197,69.7,77,3.74,1.29,0,0
249.632,6198,69.7,77,3.74,1.29,0,0
249.674,6199,69.7,77,3.74,1.29,0,0
249.711,6200,70.0,77,3.74,1.26,0,0
249.752,6201,70.0,77,3.74,1.26,0,0
249.794,6202,69.7,77,3.74,1.29,0,0
249.832,6203,69.7,77,3.74,1.29,0,0
249.873,6204,71.5,76,3.74,1.16,0,0
249.911,6205,70.0,77,3.74,1.26,0,0
249.953,6206,69.7,77,3.74,1.29,0,0
249.991,6207,70.0,77,3.74,1.26,0,0
250.034,6208,71.7,76,3.74,1.12,0,0
250.071,6209,69.7,77,3.74,1.29,0,0
250.111,6210,69.7,77,3.74,1.29,0,0
250.153,6211,70.0,77,3.74,1.26,0,0
250.191,6212,69.7,77,3.74,1.29,0,0
250.232,6213,69.6,77,3.74,1.32,0,0
250.273,6214,69.7,77,3.74,1.29,0,0
250.314,6215,69.7,77,3.74,1.29,0,0
250.352,6216,69.7,77,3.74,1.29,0,0
250.397,6217,69.6,77,3.74,1.32,0,0
250.435,6218,69.7,77,3.74,1.29,0,0
250.470,6219,69.7,77,3.74,1.29,0,0
250.514,6220,69.7,77,3.74,1.29,0,0
250.551,6221,69.7,77,3.74,1.29,0,0
250.591,6222,69.7,77,3.74,1.29,0,0
250.633,6223,69.7,77,3.74,1.29,0,0
250.671,6224,69.7,77,3.74,1.29,0,0
250.711,6225,69.7,77,3.74,1.29,0,0
250.751,6226,69.7,77,3.74,1.29,0,0
250.793,6227,69.7,77,3.74,1.29,0,0
250.831,6228,69.7,77,3.74,1.29,0,0
250.874,6229,69.7,77,3.74,1.29,0,0
250.912,6230,69.7,77,3.74,1.29,0,0
250.951,6231,69.7,77,3.74,1.29,0,0
250.994,6232,69.7,77,3.74,1.29,0,1
251.039,6233,69.7,77,3.74,1.29,0,0
251.080,6234,69.7,77,3.74,1.29,0,0
251.114,6235,69.7,77,3.74,1.29,0,0
251.155,6236,69.7,77,3.74,1.29,0,0
251.196,6237,69.7,77,3.74,1.29,0,0
251.233,6238,69.7,77,3.74,1.29,0,0
251.273,6239,69.7,77,3.74,1.29,0,0
251.310,6240,69.7,77,3.74,1.29,0,0
251.354,6241,69.7,77,3.74,1.29,0,0
251.393,6242,69.7,77,3.74,1.29,0,0
251.437,6243,69.7,77,3.74,1.29,0,0
251.472,6244,69.7,77,3.74,1.29,0,0
251.512,6245,69.7,77,3.74,1.29,0,0
251.554,6246,69.7,77,3.74,1.29,0,0
251.592,6247,69.7,77,3.74,1.29,0,0
251.632,6248,69.7,77,3.74,1.29,0,0
251.672,6249,69.7,77,3.74,1.29,0,0
251.712,6250,64.4,79,3.87,1.43,0,0
251.752,6251,64.5,79,3.87,1.42,0,0
251.793,6252,69.4,77,3.74,1.26,0,0
251.834,6253,69.7,77,3.74,1.29,0,0
251.872,6254,64.4,79,3.87,1.43,0,0
251.912,6255,69.7,77,3.74,1.29,0,0
251.956,6256,69.7,77,3.74,1.29,0,0
251.992,6257,61.2,80,3.99,1.45,0,0
252.034,6258,71.6,76,3.74,1.13,0,0
252.072,6259,72.3,75,3.74,0.93,0,0
252.114,6260,72.3,75,3.74,0.93,0,0
252.151,6261,78.2,75,3.69,0.78,0,0
252.192,6262,67.1,79,3.84,1.40,0,0
252.233,6263,78.3,74,3.60,0.90,0,0
252.272,6264,62.5,79,3.87,1.46,0,0
252.312,6265,77.5,74,3.57,0.89,0,0
252.354,6266,68.0,75,3.73,1.04,0,0
252.393,6267,53.9,81,4.00,1.50,0,0
252.432,6268,53.6,80,4.01,1.47,0,0
252.474,6269,67.2,75,3.73,1.08,0,0
252.512,6270,51.2,79,3.92,1.60,0,0
252.554,6271,47.2,80,4.06,1.53,0,0
252.592,6272,54.0,75,3.79,1.30,0,0
252.632,6273,53.9,75,3.80,1.27,0,0
252.674,6274,58.1,74,3.63,1.31,0,0
252.712,6275,58.4,74,3.63,1.27,0,0
252.755,6276,51.9,74,3.66,1.33,0,0
252.792,6277,51.7,74,3.66,1.36,0,0
252.831,6278,51.8,74,3.66,1.37,0,0
252.873,6279,52.0,74,3.66,1.37,0,0
252.912,6280,51.8,73,3.65,1.34,0,0
252.955,6281,57.8,74,3.63,1.36,0,0
252.992,6282,47.9,77,3.79,1.56,0,0
253.032,6283,48.6,76,3.78,1.48,0,0
253.073,6284,51.6,71,3.50,1.19,0,0
253.112,6285,52.9,70,3.49,1.14,0,0
253.152,6286,62.2,70,3.47,1.10,0,0
253.193,6287,51.1,74,3.62,1.42,0,0
253.232,6288,51.2,74,3.62,1.39,0,0
253.274,6289,47.1,71,3.46,1.37,0,0
253.313,6290,56.2,72,3.47,1.40,0,0
253.352,6291,53.7,70,3.47,1.38,0,0
253.400,6292,55.4,74,3.63,1.40,0,0
253.433,6293,63.4,70,3.47,1.21,0,0
253.472,6294,68.6,68,3.32,1.10,0,0
253.513,6295,57.3,72,3.48,1.38,0,0
253.553,6296,57.3,72,3.48,1.38,0,0
253.593,6297,57.2,72,3.49,1.36,0,0
253.633,6298,57.4,72,3.48,1.39,0,0
253.673,6299,57.2,72,3.49,1.36,0,0
253.714,6300,57.7,72,3.48,1.27,0,0
253.754,6301,58.6,70,3.49,1.26,0,0
253.792,6302,58.6,70,3.49,1.23,0,0
253.833,6303,57.7,72,3.48,1.27,0,0
253.873,6304,57.9,72,3.48,1.41,0,0
253.912,6305,58.0,72,3.48,1.38,0,0
253.953,6306,58.0,72,3.48,1.38,0,0
253.993,6307,57.7,72,3.48,1.27,0,0
254.033,6308,57.9,72,3.48,1.41,0,0
254.073,6309,68.2,68,3.21,1.10,0,0
254.115,6310,66.3,69,3.17,1.18,0,0
254.153,6311,49.2,73,3.60,1.38,0,0
254.192,6312,57.5,70,3.47,1.24,0,0
254.233,6313,56.2,71,3.47,1.30,0,0
254.276,6314,51.6,73,3.58,1.32,0,0
254.312,6315,56.8,72,3.47,1.30,0,0
254.352,6316,56.7,72,3.47,1.29,0,0
254.398,6317,51.7,73,3.62,1.34,0,0
254.434,6318,56.8,72,3.47,1.24,0,0
254.472,6319,56.7,72,3.47,1.29,0,0
254.511,6320,57.0,72,3.47,1.28,0,0
254.554,6321,51.7,73,3.62,1.34,0,0
254.592,6322,56.8,72,3.47,1.27,0,0
254.632,6323,56.6,72,3.47,1.25,0,0
254.675,6324,57.0,72,3.47,1.28,0,0
254.713,6325,56.8,72,3.47,1.24,0,0
254.755,6326,56.6,72,3.47,1.25,0,0
254.793,6327,57.0,72,3.47,1.28,0,0
254.832,6328,56.8,72,3.47,1.24,0,0
254.874,6329,57.0,72,3.47,1.28,0,0
254.912,6330,57.2,72,3.47,1.27,0,1
254.966,6331,56.8,72,3.47,1.24,0,0
255.000,6332,56.8,72,3.47,1.24,0,0
255.036,6333,56.9,72,3.47,1.25,0,0
255.073,6334,56.8,72,3.47,1.24,0,0
255.111,6335,56.8,72,3.47,1.24,0,0
255.153,6336,51.5,73,3.62,1.30,0,0
255.196,6337,57.0,72,3.47,1.28,0,0
255.233,6338,56.8,72,3.47,1.24,0,0
255.273,6339,56.8,72,3.47,1.24,0,0
255.312,6340,57.0,72,3.47,1.28,0,0
255.353,6341,56.8,72,3.47,1.24,0,0
255.398,6342,56.8,72,3.47,1.24,0,0
255.434,6343,56.8,72,3.47,1.24,0,0
255.472,6344,56.8,72,3.47,1.24,0,0
255.511,6345,51.7,73,3.62,1.34,0,0
255.553,6346,51.7,73,3.55,1.41,0,0
255.595,6347,53.7,73,3.62,1.39,0,0
255.633,6348,56.4,72,3.43,1.31,0,0
255.673,6349,46.1,73,3.65,1.42,0,0
255.713,6350,54.6,71,3.52,1.21,0,0
255.753,6351,55.7,72,3.52,1.21,0,0
255.793,6352,61.2,69,3.38,1.10,0,0
255.833,6353,60.9,69,3.38,1.07,0,0
255.873,6354,46.3,74,3.66,1.42,0,0
255.913,6355,51.6,72,3.52,1.31,0,0
255.955,6356,41.5,70,3.46,1.36,0,0
255.993,6357,58.9,71,3.43,1.23,0,0
256.033,6358,49.1,73,3.58,1.37,0,0
256.073,6359,49.1,73,3.61,1.37,0,0
256.113,6360,49.8,74,3.58,1.38,0,0
256.155,6361,56.3,72,3.47,1.30,0,0
256.193,6362,72.5,76,3.48,1.15,0,0
256.234,6363,89.3,87,3.51,1.14,0,0
256.276,6364,82.1,93,3.61,0.87,0,0
256.314,6365,77.2,91,3.36,0.69,0,0
256.354,6366,89.0,91,3.82,1.16,0,0
256.398,6367,89.0,91,3.82,1.15,0,0
256.435,6368,88.6,91,3.66,1.01,0,0
256.475,6369,88.8,91,3.72,0.99,0,0
256.513,6370,89.0,91,3.83,1.12,0,0
256.554,6371,88.7,91,3.81,1.16,0,0
256.595,6372,88.9,91,3.83,1.16,0,0
256.634,6373,88.7,91,3.81,1.16,0,0
256.674,6374,88.7,91,3.81,1.16,0,0
256.714,6375,88.7,91,3.83,1.16,0,0
256.760,6376,88.7,91,3.81,1.16,0,0
256.803,6377,88.7,91,3.81,1.16,0,0
256.844,6378,88.4,91,3.78,1.18,0,0
256.885,6379,88.5,91,3.79,1.16,0,0
256.921,6380,81.6,87,3.27,0.65,0,0
256.957,6381,88.3,91,3.78,1.16,0,0
256.997,6382,88.4,91,3.78,1.18,0,0
257.034,6383,88.4,91,3.78,1.18,0,0
257.074,6384,88.4,91,3.78,1.18,0,0
257.117,6385,81.6,87,3.26,0.65,0,0
257.154,6386,81.8,87,3.29,0.70,0,0
257.196,6387,89.8,93,3.87,1.19,0,0
257.234,6388,86.7,89,3.55,0.85,0,0
257.275,6389,87.3,90,3.96,1.00,0,0
257.316,6390,86.3,91,3.96,1.15,0,0
257.354,6391,86.2,91,3.95,1.16,0,0
257.396,6392,86.3,91,3.95,1.17,0,0
257.437,6393,85.9,91,3.95,1.15,0,0
257.474,6394,85.9,91,3.95,1.15,0,0
257.515,6395,85.9,91,3.95,1.15,0,0
257.554,6396,85.9,91,3.95,1.15,0,0
257.594,6397,85.9,91,3.95,1.15,0,0
257.637,6398,85.9,91,3.95,1.15,0,0
257.674,6399,85.9,91,3.95,1.15,0,0
257.714,6400,85.9,91,3.95,1.15,0,0
257.757,6401,85.9,91,3.95,1.15,0,0
257.794,6402,85.9,91,3.95,1.15,0,0
257.834,6403,85.9,91,3.95,1.15,0,0
257.874,6404,85.9,91,3.95,1.15,0,0
257.915,6405,85.9,91,3.95,1.15,0,0
257.954,6406,85.9,91,3.95,1.15,0,0
257.994,6407,86.1,91,3.95,1.17,0,0
258.035,6408,85.9,91,3.95,1.15,0,0
258.074,6409,85.9,91,3.95,1.15,0,1
258.121,6410,85.9,91,3.95,1.15,0,0
258.160,6411,85.9,91,3.95,1.15,0,0
258.197,6412,85.9,91,3.95,1.15,0,0
258.234,6413,85.9,91,3.95,1.15,0,0
258.276,6414,85.9,91,3.95,1.15,0,0
258.314,6415,85.9,91,3.95,1.15,0,0
258.356,6416,85.9,91,3.95,1.15,0,0
258.395,6417,85.9,91,3.95,1.15,0,0
258.438,6418,85.9,91,3.95,1.15,0,0
258.473,6419,85.9,91,3.95,1.15,0,0
258.519,6420,85.9,91,3.95,1.15,0,0
258.556,6421,85.9,91,3.95,1.15,0,0
258.594,6422,85.9,91,3.95,1.15,0,0
258.634,6423,85.9,91,3.95,1.15,0,0
258.676,6424,85.9,91,3.95,1.15,0,0
258.714,6425,85.9,91,3.95,1.15,0,0
258.755,6426,85.9,91,3.95,1.15,0,0
258.797,6427,85.9,91,3.95,1.15,0,0
258.834,6428,85.9,91,3.95,1.15,0,0
258.875,6429,85.9,91,3.95,1.15,0,0
258.917,6430,85.9,91,3.95,1.15,0,0
258.954,6431,80.7,90,4.15,1.19,0,0
258.996,6432,77.9,88,4.09,1.22,0,0
259.035,6433,79.7,91,4.05,1.32,0,0
259.076,6434,80.9,85,3.96,0.89,0,0
259.114,6435,86.4,87,3.78,0.91,0,0
259.154,6436,76.8,90,4.23,1.28,0,0
259.197,6437,76.3,89,3.92,1.30,0,0
259.235,6438,76.3,89,3.92,1.28,0,0
259.274,6439,77.6,88,4.00,1.22,0,0
259.315,6440,77.9,88,4.04,1.27,0,0
259.355,6441,79.8,93,4.10,1.29,0,0
259.398,6442,81.8,94,4.04,1.34,0,0
259.433,6443,85.7,89,3.83,0.96,0,0
259.477,6444,87.7,91,3.80,0.85,0,0
259.515,6445,86.9,95,4.15,1.06,0,0
259.556,6446,89.6,94,3.97,0.87,0,0
259.595,6447,63.1,107,4.78,3.14,0,0
259.636,6448,71.3,110,4.90,2.69,0,0
259.676,6449,79.6,114,4.86,2.66,0,0
259.716,6450,70.2,161,7.97,3.33,0,0
259.757,6451,46.4,176,8.51,3.79,0,0
259.796,6452,25.5,181,7.91,4.92,0,0
259.836,6453,89.6,162,6.78,4.05,0,0
259.877,6454,84.2,160,6.65,4.88,0,0
259.915,6455,75.1,166,7.22,5.51,0,0
259.958,6456,78.4,164,6.82,5.50,0,0
259.995,6457,73.0,165,7.26,5.64,0,0
260.038,6458,69.7,166,7.34,5.87,0,0
260.075,6459,68.8,165,7.32,5.85,0,0
260.115,6460,75.7,162,6.80,5.55,0,0
260.158,6461,71.0,164,7.20,5.69,0,0
260.196,6462,70.1,165,7.36,5.72,0,0
260.239,6463,68.0,166,7.35,5.82,0,0
260.276,6464,64.6,164,7.32,5.89,0,0
260.316,6465,68.1,165,7.36,5.84,0,0
260.358,6466,61.1,164,7.40,6.09,0,0
260.396,6467,64.5,165,7.47,5.87,0,0
260.440,6468,70.2,161,6.99,5.77,0,0
260.479,6469,61.7,162,7.26,5.86,0,0
260.517,6470,68.7,160,6.99,5.66,0,0
260.555,6471,68.1,163,7.35,5.68,0,0
260.598,6472,76.7,161,6.85,5.48,0,0
260.637,6473,72.6,164,7.18,5.49,0,0
260.677,6474,78.2,160,6.79,5.41,0,0
260.715,6475,75.8,162,6.98,5.47,0,0
260.756,6476,77.0,163,6.96,5.50,0,0
260.797,6477,80.4,160,6.82,5.26,0,0
260.836,6478,83.1,160,6.58,5.24,0,0
260.878,6479,86.3,161,6.51,5.26,0,0
260.915,6480,88.3,165,6.74,5.12,0,0
260.956,6481,88.0,165,6.52,4.94,0,0
260.997,6482,89.9,164,6.50,5.08,0,0
261.036,6483,85.9,165,6.45,4.91,0,0
261.079,6484,80.7,162,5.73,4.71,0,0
261.116,6485,85.8,166,6.44,5.04,0,0
261.156,6486,83.1,165,6.21,4.83,0,0
261.198,6487,82.7,163,5.97,4.96,0,0
261.236,6488,83.3,165,6.19,4.98,0,0
261.278,6489,82.4,164,5.97,4.96,0,0
261.315,6490,82.3,164,5.97,4.95,0,0
261.356,6491,80.6,165,5.96,4.74,0,0
261.402,6492,80.6,164,5.90,4.76,0,0
261.436,6493,80.5,164,5.89,4.73,0,0
261.478,6494,81.1,163,5.90,4.89,0,0
261.516,6495,81.0,163,5.87,4.87,0,0
261.556,6496,81.0,163,5.86,4.88,0,0
261.599,6497,81.0,163,5.86,4.90,0,0
261.636,6498,81.2,163,5.86,4.98,0,0
261.678,6499,79.6,164,5.88,4.72,0,0
261.717,6500,79.5,164,5.89,4.72,0,0
261.757,6501,79.4,164,5.86,4.70,0,0
261.798,6502,75.6,162,5.33,4.50,0,0
261.835,6503,75.8,162,5.35,4.52,0,0
261.876,6504,77.4,161,5.32,4.71,0,0
261.916,6505,81.5,165,6.09,4.76,0,0
261.958,6506,89.5,161,6.20,5.25,0,0
261.996,6507,87.5,159,5.93,5.10,0,0
262.036,6508,89.4,160,6.40,4.95,0,0
262.078,6509,89.5,160,6.37,4.85,0,0
262.116,6510,88.0,158,6.15,4.81,0,0
262.156,6511,83.4,155,5.56,4.63,0,0
262.198,6512,83.0,156,5.73,4.39,0,0
262.236,6513,85.5,156,5.92,4.61,0,0
262.278,6514,83.9,154,5.68,4.43,0,0
262.317,6515,82.4,152,5.43,4.24,0,0
262.356,6516,84.2,153,5.65,4.46,0,0
262.399,6517,76.4,150,4.81,4.07,0,0
262.439,6518,78.6,149,5.05,4.11,0,0
262.478,6519,79.8,150,5.30,4.08,0,0
262.517,6520,79.5,150,5.28,4.09,0,0
262.557,6521,79.4,150,5.24,4.10,0,0
262.598,6522,76.8,149,4.96,3.92,0,0
262.636,6523,76.5,149,4.95,3.92,0,0
262.678,6524,74.0,147,4.55,3.66,0,0
262.716,6525,75.7,148,4.82,3.80,0,0
262.759,6526,70.4,149,4.51,3.44,0,0
262.796,6527,71.8,151,4.76,3.62,0,0
262.836,6528,74.7,148,4.80,3.81,0,0
262.876,6529,76.1,147,4.84,3.71,0,0
262.921,6530,77.5,146,4.83,3.92,0,0
262.956,6531,73.9,149,4.78,3.62,0,0
262.997,6532,71.4,150,4.77,3.42,0,0
263.037,6533,71.4,150,4.76,3.43,0,0
263.076,6534,70.0,149,4.48,3.42,0,0
263.118,6535,68.6,152,4.66,3.28,0,0
263.156,6536,68.6,152,4.64,3.26,0,0
263.196,6537,67.2,153,4.62,3.27,0,0
263.236,6538,65.5,151,4.30,3.07,0,0
263.279,6539,65.6,154,4.56,2.97,0,0
263.316,6540,65.7,154,4.59,3.00,0,0
263.357,6541,64.9,155,4.57,3.02,0,0
263.397,6542,64.9,155,4.57,3.03,0,0
263.441,6543,66.4,154,4.58,3.17,0,0
263.475,6544,64.8,155,4.58,3.03,0,0
263.516,6545,64.8,155,4.59,2.99,0,0
263.556,6546,64.7,155,4.59,3.01,0,0
263.596,6547,63.6,154,4.29,3.02,0,0
263.638,6548,64.8,155,4.59,3.02,0,0
263.676,6549,63.6,154,4.28,3.02,0,0
263.716,6550,63.6,154,4.29,3.01,0,0
263.756,6551,64.7,155,4.59,3.01,0,0
263.796,6552,63.6,154,4.29,3.02,0,0
263.836,6553,63.6,154,4.29,3.02,0,0
263.878,6554,64.8,155,4.58,3.02,0,0
263.917,6555,64.8,155,4.58,2.99,0,0
263.958,6556,64.8,155,4.58,3.01,0,0
263.997,6557,64.8,155,4.58,3.01,0,0
264.040,6558,64.8,155,4.58,3.01,0,0
264.077,6559,64.8,155,4.58,3.03,0,0
264.117,6560,63.6,154,4.28,3.01,0,0
264.156,6561,63.6,154,4.29,3.01,0,0
264.197,6562,64.8,155,4.58,3.02,0,0
264.236,6563,64.8,155,4.59,3.01,0,1
264.293,6564,63.7,154,4.28,3.02,0,0
264.329,6565,66.4,154,4.58,3.17,0,0
264.363,6566,63.6,154,4.29,3.03,0,0
264.399,6567,63.7,154,4.28,3.02,0,0
264.441,6568,66.4,154,4.58,3.17,0,0
264.477,6569,63.6,154,4.29,3.01,0,0
264.519,6570,64.8,155,4.58,3.00,0,0
264.557,6571,63.6,154,4.29,3.01,0,0
264.598,6572,64.8,155,4.58,3.01,0,0
264.636,6573,63.6,154,4.28,3.01,0,0
264.679,6574,63.6,154,4.29,3.00,0,0
264.716,6575,63.6,154,4.28,3.01,0,0
264.757,6576,64.8,155,4.58,3.00,0,0
264.797,6577,64.8,155,4.58,3.01,0,0
264.838,6578,64.8,155,4.59,3.03,0,0
264.877,6579,64.7,155,4.59,3.01,0,0
264.921,6580,64.8,155,4.58,3.02,0,0
264.956,6581,64.9,155,4.57,3.01,0,0
264.997,6582,68.5,152,4.59,3.33,0,0
265.039,6583,68.1,153,4.59,3.48,0,0
265.077,6584,64.0,155,4.46,3.02,0,0
265.119,6585,63.0,157,4.40,2.97,0,0
265.157,6586,62.6,157,4.40,2.89,0,0
265.198,6587,59.8,157,4.12,2.69,0,0
265.237,6588,62.8,157,4.43,2.91,0,0
265.280,6589,63.2,156,4.43,2.99,0,0
265.318,6590,66.7,154,4.55,3.31,0,0
265.360,6591,68.4,152,4.61,3.31,0,0
265.401,6592,67.3,153,4.57,3.28,0,0
265.441,6593,67.3,153,4.62,3.35,0,0
265.478,6594,67.7,152,4.65,3.14,0,0
265.517,6595,66.2,150,4.31,3.11,0,0
265.556,6596,67.7,152,4.64,3.13,0,0
265.597,6597,67.8,152,4.63,3.15,0,0
265.636,6598,67.6,152,4.64,3.10,0,0
265.679,6599,69.3,150,4.65,3.22,0,0
265.717,6600,72.5,148,4.73,3.48,0,0
265.757,6601,73.1,147,4.76,3.30,0,0
265.799,6602,74.4,146,4.76,3.49,0,0
265.837,6603,74.2,145,4.74,3.37,0,0
265.880,6604,77.9,142,4.76,3.44,0,0
265.917,6605,76.0,142,4.73,3.24,0,0
265.957,6606,75.9,142,4.73,3.22,0,0
265.999,6607,81.0,139,4.80,3.50,0,0
266.039,6608,84.5,139,5.05,3.53,0,0
266.080,6609,88.4,136,5.15,3.64,0,0
266.117,6610,87.7,138,5.31,3.44,0,0
266.157,6611,85.4,133,5.30,3.71,0,0
266.198,6612,85.5,135,5.48,3.37,0,0
266.237,6613,82.0,133,5.45,3.57,0,0
266.277,6614,75.2,134,5.70,3.67,0,0
266.317,6615,73.6,134,5.64,3.72,0,0
266.359,6616,56.4,129,5.57,4.57,0,0
266.401,6617,69.0,126,5.38,2.14,0,0
266.438,6618,61.4,133,5.83,4.14,0,0
266.477,6619,75.3,127,5.33,2.19,0,0
266.517,6620,60.3,132,5.59,3.86,0,0
266.559,6621,52.6,131,5.69,4.16,0,0
266.597,6622,53.1,132,5.52,3.93,0,0
266.638,6623,52.2,133,5.77,4.10,0,0
266.678,6624,56.7,132,5.72,3.72,0,0
266.719,6625,58.1,135,5.88,3.78,0,0
266.757,6626,60.6,134,5.69,3.78,0,0
266.798,6627,64.3,133,5.66,3.81,0,0
266.839,6628,77.3,127,5.48,2.22,0,0
266.878,6629,70.7,135,5.89,3.40,0,0
266.918,6630,71.2,136,5.85,3.43,0,0
266.960,6631,75.7,135,5.77,3.20,0,0
266.998,6632,78.1,136,5.84,3.16,0,0
267.041,6633,79.7,137,5.80,2.96,0,0
267.078,6634,79.7,137,5.81,2.98,0,0
267.117,6635,76.0,136,5.74,3.18,0,0
267.159,6636,76.1,125,5.45,2.12,0,0
267.197,6637,77.3,138,5.88,2.88,0,0
267.238,6638,77.2,138,5.89,2.87,0,0
267.278,6639,73.4,135,5.88,3.00,0,0
267.320,6640,72.2,138,6.04,3.13,0,0
267.358,6641,77.1,126,5.43,2.27,0,0
267.398,6642,73.2,136,5.88,3.12,0,0
267.444,6643,46.1,124,5.34,4.51,0,0
267.477,6644,76.0,125,5.45,2.13,0,0
267.521,6645,75.3,138,5.91,3.19,0,0
267.561,6646,80.8,136,5.65,2.96,0,0
267.598,6647,57.0,122,5.12,4.29,0,0
267.637,6648,83.6,134,5.53,2.94,0,0
267.677,6649,85.3,135,5.54,2.93,0,0
267.717,6650,82.3,134,5.51,3.15,0,0
267.760,6651,82.2,134,5.52,3.14,0,0
267.798,6652,82.3,134,5.52,3.15,0,0
267.838,6653,82.3,134,5.52,3.15,0,0
267.880,6654,82.3,134,5.52,3.14,0,0
267.917,6655,85.3,135,5.56,2.93,0,0
267.960,6656,85.4,135,5.54,2.94,0,0
267.998,6657,63.7,126,5.25,2.35,0,0
268.038,6658,86.2,136,5.53,2.95,0,0
268.078,6659,86.7,136,5.53,2.94,0,0
268.119,6660,86.4,136,5.53,2.94,0,0
268.160,6661,86.3,136,5.53,2.96,0,0
268.197,6662,87.6,136,5.58,2.77,0,0
268.238,6663,87.2,135,5.54,2.72,0,0
268.279,6664,86.9,135,5.58,2.77,0,0
268.318,6665,87.5,136,5.56,2.77,0,0
268.360,6666,87.6,136,5.57,2.74,0,0
268.398,6667,87.6,136,5.59,2.76,0,0
268.441,6668,87.6,136,5.58,2.77,0,0
268.480,6669,87.6,136,5.59,2.77,0,0
268.518,6670,87.6,136,5.57,2.77,0,0
268.560,6671,87.6,136,5.58,2.77,0,0
268.598,6672,87.3,135,5.57,2.72,0,0
268.638,6673,65.0,124,5.19,2.32,0,0
268.681,6674,87.6,136,5.58,2.77,0,0
268.718,6675,87.6,136,5.58,2.77,0,0
268.758,6676,87.7,136,5.57,2.73,0,0
268.798,6677,87.6,136,5.59,2.74,0,0
268.840,6678,87.6,136,5.56,2.76,0,0
268.878,6679,87.6,136,5.59,2.77,0,0
268.918,6680,65.1,124,5.21,2.32,0,0
268.958,6681,87.4,135,5.58,2.71,0,0
268.998,6682,87.7,136,5.58,2.74,0,0
269.040,6683,65.3,125,5.28,2.40,0,0
269.078,6684,87.6,136,5.58,2.77,0,0
269.118,6685,87.6,136,5.57,2.77,0,0
269.159,6686,87.6,136,5.57,2.76,0,0
269.198,6687,87.3,135,5.59,2.75,0,1
269.257,6688,87.6,136,5.56,2.75,0,0
269.296,6689,87.6,136,5.57,2.77,0,0
269.340,6690,87.3,135,5.59,2.74,0,0
269.377,6691,87.3,135,5.58,2.74,0,0
269.416,6692,87.7,136,5.59,2.73,0,0
269.459,6693,65.0,124,5.19,2.32,0,0
269.496,6694,87.4,135,5.57,2.75,0,0
269.532,6695,87.6,136,5.59,2.76,0,0
269.571,6696,87.3,135,5.56,2.74,0,0
269.603,6697,87.6,136,5.56,2.76,0,0
269.640,6698,87.6,136,5.57,2.76,0,0
269.685,6699,87.6,136,5.57,2.76,0,0
269.721,6700,87.5,136,5.58,2.76,0,0
269.762,6701,87.6,136,5.57,2.76,0,0
269.798,6702,87.6,136,5.57,2.77,0,0
269.837,6703,65.2,125,5.30,2.41,0,0
269.881,6704,87.6,136,5.58,2.73,0,0
269.918,6705,87.8,137,5.53,2.74,0,0
269.959,6706,80.8,133,5.51,3.31,0,0
270.001,6707,78.8,134,5.64,3.25,0,0
270.038,6708,88.2,137,5.54,2.70,0,0
270.081,6709,89.9,136,5.53,2.69,0,0
270.118,6710,86.3,136,5.53,2.97,0,0
270.159,6711,83.7,134,5.54,2.94,0,0
270.200,6712,64.8,126,5.26,2.44,0,0
270.239,6713,82.2,134,5.48,3.14,0,0
270.280,6714,81.9,133,5.55,3.22,0,0
270.318,6715,87.3,137,5.39,2.72,0,0
270.359,6716,83.5,132,4.65,3.00,0,0
270.399,6717,74.8,136,4.51,2.68,0,0
270.441,6718,72.9,136,4.41,2.67,0,0
270.480,6719,42.5,126,4.35,2.33,0,0
270.521,6720,70.7,137,4.24,2.58,0,0
270.558,6721,69.3,138,4.23,2.59,0,0
270.599,6722,66.6,138,4.07,2.33,0,0
270.638,6723,62.4,141,3.87,2.06,0,0
270.679,6724,60.5,142,3.67,2.04,0,0
270.719,6725,59.3,142,3.49,1.99,0,0
270.758,6726,58.2,143,3.45,1.98,0,0
270.800,6727,58.9,142,3.45,1.99,0,0
270.838,6728,58.8,143,3.37,2.15,0,0
270.877,6729,58.8,143,3.36,2.15,0,0
270.918,6730,58.8,143,3.37,2.15,0,0
270.960,6731,58.8,143,3.36,2.17,0,0
270.998,6732,32.3,128,3.52,2.74,0,0
271.040,6733,58.2,143,3.25,2.15,0,0
271.078,6734,31.5,128,3.42,2.74,0,0
271.119,6735,58.8,143,3.36,2.15,0,0
271.159,6736,58.8,143,3.36,2.15,0,0
271.199,6737,58.8,143,3.36,2.15,0,0
271.238,6738,58.8,143,3.36,2.17,0,0
271.278,6739,58.8,143,3.36,2.15,0,0
271.319,6740,58.8,143,3.38,2.15,0,0
271.358,6741,58.7,143,3.36,2.15,0,0
271.398,6742,34.7,127,3.58,2.72,0,0
271.439,6743,57.7,143,3.38,1.96,0,0
271.478,6744,57.8,143,3.39,1.98,0,0
271.520,6745,58.3,142,3.51,1.83,0,0
271.558,6746,64.3,138,3.75,2.31,0,0
271.598,6747,64.8,137,3.86,2.18,0,0
271.638,6748,41.4,127,4.04,2.48,0,0
271.680,6749,43.2,127,4.05,2.48,0,0
271.718,6750,65.5,137,3.98,2.03,0,0
271.760,6751,64.3,137,3.97,1.84,0,0
271.798,6752,63.3,136,3.86,1.82,0,0
271.838,6753,61.2,137,3.83,1.47,0,0
271.879,6754,61.2,137,3.81,1.48,0,0
271.921,6755,62.3,137,3.91,1.48,0,0
271.959,6756,61.2,138,3.87,1.52,0,0
272.001,6757,62.3,137,3.91,1.56,0,0
272.039,6758,64.2,136,4.06,1.57,0,0
272.082,6759,67.3,132,4.13,1.62,0,0
272.119,6760,70.4,129,4.19,1.76,0,0
272.159,6761,72.5,128,4.28,1.78,0,0
272.200,6762,71.6,128,4.27,1.59,0,0
272.238,6763,71.0,127,4.23,1.26,0,0
272.278,6764,72.2,127,4.29,1.28,0,0
272.324,6765,72.9,126,4.31,1.28,0,0
272.362,6766,78.6,121,4.25,1.79,0,0
272.399,6767,72.0,128,4.32,1.09,0,0
272.443,6768,73.9,125,4.33,1.13,0,0
272.479,6769,76.6,126,4.58,1.12,0,0
272.520,6770,80.6,128,4.76,1.28,0,0
272.560,6771,83.9,128,4.97,1.30,0,0
272.600,6772,76.5,119,4.70,2.23,0,0
272.643,6773,70.0,121,4.90,2.45,0,0
272.681,6774,76.6,129,5.22,1.70,0,0
272.719,6775,85.7,123,5.06,1.41,0,0
272.759,6776,55.4,129,5.28,2.28,0,0
272.799,6777,70.3,128,5.31,1.90,0,0
272.841,6778,64.2,124,4.84,2.20,0,0
272.880,6779,40.0,124,5.09,3.13,0,0
272.921,6780,66.1,122,4.84,2.11,0,0
272.959,6781,33.3,121,4.94,3.36,0,0
272.999,6782,69.8,121,4.94,1.97,0,0
273.041,6783,69.3,116,4.55,2.13,0,0
273.079,6784,68.6,121,4.98,2.00,0,0
273.119,6785,16.6,117,4.57,3.83,0,0
273.161,6786,66.7,127,5.20,1.35,0,0
273.199,6787,67.4,126,5.21,1.61,0,0
273.243,6788,66.7,129,5.34,1.79,0,0
273.283,6789,67.2,129,5.33,1.70,0,0
273.321,6790,67.5,128,5.34,1.70,0,0
273.363,6791,67.5,128,5.36,1.71,0,0
273.400,6792,67.6,128,5.36,1.68,0,0
273.445,6793,67.2,129,5.32,1.71,0,0
273.485,6794,67.4,129,5.32,1.72,0,0
273.525,6795,67.6,128,5.35,1.68,0,0
273.566,6796,68.8,127,5.23,1.50,0,0
273.604,6797,67.3,129,5.31,1.68,0,0
273.646,6798,67.6,128,5.35,1.68,0,0
273.684,6799,67.6,128,5.35,1.68,0,0
273.723,6800,67.5,128,5.35,1.68,0,0
273.765,6801,67.5,128,5.34,1.70,0,0
273.802,6802,71.5,128,5.29,1.68,0,0
273.846,6803,68.8,127,5.23,1.55,0,0
273.881,6804,31.4,119,4.82,3.35,0,0
273.923,6805,66.0,130,5.44,1.61,0,0
273.962,6806,67.5,128,5.34,1.61,0,0
274.001,6807,68.1,129,5.34,1.68,0,0
274.039,6808,68.0,129,5.34,1.61,0,0
274.082,6809,68.1,129,5.34,1.68,0,0
274.120,6810,68.8,127,5.22,1.50,0,0
274.162,6811,66.1,130,5.44,1.68,0,0
274.199,6812,68.1,129,5.34,1.68,0,0
274.240,6813,66.1,130,5.44,1.68,0,0
274.280,6814,68.1,129,5.34,1.68,0,0
274.326,6815,68.0,129,5.34,1.61,0,0
274.361,6816,68.1,129,5.34,1.68,0,0
274.400,6817,68.1,129,5.34,1.68,0,0
274.443,6818,66.1,130,5.44,1.68,0,0
274.480,6819,68.1,129,5.34,1.68,0,0
274.520,6820,68.0,129,5.34,1.71,0,0
274.564,6821,68.1,129,5.34,1.68,0,0
274.601,6822,68.1,129,5.34,1.68,0,0
274.644,6823,68.1,129,5.34,1.68,0,0
274.683,6824,68.1,129,5.34,1.68,0,0
274.722,6825,68.1,129,5.34,1.68,0,0
274.762,6826,68.0,129,5.34,1.63,0,0
274.801,6827,66.1,130,5.44,1.68,0,0
274.840,6828,66.1,130,5.44,1.68,0,0
274.882,6829,66.0,130,5.44,1.70,0,0
274.920,6830,68.1,129,5.34,1.68,0,0
274.960,6831,68.0,129,5.34,1.61,0,0
275.003,6832,68.1,129,5.34,1.68,0,0
275.041,6833,68.1,129,5.34,1.68,0,1
275.099,6834,66.1,130,5.44,1.68,0,0
275.136,6835,66.1,130,5.44,1.68,0,0
275.178,6836,68.0,129,5.34,1.61,0,0
275.218,6837,68.1,129,5.34,1.68,0,0
275.255,6838,68.1,129,5.34,1.68,0,0
275.295,6839,66.1,130,5.44,1.68,0,0
275.335,6840,66.1,130,5.44,1.68,0,0
275.374,6841,66.1,130,5.44,1.68,0,0
275.415,6842,66.1,130,5.44,1.68,0,0
275.452,6843,68.1,129,5.34,1.68,0,0
275.489,6844,68.1,129,5.34,1.68,0,0
275.530,6845,66.1,130,5.44,1.68,0,0
275.568,6846,68.1,129,5.34,1.68,0,0
275.605,6847,68.1,129,5.34,1.68,0,0
275.644,6848,66.1,130,5.44,1.68,0,0
275.683,6849,68.1,129,5.34,1.68,0,0
275.724,6850,68.1,129,5.34,1.68,0,0
275.762,6851,66.1,130,5.44,1.68,0,0
275.800,6852,66.1,130,5.44,1.68,0,0
275.840,6853,68.1,129,5.34,1.68,0,0
275.883,6854,68.1,129,5.34,1.68,0,0
275.921,6855,66.1,130,5.44,1.68,0,0
275.960,6856,63.1,129,5.30,1.80,0,0
276.002,6857,66.2,129,5.30,1.57,0,0
276.040,6858,65.8,130,5.42,1.68,0,0
276.080,6859,67.9,129,5.32,1.63,0,0
276.123,6860,68.4,128,5.36,1.57,0,0
276.160,6861,69.0,128,5.32,1.71,0,0
276.200,6862,88.5,120,4.95,0.95,0,0
276.241,6863,65.7,97,3.81,0.82,0,0
276.278,6864,73.0,109,4.25,1.24,0,0
276.319,6865,39.0,85,4.00,0.86,0,0
276.356,6866,23.8,61,0.26,0.62,0,0
276.401,6867,23.8,220,2.51,0.91,0,0
276.447,6868,34.0,239,5.06,5.40,0,0
276.486,6869,39.2,92,1.22,0.53,0,0
276.529,6870,8.6,295,8.87,10.04,0,0
276.567,6871,12.3,264,7.92,7.08,0,0
276.601,6872,10.4,47,1.12,0.34,0,0
276.637,6873,21.1,72,0.47,1.09,0,0
276.678,6874,14.1,66,0.47,0.77,0,0
276.718,6875,49.3,81,0.44,1.41,1,0
276.771,6876,59.2,87,1.39,1.17,1,0
276.799,6877,37.1,39,0.31,0.38,0,0
276.833,6878,,,,,0,0
276.872,6879,,,,,0,0
276.913,6880,34.4,26,0.32,0.69,0,0
276.955,6881,23.1,36,0.26,0.78,0,0
276.994,6882,22.8,41,0.26,0.65,0,0
277.036,6883,26.9,40,0.35,0.60,0,0
277.075,6884,9.3,32,0.23,0.52,0,0
277.114,6885,7.9,28,0.27,0.38,0,0
277.158,6886,21.7,31,0.41,0.39,0,0
277.194,6887,31.9,31,0.27,0.38,0,0
277.234,6888,40.7,34,0.24,0.57,0,0
277.279,6889,47.4,122,2.18,1.62,0,0
277.314,6890,45.5,128,1.92,1.76,1,0
277.355,6891,44.8,126,1.67,1.86,0,0
277.402,6892,35.4,115,1.64,0.84,0,0
277.438,6893,32.0,115,1.67,0.86,0,0
277.475,6894,30.0,115,1.77,0.59,0,0
277.516,6895,29.2,84,1.47,0.42,0,0
277.556,6896,32.1,103,2.28,0.52,0,0
277.599,6897,35.5,104,2.25,0.95,0,0
277.639,6898,35.2,104,2.11,0.74,0,0
277.675,6899,27.2,105,2.27,0.30,0,0
277.715,6900,30.2,79,1.44,0.41,0,0
277.749,6901,30.2,79,1.44,0.41,0,0
277.797,6902,10.4,123,0.98,0.68,0,0
277.836,6903,9.1,121,0.53,0.42,0,0
277.876,6904,3.1,111,1.44,0.64,0,0
277.919,6905,17.5,115,2.69,0.48,0,0
277.959,6906,83.1,119,4.10,0.66,0,0
277.999,6907,64.8,100,5.17,0.47,0,0
278.039,6908,75.7,110,5.30,0.52,0,0
278.079,6909,69.2,111,5.29,0.77,0,0
278.119,6910,63.0,108,5.39,0.73,0,0
278.159,6911,65.8,111,5.48,0.98,0,0
278.199,6912,61.9,109,5.29,1.00,0,0
278.239,6913,66.3,109,5.18,0.82,0,0
278.280,6914,65.8,109,5.15,0.89,0,0
278.319,6915,63.8,106,5.11,0.73,0,0
278.363,6916,61.7,107,5.25,1.03,0,0
278.401,6917,65.8,109,5.20,1.14,0,0
278.443,6918,69.5,109,5.36,0.96,0,0
278.480,6919,65.9,110,5.37,1.26,0,0
278.522,6920,62.7,103,4.99,1.06,0,0
278.559,6921,47.1,103,4.77,1.41,0,0
278.602,6922,46.3,98,4.69,1.00,0,0
278.639,6923,50.5,100,4.83,1.22,0,0
278.682,6924,50.1,100,4.87,1.20,0,0
278.719,6925,48.8,102,4.79,1.39,0,0
278.760,6926,49.2,102,4.82,1.39,0,0
278.801,6927,49.1,102,4.80,1.39,0,0
278.839,6928,49.2,102,4.78,1.39,0,0
278.879,6929,50.7,102,4.78,1.24,0,0
278.921,6930,50.6,102,4.80,1.20,0,0
278.960,6931,50.8,102,4.78,1.21,0,0
279.002,6932,50.7,102,4.78,1.26,0,0
279.039,6933,50.8,102,4.82,1.22,0,0
279.079,6934,50.8,102,4.80,1.27,0,0
279.121,6935,50.7,102,4.80,1.20,0,0
279.160,6936,50.6,102,4.80,1.22,0,0
279.200,6937,54.9,103,5.01,1.24,0,0
279.244,6938,54.9,103,5.01,1.23,0,0
279.282,6939,55.1,103,5.02,1.23,0,0
279.321,6940,55.1,103,5.02,1.23,0,0
279.359,6941,55.0,103,5.04,1.23,0,0
279.402,6942,54.9,103,5.02,1.25,0,0
279.446,6943,55.0,103,5.02,1.22,0,0
279.481,6944,55.1,103,5.02,1.22,0,0
279.520,6945,55.0,103,5.04,1.23,0,0
279.559,6946,55.0,103,5.04,1.23,0,0
279.600,6947,55.1,103,5.02,1.25,0,0
279.641,6948,55.1,103,5.02,1.23,0,0
279.680,6949,55.0,103,5.04,1.27,0,0
279.720,6950,55.1,103,5.02,1.28,0,0
279.762,6951,55.0,103,5.02,1.27,0,0
279.800,6952,55.1,103,5.04,1.25,0,0
279.840,6953,55.1,103,5.02,1.25,0,0
279.880,6954,55.0,103,5.04,1.23,0,0
279.921,6955,55.2,103,5.02,1.21,0,0
279.960,6956,55.1,103,5.04,1.27,0,0
280.002,6957,54.9,103,5.05,1.22,0,0
280.040,6958,55.1,103,5.03,1.21,0,0
280.082,6959,54.9,103,5.03,1.24,0,0
280.120,6960,50.5,101,4.85,1.23,0,0
280.162,6961,50.6,102,4.80,1.25,0,0
280.200,6962,50.7,102,4.81,1.24,0,1
280.257,6963,50.6,102,4.80,1.24,0,0
280.293,6964,50.5,102,4.82,1.26,0,0
280.331,6965,50.8,101,4.84,1.26,0,0
280.371,6966,50.7,101,4.84,1.22,0,0
280.410,6967,50.7,101,4.85,1.25,0,0
280.447,6968,50.7,101,4.85,1.23,0,0
280.484,6969,51.5,100,4.85,1.14,0,0
280.525,6970,58.8,101,4.99,1.07,0,0
280.560,6971,58.6,102,4.98,1.07,0,0
280.600,6972,58.6,102,4.99,1.07,0,0
280.640,6973,58.5,101,4.99,1.05,0,0
280.682,6974,58.7,101,4.99,1.09,0,0
280.720,6975,58.6,101,4.97,1.02,0,0
280.761,6976,58.8,101,4.96,1.02,0,0
280.800,6977,54.1,106,5.04,1.38,0,0
280.841,6978,58.7,104,4.95,1.21,0,0
280.880,6979,59.8,103,4.97,1.02,0,0
280.920,6980,58.8,104,4.97,1.20,0,0
280.960,6981,59.9,103,4.97,1.04,0,0
281.000,6982,56.2,101,4.79,1.02,0,0
281.043,6983,56.1,101,4.79,1.03,0,0
281.080,6984,56.2,101,4.76,1.05,0,0
281.120,6985,55.5,100,4.74,1.07,0,0
281.162,6986,59.5,99,4.67,0.89,0,0
281.200,6987,49.9,103,4.88,1.45,0,0
281.240,6988,58.9,98,4.58,0.90,0,0
281.281,6989,51.3,102,4.71,1.44,0,0
281.321,6990,51.0,101,4.68,1.47,0,0
281.360,6991,51.9,100,4.68,1.25,0,0
281.406,6992,51.1,97,4.36,1.25,0,0
281.440,6993,50.5,100,4.72,1.51,0,0
281.480,6994,53.0,99,4.58,1.40,0,0
281.521,6995,53.0,99,4.54,1.38,0,0
281.560,6996,53.4,94,4.26,1.21,0,0
281.601,6997,54.4,97,4.48,1.47,0,0
281.643,6998,54.0,96,4.49,1.45,0,0
281.680,6999,51.4,93,4.23,1.25,0,0
281.721,7000,57.4,93,4.33,1.31,0,0
281.763,7001,48.2,93,4.27,1.57,0,0
281.800,7002,50.2,92,4.17,1.61,0,0
281.841,7003,64.8,89,3.98,1.28,0,0
281.891,7004,57.8,91,4.07,1.55,0,0
281.932,7005,56.7,90,4.03,1.52,0,0
281.968,7006,59.2,85,3.65,1.16,0,0
282.009,7007,62.8,88,3.95,1.47,0,0
282.048,7008,59.1,86,3.80,1.45,0,0
282.087,7009,66.3,87,3.77,1.35,0,0
282.126,7010,54.6,85,3.83,1.45,0,0
282.162,7011,61.3,86,3.85,1.48,0,0
282.204,7012,69.2,87,3.88,1.34,0,0
282.240,7013,70.8,92,3.98,1.43,0,0
282.283,7014,71.8,95,4.31,1.41,0,0
282.321,7015,88.9,102,4.21,1.12,0,0
282.364,7016,80.5,109,4.36,0.98,0,0
282.401,7017,69.0,114,4.18,0.68,0,0
282.444,7018,61.2,116,3.86,0.32,0,0
282.483,7019,59.3,119,3.89,0.32,0,0
282.522,7020,59.0,119,3.88,0.32,0,0
282.561,7021,59.2,119,3.88,0.32,0,0
282.601,7022,59.2,119,3.88,0.32,0,0
282.641,7023,59.4,119,3.88,0.32,0,0
282.683,7024,61.3,120,4.15,0.37,0,0
282.721,7025,61.5,120,4.15,0.36,0,0
282.763,7026,61.5,120,4.17,0.39,0,0
282.801,7027,61.4,120,4.17,0.39,0,0
282.842,7028,61.4,120,4.17,0.38,0,0
282.884,7029,61.6,120,4.15,0.39,0,0
282.921,7030,61.5,120,4.15,0.39,0,0
282.964,7031,61.5,120,4.15,0.39,0,0
283.001,7032,61.6,120,4.17,0.39,0,0
283.045,7033,61.5,120,4.15,0.38,0,0
283.081,7034,61.6,120,4.17,0.39,0,0
283.124,7035,61.5,120,4.17,0.41,0,0
283.161,7036,61.5,120,4.15,0.39,0,0
283.201,7037,61.6,120,4.17,0.39,0,0
283.242,7038,61.6,120,4.17,0.39,0,0
283.281,7039,61.6,120,4.17,0.39,0,0
283.321,7040,61.6,120,4.17,0.39,0,0
283.364,7041,61.5,120,4.15,0.38,0,0
283.405,7042,61.6,120,4.17,0.39,0,0
283.442,7043,61.5,120,4.15,0.38,0,0
283.482,7044,61.6,120,4.17,0.39,0,0
283.525,7045,61.6,120,4.17,0.38,0,0
283.561,7046,61.6,120,4.17,0.39,0,0
283.605,7047,61.6,120,4.15,0.39,0,0
283.640,7048,61.6,120,4.17,0.39,0,0
283.681,7049,61.5,120,4.17,0.39,0,0
283.722,7050,61.6,120,4.17,0.39,0,0
283.761,7051,61.6,120,4.17,0.39,0,0
283.801,7052,61.6,120,4.17,0.39,0,1
283.857,7053,61.6,120,4.17,0.39,0,0
283.893,7054,61.6,120,4.17,0.39,0,0
283.931,7055,61.6,120,4.17,0.39,0,0
283.965,7056,61.6,120,4.17,0.38,0,0
284.005,7057,61.6,120,4.17,0.39,0,0
284.043,7058,61.5,120,4.15,0.39,0,0
284.081,7059,61.6,120,4.17,0.39,0,0
284.123,7060,61.6,120,4.17,0.39,0,0
284.161,7061,61.6,120,4.17,0.38,0,0
284.203,7062,61.6,120,4.17,0.38,0,0
284.241,7063,61.6,120,4.17,0.38,0,0
284.281,7064,61.2,120,4.15,0.38,0,0
284.324,7065,61.2,120,4.15,0.38,0,0
284.361,7066,61.2,120,4.15,0.38,0,0
284.403,7067,61.2,120,4.17,0.38,0,0
284.447,7068,60.9,120,4.13,0.37,0,0
284.482,7069,62.1,118,4.14,0.38,0,0
284.525,7070,61.9,118,4.13,0.37,0,0
284.562,7071,63.3,116,4.07,0.39,0,0
284.604,7072,67.0,115,4.31,0.39,0,0
284.641,7073,67.3,115,4.32,0.39,0,0
284.685,7074,65.6,114,4.11,0.41,0,0
284.721,7075,65.8,114,4.11,0.41,0,0
284.764,7076,67.2,115,4.33,0.40,0,0
284.801,7077,64.0,114,4.05,0.35,0,0
284.844,7078,61.7,112,3.78,0.28,0,0
284.881,7079,61.9,114,3.98,0.34,0,0
284.924,7080,54.9,123,3.93,0.44,0,0
284.962,7081,45.6,135,3.54,0.62,0,0
285.005,7082,39.8,142,2.97,0.72,0,0
285.041,7083,41.1,143,3.17,0.78,0,0
285.082,7084,37.6,147,2.82,0.72,0,0
285.122,7085,37.6,149,2.77,0.75,0,0
285.163,7086,37.2,149,2.81,0.79,0,0
285.203,7087,36.0,153,2.80,0.87,0,0
285.242,7088,37.2,152,2.87,0.81,0,0
285.284,7089,36.9,154,2.87,0.89,0,0
285.321,7090,36.8,154,2.84,0.94,0,0
285.362,7091,37.2,155,2.89,0.85,0,0
285.405,7092,38.1,154,2.96,0.86,0,0
285.446,7093,38.4,154,2.96,0.86,0,0
285.484,7094,38.1,154,2.96,0.86,0,0
285.522,7095,39.9,153,3.23,0.85,0,0
285.566,7096,39.3,152,3.02,0.85,0,0
285.603,7097,39.3,152,3.03,0.80,0,0
285.647,7098,39.3,152,3.03,0.80,0,0
285.683,7099,39.6,152,3.04,0.81,0,0
285.723,7100,39.5,152,3.03,0.83,0,0
285.764,7101,39.0,152,3.01,0.80,0,0
285.801,7102,39.0,152,2.98,0.80,0,0
285.842,7103,39.3,152,3.03,0.85,0,0
285.884,7104,39.0,152,2.99,0.85,0,0
285.922,7105,39.2,152,3.02,0.86,0,0
285.963,7106,38.9,152,3.03,0.87,0,0
286.001,7107,39.0,152,3.01,0.88,0,0
286.041,7108,38.4,154,3.03,0.88,0,0
286.083,7109,57.6,141,5.23,0.95,0,0
286.122,7110,50.6,145,4.70,0.93,0,0
286.163,7111,58.2,141,5.30,0.96,0,0
286.202,7112,51.1,146,4.78,0.99,0,0
286.242,7113,53.9,145,5.09,0.99,0,0
286.285,7114,69.3,139,5.81,1.00,0,0
286.322,7115,76.3,139,6.03,1.04,0,0
286.365,7116,81.2,135,5.87,0.99,0,0
286.401,7117,81.9,137,6.04,1.01,0,0
286.444,7118,71.4,136,5.89,1.00,0,0
286.481,7119,55.7,132,5.59,1.00,0,0
286.521,7120,52.2,132,5.42,0.91,0,0
286.562,7121,52.0,132,5.40,0.90,0,0
286.601,7122,51.7,132,5.40,0.90,0,0
286.644,7123,48.7,130,5.29,0.87,0,0
286.681,7124,51.8,132,5.40,0.89,0,0
286.721,7125,51.8,132,5.41,0.88,0,0
286.763,7126,51.8,132,5.42,0.88,0,0
286.801,7127,51.8,132,5.41,0.86,0,0
286.842,7128,51.8,132,5.41,0.88,0,0
286.882,7129,51.9,132,5.41,0.89,0,0
286.921,7130,48.4,131,5.27,0.88,0,0
286.965,7131,48.4,131,5.27,0.88,0,0
287.001,7132,48.5,131,5.27,0.89,0,0
287.044,7133,48.5,131,5.27,0.89,0,0
287.081,7134,48.7,131,5.29,0.89,0,0
287.121,7135,45.6,130,5.16,0.91,0,0
287.163,7136,41.9,129,4.91,0.88,0,0
287.202,7137,39.7,130,4.92,0.90,0,0
287.242,7138,37.4,129,4.69,0.90,0,0
287.281,7139,34.2,130,4.62,0.88,0,0
287.323,7140,31.3,130,4.55,0.94,0,0
287.362,7141,28.3,131,4.37,0.95,0,0
287.407,7142,26.1,131,4.29,0.89,0,0
287.440,7143,25.2,132,4.21,0.93,0,0
287.482,7144,25.5,132,4.21,1.06,0,0
287.520,7145,25.6,132,4.21,1.06,0,0
287.564,7146,25.0,132,4.21,0.94,0,0
287.601,7147,25.0,132,4.21,0.94,0,0
287.643,7148,24.2,131,4.15,0.94,0,0
287.681,7149,23.7,132,4.12,0.95,0,0
287.722,7150,22.4,133,4.05,1.00,0,0
287.762,7151,23.1,132,4.07,0.97,0,0
287.803,7152,23.4,132,4.07,0.96,0,0
287.841,7153,22.6,131,4.02,1.03,0,0
287.881,7154,23.4,131,4.06,1.01,0,0
287.921,7155,22.9,131,4.06,0.96,0,0
287.962,7156,22.6,131,4.06,0.93,0,0
288.001,7157,23.1,130,4.06,0.92,0,0
288.042,7158,24.3,129,4.11,0.90,0,0
288.081,7159,25.1,128,4.12,0.90,0,0
288.121,7160,25.1,128,4.12,0.92,0,0
288.163,7161,25.1,128,4.12,0.92,0,0
288.201,7162,24.6,129,4.12,0.90,0,0
288.242,7163,25.1,128,4.12,0.90,0,0
288.282,7164,25.1,128,4.12,0.90,0,0
288.324,7165,25.1,128,4.11,0.90,0,0
288.361,7166,24.6,129,4.12,0.90,0,0
288.403,7167,25.1,128,4.12,0.90,0,0
288.444,7168,25.1,128,4.12,0.90,0,0
288.483,7169,25.1,128,4.11,0.90,0,0
288.522,7170,25.1,128,4.12,0.90,0,0
288.561,7171,25.1,128,4.12,0.90,0,0
288.605,7172,25.1,128,4.12,0.90,0,0
288.641,7173,25.1,128,4.12,0.90,0,0
288.681,7174,25.1,128,4.11,0.90,0,0
288.721,7175,25.1,128,4.11,0.90,0,0
288.762,7176,25.1,128,4.12,0.90,0,1
288.817,7177,25.1,128,4.12,0.90,0,0
288.855,7178,25.1,128,4.12,0.90,0,0
288.887,7179,25.1,128,4.12,0.90,0,0
288.927,7180,25.1,128,4.12,0.90,0,0
288.965,7181,25.1,128,4.12,0.90,0,0
289.005,7182,25.1,128,4.11,0.90,0,0
289.042,7183,25.1,128,4.11,0.90,0,0
289.081,7184,25.1,128,4.12,0.90,0,0
289.123,7185,25.1,128,4.11,0.90,0,0
289.161,7186,25.1,128,4.12,0.90,0,0
289.205,7187,25.1,128,4.12,0.90,0,0
289.241,7188,25.1,128,4.11,0.90,0,0
289.282,7189,25.1,128,4.12,0.90,0,0
289.323,7190,25.1,128,4.12,0.90,0,0
289.362,7191,25.1,128,4.13,0.90,0,0
289.403,7192,23.5,130,4.10,0.89,0,0
289.444,7193,25.0,129,4.12,0.91,0,0
289.482,7194,24.7,129,4.15,0.89,0,0
289.524,7195,24.6,129,4.12,0.92,0,0
289.562,7196,23.5,130,4.10,0.89,0,0
289.603,7197,23.3,130,4.11,0.90,0,0
289.641,7198,23.3,130,4.08,0.90,0,0
289.683,7199,24.6,129,4.12,0.90,0,0
289.721,7200,24.2,129,4.11,0.90,0,0
289.765,7201,24.4,129,4.11,0.90,0,0
289.802,7202,24.6,129,4.12,0.90,0,0
289.842,7203,24.4,129,4.11,0.90,0,0
289.882,7204,24.5,129,4.12,0.90,0,0
289.925,7205,24.5,129,4.11,0.88,0,0
289.961,7206,24.0,128,4.12,0.86,0,0
290.004,7207,26.4,132,4.24,0.97,0,0
290.042,7208,25.7,133,4.27,1.07,0,0
290.082,7209,21.8,129,4.03,0.79,0,0
290.123,7210,22.5,125,4.01,0.84,0,0
290.165,7211,21.0,124,3.82,0.78,0,0
290.202,7212,16.0,123,3.43,0.75,0,0
290.244,7213,30.0,188,2.20,1.92,0,0
290.281,7214,27.6,174,0.36,1.85,0,0
290.321,7215,20.2,161,0.34,1.31,0,0
290.358,7216,31.9,139,0.64,0.48,0,0
290.402,7217,55.1,141,1.49,0.58,1,0
290.453,7218,55.0,175,1.92,1.26,1,0
290.490,7219,25.0,135,0.27,1.16,0,0
290.526,7220,25.5,209,0.56,0.83,0,0
290.564,7221,26.6,224,1.05,0.91,0,0
290.601,7222,39.8,77,0.25,1.23,0,0
290.644,7223,51.2,179,3.25,1.12,0,0
290.680,7224,41.3,170,2.97,1.32,0,0
290.721,7225,39.2,172,2.78,1.70,0,0
290.763,7226,43.7,181,4.34,2.27,0,0
290.801,7227,52.2,186,4.96,2.09,0,0
290.840,7228,44.1,175,3.25,1.97,0,0
290.880,7229,39.6,178,1.86,2.46,0,0
290.922,7230,51.3,172,2.16,1.51,0,0
290.960,7231,38.3,174,2.30,1.34,0,0
291.001,7232,32.0,172,2.13,1.30,0,0
291.045,7233,32.8,172,1.99,1.24,0,0
291.081,7234,38.4,161,1.91,0.89,0,0
291.120,7235,19.0,68,0.25,1.31,0,0
291.161,7236,6.0,79,0.00,0.50,0,0
291.206,7237,20.8,75,0.25,0.54,0,0
291.240,7238,8.1,74,0.19,0.93,0,0
291.282,7239,14.2,74,0.31,1.15,0,0
291.321,7240,25.3,88,0.36,1.95,0,0
291.361,7241,30.6,91,0.72,2.04,0,0
291.406,7242,18.7,96,0.51,2.03,0,0
291.441,7243,19.9,99,0.21,1.94,0,0
291.481,7244,20.3,104,0.24,2.16,0,0
291.526,7245,20.4,104,0.59,2.08,0,0
291.560,7246,17.0,106,0.60,2.05,0,0
291.601,7247,16.5,107,0.49,2.06,0,0
291.641,7248,21.8,110,0.56,2.43,0,0
291.683,7249,16.8,107,0.56,2.06,0,0
291.721,7250,21.9,110,0.56,2.40,0,0
291.761,7251,15.4,106,0.62,1.87,0,0
291.801,7252,15.2,106,0.62,1.85,0,0
291.842,7253,22.1,110,0.63,2.39,0,0
291.881,7254,21.5,110,0.72,2.43,0,0
291.921,7255,21.4,110,0.69,2.43,0,0
291.962,7256,19.8,110,0.60,2.54,0,0
292.001,7257,14.5,106,0.67,1.89,0,0
292.044,7258,19.8,110,0.63,2.52,0,0
292.081,7259,21.4,110,0.69,2.41,0,0
292.121,7260,21.6,110,0.73,2.39,0,0
292.161,7261,14.6,106,0.69,1.89,0,0
292.201,7262,21.5,110,0.72,2.41,0,0
292.244,7263,21.5,110,0.72,2.41,0,0
292.281,7264,14.7,106,0.71,1.89,0,0
292.323,7265,14.7,106,0.71,1.89,0,0
292.362,7266,21.6,110,0.74,2.40,0,0
292.406,7267,14.7,106,0.71,1.89,0,0
292.443,7268,14.7,106,0.69,1.89,0,0
292.481,7269,21.6,110,0.74,2.40,0,0
292.523,7270,21.5,110,0.73,2.41,0,0
292.561,7271,21.5,110,0.72,2.40,0,0
292.605,7272,19.9,110,0.65,2.51,0,0
292.641,7273,21.6,110,0.74,2.40,0,0
292.681,7274,14.5,106,0.67,1.89,0,0
292.722,7275,14.6,106,0.69,1.87,0,0
292.761,7276,14.7,106,0.71,1.86,0,0
292.804,7277,20.0,110,0.71,2.48,0,0
292.842,7278,19.9,110,0.74,2.47,0,0
292.881,7279,12.8,106,0.71,1.98,0,0
292.923,7280,12.7,106,0.72,2.00,0,0
292.961,7281,18.5,108,0.73,2.08,0,0
293.005,7282,21.1,109,0.92,2.20,0,0
293.041,7283,19.6,114,0.73,2.61,0,0
293.082,7284,19.8,115,0.76,2.61,0,0
293.123,7285,17.9,114,0.80,2.49,0,0
293.161,7286,17.1,113,0.70,2.34,0,0
293.205,7287,17.5,116,0.97,2.53,0,0
293.242,7288,19.8,117,1.14,2.60,0,0
293.283,7289,18.7,117,1.16,2.63,0,0
293.322,7290,15.3,115,0.80,2.63,0,0
293.364,7291,20.9,116,1.38,2.50,0,0
293.406,7292,7.2,111,0.89,2.10,0,0
293.444,7293,14.0,115,0.96,2.63,0,0
293.482,7294,14.6,115,0.93,2.63,0,0
293.529,7295,12.9,114,1.03,2.53,0,0
293.565,7296,18.0,116,1.03,2.73,0,0
293.602,7297,10.9,112,0.92,2.37,0,0
293.647,7298,9.0,112,0.90,2.25,0,0
293.682,7299,17.5,117,0.91,2.81,0,0
293.726,7300,14.1,115,1.06,2.62,0,0
293.761,7301,18.2,117,1.23,2.76,0,0
293.802,7302,16.7,115,1.38,2.55,0,0
293.844,7303,17.6,116,1.12,2.83,0,0
293.882,7304,10.4,111,1.13,1.78,0,0
293.923,7305,13.2,117,1.53,2.10,0,0
293.964,7306,8.4,113,0.60,1.17,0,0
294.004,7307,17.5,116,0.83,1.56,0,0
294.045,7308,24.7,118,1.31,1.18,0,0
294.086,7309,26.4,119,1.55,1.32,0,0
294.126,7310,32.6,117,1.84,0.73,0,0
294.164,7311,37.4,113,1.76,0.81,0,0
294.207,7312,40.6,112,1.63,1.09,0,0
294.244,7313,43.2,112,1.62,1.40,0,0
294.287,7314,46.4,112,1.72,1.56,1,0
294.345,7315,45.5,112,1.73,1.75,1,0
294.386,7316,46.0,113,1.73,1.57,1,0
294.425,7317,44.0,113,1.67,1.62,0,0
294.460,7318,46.1,112,1.72,1.57,1,0
294.498,7319,44.8,114,1.68,1.51,0,0
294.539,7320,44.9,114,1.68,1.52,0,0
294.577,7321,43.2,115,1.62,1.60,0,0
294.620,7322,44.9,114,1.70,1.54,0,0
294.657,7323,44.8,114,1.70,1.57,0,0
294.696,7324,44.6,114,1.70,1.56,0,0
294.734,7325,44.6,114,1.68,1.58,0,0
294.774,7326,44.2,114,1.69,1.45,0,0
294.811,7327,45.3,114,1.70,1.51,1,0
294.852,7328,45.4,114,1.70,1.52,1,0
294.889,7329,45.3,114,1.70,1.48,1,0
294.923,7330,45.4,114,1.70,1.52,1,0
294.968,7331,45.1,114,1.70,1.71,1,0
295.006,7332,46.1,114,1.70,1.36,1,0
295.047,7333,45.3,114,1.70,1.74,1,0
295.084,7334,45.6,114,1.70,1.44,1,0
295.124,7335,44.0,114,1.57,1.51,0,0
295.166,7336,45.4,114,1.70,1.54,1,0
295.204,7337,45.2,114,1.70,1.51,1,0
295.244,7338,43.8,114,1.57,1.48,0,0
295.286,7339,43.8,114,1.57,1.51,0,0
295.324,7340,41.1,114,1.57,1.30,0,0
295.365,7341,43.9,114,1.57,1.49,0,0
295.407,7342,43.8,114,1.57,1.60,0,0
295.447,7343,44.1,114,1.70,1.33,0,0
295.486,7344,43.7,114,1.57,1.58,0,0
295.527,7345,42.6,114,1.57,1.47,0,0
295.567,7346,45.2,114,1.70,1.56,1,0
295.627,7347,43.8,114,1.57,1.60,0,0
295.663,7348,43.8,114,1.57,1.51,0,0
295.698,7349,43.7,114,1.57,1.58,0,0
295.736,7350,43.9,114,1.70,1.44,0,0
295.774,7351,45.3,114,1.70,1.60,1,0
295.814,7352,42.5,114,1.57,1.46,0,0
295.852,7353,45.2,114,1.70,1.61,1,0
295.889,7354,43.8,114,1.57,1.60,0,0
295.925,7355,45.2,114,1.70,1.49,1,0
295.964,7356,42.3,114,1.57,1.43,0,0
296.006,7357,45.2,114,1.70,1.58,1,0
296.044,7358,45.3,114,1.70,1.60,1,0
296.086,7359,43.8,114,1.57,1.60,0,0
296.126,7360,42.6,114,1.57,1.43,0,0
296.167,7361,42.5,114,1.57,1.46,0,0
296.205,7362,43.9,114,1.57,1.54,0,0
296.245,7363,43.9,114,1.56,1.52,0,0
296.284,7364,45.3,114,1.70,1.60,1,1
296.334,7365,43.7,114,1.57,1.49,0,0
296.374,7366,45.3,114,1.70,1.48,1,0
296.413,7367,42.5,114,1.57,1.46,0,0
296.451,7368,42.5,114,1.57,1.46,0,0
296.492,7369,43.9,114,1.70,1.44,0,0
296.533,7370,43.7,114,1.57,1.58,0,0
296.571,7371,43.8,114,1.57,1.60,0,0
296.612,7372,43.8,114,1.70,1.43,0,0
296.649,7373,42.3,114,1.57,1.43,0,0
296.687,7374,44.1,114,1.57,1.48,0,0
296.728,7375,43.7,114,1.57,1.58,0,0
296.765,7376,45.3,114,1.70,1.52,1,0
296.808,7377,45.4,114,1.70,1.47,1,0
296.865,7378,45.2,114,1.70,1.58,1,0
296.899,7379,43.8,114,1.57,1.51,0,0
296.937,7380,43.8,114,1.57,1.51,0,0
296.969,7381,45.2,114,1.70,1.49,1,0
297.004,7382,43.9,114,1.57,1.50,0,0
297.047,7383,43.9,114,1.57,1.61,0,0
297.084,7384,43.8,114,1.57,1.48,0,0
297.124,7385,43.6,114,1.57,1.57,0,0
297.167,7386,45.1,114,1.70,1.47,1,0
297.204,7387,43.6,114,1.57,1.57,0,0
297.246,7388,43.8,114,1.57,1.60,0,0
297.286,7389,43.7,114,1.57,1.58,0,0
297.327,7390,43.9,114,1.70,1.44,0,0
297.364,7391,44.0,114,1.70,1.46,0,0
297.404,7392,43.9,114,1.57,1.61,0,0
297.445,7393,44.0,114,1.70,1.46,0,0
297.485,7394,42.5,114,1.57,1.46,0,0
297.524,7395,43.8,114,1.57,1.51,0,0
297.565,7396,45.1,114,1.70,1.45,1,0
297.604,7397,43.4,114,1.56,1.61,0,0
297.644,7398,43.1,114,1.57,1.62,0,0
297.684,7399,43.0,114,1.57,1.58,0,0
297.724,7400,44.5,114,1.67,1.57,0,0
297.769,7401,43.0,114,1.57,1.61,0,0
297.805,7402,42.9,114,1.57,1.58,0,0
297.847,7403,42.1,113,1.48,1.72,0,0
297.884,7404,42.2,116,1.62,1.70,0,0
297.925,7405,40.7,116,1.62,1.70,0,0
297.964,7406,42.0,116,1.62,1.78,0,0
298.005,7407,40.7,117,1.64,1.99,0,0
298.044,7408,35.8,119,1.54,2.23,0,0
298.087,7409,30.3,121,1.51,2.81,0,0
298.124,7410,40.9,112,1.35,1.75,0,0
298.165,7411,41.6,113,1.36,1.68,0,0
298.206,7412,41.2,113,1.33,1.79,0,0
298.244,7413,31.7,123,1.58,3.02,0,0
298.287,7414,35.1,120,1.46,2.58,0,0
298.324,7415,36.2,121,1.60,2.61,0,0
298.366,7416,34.5,122,1.58,2.80,0,0
298.407,7417,38.8,120,1.62,2.47,0,0
298.447,7418,36.2,121,1.58,2.63,0,0
298.484,7419,37.1,122,1.69,2.65,0,0
298.529,7420,40.9,120,1.74,2.23,0,0
298.566,7421,42.7,119,1.81,2.13,0,0
298.605,7422,41.8,119,1.87,1.95,0,0
298.645,7423,47.3,116,2.02,1.82,0,0
298.685,7424,46.9,115,2.05,1.61,0,0
298.725,7425,38.8,124,2.16,2.62,0,0
298.767,7426,41.5,121,2.24,1.53,0,0
298.805,7427,44.9,118,2.25,1.16,0,0
298.844,7428,48.0,116,2.29,1.02,0,0
298.889,7429,50.6,115,2.36,0.96,0,0
298.924,7430,50.6,114,2.27,0.98,0,0
298.967,7431,51.1,114,2.35,1.17,0,0
299.004,7432,56.4,115,2.42,1.22,0,0
299.045,7433,47.3,123,2.19,2.09,0,0
299.087,7434,21.5,108,0.89,1.24,0,0
299.124,7435,22.3,107,0.81,1.09,0,0
299.167,7436,23.1,105,0.70,0.92,0,0
299.205,7437,23.6,103,0.59,0.74,0,0
299.245,7438,18.3,105,0.37,1.19,0,0
299.285,7439,17.6,106,0.41,1.41,0,0
299.327,7440,17.6,106,0.55,1.43,0,0
299.366,7441,19.3,103,0.41,1.12,0,0
299.409,7442,17.1,106,0.49,1.44,0,0
299.446,7443,16.8,106,0.48,1.49,0,0
299.486,7444,25.1,101,0.51,0.46,0,0
299.527,7445,24.9,101,0.54,0.46,0,0
299.569,7446,23.8,102,0.53,0.61,0,0
299.606,7447,23.9,103,0.53,0.59,0,0
299.646,7448,24.4,102,0.45,0.44,0,0
299.688,7449,24.2,102,0.46,0.45,0,0
299.726,7450,24.1,102,0.46,0.45,0,0
299.767,7451,24.8,101,0.46,0.35,0,0
299.806,7452,24.1,102,0.46,0.45,0,0
299.846,7453,24.0,102,0.46,0.45,0,0
299.886,7454,24.7,101,0.46,0.35,0,0
299.925,7455,24.7,101,0.46,0.35,0,0
299.965,7456,24.7,101,0.46,0.35,0,0
300.008,7457,24.7,101,0.46,0.35,0,0
300.046,7458,24.7,101,0.46,0.35,0,0
300.087,7459,24.7,101,0.46,0.35,0,0
300.125,7460,24.7,101,0.46,0.35,0,0
300.166,7461,24.7,101,0.46,0.35,0,0
300.210,7462,24.7,101,0.46,0.35,0,0
300.245,7463,24.7,101,0.46,0.35,0,0
300.285,7464,24.7,101,0.46,0.35,0,0
300.328,7465,24.8,101,0.46,0.35,0,0
300.366,7466,25.2,100,0.47,0.28,0,0
300.408,7467,25.3,100,0.46,0.28,0,0
300.448,7468,25.2,100,0.47,0.28,0,0
300.485,7469,25.2,100,0.47,0.28,0,0
300.526,7470,25.2,99,0.41,0.24,0,0
300.565,7471,25.2,99,0.41,0.24,0,0
300.605,7472,25.2,100,0.47,0.28,0,0
300.648,7473,25.2,100,0.47,0.28,0,0
300.685,7474,25.2,99,0.41,0.24,0,1
300.743,7475,25.2,100,0.47,0.28,0,0
300.779,7476,25.2,100,0.47,0.28,0,0
300.817,7477,25.2,100,0.47,0.28,0,0
300.855,7478,25.2,100,0.47,0.28,0,0
300.892,7479,25.2,100,0.47,0.28,0,0
300.933,7480,25.2,99,0.41,0.24,0,0
300.967,7481,25.2,99,0.41,0.24,0,0
301.006,7482,25.2,100,0.47,0.28,0,0
301.045,7483,25.2,100,0.47,0.28,0,0
301.087,7484,25.2,100,0.47,0.28,0,0
301.130,7485,25.2,100,0.47,0.28,0,0
301.165,7486,25.2,100,0.47,0.28,0,0
301.208,7487,25.2,100,0.47,0.28,0,0
301.245,7488,25.2,100,0.47,0.28,0,0
301.285,7489,25.2,100,0.47,0.28,0,0
301.327,7490,25.3,100,0.47,0.28,0,0
301.366,7491,25.2,100,0.47,0.28,0,0
301.409,7492,25.2,100,0.47,0.28,0,0
301.448,7493,25.2,100,0.47,0.28,0,0
301.485,7494,25.2,100,0.47,0.28,0,0
301.526,7495,25.2,100,0.47,0.28,0,0
301.566,7496,25.2,100,0.47,0.28,0,0
301.608,7497,25.2,99,0.41,0.24,0,0
301.645,7498,25.2,100,0.47,0.28,0,0
301.685,7499,24.0,99,0.36,0.28,0,0
301.728,7500,25.2,99,0.48,0.28,0,0
301.765,7501,25.2,101,0.54,0.36,0,0
301.805,7502,25.7,99,0.48,0.24,0,0
301.846,7503,25.0,99,0.36,0.26,0,0
301.886,7504,25.0,99,0.47,0.28,0,0
301.927,7505,18.5,108,0.73,1.39,0,0
301.966,7506,18.2,108,0.75,1.43,0,0
302.006,7507,20.2,106,0.70,1.01,0,0
302.046,7508,23.2,105,0.74,0.98,0,0
302.085,7509,18.5,107,0.60,1.17,0,0
302.125,7510,23.2,105,0.73,0.98,0,0
302.165,7511,24.7,102,0.66,0.53,0,0
302.207,7512,23.6,102,0.59,0.51,0,0
302.246,7513,24.7,101,0.47,0.28,0,0
302.288,7514,20.5,106,0.40,0.58,0,0
302.325,7515,17.6,111,0.41,1.00,0,0
302.366,7516,15.4,111,0.56,0.69,0,0
302.410,7517,5.8,117,0.96,1.47,0,0
302.445,7518,0.1,120,1.05,1.56,0,0
302.488,7519,15.1,129,2.19,2.11,0,0
302.528,7520,15.8,128,2.23,1.92,0,0
302.565,7521,18.4,128,2.13,2.07,0,0
302.608,7522,18.8,127,1.79,2.18,0,0
302.646,7523,13.7,122,1.87,1.65,0,0
302.689,7524,18.4,128,2.19,2.15,0,0
302.725,7525,16.9,129,2.54,1.89,0,0
302.769,7526,19.0,127,2.53,1.71,0,0
302.806,7527,17.0,133,2.76,1.86,0,0
302.848,7528,19.5,128,2.08,2.20,0,0
302.885,7529,19.3,129,2.42,2.25,0,0
302.925,7530,16.3,124,2.13,1.85,0,0
302.966,7531,14.8,124,1.91,1.87,0,0
303.005,7532,15.9,126,2.45,1.82,0,0
303.045,7533,14.5,124,2.43,1.59,0,0
303.086,7534,11.2,124,2.01,1.60,0,0
303.125,7535,13.1,125,2.30,1.76,0,0
303.166,7536,12.4,124,2.22,1.68,0,0
303.205,7537,21.5,121,1.48,2.14,0,0
303.249,7538,12.4,124,2.27,1.68,0,0
303.285,7539,11.5,121,1.66,1.63,0,0
303.328,7540,11.6,123,1.73,1.76,0,0
303.366,7541,14.6,121,2.08,1.67,0,0
303.406,7542,9.6,123,1.77,1.67,0,0
303.450,7543,15.7,122,2.14,1.79,0,0
303.484,7544,14.1,118,1.26,1.81,0,0
303.528,7545,15.5,122,2.11,1.82,0,0
303.566,7546,15.7,122,2.11,1.79,0,0
303.605,7547,13.2,124,1.95,1.74,0,0
303.647,7548,14.0,125,2.21,1.79,0,0
303.686,7549,14.9,123,2.16,1.76,0,0
303.728,7550,13.8,124,2.22,1.78,0,0
303.765,7551,14.4,118,1.26,1.76,0,0
303.805,7552,12.5,122,1.66,1.77,0,0
303.848,7553,14.8,123,2.16,1.76,0,0
303.885,7554,9.6,121,1.55,1.67,0,0
303.926,7555,14.0,122,1.87,1.82,0,0
303.965,7556,11.9,122,1.99,1.66,0,0
304.008,7557,16.7,119,1.90,1.64,0,0
304.045,7558,15.5,122,2.14,1.84,0,1
304.102,7559,9.6,123,1.77,1.65,0,0
304.136,7560,15.6,122,2.08,1.81,0,0
304.173,7561,13.5,122,2.23,1.65,0,0
304.214,7562,16.0,123,2.09,1.75,0,0
304.251,7563,15.4,123,2.09,1.84,0,0
304.288,7564,11.4,119,1.40,1.63,0,0
304.328,7565,15.7,122,2.11,1.74,0,0
304.366,7566,16.0,122,2.08,1.74,0,0
304.408,7567,14.8,124,2.16,1.75,0,0
304.445,7568,15.9,122,2.08,1.74,0,0
304.485,7569,14.1,122,1.93,1.77,0,0
304.525,7570,12.7,123,2.25,1.62,0,0
304.567,7571,14.7,122,2.08,1.61,0,0
304.605,7572,7.6,121,1.44,1.67,0,0
304.646,7573,13.3,122,2.18,1.63,0,0
304.687,7574,17.8,118,1.53,1.81,0,0
304.725,7575,11.6,123,2.08,1.56,0,0
304.768,7576,13.7,119,1.75,1.53,0,0
304.806,7577,13.3,124,2.22,1.68,0,0
304.845,7578,15.2,123,2.20,1.74,0,0
304.887,7579,8.2,122,1.53,1.76,0,0
304.925,7580,9.7,123,1.66,1.96,0,0
304.967,7581,9.3,117,1.50,1.25,0,0
305.004,7582,15.4,118,1.32,1.67,0,0
305.043,7583,8.9,100,1.03,1.83,0,0
305.084,7584,5.2,70,0.62,1.29,0,0
305.122,7585,1.3,39,0.00,0.13,0,0
305.161,7586,,,,,0,0
305.205,7587,,,,,0,0
305.241,7588,,,,,0,0
305.283,7589,,,,,0,0
305.320,7590,,,,,0,0
305.377,7591,47.5,183,4.05,2.73,0,0
305.407,7592,,,,,0,0
305.440,7593,,,,,0,0
305.492,7594,50.4,185,4.10,1.89,0,0
305.526,7595,26.1,76,1.82,2.21,0,0
305.563,7596,44.5,26,0.30,0.29,0,0
305.601,7597,20.2,29,0.23,0.34,0,0
305.641,7598,16.6,33,0.22,0.24,0,0
305.681,7599,27.2,38,0.23,0.60,0,0
305.723,7600,37.4,52,0.50,1.15,0,0
305.764,7601,76.5,52,0.64,0.57,1,0
305.818,7602,75.7,52,1.03,1.37,1,0
305.849,7603,79.8,104,3.91,1.23,0,0
305.884,7604,,,,,0,0
305.922,7605,,,,,0,0
305.962,7606,4.6,26,0.27,0.21,0,0
306.001,7607,,,,,0,0
306.045,7608,8.8,57,0.93,0.40,0,0
306.083,7609,36.9,28,0.37,0.42,0,0
306.125,7610,13.2,39,0.28,1.32,0,0
306.167,7611,18.2,54,0.43,0.77,0,0
306.202,7612,26.7,72,1.35,0.79,0,0
306.246,7613,53.0,70,0.92,2.05,0,0
306.280,7614,12.1,38,0.39,0.59,0,0
306.321,7615,87.5,34,0.24,0.53,1,0
306.361,7616,,,,,0,0
306.400,7617,,,,,0,0
306.438,7618,,,,,0,0
306.479,7619,,,,,0,0
306.520,7620,,,,,0,0
306.559,7621,18.5,26,0.39,0.36,0,0
306.602,7622,76.9,78,0.28,1.35,1,0
306.640,7623,71.3,73,0.33,1.02,1,0
306.680,7624,,,,,0,0
306.721,7625,0.2,44,0.33,0.24,0,0
306.763,7626,3.5,46,0.25,0.31,0,0
306.801,7627,4.7,57,0.22,0.29,0,0
306.846,7628,55.2,122,0.25,1.56,1,0
306.882,7629,57.9,139,0.25,2.20,0,0
306.924,7630,56.4,137,0.26,2.17,0,0
306.966,7631,68.7,150,0.31,1.62,1,0
307.023,7632,67.2,145,0.34,1.63,1,0
307.067,7633,70.4,147,0.31,2.11,0,0
307.106,7634,68.9,159,0.32,2.46,0,0
307.144,7635,71.7,170,3.01,0.49,0,0
307.180,7636,67.1,136,0.25,1.39,1,0
307.216,7637,66.9,136,0.23,1.33,1,0
307.261,7638,67.4,134,0.22,1.26,1,0
307.295,7639,67.6,131,0.23,1.21,1,0
307.331,7640,88.1,132,4.47,0.41,0,0
307.374,7641,83.5,129,4.37,0.41,0,0
307.411,7642,87.9,132,4.32,0.43,0,0
307.447,7643,66.3,132,0.23,1.41,1,0
307.489,7644,66.7,134,0.26,1.45,1,0
307.526,7645,66.6,136,0.25,1.39,1,0
307.566,7646,66.2,141,0.29,1.54,1,0
307.613,7647,66.8,137,0.25,1.36,1,0
307.647,7648,66.2,139,0.25,1.64,1,0
307.686,7649,65.4,138,0.26,1.50,1,0
307.730,7650,65.3,139,0.25,1.67,1,0
307.766,7651,65.4,133,0.24,1.46,1,0
307.807,7652,65.9,137,0.25,1.29,1,0
307.846,7653,66.2,138,0.26,1.51,1,0
307.889,7654,65.6,140,0.29,1.62,1,0
307.926,7655,66.9,140,0.28,1.68,1,0
307.968,7656,65.2,139,0.25,1.72,1,0
308.006,7657,64.8,140,0.27,1.76,1,0
308.048,7658,65.2,140,0.30,1.74,1,0
308.088,7659,69.5,144,0.26,3.06,0,0
308.126,7660,65.8,141,0.27,1.83,1,0
308.166,7661,66.1,144,0.28,2.04,0,0
308.207,7662,65.1,139,0.24,1.61,1,0
308.264,7663,64.6,143,0.30,2.04,0,0
308.302,7664,65.4,143,0.26,1.91,1,0
308.337,7665,64.8,142,0.29,1.93,1,0
308.380,7666,66.1,150,0.28,2.33,0,0
308.413,7667,65.3,144,0.32,2.12,0,0
308.447,7668,65.6,144,0.27,2.03,0,0
308.488,7669,65.5,143,0.26,1.80,1,0
308.527,7670,64.5,142,0.24,1.93,1,0
308.566,7671,65.8,147,0.29,2.04,0,0
308.608,7672,65.7,144,0.26,1.90,1,0
308.646,7673,64.6,144,0.27,1.99,1,0
308.686,7674,66.9,146,0.30,2.04,0,0
308.729,7675,65.9,146,0.27,2.07,0,0
308.766,7676,65.5,147,0.27,2.27,0,0
308.807,7677,65.5,146,0.25,2.29,0,0
308.850,7678,66.9,147,0.29,2.11,0,0
308.886,7679,66.0,148,0.29,2.30,0,0
308.926,7680,64.7,142,0.24,1.88,1,0
308.966,7681,65.5,142,0.27,1.81,1,0
309.008,7682,65.4,145,0.28,2.16,0,0
309.046,7683,66.0,141,0.27,1.72,1,0
309.086,7684,65.4,147,0.29,2.19,0,0
309.127,7685,66.6,147,0.26,2.27,0,0
309.166,7686,66.6,147,0.26,1.96,1,0
309.207,7687,66.1,145,0.29,1.82,1,0
309.246,7688,66.5,149,0.26,2.35,0,0
309.286,7689,66.2,144,0.27,2.08,0,0
309.327,7690,66.9,149,0.30,2.51,0,0
309.368,7691,64.3,142,0.24,1.82,1,0
309.409,7692,64.4,143,0.26,1.91,1,0
309.460,7693,65.3,147,0.31,2.16,0,0
309.494,7694,65.8,145,0.28,2.04,0,0
309.532,7695,64.9,148,0.32,2.29,0,1
309.589,7696,66.9,150,0.26,2.60,0,0
309.628,7697,67.4,150,0.25,2.68,0,0
309.664,7698,65.1,146,0.25,2.29,0,0
309.698,7699,65.0,147,0.26,2.28,0,0
309.737,7700,66.4,147,0.27,2.73,0,0
309.771,7701,66.4,146,0.25,2.06,0,0
309.809,7702,64.8,144,0.29,1.74,1,0
309.849,7703,65.0,146,0.29,1.91,1,0
309.886,7704,66.7,149,0.25,2.24,0,0
309.925,7705,65.2,146,0.26,2.28,0,0
309.969,7706,65.0,147,0.26,2.21,0,0
310.006,7707,65.7,148,0.25,2.44,0,0
310.046,7708,64.6,143,0.25,2.05,0,0
310.090,7709,64.2,143,0.26,2.03,0,0
310.126,7710,64.5,144,0.25,2.11,0,0
310.167,7711,65.0,147,0.31,2.19,0,0
310.208,7712,65.4,146,0.28,2.20,0,0
310.246,7713,65.7,146,0.30,2.09,0,0
310.288,7714,65.0,143,0.29,1.78,1,0
310.326,7715,64.5,144,0.30,1.96,1,0
310.369,7716,70.8,148,0.28,3.20,0,0
310.409,7717,66.5,145,0.32,1.90,1,0
310.449,7718,65.8,152,0.32,2.10,0,0
310.488,7719,65.9,149,0.28,2.02,0,0
310.526,7720,66.1,149,0.29,2.02,0,0
310.568,7721,66.1,152,0.29,2.04,0,0
310.608,7722,66.1,153,0.30,2.57,0,0
310.646,7723,66.2,153,0.28,2.51,0,0
310.688,7724,66.2,157,0.28,2.83,0,0
310.730,7725,69.6,170,4.02,0.45,0,0
310.766,7726,67.4,169,3.54,0.46,0,0
310.807,7727,65.8,157,0.38,2.28,0,0
310.852,7728,65.2,163,2.37,0.34,0,0
310.886,7729,55.8,132,0.25,1.66,1,0
310.946,7730,56.3,130,0.30,1.62,1,0
310.981,7731,85.4,136,0.32,5.61,0,0
311.018,7732,56.3,128,0.27,2.10,0,0
311.059,7733,55.1,135,0.27,2.15,0,0
311.095,7734,58.3,133,0.31,1.49,1,0
311.136,7735,67.3,166,2.82,0.38,0,0
311.170,7736,57.2,131,0.29,1.54,1,0
311.205,7737,55.8,132,0.26,1.99,1,0
311.246,7738,56.5,128,0.28,1.70,1,0
311.287,7739,64.3,165,3.12,0.31,0,0
311.327,7740,67.1,167,3.26,0.32,0,0
311.367,7741,57.6,130,0.33,1.45,1,0
311.407,7742,68.2,169,3.69,0.31,0,0
311.450,7743,56.5,131,0.27,1.53,1,0
311.487,7744,65.0,163,2.66,0.30,0,0
311.527,7745,64.1,167,0.36,2.98,0,0
311.569,7746,56.5,130,0.31,1.57,1,0
311.607,7747,56.9,131,0.27,1.48,1,0
311.647,7748,64.9,164,0.36,2.56,0,0
311.689,7749,55.2,131,0.29,1.56,1,0
311.727,7750,63.4,168,0.48,2.74,0,0
311.774,7751,64.5,163,0.37,2.56,0,0
311.807,7752,63.9,169,0.43,3.00,0,0
311.847,7753,65.9,168,0.46,2.82,0,0
311.886,7754,64.4,165,0.42,2.58,0,0
311.926,7755,54.9,133,0.28,1.84,1,0
311.967,7756,54.6,132,0.32,1.80,1,0
312.009,7757,65.2,169,0.41,3.28,0,0
312.046,7758,64.4,162,0.38,2.45,0,0
312.088,7759,65.8,168,3.44,0.36,0,0
312.130,7760,66.9,167,3.85,0.34,0,0
312.166,7761,57.2,134,0.29,1.57,1,0
312.226,7762,64.8,163,0.37,2.70,0,0
312.261,7763,57.2,128,0.30,1.55,1,0
312.297,7764,68.0,167,3.53,0.39,0,0
312.334,7765,65.7,166,0.33,3.01,0,0
312.371,7766,64.6,163,0.36,2.66,0,0
312.408,7767,57.2,129,0.27,1.54,1,0
312.450,7768,66.4,167,3.29,0.38,0,0
312.488,7769,66.6,168,3.44,0.40,0,0
312.527,7770,57.8,131,0.29,1.60,1,0
312.569,7771,65.6,168,3.45,0.35,0,1
312.621,7772,63.8,163,0.36,2.67,0,0
312.660,7773,55.7,130,0.30,1.61,1,0
312.697,7774,57.0,131,0.29,1.71,1,0
312.732,7775,66.1,165,0.37,3.05,0,0
312.768,7776,65.1,163,0.37,2.28,0,0
312.806,7777,66.0,168,3.23,0.39,0,0
312.851,7778,65.3,164,0.40,2.75,0,0
312.887,7779,64.9,164,0.39,2.74,0,0
312.927,7780,65.3,164,0.36,2.82,0,0
312.969,7781,65.2,166,0.42,2.98,0,0
313.007,7782,66.4,169,3.76,0.40,0,0
313.047,7783,56.1,132,0.29,1.80,1,0
313.089,7784,64.9,164,0.35,3.02,0,0
313.127,7785,64.3,163,2.69,0.35,0,0
313.167,7786,64.0,163,0.37,2.56,0,0
313.207,7787,58.6,127,0.25,1.59,1,0
313.249,7788,67.3,163,2.34,0.35,0,0
313.287,7789,57.4,134,0.28,1.63,1,0
313.327,7790,56.5,137,0.30,1.69,1,0
313.367,7791,81.2,140,0.31,5.90,0,0
313.407,7792,84.8,142,0.30,5.45,0,0
313.448,7793,61.9,148,0.31,5.76,0,0
313.488,7794,77.3,145,0.31,6.06,0,0
313.530,7795,72.9,145,0.32,6.03,0,0
313.567,7796,49.9,153,0.35,5.33,0,0
313.608,7797,47.9,155,0.32,4.91,0,0
313.647,7798,50.3,155,0.31,5.25,0,0
313.689,7799,45.0,141,0.28,4.27,0,0
313.728,7800,59.1,151,0.30,5.99,0,0
313.768,7801,49.4,141,0.25,4.81,0,0
313.808,7802,65.0,149,0.31,6.21,0,0
313.850,7803,61.3,137,0.26,5.46,0,0
313.887,7804,58.5,116,0.27,2.22,0,0
313.928,7805,57.0,133,4.42,0.52,0,0
313.970,7806,50.7,143,0.28,4.97,0,0
314.008,7807,53.6,131,4.17,0.46,0,0
314.047,7808,59.5,114,0.28,1.92,1,0
314.109,7809,59.5,136,4.63,0.41,0,0
314.144,7810,87.4,154,0.39,5.98,0,0
314.181,7811,68.9,158,0.38,6.61,0,0
314.226,7812,88.2,157,0.41,6.27,0,0
314.264,7813,87.8,184,1.43,7.15,0,0
314.301,7814,87.7,181,1.49,6.87,0,0
314.339,7815,77.4,167,0.41,6.96,0,0
314.374,7816,84.3,169,0.50,6.84,0,0
314.411,7817,74.1,164,0.65,5.18,0,0
314.453,7818,80.7,161,0.43,5.64,0,0
314.490,7819,76.1,165,0.65,5.66,0,0
314.530,7820,61.4,139,4.42,0.56,0,0
314.567,7821,84.4,169,0.62,6.27,0,0
314.607,7822,89.4,166,0.34,6.63,0,0
314.649,7823,80.7,166,0.49,6.12,0,0
314.690,7824,80.7,156,4.89,0.69,0,0
314.728,7825,86.8,149,4.61,0.44,0,0
314.768,7826,80.1,142,4.12,0.43,0,0
314.811,7827,73.3,138,3.82,0.41,0,0
314.848,7828,57.6,131,4.15,0.55,0,0
314.888,7829,64.9,135,4.08,0.73,0,0
314.929,7830,66.4,134,4.09,0.88,0,0
314.968,7831,68.3,134,3.84,0.68,0,0
315.011,7832,69.1,137,3.96,0.97,0,0
315.047,7833,73.0,138,3.82,0.93,0,0
315.087,7834,72.1,135,3.84,0.88,0,0
315.128,7835,72.6,136,3.82,1.13,0,0
315.170,7836,75.5,138,3.72,1.09,0,0
315.208,7837,72.1,134,3.57,0.87,0,0
315.250,7838,69.3,134,4.06,1.09,0,0
315.288,7839,70.4,133,3.88,0.96,0,0
315.332,7840,89.0,141,4.36,0.89,0,0
315.368,7841,76.9,139,3.54,1.10,0,0
315.409,7842,76.2,139,3.45,0.98,0,0
315.452,7843,79.5,147,2.67,1.11,0,0
315.487,7844,75.5,140,3.64,1.17,0,0
315.528,7845,77.3,141,3.57,1.24,0,0
315.570,7846,76.0,140,3.41,1.08,0,0
315.608,7847,76.0,140,3.45,1.06,0,0
315.650,7848,78.8,146,2.54,0.98,0,0
315.688,7849,79.8,151,2.54,1.00,0,0
315.728,7850,75.7,160,2.87,0.98,0,0
315.770,7851,77.6,145,2.89,1.02,0,0
315.809,7852,74.5,141,3.64,1.02,0,0
315.848,7853,72.0,142,3.85,0.90,0,0
315.890,7854,73.2,160,2.82,1.05,0,0
315.927,7855,68.8,147,4.35,1.41,0,0
315.971,7856,72.7,159,2.87,1.20,0,0
316.008,7857,73.0,162,2.89,1.18,0,0
316.048,7858,73.3,164,2.91,1.12,0,0
316.090,7859,71.3,163,2.99,1.14,0,0
316.129,7860,70.6,162,2.96,1.05,0,0
316.172,7861,69.2,163,3.16,1.26,0,0
316.208,7862,71.2,164,3.17,1.46,0,0
316.249,7863,70.7,164,3.09,1.35,0,0
316.288,7864,70.6,163,3.17,1.33,0,0
316.330,7865,70.6,165,3.14,1.51,0,0
316.369,7866,70.9,164,3.03,1.35,0,0
316.412,7867,70.9,165,3.15,1.48,0,0
316.448,7868,70.6,163,3.13,1.32,0,0
316.488,7869,70.8,164,3.02,1.34,0,0
316.529,7870,70.7,165,3.14,1.51,0,0
316.570,7871,71.0,164,3.06,1.32,0,0
316.609,7872,70.9,164,3.04,1.32,0,0
316.648,7873,70.9,164,3.03,1.32,0,0
316.689,7874,71.3,165,3.11,1.52,0,0
316.729,7875,71.3,163,2.98,1.25,0,0
316.769,7876,71.7,163,2.92,1.22,0,0
316.809,7877,72.1,164,2.87,1.28,0,0
316.849,7878,71.1,160,2.86,0.83,0,0
316.889,7879,71.9,165,2.93,1.42,0,0
316.929,7880,72.2,165,2.92,1.28,0,0
316.971,7881,71.2,161,2.79,0.83,0,0
317.009,7882,72.5,162,3.03,1.41,0,0
317.051,7883,71.7,163,2.93,1.26,0,0
317.089,7884,72.2,162,2.92,1.27,0,0
317.131,7885,72.3,162,2.93,1.28,0,0
317.169,7886,72.3,162,2.90,1.26,0,0
317.209,7887,72.3,164,2.93,1.42,0,0
317.251,7888,73.2,164,2.97,1.40,0,0
317.290,7889,73.2,164,2.97,1.43,0,0
317.329,7890,72.3,162,2.90,1.27,0,0
317.369,7891,72.7,165,2.98,1.41,0,0
317.409,7892,72.3,165,2.93,1.27,0,0
317.452,7893,71.1,161,2.83,0.83,0,0
317.488,7894,72.3,164,2.96,1.44,0,1
317.547,7895,72.6,163,2.96,1.27,0,0
317.582,7896,72.2,163,3.02,1.41,0,0
317.624,7897,72.4,166,3.02,1.43,0,0
317.661,7898,71.8,161,2.84,0.83,0,0
317.699,7899,72.1,163,3.02,1.40,0,0
317.737,7900,72.9,166,2.92,1.38,0,0
317.779,7901,73.1,164,2.97,1.41,0,0
317.814,7902,72.4,164,2.92,1.41,0,0
317.852,7903,72.0,165,2.97,1.40,0,0
317.889,7904,72.5,163,2.98,1.26,0,0
317.930,7905,73.1,164,2.98,1.42,0,0
317.968,7906,72.1,163,3.01,1.41,0,0
318.009,7907,71.6,159,2.82,0.84,0,0
318.051,7908,73.2,164,2.97,1.39,0,0
318.089,7909,72.3,164,2.91,1.42,0,0
318.129,7910,71.1,160,2.82,0.84,0,0
318.171,7911,72.8,161,2.84,0.84,0,0
318.210,7912,72.3,162,2.74,0.83,0,0
318.250,7913,71.5,163,2.95,1.25,0,0
318.290,7914,70.8,161,2.82,0.85,0,0
318.328,7915,72.9,164,2.97,1.41,0,0
318.370,7916,71.8,163,3.00,1.40,0,0
318.409,7917,72.0,159,2.82,0.83,0,0
318.449,7918,71.2,163,2.95,1.17,0,0
318.492,7919,71.1,163,2.96,1.20,0,0
318.528,7920,70.5,161,2.90,0.99,0,0
318.569,7921,71.8,161,3.04,1.03,0,0
318.612,7922,70.5,161,2.90,0.80,0,0
318.649,7923,70.8,164,3.06,1.11,0,0
318.691,7924,68.6,159,3.07,0.91,0,0
318.729,7925,65.4,158,3.28,1.10,0,0
318.773,7926,64.2,156,3.59,1.31,0,0
318.809,7927,68.7,161,3.25,1.07,0,0
318.848,7928,69.4,158,3.68,1.06,0,0
318.889,7929,71.8,165,3.09,0.88,0,0
318.930,7930,72.0,166,3.04,1.13,0,0
318.968,7931,70.5,165,3.30,1.33,0,0
319.008,7932,68.0,161,3.41,1.09,0,0
319.052,7933,67.7,162,3.34,1.08,0,0
319.089,7934,65.5,160,3.57,0.81,0,0
319.129,7935,67.5,164,3.43,0.84,0,0
319.171,7936,65.6,162,4.20,0.87,0,0
319.209,7937,58.1,157,5.00,0.82,0,0
319.248,7938,54.6,159,5.20,1.06,0,0
319.291,7939,43.5,155,5.10,0.95,0,0
319.328,7940,45.2,158,5.08,1.15,0,0
319.368,7941,40.0,155,5.00,0.94,0,0
319.412,7942,39.7,155,5.04,0.79,0,0
319.447,7943,41.5,154,4.99,0.56,0,0
319.488,7944,51.2,162,4.72,0.78,0,0
319.529,7945,46.1,156,4.89,0.43,0,0
319.571,7946,40.4,155,4.98,0.67,0,0
319.608,7947,44.1,157,5.12,0.79,0,0
319.649,7948,50.5,160,4.69,0.50,0,0
319.691,7949,46.5,158,4.99,0.62,0,0
319.728,7950,46.6,158,4.98,0.63,0,0
319.768,7951,46.4,158,4.94,0.65,0,0
319.810,7952,46.6,158,4.97,0.65,0,0
319.849,7953,44.6,156,5.11,0.66,0,0
319.889,7954,42.2,155,5.09,0.68,0,0
319.931,7955,47.6,158,5.03,0.65,0,0
319.968,7956,41.0,154,5.00,0.66,0,0
320.008,7957,44.9,157,5.09,0.79,0,0
320.052,7958,47.9,159,5.03,0.79,0,0
320.089,7959,41.0,154,4.99,0.66,0,0
320.127,7960,47.5,158,4.99,0.65,0,0
320.168,7961,52.8,162,4.50,0.66,0,0
320.210,7962,49.6,159,4.90,0.65,0,0
320.248,7963,57.7,166,4.25,0.63,0,0
320.288,7964,50.8,161,4.83,0.66,0,0
320.329,7965,56.9,166,4.36,0.62,0,0
320.369,7966,57.2,166,4.26,0.63,0,0
320.411,7967,48.3,159,4.95,0.65,0,0
320.448,7968,46.1,158,5.10,0.65,0,0
320.491,7969,50.2,163,4.87,0.80,0,0
320.528,7970,56.5,169,4.54,0.93,0,0
320.569,7971,57.6,170,4.58,0.96,0,0
320.608,7972,47.7,160,4.94,0.50,0,0
320.649,7973,48.1,162,5.05,0.65,0,0
320.689,7974,55.4,169,4.62,0.90,0,0
320.729,7975,38.1,157,5.01,0.96,0,0
320.770,7976,37.5,155,5.05,0.61,0,0
320.809,7977,38.7,150,4.93,0.38,0,0
320.849,7978,39.4,151,4.99,0.41,0,0
320.889,7979,38.2,154,5.05,0.60,0,0
320.930,7980,34.9,150,4.85,0.37,0,0
320.969,7981,37.9,158,5.21,0.84,0,0
321.009,7982,43.8,156,5.25,0.59,0,0
321.049,7983,52.5,161,5.76,0.85,0,0
321.091,7984,50.5,155,5.61,0.42,0,0
321.129,7985,49.0,156,5.60,0.71,0,0
321.169,7986,66.1,153,6.03,0.34,0,0
321.209,7987,54.9,152,4.04,0.31,0,0
321.250,7988,53.0,150,3.92,0.33,0,0
321.292,7989,54.3,153,3.68,0.35,0,0
321.330,7990,65.4,149,6.08,0.34,0,0
321.370,7991,64.7,149,6.05,0.41,0,0
321.410,7992,63.0,145,6.18,0.35,0,0
321.450,7993,60.5,143,5.91,0.36,0,0
321.491,7994,66.5,146,6.24,0.49,0,0
321.529,7995,60.9,145,6.29,0.93,0,0
321.569,7996,59.9,145,6.18,1.12,0,0
321.609,7997,73.2,134,6.21,0.28,0,0
321.652,7998,70.2,139,6.40,0.79,0,0
321.689,7999,74.7,132,6.20,0.28,0,0
321.729,8000,69.7,131,6.02,0.31,0,0
321.771,8001,67.1,128,5.86,0.32,0,0
321.809,8002,79.2,130,6.14,0.27,0,0
321.850,8003,72.0,133,6.20,0.70,0,0
321.893,8004,77.4,131,6.00,0.38,0,0
321.929,8005,74.4,129,5.98,0.39,0,0
321.969,8006,80.7,133,6.32,0.53,0,0
322.010,8007,80.4,136,6.35,0.87,0,0
322.051,8008,78.6,133,6.19,0.54,0,0
322.090,8009,78.6,133,6.18,0.54,0,0
322.129,8010,80.2,134,6.18,0.85,0,0
322.172,8011,82.2,131,6.04,0.28,0,0
322.209,8012,89.1,134,6.22,0.36,0,0
322.249,8013,88.0,136,6.37,0.52,0,0
322.289,8014,83.1,136,6.26,0.53,0,0
322.332,8015,80.7,134,6.18,0.44,0,0
322.370,8016,89.0,141,6.54,0.64,0,0
322.410,8017,88.9,141,6.54,0.65,0,0
322.449,8018,84.1,138,6.33,0.54,0,0
322.493,8019,84.8,139,6.33,0.69,0,0
322.529,8020,84.4,138,6.32,0.55,0,0
322.572,8021,80.5,138,6.40,0.68,0,0
322.609,8022,89.4,141,6.53,0.53,0,0
322.650,8023,83.8,138,6.32,0.44,0,0
322.690,8024,84.3,139,6.32,0.54,0,0
322.731,8025,84.3,139,6.32,0.54,0,0
322.769,8026,81.8,137,6.15,0.44,0,0
322.809,8027,86.7,140,6.51,0.54,0,0
322.849,8028,86.6,140,6.52,0.56,0,0
322.892,8029,86.8,140,6.51,0.55,0,0
322.930,8030,80.3,138,6.26,0.55,0,0
322.969,8031,86.8,140,6.51,0.54,0,0
323.011,8032,86.7,140,6.53,0.55,0,0
323.049,8033,80.2,138,6.28,0.55,0,0
323.090,8034,88.2,139,6.38,0.44,0,0
323.131,8035,80.4,138,6.26,0.54,0,0
323.169,8036,86.8,140,6.53,0.54,0,0
323.209,8037,80.3,138,6.26,0.55,0,0
323.251,8038,86.7,140,6.50,0.54,0,0
323.289,8039,86.7,140,6.50,0.54,0,0
323.330,8040,80.4,138,6.26,0.54,0,0
323.370,8041,80.4,138,6.26,0.55,0,0
323.411,8042,80.4,138,6.26,0.55,0,0
323.450,8043,86.6,140,6.52,0.55,0,0
323.490,8044,86.8,140,6.51,0.54,0,0
323.530,8045,81.7,137,6.16,0.45,0,0
323.570,8046,80.4,138,6.26,0.53,0,1
323.627,8047,80.3,138,6.27,0.54,0,0
323.663,8048,80.4,138,6.26,0.54,0,0
323.699,8049,80.4,138,6.26,0.54,0,0
323.735,8050,88.4,139,6.38,0.43,0,0
323.773,8051,86.6,140,6.52,0.55,0,0
323.814,8052,82.0,137,6.15,0.43,0,0
323.851,8053,80.5,138,6.27,0.54,0,0
323.893,8054,88.2,139,6.40,0.44,0,0
323.930,8055,80.6,138,6.28,0.55,0,0
323.971,8056,86.8,140,6.55,0.55,0,0
324.010,8057,87.6,142,6.46,0.43,0,0
324.052,8058,83.9,140,6.38,0.44,0,0
324.089,8059,83.9,140,6.38,0.43,0,0
324.130,8060,88.0,141,6.46,0.36,0,0
324.172,8061,87.6,142,6.46,0.43,0,0
324.210,8062,84.3,141,6.38,0.53,0,0
324.250,8063,87.9,138,6.39,0.36,0,0
324.291,8064,90.0,141,6.53,0.43,0,0
324.332,8065,87.9,138,6.39,0.36,0,0
324.370,8066,88.4,139,6.41,0.36,0,0
324.410,8067,84.2,139,6.32,0.55,0,0
324.450,8068,80.2,138,6.28,0.55,0,0
324.493,8069,88.4,139,6.43,0.37,0,0
324.530,8070,81.9,137,6.20,0.43,0,0
324.573,8071,89.6,144,6.65,0.81,0,0
324.610,8072,78.7,140,6.39,0.68,0,0
324.650,8073,83.3,141,6.45,0.82,0,0
324.690,8074,89.5,143,6.66,0.82,0,0
324.730,8075,89.3,143,6.67,0.83,0,0
324.770,8076,80.3,138,6.21,0.67,0,0
324.813,8077,82.3,136,6.11,0.29,0,0
324.850,8078,78.9,136,6.14,0.40,0,0
324.890,8079,79.7,137,6.13,0.49,0,0
324.930,8080,79.1,137,6.23,0.53,0,0
324.971,8081,81.7,139,6.32,0.66,0,0
325.011,8082,83.9,135,6.41,0.29,0,0
325.053,8083,86.1,134,6.17,0.28,0,0
325.090,8084,84.3,135,6.29,0.30,0,0
325.130,8085,85.7,133,6.11,0.30,0,0
325.171,8086,87.5,136,6.26,0.28,0,0
325.212,8087,86.0,138,6.37,0.37,0,0
325.251,8088,83.6,134,6.02,0.29,0,0
325.296,8089,80.2,136,6.08,0.51,0,0
325.329,8090,80.2,136,6.05,0.53,0,0
325.371,8091,88.9,133,6.13,0.31,0,0
325.411,8092,82.8,132,5.82,0.28,0,0
325.450,8093,81.7,134,6.04,0.50,0,0
325.491,8094,87.7,134,6.08,0.47,0,0
325.530,8095,88.7,130,5.88,0.25,0,0
325.573,8096,85.9,134,6.03,0.45,0,0
325.611,8097,86.6,132,5.98,0.45,0,0
325.652,8098,88.2,133,6.10,0.56,0,0
325.694,8099,89.9,132,5.95,0.71,0,0
325.730,8100,87.5,129,5.75,0.29,0,0
325.770,8101,81.2,131,5.78,0.28,0,0
325.814,8102,81.7,128,5.84,0.26,0,0
325.850,8103,78.5,134,5.94,0.56,0,0
325.890,8104,77.3,133,5.93,0.33,0,0
325.930,8105,83.4,128,5.93,0.33,0,0
325.970,8106,82.1,126,5.62,0.26,0,0
326.011,8107,78.9,128,5.80,0.29,0,0
326.050,8108,72.1,134,5.85,0.29,0,0
326.090,8109,71.6,137,6.11,0.48,0,0
326.130,8110,69.7,133,5.73,0.28,0,0
326.170,8111,75.3,137,6.07,0.71,0,0
326.210,8112,71.7,137,5.90,0.37,0,0
326.250,8113,72.8,138,6.10,0.44,0,0
326.290,8114,73.5,140,6.26,0.70,0,0
326.331,8115,73.0,138,6.11,0.44,0,0
326.370,8116,71.6,137,5.91,0.37,0,0
326.410,8117,72.8,138,6.12,0.45,0,0
326.450,8118,72.4,139,6.09,0.55,0,0
326.491,8119,73.0,138,6.09,0.44,0,0
326.530,8120,73.0,138,6.02,0.44,0,0
326.570,8121,72.5,139,6.09,0.56,0,0
326.613,8122,73.0,138,6.07,0.44,0,0
326.651,8123,72.9,138,6.10,0.44,0,0
326.690,8124,72.5,139,6.05,0.55,0,0
326.730,8125,72.8,138,6.13,0.44,0,0
326.770,8126,73.0,138,6.07,0.44,0,0
326.810,8127,72.9,138,6.07,0.44,0,0
326.851,8128,72.5,139,6.05,0.54,0,0
326.891,8129,72.3,139,6.01,0.54,0,0
326.933,8130,72.5,139,6.19,0.55,0,1
326.990,8131,72.8,138,6.10,0.44,0,0
327.024,8132,72.5,139,6.07,0.54,0,0
327.061,8133,72.5,139,6.07,0.55,0,0
327.099,8134,72.9,138,6.10,0.44,0,0
327.137,8135,73.0,138,6.07,0.44,0,0
327.175,8136,72.5,139,6.05,0.54,0,0
327.212,8137,72.5,139,6.07,0.55,0,0
327.251,8138,72.9,138,6.06,0.44,0,0
327.294,8139,73.0,138,6.05,0.44,0,0
327.330,8140,70.6,140,6.22,0.54,0,0
327.372,8141,69.0,139,6.13,0.44,0,0
327.410,8142,69.2,139,6.04,0.44,0,0
327.453,8143,69.0,139,6.12,0.44,0,0
327.490,8144,70.6,140,6.22,0.55,0,0
327.532,8145,69.2,139,5.97,0.44,0,0
327.570,8146,69.1,139,6.11,0.44,0,0
327.611,8147,69.1,139,6.10,0.44,0,0
327.654,8148,69.6,138,6.00,0.37,0,0
327.690,8149,70.7,140,6.20,0.55,0,0
327.732,8150,71.5,143,6.36,0.83,0,0
327.771,8151,68.8,143,6.22,0.66,0,0
327.810,8152,68.4,137,5.86,0.26,0,0
327.853,8153,72.7,141,6.17,0.65,0,0
327.890,8154,77.6,137,5.95,0.32,0,0
327.933,8155,75.5,139,5.86,0.27,0,0
327.971,8156,83.7,136,5.82,0.29,0,0
328.010,8157,80.6,142,6.08,0.32,0,0
328.053,8158,89.5,134,5.95,0.25,0,0
328.092,8159,84.7,135,5.91,0.29,0,0
328.131,8160,88.7,140,6.25,0.27,0,0
328.173,8161,86.4,144,6.37,0.29,0,0
328.211,8162,82.3,150,6.63,0.31,0,0
328.251,8163,75.6,155,6.88,0.30,0,0
328.293,8164,50.5,153,6.79,0.42,0,0
328.331,8165,46.0,151,6.55,0.38,0,0
328.371,8166,54.8,153,7.15,0.49,0,0
328.413,8167,58.3,152,6.96,0.32,0,0
328.451,8168,54.8,153,6.92,0.09,0,0
328.494,8169,51.7,152,6.87,0.08,0,0
328.531,8170,60.8,154,7.12,0.15,0,0
328.572,8171,59.9,155,7.43,0.17,0,0
328.614,8172,61.3,155,7.25,0.17,0,0
328.651,8173,61.5,155,7.25,0.19,0,0
328.691,8174,62.4,155,7.11,0.24,0,0
328.731,8175,54.0,151,6.70,0.23,0,0
328.774,8176,54.0,151,6.70,0.23,0,0
328.811,8177,64.6,154,7.07,0.33,0,0
328.851,8178,66.2,155,7.18,0.17,0,0
328.894,8179,68.1,153,6.97,0.28,0,0
328.931,8180,72.1,153,6.97,0.29,0,0
328.972,8181,78.4,153,6.91,0.43,0,0
329.013,8182,84.1,152,6.60,0.28,0,0
329.051,8183,88.8,152,6.64,0.28,0,0
329.093,8184,88.8,151,6.53,0.28,0,0
329.131,8185,86.6,151,6.47,0.25,0,0
329.175,8186,86.4,151,6.50,0.28,0,0
329.211,8187,82.3,151,6.32,0.29,0,0
329.251,8188,80.4,150,6.17,0.27,0,0
329.294,8189,75.8,149,6.01,0.32,0,0
329.331,8190,72.8,148,6.00,0.30,0,0
329.375,8191,67.4,147,5.69,0.27,0,0
329.411,8192,72.0,142,5.46,0.27,0,0
329.451,8193,63.0,145,5.48,0.28,0,0
329.491,8194,63.2,145,5.51,0.29,0,0
329.534,8195,59.6,147,5.28,0.28,0,0
329.571,8196,67.4,146,5.80,0.39,0,0
329.611,8197,62.8,144,5.40,0.24,0,0
329.654,8198,66.5,143,5.55,0.24,0,0
329.692,8199,66.5,143,5.57,0.24,0,0
329.731,8200,64.8,144,5.50,0.25,0,0
329.771,8201,67.0,144,5.53,0.27,0,0
329.811,8202,67.0,144,5.52,0.27,0,0
329.854,8203,76.0,141,5.58,0.26,0,0
329.891,8204,68.6,142,5.45,0.26,0,0
329.932,8205,67.3,145,5.73,0.27,0,0
329.973,8206,68.8,144,5.62,0.27,0,0
330.012,8207,70.5,143,5.66,0.26,0,0
330.052,8208,70.6,143,5.63,0.27,0,0
330.092,8209,70.5,143,5.66,0.27,0,0
330.131,8210,70.7,143,5.62,0.26,0,0
330.171,8211,70.6,143,5.65,0.26,0,0
330.211,8212,68.6,145,5.76,0.25,0,0
330.253,8213,70.1,144,5.55,0.24,0,0
330.292,8214,70.4,144,5.70,0.25,0,0
330.334,8215,72.0,145,5.81,0.25,0,0
330.374,8216,72.1,145,5.92,0.26,0,0
330.415,8217,72.1,145,5.85,0.25,0,0
330.452,8218,79.2,142,5.60,0.25,0,0
330.494,8219,72.3,146,5.72,0.26,0,0
330.531,8220,72.1,146,5.81,0.27,0,0
330.573,8221,72.3,146,6.01,0.26,0,0
330.612,8222,72.2,146,5.77,0.26,0,0
330.651,8223,72.1,146,5.72,0.26,0,0
330.691,8224,72.3,146,5.78,0.26,0,0
330.731,8225,72.2,146,5.77,0.26,0,0
330.771,8226,72.2,146,5.77,0.25,0,0
330.814,8227,72.2,146,5.77,0.26,0,0
330.852,8228,72.3,146,5.87,0.26,0,0
330.891,8229,72.2,146,5.78,0.26,0,0
330.934,8230,72.0,146,5.73,0.26,0,0
330.971,8231,72.1,146,5.84,0.25,0,0
331.011,8232,71.8,146,5.78,0.26,0,0
331.053,8233,72.2,146,5.80,0.26,0,0
331.091,8234,72.3,146,5.80,0.26,0,0
331.134,8235,72.3,146,5.78,0.26,0,0
331.171,8236,72.0,146,5.70,0.26,0,0
331.211,8237,72.1,146,5.80,0.26,0,0
331.253,8238,72.3,146,5.76,0.26,0,0
331.291,8239,72.2,146,5.80,0.26,0,0
331.335,8240,81.0,143,5.69,0.25,0,0
331.372,8241,72.2,146,5.78,0.26,0,0
331.411,8242,72.0,146,5.82,0.25,0,0
331.452,8243,72.1,146,5.73,0.26,0,0
331.492,8244,72.0,146,5.73,0.25,0,0
331.534,8245,72.4,146,5.80,0.26,0,0
331.571,8246,72.0,146,5.70,0.26,0,0
331.612,8247,72.2,146,5.78,0.25,0,0
331.653,8248,72.2,146,5.78,0.26,0,0
331.691,8249,81.0,143,5.71,0.25,0,0
331.732,8250,72.2,146,5.81,0.26,0,0
331.773,8251,72.2,146,5.75,0.26,0,0
331.812,8252,72.1,146,5.79,0.26,0,0
331.851,8253,72.1,146,5.85,0.25,0,0
331.893,8254,72.3,146,5.74,0.26,0,0
331.934,8255,72.0,146,5.85,0.26,0,0
331.973,8256,72.1,146,5.71,0.26,0,0
332.011,8257,72.4,146,5.75,0.26,0,0
332.057,8258,72.2,146,5.79,0.26,0,0
332.096,8259,72.2,146,5.93,0.25,0,0
332.131,8260,71.9,146,5.75,0.26,0,0
332.171,8261,72.1,146,5.75,0.26,0,0
332.211,8262,72.1,146,5.71,0.25,0,0
332.251,8263,72.1,146,5.71,0.26,0,0
332.292,8264,72.3,146,5.78,0.26,0,0
332.333,8265,72.2,146,5.78,0.26,0,0
332.372,8266,72.1,146,5.79,0.26,0,0
332.411,8267,72.0,146,5.72,0.26,0,0
332.455,8268,72.3,146,5.81,0.26,0,0
332.491,8269,72.1,146,5.66,0.25,0,0
332.531,8270,72.2,146,5.83,0.26,0,1
332.593,8271,72.4,146,5.78,0.26,0,0
332.627,8272,72.4,146,5.77,0.26,0,0
332.666,8273,72.3,146,5.78,0.26,0,0
332.710,8274,72.1,146,5.76,0.25,0,0
332.747,8275,81.0,143,5.72,0.25,0,0
332.789,8276,72.4,146,5.78,0.26,0,0
332.827,8277,72.1,146,5.71,0.26,0,0
332.865,8278,72.4,146,5.77,0.25,0,0
332.900,8279,72.0,146,5.73,0.25,0,0
332.938,8280,72.1,146,5.79,0.25,0,0
332.977,8281,72.2,146,5.79,0.25,0,0
333.017,8282,72.0,146,5.74,0.26,0,0
333.054,8283,72.1,146,5.81,0.26,0,0
333.092,8284,72.3,146,5.82,0.26,0,0
333.134,8285,71.9,146,5.76,0.26,0,0
333.172,8286,72.1,146,5.82,0.26,0,0
333.212,8287,72.4,146,5.78,0.26,0,0
333.256,8288,72.4,146,5.72,0.26,0,0
333.296,8289,72.8,147,5.86,0.30,0,0
333.331,8290,72.4,146,5.78,0.26,0,0
333.376,8291,72.5,147,5.80,0.30,0,0
333.412,8292,74.0,145,5.91,0.26,0,0
333.452,8293,74.3,145,6.03,0.25,0,0
333.492,8294,74.2,145,5.93,0.26,0,0
333.532,8295,72.6,146,5.76,0.26,0,0
333.573,8296,72.5,146,5.80,0.27,0,0
333.612,8297,72.4,146,5.80,0.27,0,0
333.654,8298,72.4,146,5.92,0.26,0,0
333.692,8299,72.4,146,5.79,0.26,0,0
333.732,8300,74.2,145,5.90,0.27,0,0
333.774,8301,74.1,145,5.87,0.26,0,0
333.812,8302,75.7,143,5.84,0.24,0,0
333.854,8303,74.4,145,5.94,0.25,0,0
333.892,8304,74.3,145,5.96,0.25,0,0
333.932,8305,74.4,145,5.94,0.26,0,0
333.975,8306,74.2,145,5.85,0.25,0,0
334.012,8307,74.3,145,5.91,0.26,0,0
334.055,8308,72.1,146,5.91,0.26,0,0
334.093,8309,72.7,147,5.81,0.31,0,0
334.133,8310,72.3,146,5.72,0.27,0,0
334.172,8311,73.0,146,5.80,0.29,0,0
334.212,8312,72.4,144,5.81,0.26,0,0
334.252,8313,72.0,145,5.83,0.26,0,0
334.292,8314,72.2,145,5.80,0.25,0,0
334.334,8315,73.8,143,5.74,0.27,0,0
334.373,8316,68.0,144,5.73,0.28,0,0
334.415,8317,68.1,144,5.70,0.29,0,0
334.453,8318,66.1,142,5.44,0.24,0,0
334.493,8319,64.4,144,5.53,0.30,0,0
334.534,8320,62.2,142,5.30,0.25,0,0
334.572,8321,60.3,143,5.30,0.25,0,0
334.615,8322,61.5,141,5.31,0.26,0,0
334.651,8323,57.3,139,4.95,0.25,0,0
334.692,8324,51.1,141,4.56,0.27,0,0
334.735,8325,46.2,143,4.38,0.40,0,0
334.772,8326,36.4,135,3.65,0.24,0,0
334.812,8327,33.1,135,3.45,0.33,0,0
334.852,8328,32.5,135,3.47,0.45,0,0
334.892,8329,30.5,135,3.27,0.25,0,0
334.932,8330,30.1,137,3.33,0.45,0,0
334.975,8331,30.5,136,3.36,0.32,0,0
335.012,8332,30.2,138,3.35,0.36,0,0
335.051,8333,28.9,137,3.23,0.27,0,0
335.094,8334,28.9,137,3.22,0.27,0,0
335.132,8335,28.9,137,3.21,0.27,0,0
335.175,8336,28.9,137,3.21,0.27,0,0
335.211,8337,28.9,137,3.21,0.27,0,0
335.252,8338,28.9,137,3.23,0.27,0,0
335.292,8339,28.4,139,3.19,0.27,0,0
335.333,8340,28.4,139,3.20,0.27,0,0
335.372,8341,28.4,139,3.20,0.27,0,0
335.411,8342,28.4,139,3.20,0.27,0,0
335.452,8343,28.5,138,3.20,0.25,0,0
335.493,8344,28.3,139,3.22,0.27,0,0
335.532,8345,28.5,139,3.22,0.27,0,0
335.574,8346,28.4,139,3.21,0.27,0,0
335.613,8347,29.9,139,3.37,0.32,0,0
335.654,8348,29.9,139,3.37,0.32,0,0
335.691,8349,29.1,141,3.36,0.32,0,0
335.732,8350,29.0,142,3.35,0.41,0,0
335.775,8351,29.2,142,3.34,0.44,0,0
335.815,8352,28.6,139,3.15,0.27,0,0
335.852,8353,28.8,139,3.18,0.27,0,0
335.891,8354,29.8,142,3.30,0.26,0,0
335.934,8355,30.9,141,3.37,0.26,0,0
335.971,8356,31.6,140,3.42,0.26,0,0
336.012,8357,31.6,140,3.44,0.25,0,0
336.053,8358,31.6,140,3.41,0.26,0,0
336.091,8359,31.7,140,3.42,0.26,0,0
336.132,8360,30.6,139,3.28,0.25,0,0
336.173,8361,30.6,139,3.28,0.25,0,0
336.212,8362,30.6,139,3.29,0.25,0,0
336.252,8363,32.0,138,3.39,0.25,0,0
336.292,8364,31.8,139,3.39,0.27,0,0
336.337,8365,33.3,138,3.45,0.27,0,0
336.372,8366,32.8,137,3.35,0.27,0,0
336.412,8367,31.8,139,3.41,0.32,0,0
336.453,8368,32.7,140,3.54,0.41,0,0
336.491,8369,31.3,137,3.24,0.28,0,0
336.532,8370,31.2,137,3.24,0.28,0,0
336.573,8371,31.1,142,3.37,0.55,0,0
336.612,8372,31.0,141,3.25,0.33,0,0
336.654,8373,30.3,139,3.04,0.26,0,0
336.691,8374,30.7,140,3.12,0.26,0,0
336.732,8375,30.7,141,3.08,0.27,0,0
336.773,8376,29.4,140,2.98,0.25,0,0
336.813,8377,29.0,143,2.92,0.28,0,0
336.852,8378,28.6,141,2.79,0.26,0,0
336.893,8379,29.6,143,2.89,0.27,0,0
336.935,8380,29.0,142,2.77,0.29,0,0
336.972,8381,28.9,142,2.76,0.28,0,0
337.013,8382,29.0,143,2.69,0.28,0,0
337.058,8383,29.1,143,2.76,0.29,0,0
337.092,8384,29.4,142,2.66,0.29,0,0
337.132,8385,29.7,144,2.64,0.29,0,0
337.172,8386,29.8,144,2.65,0.28,0,0
337.215,8387,29.2,145,2.70,0.27,0,0
337.252,8388,30.1,145,2.84,0.27,0,0
337.292,8389,31.1,143,2.72,0.28,0,0
337.333,8390,30.9,142,2.51,0.24,0,0
337.373,8391,31.7,145,2.46,0.24,0,0
337.414,8392,31.0,147,2.25,0.27,0,0
337.452,8393,30.8,149,2.12,0.26,0,0
337.495,8394,30.8,149,2.18,0.26,0,0
337.532,8395,31.0,148,2.25,0.25,0,0
337.573,8396,30.9,149,2.19,0.26,0,0
337.614,8397,30.3,149,2.22,0.25,0,0
337.653,8398,29.8,149,2.19,0.23,0,0
337.693,8399,30.4,149,2.34,0.23,0,0
337.735,8400,30.4,148,2.37,0.24,0,0
337.773,8401,30.1,150,2.29,0.25,0,0
337.812,8402,30.1,150,2.30,0.25,0,0
337.855,8403,29.5,151,2.24,0.25,0,0
337.892,8404,30.2,150,2.44,0.25,0,0
337.933,8405,30.2,150,2.46,0.25,0,0
337.973,8406,30.1,151,2.38,0.25,0,0
338.013,8407,30.2,150,2.46,0.24,0,0
338.052,8408,30.3,151,2.60,0.31,0,0
338.094,8409,30.2,149,2.51,0.25,0,0
338.133,8410,29.7,149,2.54,0.25,0,0
338.172,8411,29.7,149,2.49,0.24,0,0
338.214,8412,29.8,148,2.49,0.24,0,0
338.252,8413,29.8,148,2.55,0.24,0,0
338.293,8414,30.2,149,2.46,0.25,0,0
338.335,8415,29.9,149,2.54,0.25,0,0
338.373,8416,29.9,149,2.52,0.25,0,0
338.413,8417,30.2,151,2.66,0.33,0,0
338.453,8418,29.9,148,2.54,0.27,0,0
338.495,8419,30.6,147,2.70,0.27,0,0
338.533,8420,29.4,144,2.73,0.24,0,0
338.572,8421,28.4,143,2.71,0.28,0,0
338.616,8422,28.2,138,2.79,0.27,0,0
338.652,8423,27.1,141,2.77,0.38,0,0
338.693,8424,26.6,137,2.61,0.28,0,0
338.733,8425,25.1,141,2.56,0.25,0,0
338.775,8426,25.7,141,2.62,0.27,0,0
338.813,8427,25.3,145,2.71,0.24,0,0
338.856,8428,23.8,149,2.64,0.25,0,0
338.892,8429,24.8,146,2.64,0.25,0,0
338.933,8430,25.5,145,2.74,0.25,0,0
338.974,8431,25.6,145,2.74,0.25,0,0
339.013,8432,26.0,143,2.76,0.26,0,0
339.053,8433,25.8,145,2.71,0.25,0,0
339.093,8434,25.8,144,2.69,0.25,0,0
339.132,8435,25.9,145,2.68,0.25,0,0
339.176,8436,25.7,145,2.77,0.25,0,0
339.213,8437,25.8,145,2.70,0.25,0,0
339.253,8438,26.0,143,2.75,0.25,0,0
339.295,8439,26.4,141,2.73,0.26,0,0
339.333,8440,26.3,141,2.71,0.27,0,0
339.373,8441,25.5,142,2.51,0.26,0,0
339.416,8442,26.9,141,2.82,0.28,0,0
339.453,8443,26.8,145,2.91,0.31,0,0
339.493,8444,24.3,146,2.65,0.28,0,0
339.532,8445,22.7,153,2.57,0.26,0,0
339.572,8446,21.4,161,2.50,0.27,0,0
339.616,8447,19.2,171,2.39,0.38,0,0
339.653,8448,17.8,176,2.14,0.31,0,0
339.696,8449,19.0,183,2.38,0.34,0,0
339.732,8450,19.5,186,2.48,0.34,0,0
339.775,8451,21.2,187,2.74,0.29,0,0
339.814,8452,21.7,194,3.11,0.58,0,0
339.853,8453,22.8,191,3.09,0.37,0,0
339.895,8454,24.6,191,3.46,0.58,0,0
339.933,8455,25.4,187,3.45,0.46,0,0
339.976,8456,25.5,182,3.26,0.33,0,0
340.014,8457,56.0,162,5.65,0.77,0,0
340.059,8458,56.7,160,5.68,0.74,0,0
340.094,8459,51.7,162,5.36,0.80,0,0
340.135,8460,53.3,159,5.50,0.98,0,0
340.176,8461,60.0,149,5.90,0.79,0,0
340.214,8462,70.8,142,6.29,0.91,0,0
340.257,8463,87.2,131,6.30,1.20,0,0
340.295,8464,70.1,120,5.92,0.81,0,0
340.337,8465,65.5,121,5.72,1.39,0,0
340.374,8466,68.6,117,5.65,1.17,0,0
340.413,8467,67.8,116,5.69,1.19,0,0
340.456,8468,60.6,115,5.34,1.62,0,0
340.493,8469,58.5,114,5.06,1.96,0,0
340.534,8470,57.8,107,4.93,1.35,0,0
340.576,8471,54.4,103,4.75,1.07,0,0
340.614,8472,51.2,95,4.51,0.53,0,0
340.653,8473,81.6,92,4.87,0.37,0,0
340.695,8474,61.2,103,0.30,0.94,1,0
340.751,8475,60.4,102,0.33,1.09,1,0
340.784,8476,60.2,102,0.30,1.05,1,0
340.826,8477,61.1,101,0.27,0.95,1,0
340.864,8478,62.0,98,0.27,1.16,1,0
340.900,8479,60.4,99,0.27,0.97,1,0
340.941,8480,60.1,98,0.27,1.16,1,0
340.978,8481,61.0,99,0.26,1.17,1,0
341.015,8482,61.0,98,0.27,1.17,1,0
341.058,8483,60.8,98,0.24,0.94,1,0
341.093,8484,62.1,98,0.27,1.19,1,0
341.133,8485,60.8,98,0.28,1.06,1,0
341.176,8486,61.2,98,0.24,1.06,1,0
341.213,8487,61.4,98,0.24,1.29,1,0
341.253,8488,61.4,98,0.24,1.29,1,0
341.293,8489,60.4,97,0.24,1.17,1,0
341.335,8490,60.8,96,0.25,1.23,1,0
341.374,8491,61.0,95,0.24,1.02,1,0
341.413,8492,61.3,94,0.24,1.02,1,0
341.454,8493,61.3,94,0.24,1.04,1,0
341.493,8494,61.1,94,0.24,1.09,1,0
341.535,8495,61.1,94,0.24,1.09,1,0
341.573,8496,61.4,95,0.24,1.33,1,0
341.613,8497,61.2,93,0.24,1.30,1,0
341.654,8498,60.9,92,0.24,1.12,1,0
341.693,8499,60.4,93,0.25,0.96,1,0
341.733,8500,60.4,93,0.25,0.96,1,0
341.775,8501,60.4,93,0.25,0.96,1,0
341.813,8502,60.5,94,0.24,0.99,1,0
341.856,8503,60.5,94,0.28,1.01,1,0
341.894,8504,60.6,94,0.28,1.02,1,0
341.933,8505,60.8,94,0.26,1.03,1,0
341.988,8506,61.9,92,0.25,1.08,1,0
342.026,8507,60.5,94,0.25,1.21,1,0
342.063,8508,60.4,95,0.24,0.96,1,0
342.102,8509,60.3,95,0.24,1.01,1,0
342.138,8510,61.7,95,0.26,1.18,1,0
342.176,8511,61.3,94,0.24,1.09,1,0
342.218,8512,60.5,95,0.25,0.96,1,0
342.255,8513,62.3,94,0.25,1.26,1,0
342.294,8514,61.8,96,0.25,1.10,1,0
342.336,8515,63.4,96,0.24,1.21,1,0
342.374,8516,61.2,97,0.30,1.13,1,0
342.414,8517,62.8,94,0.31,0.99,1,0
342.455,8518,62.1,97,0.36,1.19,1,0
342.497,8519,39.2,121,3.24,1.61,0,0
342.534,8520,34.8,110,4.75,0.63,0,0
342.574,8521,32.1,110,4.52,0.59,0,0
342.614,8522,32.9,115,4.56,0.97,0,0
342.654,8523,55.3,125,0.42,1.97,1,0
342.696,8524,35.2,129,2.91,2.17,0,0
342.734,8525,33.2,114,4.25,1.12,0,0
342.774,8526,39.7,143,2.39,3.28,0,0
342.815,8527,53.9,134,0.58,2.46,0,0
342.854,8528,41.7,112,4.87,0.82,0,0
342.894,8529,49.4,140,0.60,2.87,0,0
342.936,8530,50.9,136,0.49,2.80,0,0
342.974,8531,49.7,138,0.54,3.04,0,0
343.014,8532,42.2,149,1.73,3.70,0,0
343.054,8533,40.4,121,4.65,1.84,0,0
343.093,8534,40.5,146,1.56,3.85,0,0
343.134,8535,40.4,149,1.80,3.89,0,0
343.174,8536,39.2,122,4.77,1.98,0,0
343.214,8537,40.2,121,4.63,2.01,0,0
343.255,8538,40.1,121,4.63,2.04,0,0
343.293,8539,50.1,140,0.56,2.81,0,0
343.337,8540,44.3,119,5.04,1.73,0,0
343.374,8541,43.4,122,4.99,1.95,0,0
343.416,8542,40.8,121,4.87,2.00,0,0
343.454,8543,40.9,149,1.83,3.53,0,0
343.496,8544,40.0,120,4.87,1.78,0,0
343.534,8545,38.1,120,4.54,1.98,0,0
343.574,8546,39.9,119,4.57,1.98,0,0
343.616,8547,38.5,119,4.57,1.79,0,0
343.654,8548,39.0,117,4.58,1.66,0,0
343.694,8549,44.6,146,1.36,3.38,0,0
343.734,8550,39.0,141,2.68,2.97,0,0
343.776,8551,42.0,119,4.86,1.89,0,0
343.814,8552,40.9,116,4.91,1.41,0,0
343.854,8553,44.1,147,1.54,3.38,0,0
343.895,8554,39.7,117,4.55,1.74,0,0
343.934,8555,42.4,117,4.91,1.60,0,0
343.974,8556,37.4,113,4.58,1.19,0,0
344.016,8557,39.5,117,4.55,1.78,0,0
344.054,8558,37.6,118,4.53,1.91,0,0
344.094,8559,43.1,146,1.55,3.53,0,0
344.140,8560,51.0,137,0.46,2.64,0,0
344.175,8561,39.1,118,4.53,1.88,0,0
344.214,8562,41.9,147,1.77,3.44,0,0
344.255,8563,42.0,119,4.86,1.80,0,0
344.296,8564,43.9,145,1.32,3.04,0,0
344.334,8565,41.0,148,1.73,3.50,0,0
344.376,8566,53.8,123,0.36,1.94,1,0
344.435,8567,38.8,146,1.84,3.84,0,0
344.470,8568,41.9,119,4.65,2.05,0,0
344.506,8569,42.9,118,4.67,1.88,0,0
344.543,8570,40.9,117,4.38,1.82,0,0
344.581,8571,45.9,119,4.77,2.12,0,0
344.619,8572,43.2,123,4.81,2.06,0,0
344.656,8573,46.7,116,5.10,0.97,0,0
344.693,8574,52.7,121,5.41,1.24,0,0
344.736,8575,69.6,121,5.45,1.04,0,0
344.774,8576,84.4,116,5.14,0.99,0,0
344.814,8577,81.1,108,5.04,0.92,0,0
344.854,8578,87.8,109,5.21,1.15,0,0
344.894,8579,86.0,115,5.37,1.06,0,0
344.934,8580,80.3,116,5.43,1.14,0,0
344.974,8581,86.2,115,5.56,1.39,0,0
345.016,8582,84.2,115,5.61,1.27,0,0
345.054,8583,83.1,116,5.61,1.39,0,0
345.094,8584,85.1,115,5.58,1.22,0,0
345.135,8585,84.1,115,5.61,1.28,0,0
345.174,8586,84.1,115,5.61,1.28,0,0
345.214,8587,85.0,115,5.58,1.28,0,0
345.254,8588,84.1,115,5.61,1.28,0,0
345.295,8589,87.9,112,5.34,1.25,0,0
345.334,8590,89.2,110,5.34,1.11,0,0
345.375,8591,89.3,110,5.34,1.13,0,0
345.417,8592,87.4,111,5.33,1.54,0,0
345.454,8593,86.7,110,5.32,1.38,0,0
345.494,8594,87.5,111,5.32,1.54,0,0
345.538,8595,83.2,113,5.57,1.54,0,0
345.574,8596,81.5,112,5.42,1.38,0,0
345.614,8597,87.1,110,5.43,1.38,0,0
345.656,8598,86.8,110,5.41,1.38,0,0
345.694,8599,86.8,110,5.41,1.37,0,0
345.734,8600,86.8,110,5.41,1.35,0,0
345.775,8601,86.8,110,5.41,1.36,0,0
345.814,8602,86.9,110,5.43,1.35,0,0
345.855,8603,87.0,110,5.45,1.34,0,0
345.894,8604,82.4,111,5.42,1.20,0,0
345.938,8605,81.8,110,5.43,1.14,0,0
345.974,8606,82.0,110,5.42,1.16,0,0
346.014,8607,81.8,111,5.46,1.16,0,0
346.055,8608,81.5,110,5.46,1.15,0,0
346.094,8609,81.6,113,5.60,1.52,0,0
346.137,8610,83.7,111,5.48,1.35,0,0
346.174,8611,85.1,110,5.48,1.22,0,0
346.214,8612,88.5,108,5.36,1.21,0,0
346.256,8613,85.3,107,5.23,1.12,0,0
346.295,8614,88.9,108,5.40,1.20,0,0
346.335,8615,89.4,108,5.43,1.17,0,0
346.375,8616,89.8,110,5.45,1.32,0,0
346.417,8617,89.8,110,5.45,1.38,0,0
346.455,8618,89.7,110,5.45,1.38,0,0
346.495,8619,89.7,110,5.45,1.36,0,0
346.536,8620,89.8,110,5.45,1.35,0,0
346.576,8621,89.7,110,5.45,1.36,0,0
346.616,8622,89.7,110,5.45,1.36,0,0
346.656,8623,89.7,110,5.45,1.36,0,0
346.697,8624,89.7,110,5.45,1.37,0,0
346.734,8625,89.7,110,5.45,1.37,0,0
346.774,8626,89.7,110,5.45,1.37,0,0
346.815,8627,89.7,110,5.45,1.37,0,0
346.854,8628,89.7,110,5.45,1.37,0,0
346.896,8629,89.7,110,5.45,1.37,0,0
346.934,8630,89.7,110,5.45,1.36,0,0
346.978,8631,89.9,110,5.45,1.34,0,0
347.014,8632,89.7,110,5.45,1.39,0,0
347.055,8633,89.7,110,5.45,1.39,0,0
347.095,8634,89.8,110,5.45,1.37,0,0
347.140,8635,89.7,110,5.45,1.38,0,0
347.174,8636,89.8,110,5.45,1.40,0,0
347.214,8637,89.7,110,5.45,1.37,0,0
347.257,8638,89.8,110,5.45,1.37,0,0
347.294,8639,89.7,110,5.45,1.37,0,0
347.335,8640,89.8,110,5.45,1.36,0,0
347.375,8641,89.8,110,5.45,1.37,0,0
347.416,8642,89.7,110,5.45,1.36,0,0
347.454,8643,89.8,110,5.45,1.37,0,0
347.497,8644,89.8,110,5.45,1.36,0,0
347.535,8645,89.8,110,5.45,1.35,0,1
347.588,8646,89.7,110,5.45,1.36,0,0
347.625,8647,89.7,110,5.45,1.37,0,0
347.661,8648,89.7,110,5.45,1.36,0,0
347.702,8649,89.8,110,5.45,1.35,0,0
347.740,8650,89.8,110,5.45,1.38,0,0
347.777,8651,89.7,110,5.45,1.38,0,0
347.815,8652,89.8,110,5.45,1.37,0,0
347.858,8653,89.8,110,5.45,1.35,0,0
347.894,8654,89.7,110,5.45,1.36,0,0
347.935,8655,89.7,110,5.45,1.37,0,0
347.975,8656,89.8,110,5.45,1.35,0,0
348.017,8657,89.7,110,5.45,1.38,0,0
348.055,8658,89.8,110,5.45,1.36,0,0
348.096,8659,89.8,110,5.45,1.38,0,0
348.135,8660,89.8,110,5.45,1.36,0,0
348.175,8661,89.7,110,5.45,1.37,0,0
348.218,8662,89.7,110,5.45,1.37,0,0
348.255,8663,89.9,110,5.45,1.36,0,0
348.295,8664,89.6,110,5.45,1.37,0,0
348.338,8665,89.8,110,5.45,1.35,0,0
348.375,8666,89.9,110,5.45,1.35,0,0
348.415,8667,89.7,110,5.45,1.36,0,0
348.456,8668,89.8,110,5.45,1.35,0,0
348.495,8669,89.7,110,5.45,1.39,0,0
348.537,8670,89.8,110,5.45,1.37,0,0
348.574,8671,89.7,110,5.45,1.37,0,0
348.616,8672,89.7,110,5.45,1.37,0,0
348.657,8673,89.8,110,5.45,1.38,0,0
348.697,8674,89.8,110,5.45,1.37,0,0
348.735,8675,89.7,110,5.45,1.39,0,0
348.777,8676,89.8,110,5.45,1.35,0,0
348.815,8677,89.8,110,5.45,1.36,0,0
348.855,8678,89.7,110,5.45,1.37,0,0
348.897,8679,89.8,110,5.45,1.38,0,0
348.935,8680,89.8,110,5.45,1.37,0,0
348.975,8681,89.8,110,5.45,1.38,0,0
349.015,8682,89.7,110,5.45,1.37,0,0
349.054,8683,89.8,110,5.45,1.37,0,0
349.095,8684,89.8,110,5.45,1.37,0,0
349.136,8685,89.8,110,5.45,1.38,0,0
349.175,8686,89.8,110,5.45,1.37,0,0
349.215,8687,89.7,110,5.45,1.35,0,0
349.256,8688,89.7,110,5.45,1.37,0,0
349.295,8689,89.8,110,5.45,1.35,0,0
349.335,8690,89.9,110,5.45,1.36,0,0
349.376,8691,89.7,110,5.45,1.39,0,0
349.415,8692,89.7,110,5.45,1.37,0,0
349.455,8693,89.8,110,5.45,1.37,0,0
349.495,8694,89.8,110,5.45,1.34,0,0
349.535,8695,89.8,110,5.45,1.38,0,0
349.580,8696,89.7,110,5.45,1.36,0,0
349.615,8697,89.9,110,5.45,1.33,0,0
349.657,8698,89.9,110,5.45,1.33,0,0
349.699,8699,89.3,111,5.45,1.49,0,0
349.736,8700,89.7,110,5.45,1.37,0,0
349.775,8701,89.7,110,5.45,1.35,0,0
349.817,8702,89.7,110,5.45,1.35,0,0
349.855,8703,89.3,111,5.45,1.46,0,0
349.895,8704,89.8,110,5.45,1.33,0,0
349.935,8705,89.7,110,5.45,1.33,0,0
349.975,8706,89.8,110,5.44,1.36,0,0
350.016,8707,88.9,111,5.43,1.57,0,0
350.055,8708,87.1,111,5.40,1.35,0,0
350.097,8709,87.7,111,5.34,1.22,0,0
350.136,8710,84.7,113,5.44,1.22,0,0
350.178,8711,82.8,115,5.49,1.43,0,0
350.215,8712,82.7,115,5.51,1.50,0,0
350.255,8713,82.8,115,5.49,1.44,0,0
350.298,8714,82.6,115,5.51,1.43,0,0
350.335,8715,82.6,115,5.51,1.40,0,0
350.379,8716,82.7,115,5.51,1.40,0,0
350.415,8717,82.7,115,5.51,1.40,0,0
350.457,8718,83.6,115,5.59,1.38,0,0
350.495,8719,84.9,113,5.52,1.24,0,0
350.537,8720,83.2,111,5.42,1.06,0,0
350.575,8721,84.5,114,5.52,1.38,0,0
350.617,8722,84.7,114,5.55,1.33,0,0
350.655,8723,84.7,114,5.56,1.37,0,0
350.695,8724,84.7,114,5.56,1.37,0,0
350.735,8725,84.5,114,5.57,1.37,0,0
350.777,8726,84.4,114,5.57,1.35,0,0
350.815,8727,84.5,114,5.57,1.37,0,0
350.855,8728,85.4,113,5.57,1.20,0,0
350.896,8729,84.5,114,5.57,1.37,0,0
350.935,8730,82.8,112,5.43,1.20,0,0
350.976,8731,84.4,114,5.57,1.35,0,0
351.015,8732,84.5,113,5.57,1.33,0,0
351.058,8733,84.4,114,5.57,1.35,0,0
351.095,8734,84.4,113,5.57,1.33,0,0
351.135,8735,82.8,112,5.43,1.21,0,0
351.177,8736,85.5,113,5.57,1.19,0,0
351.215,8737,84.5,113,5.57,1.35,0,0
351.255,8738,82.6,112,5.43,1.18,0,0
351.295,8739,84.5,113,5.57,1.35,0,0
351.341,8740,85.6,113,5.57,1.21,0,0
351.377,8741,84.4,114,5.57,1.34,0,0
351.419,8742,82.7,112,5.43,1.16,0,0
351.455,8743,84.4,114,5.57,1.35,0,0
351.495,8744,85.5,113,5.57,1.19,0,0
351.537,8745,82.7,112,5.43,1.18,0,0
351.575,8746,82.7,112,5.43,1.18,0,0
351.618,8747,84.5,114,5.57,1.37,0,0
351.655,8748,85.3,113,5.57,1.21,0,0
351.698,8749,84.4,113,5.57,1.34,0,0
351.735,8750,84.5,114,5.57,1.38,0,0
351.775,8751,82.7,112,5.43,1.16,0,0
351.818,8752,85.5,113,5.57,1.20,0,0
351.855,8753,84.4,114,5.57,1.33,0,0
351.895,8754,84.4,114,5.57,1.34,0,0
351.936,8755,85.4,113,5.57,1.20,0,0
351.980,8756,82.6,112,5.43,1.18,0,0
352.031,8757,85.4,113,5.57,1.22,0,0
352.071,8758,84.5,114,5.57,1.33,0,0
352.108,8759,85.4,113,5.57,1.21,0,0
352.145,8760,84.4,114,5.57,1.34,0,0
352.181,8761,84.4,114,5.57,1.35,0,0
352.223,8762,84.5,114,5.57,1.37,0,0
352.259,8763,84.4,114,5.57,1.35,0,0
352.295,8764,84.4,113,5.57,1.33,0,0
352.338,8765,84.5,114,5.57,1.33,0,0
352.376,8766,84.4,114,5.57,1.34,0,0
352.416,8767,84.4,114,5.57,1.35,0,0
352.457,8768,82.7,112,5.43,1.18,0,0
352.496,8769,84.4,114,5.57,1.35,0,0
352.536,8770,82.7,112,5.43,1.20,0,0
352.577,8771,84.4,114,5.57,1.35,0,0
352.616,8772,82.6,112,5.43,1.18,0,0
352.655,8773,85.6,113,5.57,1.23,0,0
352.696,8774,84.4,113,5.57,1.30,0,0
352.736,8775,84.4,114,5.57,1.32,0,0
352.776,8776,85.6,113,5.57,1.23,0,0
352.818,8777,85.5,113,5.57,1.19,0,0
352.856,8778,85.6,113,5.57,1.21,0,0
352.899,8779,82.7,112,5.43,1.20,0,0
352.936,8780,84.5,114,5.57,1.35,0,0
352.976,8781,84.4,114,5.57,1.35,0,0
353.019,8782,85.6,113,5.57,1.23,0,0
353.056,8783,84.4,114,5.57,1.35,0,0
353.096,8784,85.3,113,5.57,1.21,0,0
353.136,8785,84.5,114,5.57,1.38,0,0
353.176,8786,85.4,113,5.57,1.21,0,0
353.215,8787,82.8,112,5.43,1.20,0,0
353.257,8788,84.4,114,5.57,1.38,0,0
353.296,8789,84.5,114,5.57,1.37,0,0
353.339,8790,84.5,114,5.57,1.37,0,0
353.376,8791,84.4,114,5.57,1.32,0,0
353.415,8792,85.5,113,5.57,1.18,0,0
353.457,8793,85.5,113,5.57,1.19,0,0
353.496,8794,85.6,113,5.57,1.22,0,0
353.537,8795,85.4,113,5.57,1.22,0,0
353.576,8796,82.8,112,5.43,1.21,0,0
353.616,8797,84.4,113,5.57,1.30,0,0
353.657,8798,84.4,114,5.57,1.35,0,0
353.696,8799,85.5,113,5.57,1.19,0,0
353.738,8800,84.4,114,5.57,1.34,0,0
353.776,8801,85.5,113,5.57,1.18,0,0
353.816,8802,84.4,114,5.57,1.32,0,0
353.857,8803,84.5,114,5.57,1.35,0,0
353.896,8804,85.4,113,5.57,1.20,0,0
353.938,8805,84.5,113,5.57,1.35,0,0
353.976,8806,82.8,112,5.43,1.21,0,0
354.016,8807,84.5,113,5.57,1.33,0,0
354.058,8808,84.4,114,5.57,1.33,0,0
354.096,8809,82.7,112,5.43,1.20,0,0
354.137,8810,85.4,113,5.57,1.18,0,0
354.176,8811,84.3,113,5.57,1.32,0,0
354.216,8812,84.4,114,5.57,1.32,0,0
354.257,8813,82.7,112,5.43,1.20,0,0
354.296,8814,84.4,113,5.57,1.33,0,0
354.339,8815,82.7,112,5.43,1.18,0,0
354.376,8816,82.7,112,5.43,1.18,0,0
354.417,8817,84.4,114,5.57,1.32,0,0
354.456,8818,85.5,113,5.57,1.19,0,0
354.498,8819,85.6,113,5.57,1.23,0,0
354.536,8820,85.6,113,5.57,1.21,0,0
354.577,8821,84.4,114,5.57,1.34,0,0
354.616,8822,84.5,113,5.57,1.31,0,0
354.659,8823,84.4,114,5.57,1.35,0,0
354.696,8824,84.4,114,5.57,1.35,0,0
354.743,8825,84.4,113,5.57,1.32,0,0
354.776,8826,85.4,113,5.57,1.21,0,0
354.816,8827,85.5,113,5.57,1.19,0,0
354.857,8828,84.5,113,5.57,1.35,0,0
354.896,8829,82.8,112,5.43,1.22,0,0
354.939,8830,84.5,114,5.57,1.37,0,0
354.976,8831,84.5,114,5.57,1.37,0,0
355.016,8832,84.4,114,5.57,1.31,0,0
355.057,8833,84.4,113,5.57,1.32,0,0
355.096,8834,82.8,112,5.43,1.21,0,0
355.136,8835,84.5,113,5.57,1.33,0,0
355.177,8836,84.5,113,5.57,1.35,0,0
355.217,8837,84.4,114,5.57,1.33,0,0
355.257,8838,82.8,112,5.43,1.21,0,0
355.298,8839,84.4,113,5.57,1.32,0,0
355.337,8840,84.5,114,5.57,1.37,0,0
355.377,8841,85.4,113,5.57,1.18,0,0
355.415,8842,84.5,114,5.57,1.33,0,0
355.456,8843,84.5,113,5.57,1.35,0,0
355.498,8844,85.4,113,5.57,1.21,0,0
355.536,8845,84.4,113,5.57,1.33,0,0
355.578,8846,85.6,113,5.57,1.19,0,0
355.616,8847,84.4,113,5.57,1.32,0,0
355.659,8848,85.5,113,5.57,1.19,0,0
355.696,8849,84.5,114,5.57,1.37,0,0
355.736,8850,84.4,113,5.57,1.32,0,0
355.776,8851,84.5,114,5.57,1.35,0,0
355.817,8852,84.4,114,5.57,1.38,0,0
355.856,8853,84.5,114,5.57,1.37,0,0
355.897,8854,84.5,113,5.57,1.33,0,0
355.936,8855,84.5,114,5.57,1.37,0,0
355.976,8856,84.4,114,5.57,1.35,0,0
356.017,8857,84.5,114,5.57,1.37,0,0
356.057,8858,84.5,114,5.57,1.35,0,0
356.099,8859,85.4,113,5.57,1.20,0,0
356.136,8860,84.4,114,5.57,1.38,0,0
356.178,8861,84.5,114,5.57,1.37,0,0
356.216,8862,84.4,114,5.57,1.34,0,0
356.256,8863,85.4,113,5.57,1.20,0,0
356.296,8864,84.3,113,5.57,1.32,0,0
356.337,8865,85.6,113,5.57,1.21,0,0
356.376,8866,84.4,114,5.57,1.33,0,0
356.417,8867,84.4,114,5.57,1.31,0,0
356.456,8868,84.5,114,5.57,1.35,0,0
356.497,8869,85.5,113,5.57,1.21,0,0
356.536,8870,84.4,114,5.57,1.32,0,0
356.576,8871,84.5,113,5.57,1.33,0,0
356.618,8872,84.4,114,5.57,1.36,0,0
356.656,8873,84.4,113,5.57,1.28,0,0
356.699,8874,82.7,112,5.43,1.20,0,0
356.736,8875,84.4,114,5.57,1.34,0,0
356.777,8876,85.5,113,5.57,1.19,0,0
356.818,8877,84.5,113,5.57,1.33,0,0
356.857,8878,84.4,114,5.57,1.35,0,0
356.898,8879,84.5,114,5.57,1.37,0,0
356.937,8880,84.4,114,5.57,1.35,0,0
356.979,8881,84.5,114,5.57,1.37,0,0
357.016,8882,84.5,114,5.57,1.37,0,0
357.056,8883,84.5,114,5.57,1.37,0,0
357.098,8884,84.5,114,5.57,1.38,0,0
357.137,8885,84.4,114,5.57,1.30,0,0
357.177,8886,85.8,113,5.56,1.12,0,0
357.216,8887,88.9,112,5.40,1.12,0,0
357.257,8888,85.1,117,5.63,1.45,0,0
357.297,8889,86.6,116,5.68,1.34,0,0
357.338,8890,86.2,117,5.59,1.32,0,0
357.377,8891,87.1,116,5.56,1.12,0,0
357.419,8892,86.7,118,5.67,1.07,0,0
357.457,8893,87.1,122,5.77,1.46,0,0
357.497,8894,87.8,121,5.80,1.32,0,0
357.538,8895,88.9,119,5.64,1.29,0,0
357.576,8896,89.0,119,5.64,1.28,0,0
357.617,8897,88.4,120,5.73,1.08,0,0
357.657,8898,88.5,120,5.75,1.12,0,0
357.700,8899,87.9,121,5.77,1.20,0,0
357.737,8900,87.8,119,5.63,1.08,0,0
357.777,8901,88.7,121,5.73,1.08,0,0
357.820,8902,86.9,119,5.58,0.90,0,0
357.856,8903,89.9,124,5.81,1.32,0,0
357.897,8904,88.0,125,5.98,1.47,0,0
357.939,8905,83.6,123,5.80,1.33,0,0
357.976,8906,87.1,125,5.93,1.33,0,0
358.017,8907,82.8,123,5.76,1.13,0,0
358.056,8908,88.6,124,5.78,1.14,0,0
358.099,8909,82.2,126,5.89,1.54,0,0
358.137,8910,82.2,127,5.85,1.47,0,0
358.179,8911,85.8,126,5.80,0.99,0,0
358.217,8912,86.3,128,5.88,0.94,0,0
358.257,8913,86.1,132,6.01,1.38,0,0
358.298,8914,82.1,129,5.83,1.22,0,0
358.337,8915,84.4,130,5.99,1.03,0,0
358.378,8916,83.6,133,6.08,1.30,0,0
358.417,8917,78.4,133,6.00,1.38,0,0
358.457,8918,80.6,132,5.85,1.21,0,0
358.496,8919,49.8,126,4.39,1.32,0,0
358.538,8920,59.1,127,4.88,1.03,0,0
358.576,8921,61.9,129,5.09,1.14,0,0
358.620,8922,64.4,133,5.37,1.14,0,0
358.656,8923,54.9,129,4.78,1.34,0,0
358.696,8924,36.0,135,0.38,3.88,0,0
358.739,8925,68.5,134,5.53,1.23,0,0
358.776,8926,54.3,129,4.80,1.10,0,0
358.816,8927,53.2,130,4.80,1.23,0,0
358.857,8928,67.8,133,5.53,1.07,0,0
358.897,8929,51.1,129,4.59,1.24,0,0
358.939,8930,56.1,130,4.97,1.14,0,0
358.977,8931,48.3,129,4.50,1.19,0,0
359.018,8932,33.9,134,0.31,3.83,0,0
359.056,8933,34.9,131,0.30,3.84,0,0
359.097,8934,47.9,130,4.58,1.22,0,0
359.137,8935,58.9,131,4.95,1.12,0,0
359.178,8936,69.8,130,5.39,0.91,0,0
359.217,8937,48.7,125,4.38,1.27,0,0
359.258,8938,61.9,128,5.08,1.32,0,0
359.297,8939,67.5,129,5.27,1.29,0,0
359.337,8940,62.8,124,5.00,0.77,0,0
359.379,8941,51.7,125,4.50,1.36,0,0
359.417,8942,53.6,124,4.48,1.36,0,0
359.457,8943,53.4,124,4.46,1.35,0,0
359.500,8944,64.7,130,5.39,1.49,0,0
359.537,8945,67.2,129,5.32,1.46,0,0
359.580,8946,66.3,126,5.26,0.91,0,0
359.617,8947,66.5,125,5.26,0.91,0,0
359.657,8948,69.6,122,5.07,0.53,0,0
359.697,8949,66.3,129,5.33,1.37,0,0
359.738,8950,64.9,130,5.38,1.52,0,0
359.777,8951,66.1,129,5.33,1.38,0,0
359.817,8952,66.5,125,5.26,0.90,0,0
359.857,8953,68.4,124,5.16,0.73,0,0
359.897,8954,67.3,129,5.31,1.49,0,0
359.938,8955,65.0,130,5.38,1.49,0,0
359.977,8956,66.7,125,5.25,0.86,0,0
360.017,8957,68.4,124,5.15,0.77,0,0
360.058,8958,65.1,130,5.36,1.53,0,0
360.097,8959,65.9,125,5.24,0.79,0,0
360.137,8960,67.2,129,5.31,1.49,0,0
360.177,8961,67.4,129,5.30,1.47,0,0
360.219,8962,65.9,125,5.24,0.79,0,0
360.257,8963,66.6,128,5.30,1.33,0,0
360.298,8964,67.3,129,5.30,1.50,0,0
360.337,8965,67.3,129,5.32,1.47,0,0
360.381,8966,66.5,128,5.31,1.35,0,0
360.417,8967,68.5,124,5.15,0.74,0,0
360.457,8968,66.5,126,5.23,0.90,0,0
360.499,8969,68.6,124,5.13,0.77,0,0
360.537,8970,66.5,129,5.30,1.38,0,0
360.577,8971,66.4,129,5.31,1.39,0,0
360.620,8972,67.3,129,5.31,1.49,0,0
360.657,8973,66.1,125,5.22,0.78,0,0
360.697,8974,66.5,128,5.31,1.32,0,0
360.739,8975,66.5,128,5.31,1.34,0,0
360.777,8976,66.8,125,5.24,0.89,0,0
360.818,8977,65.1,130,5.38,1.53,0,0
360.857,8978,65.1,130,5.36,1.49,0,0
360.898,8979,66.8,125,5.24,0.91,0,0
360.939,8980,66.1,125,5.22,0.78,0,0
360.977,8981,65.1,130,5.36,1.53,0,0
361.018,8982,66.5,129,5.31,1.40,0,0
361.057,8983,65.1,130,5.38,1.51,0,0
361.097,8984,66.6,128,5.31,1.36,0,0
361.139,8985,66.4,129,5.31,1.36,0,0
361.177,8986,67.4,126,5.22,1.01,0,0
361.217,8987,66.9,125,5.22,0.90,0,0
361.258,8988,66.9,125,5.22,0.89,0,0
361.297,8989,65.1,130,5.36,1.51,0,0
361.337,8990,74.7,131,5.76,1.34,0,0
361.378,8991,74.8,130,5.73,1.35,0,0
361.419,8992,74.8,130,5.73,1.33,0,0
361.457,8993,74.8,130,5.73,1.35,0,0
361.499,8994,77.0,126,5.53,0.74,0,0
361.537,8995,77.6,127,5.54,0.89,0,0
361.577,8996,74.7,130,5.74,1.35,0,0
361.618,8997,77.6,127,5.54,0.90,0,0
361.657,8998,75.0,130,5.74,1.34,0,0
361.697,8999,74.7,130,5.74,1.33,0,0
361.740,9000,74.5,131,5.74,1.36,0,0
361.778,9001,74.5,131,5.74,1.39,0,0
361.817,9002,74.7,131,5.74,1.37,0,0
361.858,9003,74.6,131,5.73,1.35,0,0
361.897,9004,77.7,127,5.53,0.91,0,0
361.937,9005,74.5,131,5.73,1.33,0,0
361.978,9006,75.3,132,5.73,1.52,0,0
362.018,9007,74.5,131,5.73,1.36,0,0
362.057,9008,77.1,126,5.53,0.75,0,0
362.100,9009,75.4,131,5.73,1.49,0,0
362.137,9010,75.5,131,5.73,1.47,0,0
362.180,9011,74.8,130,5.73,1.37,0,0
362.217,9012,76.9,127,5.53,0.78,0,0
362.257,9013,75.4,132,5.73,1.51,0,0
362.299,9014,77.6,127,5.54,0.89,0,0
362.337,9015,75.5,131,5.74,1.50,0,0
362.378,9016,75.9,131,5.71,1.48,0,0
362.419,9017,74.6,131,5.73,1.35,0,0
362.457,9018,75.3,132,5.73,1.50,0,0
362.498,9019,74.6,131,5.73,1.37,0,0
362.538,9020,75.3,132,5.73,1.52,0,0
362.578,9021,75.4,132,5.73,1.50,0,0
362.617,9022,76.5,125,5.53,0.64,0,0
362.658,9023,77.6,127,5.54,0.90,0,0
362.697,9024,75.5,132,5.73,1.51,0,0
362.737,9025,74.5,131,5.73,1.35,0,0
362.779,9026,77.1,126,5.54,0.76,0,0
362.819,9027,75.5,132,5.74,1.54,0,0
362.858,9028,78.1,127,5.49,0.89,0,0
362.898,9029,77.6,127,5.53,0.91,0,0
362.937,9030,75.5,132,5.73,1.54,0,0
362.977,9031,75.5,131,5.73,1.46,0,0
363.018,9032,74.6,131,5.73,1.36,0,0
363.058,9033,74.6,131,5.73,1.37,0,0
363.098,9034,75.3,132,5.73,1.53,0,0
363.138,9035,73.9,130,5.73,1.23,0,0
363.179,9036,74.5,131,5.73,1.33,0,0
363.217,9037,76.8,127,5.54,0.79,0,0
363.260,9038,74.7,131,5.74,1.34,0,0
363.297,9039,75.4,132,5.74,1.51,0,0
363.338,9040,74.7,130,5.74,1.35,0,0
363.381,9041,75.4,132,5.73,1.49,0,0
363.418,9042,75.5,132,5.74,1.53,0,0
363.460,9043,77.0,126,5.53,0.77,0,0
363.498,9044,77.6,127,5.53,0.92,0,0
363.540,9045,75.6,132,5.74,1.53,0,0
363.578,9046,77.1,126,5.53,0.77,0,0
363.618,9047,75.7,128,5.64,1.01,0,0
363.661,9048,75.4,132,5.73,1.52,0,0
363.697,9049,75.5,132,5.76,1.55,0,0
363.738,9050,75.4,132,5.73,1.53,0,0
363.780,9051,75.0,128,5.64,0.90,0,0
363.818,9052,77.7,127,5.53,0.88,0,0
363.858,9053,75.5,131,5.73,1.45,0,0
363.898,9054,75.4,132,5.73,1.51,0,0
363.938,9055,74.8,130,5.73,1.37,0,0
363.978,9056,75.5,132,5.73,1.54,0,0
364.019,9057,77.6,127,5.54,0.91,0,0
364.058,9058,75.3,132,5.73,1.52,0,0
364.100,9059,75.5,131,5.73,1.48,0,0
364.137,9060,74.9,128,5.64,0.90,0,0
364.178,9061,75.7,128,5.64,1.05,0,0
364.222,9062,74.6,131,5.73,1.35,0,0
364.258,9063,75.0,128,5.64,0.91,0,0
364.302,9064,75.8,128,5.64,1.05,0,0
364.338,9065,75.5,132,5.74,1.54,0,0
364.378,9066,75.1,128,5.66,0.92,0,0
364.419,9067,75.5,131,5.73,1.46,0,0
364.458,9068,74.5,131,5.74,1.38,0,0
364.499,9069,76.9,127,5.54,0.79,0,0
364.538,9070,76.5,129,5.64,1.22,0,0
364.578,9071,76.6,125,5.53,0.64,0,0
364.621,9072,74.5,131,5.74,1.40,0,0
364.658,9073,75.4,132,5.73,1.50,0,0
364.701,9074,74.8,130,5.73,1.32,0,0
364.739,9075,74.6,131,5.74,1.38,0,0
364.778,9076,75.5,132,5.73,1.53,0,0
364.819,9077,77.7,127,5.53,0.91,0,0
364.858,9078,74.9,128,5.64,0.90,0,0
364.900,9079,77.1,126,5.53,0.75,0,0
364.938,9080,74.8,130,5.73,1.36,0,0
364.978,9081,77.8,127,5.54,0.89,0,0
365.020,9082,75.6,131,5.73,1.48,0,0
365.058,9083,74.8,130,5.73,1.33,0,0
365.099,9084,75.5,131,5.73,1.47,0,0
365.139,9085,74.4,131,5.73,1.36,0,0
365.178,9086,75.3,132,5.74,1.52,0,0
365.221,9087,75.3,131,5.74,1.48,0,0
365.258,9088,73.5,130,5.78,1.19,0,0
365.298,9089,74.3,130,5.79,1.31,0,0
365.340,9090,74.7,131,5.81,1.43,0,0
365.378,9091,74.9,131,5.73,1.32,0,0
365.420,9092,75.6,132,5.74,1.45,0,0
365.458,9093,50.6,124,4.34,1.31,0,0
365.500,9094,56.2,126,4.69,1.47,0,0
365.538,9095,63.9,127,5.06,1.35,0,0
365.578,9096,62.6,128,5.13,1.51,0,0
365.619,9097,62.8,129,5.10,1.50,0,0
365.657,9098,61.6,128,5.11,1.39,0,0
365.702,9099,62.9,129,5.11,1.52,0,0
365.738,9100,64.1,127,5.04,1.33,0,0
365.778,9101,76.8,127,5.53,0.79,0,0
365.819,9102,75.0,128,5.64,0.89,0,0
365.858,9103,75.6,131,5.73,1.49,0,0
365.901,9104,76.8,127,5.54,0.77,0,0
365.938,9105,77.0,126,5.54,0.74,0,0
365.980,9106,75.2,131,5.76,1.46,0,0
366.018,9107,74.7,130,5.75,1.37,0,0
366.058,9108,75.4,132,5.73,1.50,0,0
366.098,9109,75.4,131,5.74,1.49,0,0
366.140,9110,75.4,132,5.73,1.53,0,0
366.178,9111,74.6,131,5.73,1.39,0,0
366.221,9112,75.8,131,5.71,1.48,0,0
366.258,9113,86.1,137,5.91,1.42,0,0
366.301,9114,57.0,130,4.87,1.46,0,0
366.338,9115,59.9,127,4.86,1.18,0,0
366.378,9116,66.2,129,5.30,1.28,0,0
366.421,9117,66.6,129,5.35,1.28,0,0
366.458,9118,66.5,129,5.34,1.32,0,0
366.498,9119,74.2,131,5.73,1.32,0,0
366.541,9120,74.6,131,5.73,1.30,0,0
366.578,9121,75.7,132,5.73,1.46,0,0
366.619,9122,70.7,129,5.47,1.36,0,0
366.658,9123,65.5,127,5.26,1.45,0,0
366.699,9124,71.9,122,5.31,0.75,0,0
366.738,9125,71.5,121,5.31,0.75,0,0
366.781,9126,73.6,124,5.57,1.23,0,0
366.818,9127,70.4,119,5.31,0.93,0,0
366.858,9128,81.8,119,5.67,0.79,0,0
366.898,9129,79.3,121,5.77,0.93,0,0
366.939,9130,78.0,123,5.87,1.29,0,0
366.978,9131,79.7,122,5.74,0.96,0,0
367.018,9132,75.9,125,5.95,1.42,0,0
367.061,9133,84.6,126,5.94,0.95,0,0
367.103,9134,79.5,123,5.78,0.68,0,0
367.145,9135,81.0,129,6.04,1.29,0,0
367.185,9136,73.1,121,5.70,0.60,0,0
367.225,9137,79.5,122,5.66,0.61,0,0
367.265,9138,78.2,128,5.93,1.33,0,0
367.303,9139,78.5,125,5.82,0.84,0,0
367.340,9140,75.3,125,5.86,0.99,0,0
367.379,9141,71.3,121,5.58,0.71,0,0
367.420,9142,73.3,122,5.49,0.75,0,0
367.458,9143,72.1,124,5.59,1.07,0,0
367.500,9144,72.0,124,5.58,1.07,0,0
367.538,9145,73.4,127,5.66,1.36,0,0
367.581,9146,74.1,126,5.66,1.03,0,0
367.618,9147,74.6,127,5.64,1.22,0,0
367.658,9148,71.6,126,5.65,1.25,0,0
367.699,9149,75.7,123,5.55,0.83,0,0
367.738,9150,80.3,127,5.67,1.22,0,0
367.779,9151,77.0,131,6.10,1.41,0,0
367.820,9152,87.4,133,6.40,1.02,0,0
367.858,9153,66.9,131,5.80,0.93,0,0
367.900,9154,58.9,134,5.75,1.48,0,0
367.938,9155,57.1,129,5.56,0.99,0,0
367.982,9156,58.3,130,5.85,1.15,0,0
368.019,9157,66.7,134,6.24,1.28,0,0
368.059,9158,63.9,131,6.13,1.10,0,0
368.100,9159,55.5,129,5.54,1.17,0,0
368.139,9160,58.8,132,5.85,1.39,0,0
368.181,9161,60.2,129,5.83,1.01,0,0
368.219,9162,64.6,135,6.27,1.48,0,0
368.261,9163,65.8,133,6.24,1.13,0,0
368.298,9164,67.4,131,6.19,0.78,0,0
368.342,9165,58.2,132,5.68,1.26,0,0
368.379,9166,64.8,134,6.14,1.39,0,0
368.422,9167,63.8,134,6.14,1.30,0,0
368.458,9168,52.8,131,5.40,1.10,0,0
368.501,9169,58.2,132,5.68,1.28,0,0
368.539,9170,59.8,130,5.85,0.94,0,0
368.581,9171,59.5,130,5.83,0.93,0,0
368.619,9172,53.7,130,5.55,1.07,0,0
368.659,9173,59.2,132,5.83,1.21,0,0
368.704,9174,57.5,129,5.55,0.77,0,0
368.738,9175,67.4,129,6.04,0.83,0,0
368.781,9176,64.7,133,5.93,1.51,0,0
368.818,9177,66.8,130,5.86,1.34,0,0
368.858,9178,74.7,122,5.90,0.77,0,0
368.901,9179,72.4,123,6.00,0.96,0,0
368.938,9180,69.0,121,5.73,1.00,0,0
368.981,9181,72.4,120,5.82,0.95,0,0
369.018,9182,71.5,117,5.51,0.97,0,0
369.059,9183,70.6,118,5.60,1.35,0,0
369.099,9184,71.3,119,5.63,1.55,0,0
369.142,9185,74.1,117,5.54,1.39,0,0
369.178,9186,81.7,115,5.66,1.33,0,0
369.221,9187,83.6,110,5.46,1.30,0,0
369.259,9188,78.2,105,5.09,1.26,0,0
369.299,9189,85.7,104,5.09,1.41,0,0
369.341,9190,89.9,102,4.96,0.97,0,0
369.379,9191,86.8,101,4.86,1.01,0,0
369.420,9192,86.9,102,4.99,1.03,0,0
369.461,9193,85.6,99,4.74,1.00,0,0
369.499,9194,87.1,99,4.89,1.03,0,0
369.541,9195,87.4,99,4.89,1.03,0,0
369.580,9196,88.5,100,5.01,1.17,0,0
369.619,9197,88.8,98,4.83,0.84,0,0
369.663,9198,88.8,100,4.94,1.14,0,0
369.699,9199,87.7,99,4.83,0.99,0,0
369.739,9200,87.9,98,4.80,1.14,0,0
369.778,9201,88.2,98,4.75,1.15,0,0
369.819,9202,78.3,98,4.86,1.00,0,0
369.859,9203,80.0,97,4.72,1.19,0,0
369.900,9204,87.9,93,4.48,0.98,0,0
369.939,9205,82.6,98,4.79,1.23,0,0
369.979,9206,79.9,98,4.84,1.14,0,0
370.019,9207,75.4,99,4.89,0.92,0,0
370.059,9208,75.8,100,5.01,1.18,0,0
370.101,9209,72.0,102,5.00,0.93,0,0
370.139,9210,75.7,102,5.02,1.13,0,0
370.179,9211,79.3,101,4.99,1.14,0,0
370.221,9212,79.4,101,4.99,1.14,0,0
370.259,9213,75.4,102,5.00,1.01,0,0
370.299,9214,77.9,106,5.26,1.46,0,0
370.341,9215,78.5,103,5.15,0.82,0,0
370.379,9216,67.4,109,5.36,1.28,0,0
370.422,9217,68.9,110,5.51,1.27,0,0
370.459,9218,68.2,109,5.34,1.13,0,0
370.505,9219,74.9,107,5.30,1.12,0,0
370.539,9220,69.5,109,5.34,0.93,0,0
370.581,9221,70.9,110,5.51,1.10,0,0
370.620,9222,69.5,109,5.34,0.94,0,0
370.659,9223,69.6,109,5.34,0.95,0,0
370.702,9224,75.3,108,5.43,0.95,0,0
370.739,9225,75.3,108,5.43,0.95,0,0
370.783,9226,70.8,114,5.68,1.57,0,0
370.820,9227,72.2,110,5.51,0.95,0,0
370.861,9228,71.9,113,5.68,1.41,0,0
370.902,9229,75.6,112,5.60,1.41,0,0
370.943,9230,74.8,111,5.60,1.35,0,0
370.979,9231,70.0,112,5.50,1.17,0,0
371.019,9232,76.4,111,5.60,1.16,0,0
371.061,9233,77.1,110,5.60,1.03,0,0
371.099,9234,77.0,110,5.60,1.02,0,0
371.144,9235,77.3,113,5.78,1.42,0,0
371.180,9236,75.4,112,5.60,1.23,0,0
371.219,9237,84.1,109,5.54,1.07,0,0
371.259,9238,75.7,112,5.60,1.02,0,0
371.301,9239,87.1,114,5.83,1.61,0,0
371.339,9240,84.9,112,5.69,1.46,0,0
371.381,9241,79.5,115,5.95,1.44,0,0
371.419,9242,82.0,113,5.82,1.25,0,0
371.461,9243,80.8,111,5.65,0.85,0,0
371.499,9244,88.8,114,5.87,1.39,0,0
371.542,9245,89.0,114,5.87,1.40,0,0
371.582,9246,89.6,113,5.87,1.23,0,0
371.628,9247,88.1,111,5.77,0.81,0,0
371.671,9248,83.6,113,5.87,1.12,0,0
371.714,9249,85.1,114,5.93,1.42,0,0
371.760,9250,81.5,115,6.02,1.55,0,0
371.799,9251,85.8,110,5.80,0.80,0,0
371.845,9252,82.2,116,6.01,1.68,0,0
371.890,9253,80.2,115,6.02,1.41,0,0
371.931,9254,79.9,115,6.01,1.32,0,0
371.978,9255,82.5,113,5.94,1.16,0,0
372.014,9256,82.5,113,5.93,0.95,0,0
372.051,9257,78.7,117,6.03,1.46,0,0
372.088,9258,77.8,115,6.04,1.27,0,0
372.125,9259,75.7,115,6.06,1.12,0,0
372.162,9260,82.8,117,6.11,1.10,0,0
372.203,9261,41.4,118,4.36,1.93,0,0
372.241,9262,40.6,111,4.64,0.74,0,0
372.279,9263,39.8,109,4.53,0.58,0,0
372.320,9264,40.2,114,4.81,0.83,0,0
372.356,9265,38.7,109,4.53,0.56,0,0
372.395,9266,39.4,124,4.67,2.19,0,0
372.434,9267,39.3,123,4.66,1.97,0,0
372.470,9268,38.4,122,4.37,2.02,0,0
372.509,9269,35.7,117,4.79,0.93,0,0
372.548,9270,34.6,123,4.31,2.22,0,0
372.587,9271,32.4,125,4.14,2.38,0,0
372.629,9272,30.4,123,4.32,1.85,0,0
372.663,9273,30.7,124,3.45,2.04,0,0
372.705,9274,39.8,120,2.93,1.41,0,0
372.742,9275,51.9,116,1.22,1.50,0,0
372.779,9276,34.2,122,3.25,1.65,0,0
372.819,9277,24.0,114,3.13,3.30,0,0
372.859,9278,43.7,138,0.50,3.68,0,0
372.900,9279,40.1,144,1.00,4.14,0,0
372.939,9280,36.7,143,1.26,4.09,0,0
372.982,9281,39.7,144,1.23,3.92,0,0
373.020,9282,61.2,123,5.60,1.07,0,0
373.059,9283,60.2,126,5.82,1.56,0,0
373.102,9284,60.4,124,5.60,1.24,0,0
373.139,9285,60.3,126,5.82,1.62,0,0
373.181,9286,61.2,124,5.63,1.03,0,0
373.220,9287,65.6,123,5.84,1.03,0,0
373.260,9288,63.7,122,5.65,1.08,0,0
373.301,9289,75.2,120,6.11,1.10,0,0
373.341,9290,74.5,121,6.11,1.29,0,0
373.386,9291,72.3,119,5.88,1.07,0,0
373.420,9292,73.4,119,5.88,0.94,0,0
373.460,9293,75.6,120,6.11,1.10,0,0
373.503,9294,74.9,122,6.11,1.38,0,0
373.539,9295,74.7,121,6.11,1.30,0,0
373.579,9296,73.8,122,6.11,1.41,0,0
373.622,9297,75.2,120,6.11,1.09,0,0
373.660,9298,75.7,120,6.11,1.11,0,0
373.699,9299,75.7,123,6.32,1.59,0,0
373.740,9300,88.5,120,6.43,1.42,0,0
373.780,9301,79.8,114,5.77,0.60,0,0
373.821,9302,78.0,118,6.01,0.87,0,0
373.860,9303,76.1,121,6.12,1.34,0,0
373.899,9304,83.9,121,6.31,1.51,0,0
373.939,9305,68.9,133,6.29,1.48,0,0
373.985,9306,77.1,163,5.19,1.52,0,0
374.015,9307,26.3,164,0.77,5.01,0,0
374.058,9308,19.6,167,0.41,4.17,0,0
374.097,9309,37.7,77,1.21,2.04,0,0
374.133,9310,,,,,0,0
374.178,9311,70.2,155,1.77,0.39,0,0
374.214,9312,,,,,0,0
374.259,9313,65.5,112,1.03,2.95,0,0
374.300,9314,34.2,145,1.16,6.54,0,0
374.341,9315,15.6,162,3.77,5.52,0,0
374.380,9316,7.3,181,5.48,5.16,0,0
374.419,9317,65.2,197,4.57,0.36,0,0
374.455,9318,1.2,43,0.37,0.22,0,0
374.496,9319,23.2,25,0.22,0.39,0,0
374.533,9320,,,,,0,0
374.575,9321,,,,,0,0
374.619,9322,83.1,96,2.30,0.42,0,0
374.655,9323,87.3,112,1.83,2.77,0,0
374.695,9324,49.5,124,1.65,0.51,0,0
374.733,9325,,,,,0,0
374.775,9326,,,,,0,0
374.822,9327,67.9,209,5.51,2.68,0,0
374.863,9328,63.6,202,6.24,2.30,0,0
374.898,9329,61.7,203,6.55,2.12,0,0
374.938,9330,79.5,195,7.74,1.90,0,0
374.978,9331,66.3,166,5.88,0.63,0,0
375.018,9332,52.7,167,4.97,0.59,0,0
375.058,9333,36.9,168,4.55,1.31,0,0
375.093,9334,,,,,0,0
375.135,9335,87.2,31,0.68,0.28,1,0
375.189,9336,59.0,55,1.72,0.58,0,0
375.224,9337,46.4,67,0.36,0.46,0,0
375.258,9338,39.0,73,1.00,0.93,0,0
375.299,9339,27.9,78,0.99,1.14,0,0
375.336,9340,83.5,71,0.60,0.64,0,0
375.379,9341,46.1,144,0.60,3.20,0,0
375.418,9342,37.0,168,1.76,1.61,0,0
375.458,9343,35.3,171,2.10,0.49,0,0
375.500,9344,35.0,167,1.78,0.77,0,0
375.538,9345,36.2,165,1.91,0.85,0,0
375.581,9346,36.9,163,2.06,0.87,0,0
375.619,9347,36.2,166,2.06,0.90,0,0
375.659,9348,36.7,165,2.05,0.89,0,0
375.699,9349,36.5,164,2.04,0.89,0,0
375.742,9350,37.0,164,2.08,0.96,0,0
375.780,9351,37.0,163,2.08,0.90,0,0
375.822,9352,47.1,164,2.09,5.92,0,0
375.859,9353,41.9,168,2.51,6.44,0,0
375.902,9354,37.4,161,2.09,0.96,0,0
375.939,9355,46.4,166,2.39,6.09,0,0
375.979,9356,37.4,162,2.07,0.82,0,0
376.021,9357,37.7,161,2.10,0.79,0,0
376.059,9358,38.0,162,2.10,1.26,0,0
376.101,9359,37.7,161,2.09,0.79,0,0
376.140,9360,36.2,171,2.65,6.59,0,0
376.181,9361,37.3,162,2.09,0.83,0,0
376.219,9362,38.0,170,2.64,6.59,0,0
376.259,9363,37.3,162,2.10,0.83,0,0
376.300,9364,37.9,161,2.10,0.75,0,0
376.339,9365,37.4,162,2.09,0.88,0,0
376.379,9366,27.1,176,2.88,5.97,0,0
376.419,9367,37.4,162,2.09,0.85,0,0
376.461,9368,37.3,162,2.08,0.89,0,0
376.499,9369,38.1,162,2.07,1.32,0,0
376.545,9370,37.3,162,2.08,0.89,0,0
376.578,9371,37.4,162,2.09,0.85,0,0
376.620,9372,37.5,162,2.09,0.93,0,0
376.659,9373,37.5,162,2.09,0.96,0,0
376.702,9374,40.9,165,2.35,1.07,0,0
376.739,9375,37.7,162,2.07,0.88,0,0
376.782,9376,59.7,202,6.47,3.04,0,0
376.819,9377,59.7,138,3.07,0.82,0,0
376.864,9378,59.6,138,3.04,0.92,0,0
376.898,9379,59.3,139,3.06,0.91,0,0
376.942,9380,58.9,139,3.06,0.94,0,0
376.979,9381,59.5,138,3.05,0.96,0,0
377.022,9382,59.0,139,3.05,1.04,0,0
377.059,9383,59.0,139,3.06,0.93,0,0
377.099,9384,58.9,139,3.06,1.04,0,0
377.141,9385,59.0,139,3.05,0.94,0,0
377.179,9386,43.4,143,3.27,6.31,0,0
377.222,9387,35.0,147,3.42,5.51,0,0
377.259,9388,35.0,145,3.43,5.67,0,0
377.302,9389,38.1,142,3.25,6.12,0,0
377.339,9390,59.0,139,3.06,0.98,0,0
377.379,9391,43.4,143,3.28,6.31,0,0
377.422,9392,58.9,139,3.05,0.94,0,0
377.460,9393,34.6,145,3.42,5.67,0,0
377.501,9394,58.9,139,3.06,1.04,0,0
377.539,9395,59.6,139,3.04,1.34,0,0
377.579,9396,62.9,142,3.17,1.01,0,0
377.621,9397,58.9,139,3.07,1.04,0,0
377.659,9398,59.6,138,3.04,0.96,0,0
377.702,9399,62.9,203,6.59,3.74,0,0
377.739,9400,37.7,145,3.41,5.95,0,0
377.782,9401,58.9,139,3.07,1.04,0,0
377.819,9402,58.9,139,3.06,1.04,0,0
377.862,9403,58.9,139,3.06,1.08,0,0
377.899,9404,59.0,139,3.06,1.04,0,0
377.941,9405,34.6,147,3.43,5.51,0,0
377.980,9406,44.5,143,3.29,6.09,0,0
378.021,9407,37.3,144,3.27,6.01,0,0
378.059,9408,59.0,139,3.05,0.98,0,0
378.101,9409,59.0,139,3.05,1.04,0,0
378.139,9410,58.9,139,3.07,1.04,0,0
378.179,9411,58.9,139,3.07,1.08,0,0
378.220,9412,35.6,147,3.44,5.51,0,0
378.259,9413,58.9,139,3.06,1.04,0,0
378.302,9414,37.7,145,3.43,5.95,0,0
378.339,9415,56.3,142,3.16,6.33,0,0
378.379,9416,58.9,139,3.06,1.04,0,0
378.421,9417,43.3,143,3.29,6.31,0,0
378.460,9418,37.7,145,3.43,5.95,0,0
378.501,9419,52.0,143,3.28,6.38,0,0
378.541,9420,58.9,139,3.05,1.04,0,0
378.580,9421,38.3,144,3.30,6.01,0,0
378.619,9422,43.3,143,3.29,6.31,0,0
378.661,9423,58.9,139,3.06,0.98,0,0
378.699,9424,58.9,139,3.05,1.04,0,0
378.741,9425,58.9,139,3.06,0.98,0,0
378.779,9426,59.5,138,3.05,0.96,0,0
378.821,9427,58.9,139,3.06,1.08,0,0
378.859,9428,59.1,139,3.06,1.07,0,0
378.899,9429,59.0,139,3.04,0.94,0,0
378.944,9430,59.0,139,3.04,1.08,0,0
378.979,9431,36.0,148,3.58,5.45,0,0
379.021,9432,59.0,139,3.05,1.08,0,0
379.059,9433,60.2,138,3.05,0.85,0,0
379.099,9434,58.9,139,3.06,1.04,0,0
379.141,9435,58.9,139,3.06,1.04,0,0
379.180,9436,61.7,205,6.71,3.50,0,0
379.220,9437,43.4,143,3.28,6.31,0,0
379.261,9438,34.9,145,3.43,5.66,0,0
379.300,9439,62.5,205,6.70,3.68,0,0
379.342,9440,58.9,139,3.06,1.08,0,0
379.380,9441,59.5,138,3.06,1.00,0,0
379.421,9442,38.2,142,3.28,6.12,0,0
379.462,9443,59.2,138,3.11,1.04,0,0
379.500,9444,43.4,143,3.28,6.31,0,0
379.540,9445,44.0,143,3.29,6.30,0,0
379.580,9446,59.0,139,3.04,1.04,0,0
379.620,9447,58.9,139,3.06,1.04,0,0
379.661,9448,58.9,139,3.07,1.08,0,0
379.699,9449,59.0,139,3.05,0.98,0,0
379.739,9450,58.9,139,3.06,1.04,0,0
379.783,9451,58.9,139,3.05,1.04,0,0
379.820,9452,59.0,139,3.04,1.08,0,0
379.861,9453,58.9,139,3.05,1.04,0,0
379.900,9454,62.9,142,3.15,1.08,0,0
379.941,9455,58.9,139,3.05,1.04,0,0
379.980,9456,34.9,147,3.43,5.35,0,0
380.022,9457,59.3,138,3.14,1.04,0,0
380.059,9458,58.9,139,3.06,1.04,0,0
380.101,9459,58.9,139,3.06,1.04,0,0
380.140,9460,38.3,145,3.44,5.94,0,0
380.181,9461,59.3,138,3.15,1.08,0,0
380.219,9462,59.0,139,3.04,0.98,0,0
380.262,9463,58.9,139,3.06,1.03,0,0
380.299,9464,59.5,138,3.07,0.96,0,0
380.343,9465,59.5,138,3.06,0.96,0,0
380.380,9466,43.4,143,3.28,6.31,0,0
380.423,9467,58.9,139,3.06,1.08,0,0
380.459,9468,58.9,139,3.07,1.08,0,0
380.502,9469,59.0,139,3.05,0.98,0,0
380.540,9470,43.2,144,3.29,6.24,0,0
380.582,9471,43.3,143,3.29,6.31,0,0
380.620,9472,43.4,143,3.27,6.31,0,0
380.660,9473,58.9,139,3.06,1.04,0,0
380.701,9474,58.9,139,3.06,1.08,0,0
380.740,9475,59.0,139,3.06,1.10,0,0
380.783,9476,58.9,139,3.06,1.08,0,0
380.820,9477,60.1,138,3.06,0.77,0,0
380.860,9478,59.0,139,3.05,1.08,0,0
380.903,9479,59.0,139,3.05,1.08,0,0
380.940,9480,59.0,139,3.06,1.08,0,0
380.983,9481,58.4,139,3.10,1.04,0,0
381.020,9482,58.9,139,3.05,0.94,0,0
381.061,9483,37.2,144,3.29,6.01,0,0
381.102,9484,58.9,139,3.06,1.04,0,0
381.140,9485,63.3,140,3.16,1.11,0,0
381.182,9486,58.9,139,3.07,1.08,0,0
381.220,9487,58.9,139,3.06,0.94,0,0
381.260,9488,58.9,139,3.06,1.08,0,0
381.300,9489,43.4,143,3.28,6.31,0,0
381.341,9490,58.9,139,3.06,1.04,0,0
381.380,9491,59.0,139,3.05,1.04,0,0
381.422,9492,59.3,138,3.14,1.04,0,0
381.460,9493,58.9,138,3.09,1.00,0,0
381.501,9494,58.9,139,3.06,1.08,0,0
381.542,9495,34.6,145,3.42,5.67,0,0
381.580,9496,59.0,139,3.05,1.08,0,0
381.619,9497,59.1,139,3.05,0.98,0,0
381.660,9498,59.5,138,3.06,0.96,0,0
381.702,9499,58.9,139,3.05,1.04,0,0
381.740,9500,59.0,139,3.05,1.08,0,0
381.780,9501,58.9,139,3.05,1.04,0,0
381.820,9502,59.0,139,3.05,1.08,0,0
381.860,9503,58.9,139,3.06,1.04,0,0
381.900,9504,72.1,166,4.65,1.38,0,0
381.940,9505,58.9,139,3.06,1.04,0,0
381.980,9506,58.9,139,3.07,1.04,0,0
382.020,9507,59.0,139,3.04,1.04,0,0
382.060,9508,35.8,145,3.43,5.68,0,0
382.103,9509,59.2,138,3.15,1.04,0,0
382.139,9510,59.2,138,3.14,1.04,0,0
382.180,9511,58.9,139,3.07,0.94,0,0
382.220,9512,58.9,139,3.06,1.04,0,0
382.262,9513,58.9,139,3.06,1.08,0,0
382.299,9514,58.9,139,3.06,1.08,0,0
382.340,9515,59.2,138,3.10,1.04,0,0
382.380,9516,59.1,139,3.05,1.01,0,0
382.422,9517,59.2,138,3.14,1.04,0,0
382.459,9518,58.9,139,3.06,0.98,0,0
382.500,9519,59.2,138,3.11,1.10,0,0
382.539,9520,58.9,139,3.05,1.04,0,0
382.580,9521,58.9,139,3.05,1.03,0,0
382.624,9522,58.9,139,3.07,1.08,0,0
382.661,9523,59.0,139,3.05,1.08,0,0
382.701,9524,58.9,139,3.07,1.04,0,0
382.739,9525,59.0,139,3.06,1.08,0,0
382.784,9526,59.0,139,3.05,1.08,0,0
382.824,9527,37.3,146,3.45,5.84,0,0
382.859,9528,58.9,139,3.07,0.94,0,0
382.901,9529,58.9,139,3.05,1.04,0,0
382.945,9530,60.2,138,3.06,0.85,0,0
382.981,9531,58.3,139,3.11,1.04,0,0
383.019,9532,58.9,139,3.05,1.04,0,0
383.060,9533,58.9,139,3.06,0.93,0,0
383.104,9534,58.9,139,3.05,0.97,0,0
383.139,9535,58.9,139,3.05,1.04,0,0
383.180,9536,59.3,138,3.14,1.08,0,0
383.220,9537,58.9,139,3.05,1.04,0,0
383.260,9538,59.2,138,3.12,1.08,0,0
383.301,9539,59.0,139,3.06,1.08,0,0
383.340,9540,43.4,143,3.27,6.31,0,0
383.380,9541,59.2,138,3.14,1.04,0,0
383.422,9542,58.9,139,3.06,1.08,0,0
383.460,9543,59.0,139,3.04,1.04,0,0
383.501,9544,43.3,143,3.29,6.31,0,0
383.540,9545,58.9,139,3.05,1.04,0,0
383.582,9546,58.9,139,3.05,1.04,0,0
383.620,9547,59.0,139,3.04,1.08,0,0
383.660,9548,58.9,139,3.06,1.04,0,0
383.700,9549,59.5,138,3.06,0.96,0,0
383.740,9550,59.1,138,3.12,1.04,0,0
383.781,9551,58.9,139,3.06,1.04,0,0
383.820,9552,59.2,138,3.14,1.04,0,0
383.861,9553,38.9,142,3.25,6.12,0,0
383.901,9554,58.9,137,3.02,0.97,0,0
383.940,9555,59.3,138,3.11,0.98,0,0
383.981,9556,58.9,139,3.06,1.08,0,0
384.020,9557,59.3,138,3.12,1.04,0,0
384.061,9558,43.4,143,3.28,6.31,0,0
384.100,9559,58.9,139,3.07,1.08,0,0
384.143,9560,59.5,138,3.06,0.90,0,0
384.180,9561,58.9,139,3.05,1.04,0,0
384.221,9562,59.3,138,3.15,1.08,0,0
384.267,9563,43.4,143,3.28,6.31,0,0
384.299,9564,59.4,138,3.14,1.08,0,0
384.340,9565,37.7,145,3.42,5.95,0,0
384.381,9566,58.9,139,3.06,1.08,0,0
384.420,9567,59.3,138,3.12,1.04,0,0
384.462,9568,59.2,138,3.14,1.04,0,0
384.500,9569,59.2,138,3.14,1.04,0,0
384.540,9570,59.0,139,3.05,1.08,0,0
384.580,9571,58.9,139,3.05,1.04,0,0
384.620,9572,59.0,139,3.05,1.04,0,0
384.664,9573,59.0,139,3.05,1.08,0,0
384.700,9574,59.0,139,3.05,1.08,0,0
384.740,9575,59.2,138,3.15,1.08,0,0
384.781,9576,58.9,139,3.06,1.08,0,0
384.820,9577,58.9,139,3.06,1.04,0,0
384.862,9578,59.0,139,3.05,1.08,0,0
384.900,9579,59.5,138,3.06,0.96,0,0
384.940,9580,38.1,142,3.22,6.12,0,0
384.980,9581,34.9,146,3.42,5.60,0,0
385.020,9582,58.9,139,3.07,1.04,0,0
385.060,9583,59.3,138,3.12,1.04,0,0
385.106,9584,38.2,142,3.26,6.12,0,0
385.140,9585,59.2,138,3.14,1.04,0,0
385.180,9586,58.9,139,3.06,1.08,0,0
385.221,9587,72.7,165,4.72,1.45,0,0
385.261,9588,34.8,145,3.43,5.66,0,0
385.300,9589,59.2,138,3.15,1.04,0,0
385.340,9590,59.3,138,3.12,1.04,0,0
385.380,9591,59.3,138,3.11,1.04,0,0
385.421,9592,59.0,139,3.05,1.08,0,0
385.462,9593,59.3,138,3.12,1.08,0,0
385.501,9594,58.9,139,3.05,1.04,0,0
385.541,9595,59.2,138,3.12,1.04,0,0
385.580,9596,58.9,139,3.06,1.04,0,0
385.620,9597,35.1,145,3.42,5.68,0,0
385.660,9598,58.9,139,3.07,1.04,0,0
385.700,9599,59.2,138,3.11,1.04,0,0
385.741,9600,58.9,139,3.05,1.04,0,0
385.781,9601,58.9,139,3.05,1.04,0,0
385.820,9602,59.3,138,3.12,1.08,0,0
385.861,9603,59.4,138,3.14,1.08,0,0
385.901,9604,59.0,139,3.05,1.08,0,0
385.942,9605,34.1,145,3.56,5.38,0,0
385.981,9606,59.3,138,3.12,1.08,0,0
386.021,9607,58.9,139,3.06,1.08,0,0
386.061,9608,59.3,138,3.12,1.08,0,0
386.100,9609,58.9,139,3.05,1.04,0,0
386.141,9610,58.9,139,3.06,1.04,0,0
386.180,9611,59.3,138,3.12,0.94,0,0
386.220,9612,59.3,138,3.12,1.08,0,0
386.261,9613,35.4,145,3.43,5.67,0,0
386.300,9614,46.7,141,3.26,6.37,0,0
386.341,9615,59.2,138,3.14,1.04,0,0
386.381,9616,59.3,138,3.12,1.08,0,0
386.420,9617,58.9,139,3.05,1.04,0,0
386.460,9618,59.0,139,3.05,1.08,0,0
386.501,9619,36.2,145,3.43,5.68,0,0
386.541,9620,46.3,142,3.17,6.37,0,0
386.580,9621,58.9,139,3.06,1.04,0,0
386.621,9622,59.3,138,3.12,1.04,0,0
386.661,9623,59.4,138,3.14,1.08,0,0
386.700,9624,59.3,138,3.14,1.04,0,0
386.742,9625,44.0,143,3.28,6.30,0,0
386.781,9626,59.1,138,3.13,1.04,0,0
386.821,9627,60.4,138,3.15,1.53,0,0
386.861,9628,38.1,142,3.26,6.12,0,0
386.900,9629,58.9,139,3.07,1.08,0,0
386.941,9630,59.3,138,3.11,1.08,0,0
386.982,9631,59.7,138,3.12,1.01,0,0
387.021,9632,38.2,142,3.25,6.12,0,0
387.061,9633,43.4,143,3.28,6.29,0,0
387.101,9634,59.3,138,3.12,1.08,0,0
387.141,9635,59.0,139,3.05,1.08,0,0
387.181,9636,59.6,138,3.05,1.00,0,0
387.221,9637,59.2,138,3.12,1.08,0,0
387.262,9638,59.4,138,3.13,1.08,0,0
387.301,9639,59.3,138,3.12,1.08,0,0
387.341,9640,59.2,138,3.15,1.04,0,0
387.382,9641,59.7,138,3.06,1.11,0,0
387.421,9642,59.3,138,3.16,1.08,0,0
387.461,9643,59.3,138,3.12,1.08,0,0
387.501,9644,59.3,138,3.15,1.04,0,0
387.541,9645,58.9,139,3.05,1.04,0,0
387.581,9646,59.3,138,3.14,1.04,0,0
387.621,9647,59.1,138,3.13,1.04,0,0
387.661,9648,59.2,138,3.14,1.04,0,0
387.701,9649,34.5,144,3.40,5.67,0,0
387.740,9650,59.3,138,3.12,1.08,0,0
387.783,9651,59.2,138,3.12,1.08,0,0
387.820,9652,59.4,138,3.14,1.08,0,0
387.861,9653,59.3,138,3.12,1.08,0,0
387.901,9654,59.3,138,3.12,1.04,0,0
387.942,9655,59.2,138,3.14,1.04,0,0
387.981,9656,59.3,138,3.11,1.04,0,0
388.021,9657,59.3,138,3.15,1.08,0,0
388.061,9658,59.4,138,3.07,0.96,0,0
388.101,9659,59.3,138,3.11,1.08,0,0
388.142,9660,59.5,138,3.12,1.25,0,0
388.182,9661,58.9,139,3.05,1.04,0,0
388.221,9662,59.3,138,3.12,1.04,0,0
388.261,9663,59.6,138,3.12,1.01,0,0
388.301,9664,38.2,142,3.26,6.12,0,0
388.341,9665,59.4,138,3.13,1.08,0,0
388.381,9666,59.9,138,3.05,1.21,0,0
388.421,9667,59.3,138,3.14,1.04,0,0
388.461,9668,59.3,138,3.14,1.08,0,0
388.501,9669,58.9,139,3.06,1.04,0,0
388.541,9670,59.3,138,3.12,1.08,0,0
388.581,9671,61.9,139,3.12,6.28,0,0
388.621,9672,59.1,138,3.12,1.03,0,0
388.661,9673,59.3,138,3.12,1.04,0,0
388.703,9674,62.7,139,3.14,1.07,0,0
388.741,9675,59.3,138,3.12,1.04,0,0
388.781,9676,59.2,138,3.14,1.04,0,0
388.822,9677,59.2,138,3.12,1.04,0,0
388.861,9678,59.4,138,3.13,1.08,0,0
388.901,9679,59.2,138,3.14,1.03,0,0
388.941,9680,59.3,138,3.12,1.04,0,0
388.985,9681,37.3,144,3.28,6.01,0,0
389.020,9682,59.2,139,3.06,1.18,0,0
389.061,9683,59.2,138,3.14,1.04,0,0
389.101,9684,58.9,139,3.04,1.03,0,0
389.141,9685,59.0,139,3.04,1.08,0,0
389.181,9686,59.2,138,3.12,1.04,0,0
389.223,9687,43.4,143,3.28,6.31,0,0
389.262,9688,59.4,138,3.14,1.08,0,0
389.301,9689,59.0,139,3.05,1.08,0,0
389.341,9690,59.2,138,3.15,1.08,0,0
389.383,9691,59.3,138,3.14,1.04,0,0
389.421,9692,43.2,143,3.28,6.29,0,0
389.461,9693,59.3,138,3.16,1.08,0,0
389.501,9694,59.2,138,3.14,1.04,0,0
389.541,9695,46.7,141,3.26,6.35,0,0
389.581,9696,59.2,138,3.15,1.08,0,0
389.623,9697,40.1,142,3.24,6.12,0,0
389.661,9698,59.3,138,3.14,1.08,0,0
389.701,9699,59.4,138,3.14,1.08,0,0
389.742,9700,59.3,138,3.14,1.04,0,0
389.781,9701,37.3,144,3.27,6.01,0,0
389.820,9702,58.9,139,3.05,1.04,0,0
389.862,9703,59.2,138,3.11,1.04,0,0
389.902,9704,59.3,138,3.11,1.04,0,0
389.941,9705,59.3,138,3.09,1.08,0,0
389.981,9706,59.3,138,3.12,1.08,0,0
390.022,9707,59.2,138,3.11,1.04,0,0
390.061,9708,38.1,142,3.25,6.12,0,0
390.103,9709,59.2,138,3.11,1.04,0,0
390.141,9710,59.3,138,3.11,1.08,0,0
390.181,9711,59.3,138,3.14,1.08,0,0
390.222,9712,59.3,138,3.13,1.04,0,0
390.261,9713,58.9,139,3.06,1.04,0,0
390.301,9714,59.6,138,3.05,1.00,0,0
390.341,9715,59.2,138,3.14,1.04,0,0
390.384,9716,59.3,138,3.14,1.03,0,0
390.421,9717,59.1,138,3.11,1.03,0,0
390.461,9718,59.2,138,3.14,1.04,0,0
390.501,9719,52.1,140,3.25,6.39,0,0
390.541,9720,59.3,138,3.11,1.04,0,0
390.582,9721,59.2,138,3.12,1.08,0,0
390.621,9722,58.9,139,3.06,1.08,0,0
390.662,9723,59.3,138,3.12,1.08,0,0
390.702,9724,59.2,138,3.12,1.04,0,0
390.742,9725,59.6,138,3.14,1.34,0,0
390.781,9726,58.9,139,3.05,1.04,0,0
390.821,9727,59.4,138,3.13,1.08,0,0
390.861,9728,59.2,138,3.11,1.04,0,0
390.905,9729,58.9,139,3.06,1.04,0,0
390.941,9730,59.3,138,3.12,1.04,0,0
390.983,9731,59.2,138,3.14,1.04,0,0
391.025,9732,59.3,138,3.14,1.08,0,0
391.064,9733,59.3,138,3.12,1.08,0,0
391.105,9734,59.0,139,3.04,1.04,0,0
391.140,9735,59.2,138,3.12,1.04,0,0
391.182,9736,62.8,140,3.24,0.99,0,0
391.222,9737,59.0,139,3.05,1.08,0,0
391.262,9738,59.2,138,3.11,1.08,0,0
391.302,9739,58.9,139,3.06,1.08,0,0
391.342,9740,38.1,142,3.25,6.12,0,0
391.387,9741,35.2,144,3.37,5.68,0,0
391.424,9742,59.2,138,3.12,1.04,0,0
391.461,9743,59.3,138,3.12,1.04,0,0
391.505,9744,58.9,139,3.06,1.08,0,0
391.545,9745,58.9,139,3.05,1.04,0,0
391.582,9746,37.3,144,3.28,6.01,0,0
391.622,9747,59.4,138,3.14,1.08,0,0
391.662,9748,59.3,138,3.16,1.08,0,0
391.703,9749,59.3,138,3.11,1.04,0,0
391.747,9750,59.2,138,3.11,1.04,0,0
391.784,9751,59.3,138,3.15,1.04,0,0
391.822,9752,59.2,138,3.15,1.04,0,0
391.861,9753,59.3,138,3.14,1.04,0,0
391.901,9754,58.9,139,3.05,1.04,0,0
391.941,9755,59.3,138,3.14,1.04,0,0
391.984,9756,59.3,138,3.11,1.08,0,0
392.024,9757,59.2,138,3.14,1.04,0,0
392.061,9758,59.2,138,3.14,1.07,0,0
392.100,9759,59.3,138,3.12,1.08,0,0
392.158,9760,59.2,138,3.12,1.08,0,0
392.203,9761,59.2,138,3.14,1.03,0,0
392.249,9762,59.3,138,3.14,1.04,0,0
392.283,9763,58.9,139,3.07,1.08,0,0
392.316,9764,59.2,138,3.12,1.08,0,0
392.351,9765,59.3,138,3.14,1.08,0,0
392.396,9766,37.3,144,3.27,6.01,0,0
392.432,9767,59.3,138,3.12,1.04,0,0
392.471,9768,59.7,138,3.12,1.05,0,0
392.509,9769,59.4,138,3.06,0.94,0,0
392.552,9770,59.3,138,3.14,1.07,0,0
392.600,9771,38.2,142,3.26,6.10,0,0
392.634,9772,59.0,139,3.06,1.08,0,0
392.669,9773,34.4,144,3.38,5.66,0,0
392.702,9774,59.3,138,3.12,1.04,0,0
392.746,9775,59.2,138,3.12,1.04,0,0
392.781,9776,59.3,138,3.14,1.04,0,0
392.821,9777,38.2,142,3.26,6.12,0,0
392.861,9778,34.0,144,3.38,5.67,0,0
392.901,9779,59.3,138,3.14,1.03,0,0
392.941,9780,59.9,138,3.14,1.43,0,0
392.982,9781,59.3,138,3.14,1.08,0,0
393.022,9782,59.2,138,3.14,1.03,0,0
393.062,9783,59.0,139,3.05,1.08,0,0
393.105,9784,59.2,138,3.12,1.03,0,0
393.142,9785,59.2,138,3.11,1.07,0,0
393.185,9786,34.5,144,3.38,5.67,0,0
393.225,9787,59.3,138,3.15,1.08,0,0
393.262,9788,59.4,138,3.14,1.08,0,0
393.302,9789,59.0,139,3.04,1.04,0,0
393.341,9790,59.2,138,3.14,1.07,0,0
393.385,9791,59.4,138,3.14,1.08,0,0
393.424,9792,59.1,138,3.12,1.07,0,0
393.470,9793,59.1,138,3.14,1.03,0,0
393.503,9794,59.3,138,3.12,1.04,0,0
393.542,9795,59.3,138,3.12,1.08,0,0
393.581,9796,59.3,138,3.12,1.04,0,0
393.622,9797,59.3,138,3.12,1.08,0,0
393.663,9798,59.2,138,3.14,1.04,0,0
393.704,9799,59.2,138,3.12,1.07,0,0
393.741,9800,59.2,138,3.11,1.04,0,0
393.782,9801,59.3,138,3.15,1.08,0,0
393.821,9802,59.3,138,3.14,1.04,0,0
393.862,9803,51.9,140,3.26,6.37,0,0
393.902,9804,59.4,138,3.13,1.08,0,0
393.943,9805,59.2,138,3.12,1.07,0,0
393.985,9806,59.3,138,3.12,1.04,0,0
394.023,9807,59.3,138,3.15,1.09,0,0
394.062,9808,59.3,138,3.14,1.10,0,0
394.101,9809,59.3,138,3.15,1.08,0,0
394.142,9810,58.9,139,3.05,1.04,0,0
394.183,9811,59.0,139,3.05,1.08,0,0
394.224,9812,38.2,142,3.24,6.10,0,0
394.265,9813,59.3,138,3.12,1.08,0,0
394.301,9814,59.3,138,3.12,1.08,0,0
394.342,9815,59.3,138,3.16,1.08,0,0
394.381,9816,59.2,138,3.12,1.07,0,0
394.422,9817,59.2,138,3.12,1.04,0,0
394.466,9818,59.2,138,3.11,1.08,0,0
394.501,9819,59.0,137,3.00,1.01,0,0
394.543,9820,59.2,138,3.11,1.03,0,0
394.581,9821,59.2,138,3.11,1.08,0,0
394.622,9822,59.2,138,3.11,1.08,0,0
394.662,9823,62.0,139,3.14,6.28,0,0
394.702,9824,59.3,138,3.14,1.04,0,0
394.743,9825,34.1,144,3.39,5.67,0,0
394.782,9826,59.3,138,3.12,1.04,0,0
394.822,9827,59.3,138,3.15,1.04,0,0
394.862,9828,59.2,138,3.11,1.04,0,0
394.902,9829,59.2,138,3.12,1.07,0,0
394.942,9830,58.4,139,3.10,1.08,0,0
394.982,9831,59.3,138,3.14,1.08,0,0
395.022,9832,59.0,139,3.05,1.08,0,0
395.064,9833,59.3,138,3.12,1.08,0,0
395.106,9834,59.3,138,3.14,1.08,0,0
395.145,9835,59.3,138,3.12,1.08,0,0
395.182,9836,59.3,138,3.12,1.04,0,0
395.222,9837,59.4,138,3.14,1.08,0,0
395.262,9838,59.2,138,3.12,1.03,0,0
395.302,9839,58.9,139,3.06,1.08,0,0
395.343,9840,59.2,138,3.11,1.04,0,0
395.386,9841,34.6,144,3.37,5.67,0,0
395.422,9842,59.3,138,3.14,1.08,0,0
395.462,9843,59.0,139,3.05,1.08,0,0
395.501,9844,59.3,138,3.15,1.04,0,0
395.542,9845,59.3,138,3.12,1.04,0,0
395.587,9846,59.2,138,3.15,1.08,0,0
395.622,9847,59.1,137,3.03,0.98,0,0
395.662,9848,59.3,138,3.12,1.08,0,0
395.701,9849,59.3,138,3.11,1.08,0,0
395.742,9850,58.4,139,3.10,1.08,0,0
395.783,9851,59.3,138,3.14,1.03,0,0
395.822,9852,59.3,138,3.11,1.07,0,0
395.864,9853,59.4,138,3.14,1.08,0,0
395.907,9854,59.2,138,3.12,1.07,0,0
395.946,9855,38.2,142,3.25,6.10,0,0
395.984,9856,34.9,144,3.40,5.67,0,0
396.025,9857,59.4,138,3.14,1.01,0,0
396.064,9858,59.0,139,3.06,1.08,0,0
396.104,9859,59.2,138,3.11,1.08,0,0
396.146,9860,59.2,138,3.16,1.08,0,0
396.182,9861,33.8,145,3.51,5.38,0,0
396.223,9862,59.2,138,3.12,1.08,0,0
396.261,9863,59.3,138,3.12,1.08,0,0
396.302,9864,59.3,138,3.14,1.08,0,0
396.343,9865,59.3,138,3.14,1.04,0,0
396.383,9866,38.2,142,3.27,6.12,0,0
396.422,9867,59.3,138,3.12,1.08,0,0
396.462,9868,51.8,140,3.25,6.37,0,0
396.502,9869,59.3,138,3.12,1.04,0,0
396.542,9870,34.1,144,3.38,5.67,0,0
396.583,9871,59.2,138,3.11,1.04,0,0
396.626,9872,59.3,138,3.12,1.08,0,0
396.664,9873,59.2,138,3.14,1.07,0,0
396.703,9874,72.2,166,4.64,1.44,0,0
396.749,9875,59.3,138,3.14,1.08,0,0
396.788,9876,59.2,138,3.11,1.08,0,0
396.828,9877,38.2,142,3.26,6.12,0,0
396.868,9878,59.3,138,3.12,1.04,0,0
396.907,9879,59.3,138,3.12,1.08,0,0
396.950,9880,59.3,138,3.11,1.04,0,0
396.988,9881,59.2,138,3.12,1.08,0,0
397.029,9882,38.8,142,3.25,6.10,0,0
397.065,9883,59.3,138,3.13,1.03,0,0
397.111,9884,59.2,138,3.12,1.03,0,0
397.147,9885,59.3,138,3.11,1.04,0,0
397.188,9886,59.2,138,3.12,1.04,0,0
397.229,9887,59.2,138,3.11,1.08,0,0
397.270,9888,38.1,142,3.25,6.12,0,0
397.310,9889,59.2,138,3.12,1.04,0,0
397.353,9890,59.3,138,3.11,1.04,0,0
397.395,9891,58.9,139,3.06,1.04,0,0
397.431,9892,59.2,138,3.14,1.08,0,0
397.473,9893,58.8,137,3.03,0.97,0,0
397.509,9894,59.7,138,3.12,1.43,0,0
397.550,9895,34.5,144,3.39,5.67,0,0
397.595,9896,59.2,138,3.12,1.03,0,0
397.632,9897,59.2,138,3.14,1.04,0,0
397.665,9898,59.2,138,3.15,1.08,0,0
397.706,9899,59.6,138,3.12,1.29,0,0
397.750,9900,59.3,138,3.14,1.04,0,0
397.789,9901,59.2,138,3.15,1.08,0,0
397.833,9902,51.9,140,3.23,6.39,0,0
397.872,9903,38.1,142,3.25,6.12,0,0
397.908,9904,59.2,138,3.12,1.03,0,0
397.948,9905,38.6,143,3.38,6.01,0,0
397.988,9906,59.2,138,3.14,1.07,0,0
398.025,9907,59.2,138,3.13,1.08,0,0
398.066,9908,59.3,138,3.14,1.04,0,0
398.111,9909,59.2,138,3.14,1.04,0,0
398.151,9910,59.3,138,3.12,1.10,0,0
398.195,9911,59.1,138,3.15,1.04,0,0
398.233,9912,59.0,139,3.04,1.04,0,0
398.274,9913,59.2,138,3.11,1.07,0,0
398.314,9914,38.2,142,3.25,6.10,0,0
398.351,9915,59.5,138,3.06,0.98,0,0
398.392,9916,58.9,137,3.03,1.00,0,0
398.434,9917,59.3,138,3.13,1.07,0,0
398.478,9918,59.2,138,3.12,1.08,0,0
398.519,9919,59.3,138,3.12,1.08,0,0
398.550,9920,59.3,138,3.11,1.08,0,0
398.589,9921,59.2,138,3.11,1.08,0,0
398.633,9922,59.2,138,3.14,1.04,0,0
398.674,9923,59.3,138,3.11,1.08,0,0
398.715,9924,58.8,137,3.02,0.97,0,0
398.753,9925,59.3,138,3.14,1.08,0,0
398.798,9926,59.3,138,3.11,1.08,0,0
398.839,9927,59.2,138,3.14,1.07,0,0
398.879,9928,59.2,138,3.14,1.04,0,0
398.920,9929,59.3,138,3.12,1.04,0,0
398.963,9930,59.3,138,3.14,1.08,0,0
399.004,9931,59.2,138,3.15,1.08,0,0
399.036,9932,59.3,138,3.12,1.08,0,0
399.073,9933,58.9,139,3.06,1.03,0,0
399.119,9934,59.2,138,3.12,1.07,0,0
399.155,9935,59.2,138,3.11,1.08,0,0
399.193,9936,59.2,138,3.14,1.04,0,0
399.235,9937,59.3,138,3.12,1.04,0,0
399.278,9938,59.2,138,3.11,1.07,0,0
399.317,9939,59.4,138,3.14,1.08,0,0
399.358,9940,59.2,138,3.14,1.07,0,0
399.394,9941,59.2,138,3.14,1.04,0,0
399.432,9942,59.2,138,3.12,1.07,0,0
399.470,9943,59.3,138,3.14,1.08,0,0
399.507,9944,34.5,144,3.40,5.67,0,0
399.543,9945,59.1,138,3.15,1.03,0,0
399.582,9946,59.2,138,3.10,1.07,0,0
399.622,9947,59.6,138,3.12,1.34,0,0
399.663,9948,59.3,138,3.15,1.04,0,0
399.706,9949,59.3,138,3.14,1.08,0,0
399.748,9950,58.9,139,3.06,1.04,0,0
399.784,9951,59.3,138,3.14,1.08,0,0
399.825,9952,59.2,138,3.11,1.08,0,0
399.863,9953,59.3,138,3.12,1.08,0,0
399.903,9954,59.5,138,3.05,0.94,0,0
399.948,9955,59.3,138,3.12,1.08,0,0
399.984,9956,59.4,138,3.12,1.01,0,0
400.024,9957,59.3,138,3.12,1.08,0,0
400.062,9958,59.3,138,3.12,1.08,0,0
400.102,9959,59.2,138,3.14,1.07,0,0
400.144,9960,58.9,137,3.01,0.97,0,0
400.185,9961,46.7,141,3.23,6.37,0,0
400.226,9962,59.2,138,3.14,1.07,0,0
400.262,9963,59.3,138,3.15,1.08,0,0
400.305,9964,59.2,138,3.12,1.07,0,0
400.342,9965,59.4,138,3.14,1.08,0,0
400.383,9966,62.5,139,3.12,1.10,0,0
400.424,9967,59.2,138,3.14,1.08,0,0
400.463,9968,59.3,138,3.14,1.07,0,0
