source_frame,source_time_s,estado,origen_componente,ang_actual,ang_estados,x_near,x_mid,e_lat,e_head,target_x,target_y,ang_lookahead,motivo_target
0,0.000,HIGH,toca_abajo,63.6,0.954,57.3,36.7,-22.2,-54.9,36.7,100.2,-65.2,punto adelante de la componente
1,0.030,HIGH,toca_abajo,-4.2,-0.062,105.8,83.6,26.3,-57.0,83.6,100.1,11.8,punto adelante de la componente
2,0.060,HIGH,toca_abajo,-17.6,-0.264,110.2,89.0,30.7,-55.8,89.0,100.2,25.7,punto adelante de la componente
3,0.090,HIGH,toca_abajo,-22.9,-0.343,112.5,91.3,33.0,-55.9,91.3,100.1,30.8,punto adelante de la componente
4,0.120,HIGH,toca_abajo,-19.4,-0.290,111.3,89.7,31.8,-56.4,89.7,100.2,27.1,punto adelante de la componente
5,0.150,HIGH,toca_abajo,-10.0,-0.150,106.9,85.2,27.4,-56.4,85.2,100.2,16.0,punto adelante de la componente
6,0.180,HIGH,toca_abajo,14.3,0.214,96.1,75.5,16.6,-54.9,75.5,100.2,-11.4,punto adelante de la componente
7,0.210,HIGH,toca_abajo,44.4,0.666,76.4,59.5,-3.1,-49.3,59.5,100.1,-45.2,punto adelante de la componente
8,0.240,HIGH,toca_abajo,55.1,0.826,62.7,48.9,-16.8,-43.5,48.9,100.1,-57.0,punto adelante de la componente
9,0.270,HIGH,toca_abajo,55.1,0.826,62.7,48.9,-16.8,-43.5,48.9,100.1,-57.0,punto adelante de la componente
10,0.300,HIGH,toca_abajo,60.4,0.906,51.4,39.8,-28.1,-38.6,39.8,100.1,-63.4,punto adelante de la componente
11,0.330,HIGH,toca_abajo,63.6,0.954,41.7,32.1,-37.8,-33.4,32.1,100.1,-67.2,punto adelante de la componente
12,0.360,HIGH,toca_abajo,63.8,0.957,37.9,30.0,-41.6,-28.6,30.0,100.1,-68.1,punto adelante de la componente
13,0.390,HIGH,toca_abajo,63.8,0.957,37.9,30.0,-41.6,-28.6,30.0,100.1,-68.1,punto adelante de la componente
14,0.420,HIGH,toca_abajo,62.6,0.939,36.3,29.6,-43.2,-24.9,29.6,100.1,-68.3,punto adelante de la componente
15,0.450,HIGH,toca_abajo,59.8,0.897,38.4,33.6,-41.1,-18.6,33.6,100.1,-66.6,punto adelante de la componente
16,0.480,HIGH,toca_abajo,56.1,0.842,41.8,39.4,-37.7,-9.5,39.4,100.1,-63.6,punto adelante de la componente
17,0.511,HIGH,toca_abajo,56.1,0.842,41.8,39.4,-37.7,-9.5,39.4,100.1,-63.6,punto adelante de la componente
18,0.541,HIGH,toca_abajo,50.9,0.764,44.9,47.1,-34.6,8.4,47.1,100.1,-58.5,punto adelante de la componente
19,0.571,HIGH,toca_abajo,43.5,0.653,48.4,55.1,-31.1,24.9,55.1,100.1,-50.8,punto adelante de la componente
20,0.601,HIGH,toca_abajo,32.6,0.488,53.9,63.0,-25.6,32.1,63.0,100.1,-39.6,punto adelante de la componente
21,0.631,HIGH,toca_abajo,15.4,0.231,62.6,71.3,-16.9,31.0,71.3,100.1,-22.4,punto adelante de la componente
22,0.661,HIGH,toca_abajo,15.4,0.231,62.6,71.3,-16.9,31.0,71.3,100.1,-22.4,punto adelante de la componente
23,0.691,HIGH,toca_abajo,-6.7,-0.101,72.3,80.1,-7.2,28.4,80.1,100.1,1.7,punto adelante de la componente
24,0.721,HIGH,toca_abajo,-26.2,-0.393,81.4,88.4,1.9,25.8,88.4,100.1,24.1,punto adelante de la componente
25,0.751,HIGH,toca_abajo,-40.5,-0.607,90.8,96.4,11.3,21.0,96.4,100.1,40.3,punto adelante de la componente
26,0.781,HIGH,toca_abajo,-40.5,-0.607,90.8,96.4,11.3,21.0,96.4,100.1,40.3,punto adelante de la componente
27,0.811,HIGH,toca_abajo,-47.6,-0.714,97.3,101.6,17.8,16.3,101.6,100.1,48.0,punto adelante de la componente
28,0.841,HIGH,toca_abajo,-52.0,-0.780,102.1,105.4,22.6,13.1,105.4,100.1,52.5,punto adelante de la componente
29,0.871,HIGH,toca_abajo,-52.0,-0.780,102.1,105.4,22.6,13.1,105.4,100.1,52.5,punto adelante de la componente
30,0.901,HIGH,toca_abajo,-53.5,-0.803,104.2,106.6,24.7,9.2,106.6,100.1,53.7,punto adelante de la componente
31,0.931,HIGH,toca_abajo,-53.4,-0.801,104.6,106.3,25.1,6.6,106.3,100.1,53.4,punto adelante de la componente
32,0.961,HIGH,toca_abajo,-50.7,-0.761,101.3,103.4,21.8,8.3,103.4,100.1,50.2,punto adelante de la componente
33,0.991,HIGH,toca_abajo,-50.7,-0.761,101.3,103.4,21.8,8.3,103.4,100.1,50.2,punto adelante de la componente
34,1.021,HIGH,toca_abajo,-48.0,-0.720,98.8,100.9,19.3,8.4,100.9,100.1,47.2,punto adelante de la componente
35,1.051,HIGH,toca_abajo,-44.0,-0.660,94.9,98.0,15.4,12.0,98.0,100.1,42.9,punto adelante de la componente
36,1.081,HIGH,toca_abajo,-39.8,-0.597,91.8,95.3,12.3,13.5,95.3,100.1,38.4,punto adelante de la componente
37,1.111,HIGH,toca_abajo,-39.8,-0.597,91.8,95.3,12.3,13.5,95.3,100.1,38.4,punto adelante de la componente
38,1.141,HIGH,toca_abajo,-34.1,-0.511,88.1,93.2,8.6,19.4,93.2,100.2,34.7,punto adelante de la componente
39,1.171,HIGH,toca_abajo,-26.8,-0.402,83.8,90.6,4.3,25.3,90.6,100.2,29.2,punto adelante de la componente
40,1.201,HIGH,toca_abajo,-26.8,-0.402,83.8,90.6,4.3,25.3,90.6,100.2,29.2,punto adelante de la componente
41,1.231,HIGH,toca_abajo,-23.9,-0.359,82.3,89.5,2.8,26.6,89.5,100.1,26.8,punto adelante de la componente
42,1.261,HIGH,toca_abajo,-24.1,-0.361,85.5,88.5,6.0,11.7,88.5,100.1,24.3,punto adelante de la componente
43,1.291,HIGH,toca_abajo,-23.2,-0.348,85.6,87.9,6.1,9.1,87.9,100.1,22.9,punto adelante de la componente
44,1.321,HIGH,toca_abajo,-23.2,-0.348,85.6,87.9,6.1,9.1,87.9,100.1,22.9,punto adelante de la componente
45,1.351,HIGH,toca_abajo,-24.9,-0.374,86.9,88.8,7.4,7.5,88.8,100.1,25.1,punto adelante de la componente
46,1.381,HIGH,toca_abajo,-23.8,-0.358,86.9,88.4,7.4,5.8,88.4,100.1,24.0,punto adelante de la componente
47,1.411,HIGH,toca_abajo,-20.6,-0.309,85.3,86.9,5.8,6.2,86.9,100.1,20.4,punto adelante de la componente
48,1.441,HIGH,toca_abajo,-20.6,-0.309,85.3,86.9,5.8,6.2,86.9,100.1,20.4,punto adelante de la componente
49,1.471,HIGH,toca_abajo,-15.6,-0.234,83.4,84.8,3.9,5.4,84.8,100.1,14.8,punto adelante de la componente
50,1.502,HIGH,toca_abajo,-12.1,-0.182,81.5,83.3,2.0,6.9,83.3,100.1,10.8,punto adelante de la componente
51,1.532,HIGH,toca_abajo,-13.1,-0.197,82.4,83.9,2.9,6.0,83.9,100.1,12.5,punto adelante de la componente
52,1.562,HIGH,toca_abajo,-13.1,-0.197,82.4,83.9,2.9,6.0,83.9,100.1,12.5,punto adelante de la componente
53,1.592,HIGH,toca_abajo,-10.4,-0.155,81.2,82.6,1.7,5.5,82.6,100.1,8.9,punto adelante de la componente
54,1.622,HIGH,toca_abajo,-10.4,-0.155,81.2,82.6,1.7,5.5,82.6,100.1,8.9,punto adelante de la componente
55,1.652,HIGH,toca_abajo,-13.3,-0.200,82.6,84.0,3.1,5.3,84.0,100.1,12.7,punto adelante de la componente
56,1.682,HIGH,toca_abajo,-11.8,-0.177,82.1,83.4,2.6,4.8,83.4,100.1,11.0,punto adelante de la componente
57,1.712,HIGH,toca_abajo,-14.0,-0.210,83.2,84.3,3.7,4.2,84.3,100.1,13.6,punto adelante de la componente
58,1.742,HIGH,toca_abajo,-8.9,-0.134,81.6,82.4,2.1,2.8,82.4,100.1,8.2,punto adelante de la componente
59,1.772,HIGH,toca_abajo,-8.9,-0.134,81.6,82.4,2.1,2.8,82.4,100.1,8.2,punto adelante de la componente
60,1.802,HIGH,toca_abajo,-6.2,-0.092,80.0,81.2,0.5,4.5,81.2,100.1,4.8,punto adelante de la componente
61,1.832,HIGH,toca_abajo,-8.9,-0.133,81.5,82.3,2.0,3.0,82.3,100.1,7.9,punto adelante de la componente
62,1.862,HIGH,toca_abajo,-8.9,-0.133,81.5,82.3,2.0,3.0,82.3,100.1,7.9,punto adelante de la componente
63,1.892,HIGH,toca_abajo,-8.7,-0.131,81.2,82.3,1.7,4.0,82.3,100.1,7.9,punto adelante de la componente
64,1.922,HIGH,toca_abajo,-12.1,-0.182,83.2,83.8,3.7,2.5,83.8,100.1,12.2,punto adelante de la componente
65,1.952,HIGH,toca_abajo,-12.1,-0.182,83.2,83.8,3.7,2.5,83.8,100.1,12.2,punto adelante de la componente
66,1.982,HIGH,toca_abajo,-4.8,-0.072,80.4,80.5,0.9,0.6,80.5,100.1,3.0,punto adelante de la componente
67,2.012,HIGH,toca_abajo,-5.2,-0.077,78.5,79.4,-1.0,3.4,79.4,100.1,-0.3,punto adelante de la componente
68,2.042,HIGH,toca_abajo,-6.4,-0.096,78.6,79.1,-0.9,1.9,79.1,100.1,-1.2,punto adelante de la componente
69,2.072,HIGH,toca_abajo,-6.4,-0.096,78.6,79.1,-0.9,1.9,79.1,100.1,-1.2,punto adelante de la componente
70,2.102,HIGH,toca_abajo,-11.0,-0.166,79.1,80.0,-0.4,3.4,80.0,100.1,1.4,punto adelante de la componente
71,2.132,HIGH,toca_abajo,-15.6,-0.234,80.2,80.6,0.7,1.5,80.6,100.1,3.3,punto adelante de la componente
72,2.162,HIGH,toca_abajo,-15.6,-0.234,80.2,80.6,0.7,1.5,80.6,100.1,3.3,punto adelante de la componente
73,2.192,HIGH,toca_abajo,-19.7,-0.296,80.6,81.0,1.1,1.4,81.0,100.1,4.2,punto adelante de la componente
74,2.222,HIGH,toca_abajo,-23.1,-0.347,79.4,79.5,-0.1,0.6,79.5,100.1,0.0,punto adelante de la componente
75,2.252,HIGH,toca_abajo,-23.1,-0.347,79.4,79.5,-0.1,0.6,79.5,100.1,0.0,punto adelante de la componente
76,2.282,HIGH,toca_abajo,-18.1,-0.271,77.3,82.9,-2.2,20.7,82.9,99.8,9.5,punto adelante de la componente
77,2.312,HIGH,toca_abajo,-18.9,-0.284,76.6,93.9,-2.9,49.1,93.9,99.6,35.2,punto adelante de la componente
78,2.342,HIGH,toca_abajo,-16.1,-0.241,76.2,97.7,-3.3,55.4,97.7,99.8,42.0,punto adelante de la componente
79,2.372,HIGH,toca_abajo,-16.1,-0.241,76.2,97.7,-3.3,55.4,97.7,99.8,42.0,punto adelante de la componente
80,2.402,HIGH,toca_abajo,-11.7,-0.176,75.5,92.9,-4.0,49.5,92.9,99.7,33.5,punto adelante de la componente
81,2.432,HIGH,toca_abajo,-11.7,-0.176,77.6,94.2,-1.9,48.1,94.2,99.7,35.9,punto adelante de la componente
82,2.462,HIGH,toca_abajo,-11.7,-0.176,77.6,94.2,-1.9,48.1,94.2,99.7,35.9,punto adelante de la componente
83,2.492,HIGH,toca_abajo,-5.7,-0.086,73.8,93.5,-5.7,52.5,93.5,99.5,34.3,punto adelante de la componente
84,2.523,HIGH,toca_abajo,-0.2,-0.003,75.0,87.7,-4.5,39.6,87.7,99.2,21.6,punto adelante de la componente
85,2.553,HIGH,toca_abajo,-1.0,-0.014,82.4,80.2,2.9,-8.9,80.2,99.9,2.1,punto adelante de la componente
86,2.583,HIGH,toca_abajo,-1.0,-0.014,82.4,80.2,2.9,-8.9,80.2,99.9,2.1,punto adelante de la componente
87,2.613,HIGH,toca_abajo,2.6,0.039,81.4,79.3,1.9,-8.1,79.3,100.0,-0.5,punto adelante de la componente
88,2.643,HIGH,toca_abajo,5.2,0.079,54.4,54.6,-25.1,1.2,54.6,100.5,-51.9,punto adelante de la componente
89,2.673,HIGH,toca_abajo,10.1,0.152,53.4,71.6,-26.1,51.8,71.6,100.3,-21.8,punto adelante de la componente
90,2.703,HIGH,toca_abajo,10.1,0.152,53.4,71.6,-26.1,51.8,71.6,100.3,-21.8,punto adelante de la componente
91,2.733,HIGH,toca_abajo,10.0,0.150,74.6,75.2,-4.9,2.3,75.2,100.1,-12.3,punto adelante de la componente
92,2.763,HIGH,toca_abajo,9.6,0.145,74.6,75.2,-4.9,2.3,75.2,100.1,-12.3,punto adelante de la componente
93,2.793,HIGH,toca_abajo,9.6,0.145,74.6,75.2,-4.9,2.3,75.2,100.1,-12.3,punto adelante de la componente
94,2.823,HIGH,toca_abajo,6.2,0.092,75.8,76.5,-3.7,2.8,76.5,100.1,-8.5,punto adelante de la componente
95,2.853,HIGH,toca_abajo,-4.4,-0.065,80.7,80.9,1.2,0.7,80.9,100.1,4.1,punto adelante de la componente
96,2.883,HIGH,toca_abajo,-1.1,-0.016,79.0,79.4,-0.5,1.6,79.4,100.1,-0.3,punto adelante de la componente
97,2.913,HIGH,toca_abajo,-1.1,-0.016,79.0,79.4,-0.5,1.6,79.4,100.1,-0.3,punto adelante de la componente
98,2.943,HIGH,toca_abajo,-7.5,-0.113,82.2,82.1,2.7,-0.6,82.1,100.1,7.4,punto adelante de la componente
99,2.973,HIGH,toca_abajo,-6.7,-0.101,81.9,81.7,2.4,-0.5,81.7,100.1,6.4,punto adelante de la componente
100,3.003,HIGH,toca_abajo,-9.9,-0.148,83.0,82.8,3.5,-0.9,82.8,100.1,9.5,punto adelante de la componente
101,3.033,HIGH,toca_abajo,-9.9,-0.148,83.0,82.8,3.5,-0.9,82.8,100.1,9.5,punto adelante de la componente
102,3.063,HIGH,toca_abajo,-20.8,-0.313,88.4,88.0,8.9,-1.6,88.0,100.1,23.0,punto adelante de la componente
103,3.093,HIGH,toca_abajo,-14.2,-0.213,85.7,84.7,6.2,-3.8,84.7,100.1,14.7,punto adelante de la componente
104,3.123,HIGH,toca_abajo,-14.2,-0.213,85.7,84.7,6.2,-3.8,84.7,100.1,14.7,punto adelante de la componente
105,3.153,HIGH,toca_abajo,-17.2,-0.257,87.0,86.2,7.5,-3.0,86.2,100.1,18.6,punto adelante de la componente
106,3.183,HIGH,toca_abajo,-15.6,-0.234,86.4,85.4,6.9,-3.9,85.4,100.1,16.6,punto adelante de la componente
107,3.213,HIGH,toca_abajo,-20.1,-0.301,88.1,87.5,8.6,-2.4,87.5,100.1,21.8,punto adelante de la componente
108,3.243,HIGH,toca_abajo,-20.1,-0.301,88.1,87.5,8.6,-2.4,87.5,100.1,21.8,punto adelante de la componente
109,3.273,HIGH,toca_abajo,-21.3,-0.320,89.8,88.1,10.3,-6.9,88.1,100.1,23.3,punto adelante de la componente
110,3.303,HIGH,toca_abajo,-12.2,-0.183,85.3,84.1,5.8,-5.0,84.1,100.1,12.9,punto adelante de la componente
111,3.333,HIGH,toca_abajo,-12.2,-0.183,85.3,84.1,5.8,-5.0,84.1,100.1,12.9,punto adelante de la componente
112,3.363,HIGH,toca_abajo,-12.4,-0.186,85.5,84.2,6.0,-4.8,84.2,100.1,13.4,punto adelante de la componente
113,3.393,HIGH,toca_abajo,-9.2,-0.138,84.1,83.0,4.6,-4.5,83.0,100.1,9.9,punto adelante de la componente
114,3.423,HIGH,toca_abajo,-10.2,-0.153,84.3,83.2,4.8,-4.2,83.2,100.1,10.6,punto adelante de la componente
115,3.453,HIGH,toca_abajo,-10.2,-0.153,84.3,83.2,4.8,-4.2,83.2,100.1,10.6,punto adelante de la componente
116,3.483,HIGH,toca_abajo,-11.3,-0.170,85.4,83.8,5.9,-6.2,83.8,100.1,12.1,punto adelante de la componente
117,3.514,HIGH,toca_abajo,-6.9,-0.103,83.2,82.1,3.7,-4.4,82.1,100.1,7.5,punto adelante de la componente
118,3.544,HIGH,toca_abajo,-0.7,-0.010,81.0,79.6,1.5,-5.6,79.6,100.1,0.3,punto adelante de la componente
119,3.574,HIGH,toca_abajo,-0.7,-0.010,81.0,79.6,1.5,-5.6,79.6,100.1,0.3,punto adelante de la componente
120,3.604,HIGH,toca_abajo,4.3,0.064,78.6,77.6,-0.9,-4.0,77.6,100.1,-5.5,punto adelante de la componente
121,3.634,HIGH,toca_abajo,3.9,0.059,78.1,77.5,-1.4,-2.4,77.5,100.1,-5.7,punto adelante de la componente
122,3.664,HIGH,toca_abajo,3.9,0.059,78.1,77.5,-1.4,-2.4,77.5,100.1,-5.7,punto adelante de la componente
123,3.694,HIGH,toca_abajo,1.8,0.027,79.6,78.4,0.1,-4.7,78.4,100.1,-3.1,punto adelante de la componente
124,3.724,HIGH,toca_abajo,2.2,0.032,79.2,78.3,-0.3,-3.5,78.3,100.1,-3.5,punto adelante de la componente
125,3.754,HIGH,toca_abajo,8.6,0.128,76.5,75.4,-3.0,-4.3,75.4,100.1,-11.7,punto adelante de la componente
126,3.784,HIGH,toca_abajo,8.6,0.128,76.5,75.4,-3.0,-4.3,75.4,100.1,-11.7,punto adelante de la componente
127,3.814,MEDIUM,toca_abajo,20.7,0.310,72.5,71.8,-7.0,-2.9,71.8,100.1,-21.2,punto adelante de la componente
128,3.844,MEDIUM,toca_abajo,5.2,0.077,69.0,68.6,-10.5,-1.7,68.6,103.1,-32.8,punto adelante de la componente
129,3.874,MEDIUM,toca_abajo,5.2,0.077,69.0,68.6,-10.5,-1.7,68.6,103.1,-32.8,punto adelante de la componente
130,3.904,SIN_CERCA,salto_grande,-55.1,-0.600,,158.0,,,158.0,78.4,62.1,componente visible arriba
131,3.934,SIN_CERCA,continuidad,-39.8,-0.600,,157.8,,,157.8,77.2,61.4,componente visible arriba
132,3.964,SIN_CERCA,continuidad,-39.8,-0.600,,157.8,,,157.8,77.2,61.4,componente visible arriba
133,3.994,SIN_CERCA,continuidad,-15.0,-0.600,,155.8,,,155.8,78.7,61.6,componente visible arriba
134,4.024,SIN_CERCA,continuidad,-11.9,-0.600,,157.4,,,157.4,75.4,60.2,componente visible arriba
135,4.054,SIN_CERCA,continuidad,-9.8,-0.600,,,,,157.4,75.4,60.2,memoria
136,4.084,SIN_CERCA,continuidad,-9.8,-0.600,,,,,157.4,75.4,60.2,memoria
137,4.114,LOW,toca_abajo,10.7,0.161,60.1,,-19.4,,157.4,75.4,60.2,ultimo objetivo confiable (memoria)
138,4.144,MEDIUM,toca_abajo,64.5,0.968,54.7,52.0,-24.8,-10.9,52.0,100.6,-54.8,punto adelante de la componente
139,4.174,MEDIUM,toca_abajo,64.5,0.968,54.7,52.0,-24.8,-10.9,52.0,100.6,-54.8,punto adelante de la componente
140,4.204,HIGH,toca_abajo,67.4,1.000,47.7,44.6,-31.8,-12.1,44.6,100.2,-60.4,punto adelante de la componente
141,4.234,HIGH,toca_abajo,68.1,1.000,36.9,33.8,-42.6,-12.0,33.8,100.2,-66.5,punto adelante de la componente
142,4.264,HIGH,toca_abajo,68.1,1.000,36.9,33.8,-42.6,-12.0,33.8,100.2,-66.5,punto adelante de la componente
143,4.294,HIGH,toca_abajo,68.1,1.000,23.8,20.7,-55.7,-12.0,20.7,100.2,-71.4,punto adelante de la componente
144,4.324,HIGH,toca_abajo,75.8,1.000,12.4,7.1,-67.1,-20.2,7.1,100.3,-74.8,punto adelante de la componente
145,4.354,HIGH,toca_abajo,74.9,1.000,2.9,7.9,-76.6,17.1,7.9,98.6,-73.4,punto adelante de la componente
146,4.384,PERDIDA,sin_componente,49.3,0.000,,,,,,,0.0,sin objetivo
147,4.414,PERDIDA,sin_componente,49.3,0.000,,,,,,,0.0,sin objetivo
148,4.444,SIN_CERCA,salto_grande,-47.5,-0.600,,,,,7.9,98.6,-73.4,memoria
149,4.474,SIN_CERCA,salto_grande,-47.9,-0.600,,,,,7.9,98.6,-73.4,memoria
150,4.505,SIN_CERCA,salto_grande,-45.3,-0.600,,,,,7.9,98.6,-73.4,memoria
151,4.535,SIN_CERCA,salto_grande,-45.3,-0.600,,,,,7.9,98.6,-73.4,memoria
152,4.565,HIGH,toca_abajo,-71.2,-1.000,118.2,140.1,38.7,55.3,140.1,99.4,71.3,punto adelante de la componente
153,4.595,HIGH,toca_abajo,-40.1,-0.601,63.9,104.8,-15.6,70.5,104.8,100.0,51.7,punto adelante de la componente
154,4.625,HIGH,toca_abajo,31.6,0.474,23.0,69.7,-56.5,73.0,69.7,100.0,-26.1,punto adelante de la componente
155,4.655,HIGH,toca_abajo,38.5,0.578,18.1,51.5,-61.4,66.6,51.5,99.7,-54.2,punto adelante de la componente
156,4.685,HIGH,toca_abajo,38.5,0.578,18.1,51.5,-61.4,66.6,51.5,99.7,-54.2,punto adelante de la componente
157,4.715,HIGH,toca_abajo,37.9,0.568,22.5,43.5,-57.0,56.1,43.5,100.1,-61.1,punto adelante de la componente
158,4.745,HIGH,toca_abajo,11.4,0.171,44.0,66.3,-35.5,57.1,66.3,100.2,-33.6,punto adelante de la componente
159,4.775,HIGH,toca_abajo,11.4,0.171,44.0,66.3,-35.5,57.1,66.3,100.2,-33.6,punto adelante de la componente
160,4.805,HIGH,toca_abajo,-36.0,-0.540,74.8,90.6,-4.7,47.5,90.6,100.1,29.2,punto adelante de la componente
161,4.835,HIGH,toca_abajo,-56.0,-0.841,99.9,110.8,20.4,37.1,110.8,100.2,57.6,punto adelante de la componente
162,4.865,HIGH,toca_abajo,-65.4,-0.980,119.9,126.7,40.4,25.3,126.7,100.1,67.2,punto adelante de la componente
163,4.895,HIGH,toca_abajo,-65.4,-0.980,119.9,126.7,40.4,25.3,126.7,100.1,67.2,punto adelante de la componente
164,4.925,HIGH,toca_abajo,-69.9,-1.000,137.3,140.7,57.8,13.2,140.7,100.1,72.0,punto adelante de la componente
165,4.955,HIGH,toca_abajo,-70.0,-1.000,139.0,141.2,59.5,8.4,141.2,100.1,72.1,punto adelante de la componente
166,4.985,HIGH,toca_abajo,-70.0,-1.000,139.0,141.2,59.5,8.4,141.2,100.1,72.1,punto adelante de la componente
167,5.015,HIGH,toca_abajo,-69.7,-1.000,137.0,139.0,57.5,8.1,139.0,100.1,71.5,punto adelante de la componente
168,5.045,HIGH,toca_abajo,-69.1,-1.000,136.0,138.2,56.5,8.6,138.2,100.1,71.2,punto adelante de la componente
169,5.075,HIGH,toca_abajo,-67.1,-1.000,131.6,131.7,52.1,0.1,131.7,100.1,69.1,punto adelante de la componente
170,5.105,HIGH,toca_abajo,-67.1,-1.000,131.6,131.7,52.1,0.1,131.7,100.1,69.1,punto adelante de la componente
171,5.135,HIGH,toca_abajo,-65.0,-0.974,125.5,126.0,46.0,2.0,126.0,100.1,66.9,punto adelante de la componente
172,5.165,HIGH,toca_abajo,-61.8,-0.927,120.0,120.0,40.5,-0.4,120.0,100.1,63.8,punto adelante de la componente
173,5.195,HIGH,toca_abajo,-61.8,-0.927,120.0,120.0,40.5,-0.4,120.0,100.1,63.8,punto adelante de la componente
174,5.225,HIGH,toca_abajo,-54.3,-0.814,108.8,109.6,29.3,3.1,109.6,100.1,56.5,punto adelante de la componente
175,5.255,HIGH,toca_abajo,-39.5,-0.593,94.4,96.4,14.9,7.9,96.4,100.1,40.4,punto adelante de la componente
176,5.285,HIGH,toca_abajo,-20.0,-0.300,82.6,85.7,3.1,12.4,85.7,100.1,17.4,punto adelante de la componente
177,5.315,HIGH,toca_abajo,-20.0,-0.300,82.6,85.7,3.1,12.4,85.7,100.1,17.4,punto adelante de la componente
178,5.345,HIGH,toca_abajo,-2.9,-0.043,75.0,79.0,-4.5,15.3,79.0,100.1,-1.5,punto adelante de la componente
179,5.375,HIGH,toca_abajo,10.3,0.154,69.3,74.0,-10.2,17.8,74.0,100.1,-15.6,punto adelante de la componente
180,5.405,HIGH,toca_abajo,9.2,0.138,69.8,74.3,-9.7,17.1,74.3,100.1,-14.7,punto adelante de la componente
181,5.435,HIGH,toca_abajo,9.2,0.138,69.8,74.3,-9.7,17.1,74.3,100.1,-14.7,punto adelante de la componente
182,5.465,HIGH,toca_abajo,16.8,0.251,67.5,71.1,-12.0,13.9,71.1,100.1,-22.9,punto adelante de la componente
183,5.495,HIGH,toca_abajo,16.2,0.243,66.8,71.2,-12.7,16.9,71.2,100.1,-22.6,punto adelante de la componente
184,5.526,HIGH,toca_abajo,16.2,0.243,66.8,71.2,-12.7,16.9,71.2,100.1,-22.6,punto adelante de la componente
185,5.556,HIGH,toca_abajo,11.0,0.165,68.9,73.1,-10.6,16.3,73.1,100.2,-17.8,punto adelante de la componente
186,5.586,HIGH,toca_abajo,3.9,0.059,71.5,75.4,-8.0,15.0,75.4,100.1,-11.8,punto adelante de la componente
187,5.616,HIGH,toca_abajo,-7.3,-0.110,75.0,79.2,-4.5,16.1,79.2,100.1,-1.0,punto adelante de la componente
188,5.646,HIGH,toca_abajo,-7.3,-0.110,75.0,79.2,-4.5,16.1,79.2,100.1,-1.0,punto adelante de la componente
189,5.676,HIGH,toca_abajo,-15.4,-0.231,78.8,82.4,-0.7,13.8,82.4,100.1,8.2,punto adelante de la componente
190,5.706,HIGH,toca_abajo,-20.8,-0.312,81.5,84.6,2.0,12.1,84.6,100.1,14.3,punto adelante de la componente
191,5.736,HIGH,toca_abajo,-25.6,-0.383,83.7,86.5,4.2,10.9,86.5,100.1,19.3,punto adelante de la componente
192,5.766,HIGH,toca_abajo,-25.6,-0.383,83.7,86.5,4.2,10.9,86.5,100.1,19.3,punto adelante de la componente
193,5.796,HIGH,toca_abajo,-29.4,-0.441,85.9,88.5,6.4,10.2,88.5,100.1,24.4,punto adelante de la componente
194,5.826,HIGH,toca_abajo,-35.8,-0.536,90.8,92.6,11.3,7.1,92.6,100.1,33.4,punto adelante de la componente
195,5.856,HIGH,toca_abajo,-35.8,-0.536,90.8,92.6,11.3,7.1,92.6,100.1,33.4,punto adelante de la componente
196,5.886,HIGH,toca_abajo,-36.0,-0.540,90.5,91.5,11.0,4.1,91.5,100.1,31.2,punto adelante de la componente
197,5.916,HIGH,toca_abajo,-37.6,-0.563,90.2,91.2,10.7,4.1,91.2,100.1,30.5,punto adelante de la componente
198,5.946,HIGH,toca_abajo,-37.3,-0.559,88.3,89.0,8.8,2.6,89.0,100.1,25.5,punto adelante de la componente
199,5.976,HIGH,toca_abajo,-37.3,-0.559,88.3,89.0,8.8,2.6,89.0,100.1,25.5,punto adelante de la componente
200,6.006,HIGH,toca_abajo,-34.4,-0.517,83.4,84.3,3.9,3.4,84.3,100.1,13.6,punto adelante de la componente
201,6.036,HIGH,toca_abajo,-40.9,-0.614,82.8,93.1,3.3,34.1,93.1,99.4,33.4,punto adelante de la componente
202,6.066,HIGH,toca_abajo,-40.9,-0.614,82.8,93.1,3.3,34.1,93.1,99.4,33.4,punto adelante de la componente
203,6.096,HIGH,toca_abajo,-47.2,-0.708,82.8,104.5,3.3,55.4,104.5,99.6,50.8,punto adelante de la componente
204,6.126,HIGH,toca_abajo,-56.4,-0.846,88.0,107.5,8.5,54.0,107.5,100.0,54.5,punto adelante de la componente
205,6.156,MEDIUM,toca_abajo,-66.7,-1.000,105.3,107.7,25.8,9.5,107.7,100.0,54.7,punto adelante de la componente
206,6.186,MEDIUM,toca_abajo,-66.7,-1.000,105.3,107.7,25.8,9.5,107.7,100.0,54.7,punto adelante de la componente
207,6.216,MEDIUM,toca_abajo,-70.4,-1.000,104.7,104.4,25.2,-1.1,104.4,100.4,51.8,punto adelante de la componente
208,6.246,MEDIUM,toca_abajo,-76.5,-1.000,104.1,83.1,24.6,-62.6,83.1,103.6,12.4,punto adelante de la componente
209,6.276,LOW,toca_abajo,-80.0,-1.000,100.2,,20.7,,83.1,103.6,12.4,ultimo objetivo confiable (memoria)
210,6.306,LOW,toca_abajo,-80.0,-1.000,100.2,,20.7,,83.1,103.6,12.4,ultimo objetivo confiable (memoria)
211,6.336,LOW,toca_abajo,-81.1,-1.000,89.8,,10.3,,83.1,103.6,12.4,ultimo objetivo confiable (memoria)
212,6.366,LOW,toca_abajo,87.0,-1.000,47.4,,-32.1,,83.1,103.6,12.4,ultimo objetivo confiable (memoria)
213,6.396,PERDIDA,sin_componente,0.0,0.000,,,,,,,0.0,sin objetivo
214,6.426,PERDIDA,sin_componente,0.0,0.000,,,,,,,0.0,sin objetivo
215,6.456,PERDIDA,sin_componente,0.0,0.000,,,,,,,0.0,sin objetivo
216,6.486,PERDIDA,sin_componente,45.0,0.000,,,,,,,0.0,sin objetivo
217,6.517,PERDIDA,sin_componente,45.0,0.000,,,,,,,0.0,sin objetivo
218,6.547,PERDIDA,sin_componente,44.7,0.000,,,,,,,0.0,sin objetivo
219,6.577,SIN_CERCA,continuidad,44.1,0.600,,,,,83.1,103.6,12.4,memoria
220,6.607,SIN_CERCA,continuidad,44.1,0.600,,,,,83.1,103.6,12.4,memoria
221,6.637,SIN_CERCA,continuidad,42.9,0.600,,,,,83.1,103.6,12.4,memoria
222,6.667,PERDIDA,sin_componente,43.5,0.000,,,,,,,0.0,sin objetivo
223,6.697,PERDIDA,sin_componente,45.4,0.000,,,,,,,0.0,sin objetivo
224,6.727,PERDIDA,sin_componente,45.4,0.000,,,,,,,0.0,sin objetivo
225,6.757,SIN_CERCA,continuidad,44.9,0.600,,,,,83.1,103.6,12.4,memoria
226,6.787,SIN_CERCA,continuidad,44.9,0.600,,,,,83.1,103.6,12.4,memoria
227,6.817,SIN_CERCA,continuidad,46.2,0.600,,,,,83.1,103.6,12.4,memoria
228,6.847,SIN_CERCA,continuidad,45.5,0.600,,,,,83.1,103.6,12.4,memoria
229,6.877,SIN_CERCA,continuidad,45.5,0.600,,,,,83.1,103.6,12.4,memoria
230,6.907,SIN_CERCA,continuidad,44.3,0.600,,,,,83.1,103.6,12.4,memoria
231,6.937,SIN_CERCA,continuidad,44.2,0.600,,,,,83.1,103.6,12.4,memoria
232,6.967,SIN_CERCA,continuidad,44.2,0.600,,,,,83.1,103.6,12.4,memoria
233,6.997,SIN_CERCA,continuidad,44.0,0.600,,,,,83.1,103.6,12.4,memoria
234,7.027,SIN_CERCA,continuidad,43.3,0.600,,,,,83.1,103.6,12.4,memoria
235,7.057,SIN_CERCA,continuidad,43.3,0.600,,,,,83.1,103.6,12.4,memoria
236,7.087,SIN_CERCA,continuidad,38.6,0.600,,,,,83.1,103.6,12.4,memoria
237,7.117,SIN_CERCA,continuidad,31.9,0.600,,,,,83.1,103.6,12.4,memoria
238,7.147,SIN_CERCA,continuidad,25.2,0.600,,,,,83.1,103.6,12.4,memoria
239,7.177,SIN_CERCA,continuidad,25.2,0.600,,,,,83.1,103.6,12.4,memoria
240,7.207,SIN_CERCA,continuidad,16.6,0.600,,,,,83.1,103.6,12.4,memoria
241,7.237,SIN_CERCA,continuidad,12.8,-0.600,,,,,83.1,103.6,12.4,memoria
242,7.267,SIN_CERCA,continuidad,12.8,-0.600,,,,,83.1,103.6,12.4,memoria
243,7.297,SIN_CERCA,continuidad,8.9,-0.600,,,,,83.1,103.6,12.4,memoria
244,7.327,SIN_CERCA,continuidad,8.9,-0.600,,,,,83.1,103.6,12.4,memoria
245,7.357,SIN_CERCA,continuidad,2.7,0.041,,12.9,,,12.9,78.2,-57.9,componente visible arriba
246,7.387,SIN_CERCA,continuidad,2.2,0.034,,21.9,,,21.9,95.4,-66.9,componente visible arriba
247,7.417,SIN_CERCA,continuidad,2.2,0.034,,21.9,,,21.9,95.4,-66.9,componente visible arriba
248,7.447,SIN_CERCA,salto_grande,3.7,0.055,28.8,66.7,-50.7,73.4,66.7,99.1,-31.5,componente visible arriba
249,7.477,HIGH,toca_abajo,5.6,0.084,37.9,77.7,-41.6,70.1,77.7,99.6,-5.2,punto adelante de la componente
250,7.508,HIGH,toca_abajo,5.6,0.084,37.9,77.7,-41.6,70.1,77.7,99.6,-5.2,punto adelante de la componente
251,7.538,HIGH,toca_abajo,10.2,0.153,30.4,70.8,-49.1,70.0,70.8,99.4,-22.9,punto adelante de la componente
252,7.568,SIN_CERCA,continuidad,15.1,0.600,,28.5,,,28.5,75.0,-48.6,componente visible arriba
253,7.598,SIN_CERCA,continuidad,38.3,0.600,,,,,28.5,75.0,-48.6,memoria
254,7.628,SIN_CERCA,continuidad,38.3,0.600,,,,,28.5,75.0,-48.6,memoria
255,7.658,SIN_CERCA,continuidad,42.7,0.600,,,,,28.5,75.0,-48.6,memoria
256,7.688,PERDIDA,sin_componente,45.1,0.000,,,,,,,0.0,sin objetivo
257,7.718,PERDIDA,sin_componente,45.1,0.000,,,,,,,0.0,sin objetivo
258,7.748,PERDIDA,sin_componente,49.6,0.000,,,,,,,0.0,sin objetivo
259,7.778,PERDIDA,sin_componente,66.9,0.000,,,,,,,0.0,sin objetivo
260,7.808,PERDIDA,sin_componente,66.9,0.000,,,,,,,0.0,sin objetivo
261,7.838,LOW,toca_abajo,74.8,1.000,14.4,,-65.1,,28.5,75.0,-48.6,ultimo objetivo confiable (memoria)
262,7.868,MEDIUM,toca_abajo,79.4,1.000,30.1,10.9,-49.4,-53.0,10.9,100.5,-74.1,punto adelante de la componente
263,7.898,MEDIUM,toca_abajo,57.9,0.868,75.1,53.4,-4.4,-62.0,53.4,103.3,-57.4,punto adelante de la componente
264,7.928,MEDIUM,toca_abajo,57.9,0.868,75.1,53.4,-4.4,-62.0,53.4,103.3,-57.4,punto adelante de la componente
265,7.958,MEDIUM,toca_abajo,-54.3,-0.814,143.3,106.1,63.8,-72.4,106.1,101.5,55.1,punto adelante de la componente
266,7.988,HIGH,toca_abajo,-60.7,-0.911,154.9,150.9,75.4,-14.8,150.9,99.4,73.9,punto adelante de la componente
267,8.018,HIGH,toca_abajo,-67.7,-1.000,146.8,143.7,67.3,-13.4,143.7,100.1,72.7,punto adelante de la componente
268,8.048,HIGH,toca_abajo,-67.7,-1.000,146.8,143.7,67.3,-13.4,143.7,100.1,72.7,punto adelante de la componente
269,8.078,HIGH,toca_abajo,-59.3,-0.889,113.2,118.2,33.7,19.6,118.2,100.1,62.8,punto adelante de la componente
270,8.108,HIGH,toca_abajo,40.9,0.613,51.4,64.5,-28.1,43.6,64.5,100.9,-38.1,punto adelante de la componente
271,8.138,HIGH,toca_abajo,40.9,0.613,51.4,64.5,-28.1,43.6,64.5,100.9,-38.1,punto adelante de la componente
272,8.168,HIGH,toca_abajo,63.9,0.958,13.1,14.6,-66.4,5.9,14.6,99.9,-72.8,punto adelante de la componente
273,8.198,HIGH,toca_abajo,65.2,0.978,17.7,19.4,-61.8,6.7,19.4,99.9,-71.6,punto adelante de la componente
274,8.228,HIGH,toca_abajo,64.5,0.968,25.8,27.0,-53.7,5.1,27.0,100.0,-69.2,punto adelante de la componente
275,8.258,HIGH,toca_abajo,64.5,0.968,25.8,27.0,-53.7,5.1,27.0,100.0,-69.2,punto adelante de la componente
276,8.288,HIGH,toca_abajo,63.9,0.959,25.8,28.4,-53.7,10.1,28.4,100.1,-68.8,punto adelante de la componente
277,8.318,HIGH,toca_abajo,61.0,0.915,30.0,34.4,-49.5,16.9,34.4,100.1,-66.2,punto adelante de la componente
278,8.348,HIGH,toca_abajo,61.0,0.915,30.0,34.4,-49.5,16.9,34.4,100.1,-66.2,punto adelante de la componente
279,8.378,HIGH,toca_abajo,58.4,0.875,35.8,39.4,-43.7,13.9,39.4,100.2,-63.7,punto adelante de la componente
280,8.408,HIGH,toca_abajo,53.1,0.797,41.0,45.2,-38.5,16.4,45.2,100.2,-60.0,punto adelante de la componente
281,8.438,HIGH,toca_abajo,53.1,0.797,41.0,45.2,-38.5,16.4,45.2,100.2,-60.0,punto adelante de la componente
282,8.468,HIGH,toca_abajo,43.6,0.654,49.1,52.8,-30.4,14.6,52.8,100.3,-53.5,punto adelante de la componente
283,8.498,HIGH,toca_abajo,28.3,0.424,58.8,62.3,-20.7,13.9,62.3,100.2,-40.9,punto adelante de la componente
284,8.529,HIGH,toca_abajo,11.7,0.175,66.7,69.5,-12.8,11.1,69.5,100.1,-26.6,punto adelante de la componente
285,8.559,HIGH,toca_abajo,11.7,0.175,66.7,69.5,-12.8,11.1,69.5,100.1,-26.6,punto adelante de la componente
286,8.589,HIGH,toca_abajo,-2.8,-0.041,72.5,74.6,-7.0,8.5,74.6,100.1,-13.7,punto adelante de la componente
287,8.619,HIGH,toca_abajo,-6.7,-0.101,73.3,75.2,-6.2,7.3,75.2,100.3,-12.3,punto adelante de la componente
288,8.649,HIGH,toca_abajo,-6.7,-0.101,73.3,75.2,-6.2,7.3,75.2,100.3,-12.3,punto adelante de la componente
289,8.679,HIGH,toca_abajo,-14.7,-0.221,72.1,75.9,-7.4,15.0,75.9,100.1,-10.2,punto adelante de la componente
290,8.709,HIGH,toca_abajo,-28.2,-0.423,77.7,80.5,-1.8,11.2,80.5,100.2,3.0,punto adelante de la componente
291,8.739,HIGH,toca_abajo,-28.1,-0.422,74.8,79.5,-4.7,17.9,79.5,100.0,0.1,punto adelante de la componente
292,8.769,HIGH,toca_abajo,-28.1,-0.422,74.8,79.5,-4.7,17.9,79.5,100.0,0.1,punto adelante de la componente
293,8.799,HIGH,toca_abajo,-37.4,-0.561,76.2,85.7,-3.3,32.8,85.7,99.9,17.1,punto adelante de la componente
294,8.829,HIGH,toca_abajo,-42.7,-0.640,77.1,89.5,-2.4,40.7,89.5,100.0,26.5,punto adelante de la componente
295,8.859,HIGH,toca_abajo,-47.6,-0.714,79.6,92.6,0.1,42.4,92.6,100.1,33.4,punto adelante de la componente
296,8.889,HIGH,toca_abajo,-47.6,-0.714,79.6,92.6,0.1,42.4,92.6,100.1,33.4,punto adelante de la componente
297,8.919,HIGH,toca_abajo,-52.5,-0.788,81.9,99.4,2.4,51.2,99.4,100.4,45.4,punto adelante de la componente
298,8.949,HIGH,toca_abajo,-58.7,-0.881,85.9,109.0,6.4,58.4,109.0,100.3,56.3,punto adelante de la componente
299,8.979,HIGH,toca_abajo,-60.9,-0.914,88.1,112.8,8.6,59.8,112.8,100.3,59.4,punto adelante de la componente
300,9.009,HIGH,toca_abajo,-60.9,-0.914,88.1,112.8,8.6,59.8,112.8,100.3,59.4,punto adelante de la componente
301,9.039,HIGH,toca_abajo,-63.1,-0.947,93.1,115.5,13.6,57.3,115.5,100.3,61.3,punto adelante de la componente
302,9.069,HIGH,toca_abajo,-64.5,-0.968,97.2,117.7,17.7,54.8,117.7,100.2,62.6,punto adelante de la componente
303,9.099,HIGH,toca_abajo,-65.0,-0.975,100.1,118.7,20.6,52.2,118.7,100.3,63.3,punto adelante de la componente
304,9.129,HIGH,toca_abajo,-65.0,-0.975,100.1,118.7,20.6,52.2,118.7,100.3,63.3,punto adelante de la componente
305,9.159,HIGH,toca_abajo,-65.8,-0.987,103.8,120.6,24.3,49.3,120.6,100.3,64.3,punto adelante de la componente
306,9.189,HIGH,toca_abajo,-64.5,-0.967,103.5,119.0,24.0,47.0,119.0,100.3,63.4,punto adelante de la componente
307,9.219,HIGH,toca_abajo,-61.2,-0.918,98.3,113.6,18.8,46.8,113.6,100.2,59.9,punto adelante de la componente
308,9.249,HIGH,toca_abajo,-61.2,-0.918,98.3,113.6,18.8,46.8,113.6,100.2,59.9,punto adelante de la componente
309,9.279,HIGH,toca_abajo,-56.0,-0.841,91.8,107.2,12.3,46.7,107.2,100.2,54.4,punto adelante de la componente
310,9.309,HIGH,toca_abajo,-46.5,-0.698,82.9,98.8,3.4,47.7,98.8,100.2,44.2,punto adelante de la componente
311,9.339,HIGH,toca_abajo,-46.5,-0.698,82.9,98.8,3.4,47.7,98.8,100.2,44.2,punto adelante de la componente
312,9.369,HIGH,toca_abajo,-29.5,-0.443,72.6,89.5,-6.9,49.4,89.5,100.2,26.7,punto adelante de la componente
313,9.399,HIGH,toca_abajo,-13.0,-0.196,64.5,82.9,-15.0,51.8,82.9,100.2,9.8,punto adelante de la componente
314,9.429,HIGH,toca_abajo,-13.0,-0.196,64.5,82.9,-15.0,51.8,82.9,100.2,9.8,punto adelante de la componente
315,9.459,HIGH,toca_abajo,-14.1,-0.211,66.1,82.8,-13.4,49.1,82.8,100.2,9.5,punto adelante de la componente
316,9.489,HIGH,toca_abajo,-14.4,-0.216,66.3,82.8,-13.2,48.8,82.8,100.1,9.6,punto adelante de la componente
317,9.520,HIGH,toca_abajo,-26.2,-0.394,72.4,87.6,-7.1,46.4,87.6,100.1,22.3,punto adelante de la componente
318,9.550,HIGH,toca_abajo,-26.2,-0.394,72.4,87.6,-7.1,46.4,87.6,100.1,22.3,punto adelante de la componente
319,9.580,HIGH,toca_abajo,-39.8,-0.598,81.0,94.5,1.5,43.1,94.5,100.1,37.1,punto adelante de la componente
320,9.610,HIGH,toca_abajo,-49.7,-0.746,92.0,102.5,12.5,36.0,102.5,100.1,49.2,punto adelante de la componente
321,9.640,HIGH,toca_abajo,-49.7,-0.746,92.0,102.5,12.5,36.0,102.5,100.1,49.2,punto adelante de la componente
322,9.670,HIGH,toca_abajo,-51.4,-0.772,95.3,104.6,15.8,32.8,104.6,100.1,51.6,punto adelante de la componente
323,9.700,HIGH,toca_abajo,-53.5,-0.802,99.4,107.7,19.9,30.0,107.7,100.2,54.9,punto adelante de la componente
324,9.730,HIGH,toca_abajo,-53.5,-0.802,99.4,107.7,19.9,30.0,107.7,100.2,54.9,punto adelante de la componente
325,9.760,HIGH,toca_abajo,-51.4,-0.772,98.5,106.0,19.0,27.3,106.0,100.1,53.2,punto adelante de la componente
326,9.790,HIGH,toca_abajo,-48.7,-0.730,97.2,104.3,17.7,26.2,104.3,100.1,51.3,punto adelante de la componente
327,9.820,HIGH,toca_abajo,-45.0,-0.675,95.4,102.1,15.9,24.9,102.1,100.1,48.7,punto adelante de la componente
328,9.850,HIGH,toca_abajo,-45.0,-0.675,95.4,102.1,15.9,24.9,102.1,100.1,48.7,punto adelante de la componente
329,9.880,HIGH,toca_abajo,-39.5,-0.592,92.1,99.0,12.6,25.4,99.0,100.1,44.4,punto adelante de la componente
330,9.910,HIGH,toca_abajo,-33.4,-0.500,89.3,96.1,9.8,25.4,96.1,100.1,39.9,punto adelante de la componente
331,9.940,HIGH,toca_abajo,-26.9,-0.403,86.8,93.6,7.3,25.1,93.6,100.1,35.3,punto adelante de la componente
332,9.970,HIGH,toca_abajo,-22.1,-0.332,86.8,93.4,7.3,24.4,93.4,100.1,34.9,punto adelante de la componente
333,10.000,HIGH,toca_abajo,-22.1,-0.332,86.8,93.4,7.3,24.4,93.4,100.1,34.9,punto adelante de la componente
334,10.030,HIGH,toca_abajo,-14.1,-0.211,88.6,95.0,9.1,23.9,95.0,100.1,38.0,punto adelante de la componente
335,10.060,HIGH,toca_abajo,-7.8,-0.117,90.2,96.5,10.7,23.7,96.5,100.1,40.6,punto adelante de la componente
336,10.090,HIGH,toca_abajo,-7.8,-0.117,90.2,96.5,10.7,23.7,96.5,100.1,40.6,punto adelante de la componente
337,10.120,HIGH,toca_abajo,-2.5,-0.037,93.6,99.5,14.1,22.0,99.5,100.0,44.9,punto adelante de la componente
338,10.150,HIGH,toca_abajo,-1.2,-0.018,102.5,95.4,23.0,-25.5,95.4,99.7,38.0,punto adelante de la componente
339,10.180,HIGH,toca_abajo,6.9,0.103,104.6,88.7,25.1,-48.0,88.7,99.9,24.5,punto adelante de la componente
340,10.210,HIGH,toca_abajo,6.9,0.103,104.6,88.7,25.1,-48.0,88.7,99.9,24.5,punto adelante de la componente
341,10.240,HIGH,toca_abajo,28.3,0.425,93.7,76.7,14.2,-50.4,76.7,100.2,-8.0,punto adelante de la componente
342,10.270,HIGH,toca_abajo,41.9,0.629,90.6,59.6,11.1,-65.7,59.6,100.4,-45.4,punto adelante de la componente
343,10.300,HIGH,toca_abajo,61.6,0.924,81.1,42.1,1.6,-70.2,42.1,100.5,-62.5,punto adelante de la componente
344,10.330,HIGH,toca_abajo,61.6,0.924,81.1,42.1,1.6,-70.2,42.1,100.5,-62.5,punto adelante de la componente
345,10.360,HIGH,toca_abajo,70.5,1.000,67.9,34.2,-11.6,-66.8,34.2,100.5,-66.7,punto adelante de la componente
346,10.390,HIGH,toca_abajo,78.9,1.000,42.4,21.6,-37.1,-56.0,21.6,100.8,-71.7,punto adelante de la componente
347,10.420,HIGH,toca_abajo,78.9,1.000,42.4,21.6,-37.1,-56.0,21.6,100.8,-71.7,punto adelante de la componente
348,10.450,MEDIUM,toca_abajo,82.0,1.000,28.7,12.8,-50.8,-48.3,12.8,100.6,-73.8,punto adelante de la componente
349,10.480,MEDIUM,toca_abajo,84.4,1.000,17.4,6.6,-62.1,-37.9,6.6,101.0,-75.4,punto adelante de la componente
350,10.511,MEDIUM,toca_abajo,85.8,1.000,11.2,3.1,-68.3,-32.5,3.1,102.3,-76.9,punto adelante de la componente
351,10.541,MEDIUM,toca_abajo,85.8,1.000,11.2,3.1,-68.3,-32.5,3.1,102.3,-76.9,punto adelante de la componente
352,10.571,MEDIUM,toca_abajo,85.7,1.000,10.5,3.0,-69.0,-29.9,3.0,102.0,-76.8,punto adelante de la componente
353,10.601,MEDIUM,toca_abajo,84.3,1.000,13.4,5.5,-66.1,-29.5,5.5,100.9,-75.5,punto adelante de la componente
354,10.631,MEDIUM,toca_abajo,84.3,1.000,13.4,5.5,-66.1,-29.5,5.5,100.9,-75.5,punto adelante de la componente
355,10.661,MEDIUM,toca_abajo,82.8,1.000,17.2,8.5,-62.3,-31.3,8.5,100.6,-74.7,punto adelante de la componente
356,10.691,HIGH,toca_abajo,80.5,1.000,22.5,12.9,-57.0,-33.7,12.9,100.4,-73.6,punto adelante de la componente
357,10.721,HIGH,toca_abajo,80.5,1.000,22.5,12.9,-57.0,-33.7,12.9,100.4,-73.6,punto adelante de la componente
358,10.751,HIGH,toca_abajo,78.3,1.000,26.8,16.8,-52.7,-34.9,16.8,100.4,-72.6,punto adelante de la componente
359,10.781,HIGH,toca_abajo,74.0,1.000,36.0,24.5,-43.5,-38.4,24.5,100.3,-70.3,punto adelante de la componente
360,10.811,HIGH,toca_abajo,74.0,1.000,36.0,24.5,-43.5,-38.4,24.5,100.3,-70.3,punto adelante de la componente
361,10.841,HIGH,toca_abajo,72.0,1.000,40.6,28.4,-38.9,-40.3,28.4,100.3,-68.9,punto adelante de la componente
362,10.871,HIGH,toca_abajo,69.8,1.000,44.8,30.8,-34.7,-44.1,30.8,100.3,-67.9,punto adelante de la componente
363,10.901,HIGH,toca_abajo,65.4,0.980,53.3,37.8,-26.2,-47.1,37.8,100.2,-64.6,punto adelante de la componente
364,10.931,HIGH,toca_abajo,65.4,0.980,53.3,37.8,-26.2,-47.1,37.8,100.2,-64.6,punto adelante de la componente
365,10.961,HIGH,toca_abajo,59.3,0.890,62.9,46.7,-16.6,-48.4,46.7,100.2,-58.9,punto adelante de la componente
366,10.991,HIGH,toca_abajo,45.0,0.675,78.0,60.7,-1.5,-50.1,60.7,100.1,-43.4,punto adelante de la componente
367,11.021,HIGH,toca_abajo,45.0,0.675,78.0,60.7,-1.5,-50.1,60.7,100.1,-43.4,punto adelante de la componente
368,11.051,HIGH,toca_abajo,26.2,0.394,89.8,71.3,10.3,-52.0,71.3,100.2,-22.5,punto adelante de la componente
369,11.081,HIGH,toca_abajo,4.5,0.068,99.8,80.2,20.3,-53.7,80.2,100.2,1.9,punto adelante de la componente
370,11.111,HIGH,toca_abajo,4.5,0.068,99.8,80.2,20.3,-53.7,80.2,100.2,1.9,punto adelante de la componente
371,11.141,HIGH,toca_abajo,-7.0,-0.104,104.3,84.6,24.8,-53.9,84.6,100.3,14.6,punto adelante de la componente
372,11.171,HIGH,toca_abajo,-12.0,-0.180,106.9,86.9,27.4,-54.4,86.9,100.3,20.5,punto adelante de la componente
373,11.201,HIGH,toca_abajo,-12.0,-0.180,106.9,86.9,27.4,-54.4,86.9,100.3,20.5,punto adelante de la componente
374,11.231,HIGH,toca_abajo,-1.6,-0.024,102.3,82.6,22.8,-54.1,82.6,100.4,9.0,punto adelante de la componente
375,11.261,HIGH,toca_abajo,22.4,0.336,92.2,72.8,12.7,-53.8,72.8,100.3,-18.9,punto adelante de la componente
376,11.291,HIGH,toca_abajo,45.4,0.681,76.3,58.4,-3.2,-51.5,58.4,100.4,-47.1,punto adelante de la componente
377,11.321,HIGH,toca_abajo,54.5,0.818,64.9,49.9,-14.6,-46.1,49.9,100.2,-56.2,punto adelante de la componente
378,11.351,HIGH,toca_abajo,54.5,0.818,64.9,49.9,-14.6,-46.1,49.9,100.2,-56.2,punto adelante de la componente
379,11.381,HIGH,toca_abajo,58.6,0.879,57.5,45.3,-22.0,-40.3,45.3,100.1,-59.9,punto adelante de la componente
380,11.411,HIGH,toca_abajo,58.8,0.882,56.2,45.3,-23.3,-37.0,45.3,100.1,-59.9,punto adelante de la componente
381,11.441,HIGH,toca_abajo,58.8,0.882,56.2,45.3,-23.3,-37.0,45.3,100.1,-59.9,punto adelante de la componente
382,11.471,HIGH,toca_abajo,59.5,0.892,53.4,44.5,-26.1,-31.6,44.5,100.1,-60.4,punto adelante de la componente
383,11.502,HIGH,toca_abajo,57.2,0.858,55.9,47.2,-23.6,-31.2,47.2,100.1,-58.4,punto adelante de la componente
384,11.532,HIGH,toca_abajo,57.2,0.858,55.9,47.2,-23.6,-31.2,47.2,100.1,-58.4,punto adelante de la componente
385,11.562,HIGH,toca_abajo,54.6,0.818,58.9,50.1,-20.6,-31.1,50.1,100.1,-55.9,punto adelante de la componente
386,11.592,HIGH,toca_abajo,50.7,0.761,62.4,53.8,-17.1,-30.8,53.8,100.1,-52.3,punto adelante de la componente
387,11.622,HIGH,toca_abajo,45.4,0.681,67.1,58.1,-12.4,-32.0,58.1,100.1,-47.2,punto adelante de la componente
388,11.652,HIGH,toca_abajo,45.4,0.681,67.1,58.1,-12.4,-32.0,58.1,100.1,-47.2,punto adelante de la componente
389,11.682,HIGH,toca_abajo,42.1,0.632,69.7,60.3,-9.8,-32.9,60.3,100.1,-44.0,punto adelante de la componente
390,11.712,HIGH,toca_abajo,38.7,0.580,70.9,62.8,-8.6,-29.2,62.8,100.1,-40.0,punto adelante de la componente
391,11.742,HIGH,toca_abajo,34.2,0.513,73.4,65.3,-6.1,-29.3,65.3,100.1,-35.6,punto adelante de la componente
392,11.772,HIGH,toca_abajo,34.2,0.513,73.4,65.3,-6.1,-29.3,65.3,100.1,-35.6,punto adelante de la componente
393,11.802,HIGH,toca_abajo,28.2,0.423,76.4,68.5,-3.1,-28.7,68.5,100.1,-29.0,punto adelante de la componente
394,11.832,HIGH,toca_abajo,21.5,0.322,79.7,71.7,0.2,-29.1,71.7,100.1,-21.5,punto adelante de la componente
395,11.862,HIGH,toca_abajo,21.5,0.322,79.7,71.7,0.2,-29.1,71.7,100.1,-21.5,punto adelante de la componente
396,11.892,HIGH,toca_abajo,27.2,0.408,77.5,69.8,-2.0,-27.9,69.8,100.1,-25.9,punto adelante de la componente
397,11.922,HIGH,toca_abajo,31.6,0.474,74.4,68.4,-5.1,-22.5,68.4,100.1,-29.1,punto adelante de la componente
398,11.952,HIGH,toca_abajo,31.6,0.474,74.4,68.4,-5.1,-22.5,68.4,100.1,-29.1,punto adelante de la componente
399,11.982,HIGH,toca_abajo,35.4,0.531,71.4,66.0,-8.1,-20.4,66.0,100.1,-34.1,punto adelante de la componente
400,12.012,HIGH,toca_abajo,35.9,0.538,70.2,65.8,-9.3,-17.2,65.8,100.1,-34.6,punto adelante de la componente
401,12.042,HIGH,toca_abajo,33.6,0.504,72.4,68.0,-7.1,-16.9,68.0,100.1,-30.0,punto adelante de la componente
402,12.072,HIGH,toca_abajo,33.6,0.504,72.4,68.0,-7.1,-16.9,68.0,100.1,-30.0,punto adelante de la componente
403,12.102,HIGH,toca_abajo,38.3,0.575,71.1,67.6,-8.4,-13.4,67.6,100.1,-30.9,punto adelante de la componente
404,12.132,HIGH,toca_abajo,37.7,0.566,73.9,70.4,-5.6,-13.4,70.4,100.1,-24.5,punto adelante de la componente
405,12.162,HIGH,toca_abajo,37.7,0.566,73.9,70.4,-5.6,-13.4,70.4,100.1,-24.5,punto adelante de la componente
406,12.192,HIGH,toca_abajo,36.4,0.547,76.8,73.4,-2.7,-13.2,73.4,100.1,-17.1,punto adelante de la componente
407,12.222,HIGH,toca_abajo,36.8,0.551,80.3,65.7,0.8,-43.9,65.7,99.4,-33.8,punto adelante de la componente
408,12.252,HIGH,toca_abajo,36.8,0.551,80.3,65.7,0.8,-43.9,65.7,99.4,-33.8,punto adelante de la componente
409,12.282,HIGH,toca_abajo,44.5,0.668,81.2,54.4,1.7,-61.6,54.4,100.0,-51.5,punto adelante de la componente
410,12.312,HIGH,toca_abajo,61.2,0.918,58.3,53.1,-21.2,-20.1,53.1,100.1,-52.9,punto adelante de la componente
411,12.342,MEDIUM,toca_abajo,67.7,1.000,56.3,51.6,-23.2,-18.0,51.6,100.1,-54.5,punto adelante de la componente
412,12.372,MEDIUM,toca_abajo,67.7,1.000,56.3,51.6,-23.2,-18.0,51.6,100.1,-54.5,punto adelante de la componente
413,12.402,MEDIUM,toca_abajo,72.3,1.000,55.5,61.3,-24.0,24.2,61.3,101.7,-45.0,punto adelante de la componente
414,12.432,MEDIUM,toca_abajo,76.3,1.000,56.2,95.6,-23.3,74.5,95.6,103.6,44.5,punto adelante de la componente
415,12.462,LOW,toca_abajo,-78.9,1.000,95.0,,15.5,,95.6,103.6,44.5,ultimo objetivo confiable (memoria)
416,12.492,LOW,toca_abajo,-78.9,1.000,95.0,,15.5,,95.6,103.6,44.5,ultimo objetivo confiable (memoria)
417,12.523,LOW,toca_abajo,-67.5,1.000,110.4,,30.9,,95.6,103.6,44.5,ultimo objetivo confiable (memoria)
418,12.553,SIN_CERCA,continuidad,-47.2,-0.600,,,,,95.6,103.6,44.5,memoria
419,12.583,SIN_CERCA,continuidad,-47.2,-0.600,,,,,95.6,103.6,44.5,memoria
420,12.613,SIN_CERCA,continuidad,-45.1,-0.600,,,,,95.6,103.6,44.5,memoria
421,12.643,SIN_CERCA,continuidad,-44.9,-0.600,,,,,95.6,103.6,44.5,memoria
422,12.673,SIN_CERCA,continuidad,-44.9,-0.600,,,,,95.6,103.6,44.5,memoria
423,12.703,SIN_CERCA,continuidad,-45.0,-0.600,,,,,95.6,103.6,44.5,memoria
424,12.733,SIN_CERCA,continuidad,-44.2,-0.600,,,,,95.6,103.6,44.5,memoria
425,12.763,SIN_CERCA,continuidad,-43.7,-0.600,,,,,95.6,103.6,44.5,memoria
426,12.793,SIN_CERCA,continuidad,-43.7,-0.600,,,,,95.6,103.6,44.5,memoria
427,12.823,SIN_CERCA,continuidad,-43.9,-0.600,,,,,95.6,103.6,44.5,memoria
428,12.853,SIN_CERCA,continuidad,-43.7,-0.600,,,,,95.6,103.6,44.5,memoria
429,12.883,SIN_CERCA,continuidad,-43.7,-0.600,,,,,95.6,103.6,44.5,memoria
430,12.913,SIN_CERCA,continuidad,-42.5,-0.600,,,,,95.6,103.6,44.5,memoria
431,12.943,SIN_CERCA,continuidad,-41.5,-0.600,,,,,95.6,103.6,44.5,memoria
432,12.973,SIN_CERCA,continuidad,-41.5,-0.600,,,,,95.6,103.6,44.5,memoria
433,13.003,SIN_CERCA,continuidad,-40.9,-0.600,,,,,95.6,103.6,44.5,memoria
434,13.033,SIN_CERCA,continuidad,-40.3,-0.600,,,,,95.6,103.6,44.5,memoria
435,13.063,SIN_CERCA,continuidad,-40.3,-0.604,,,,,95.6,103.6,44.5,memoria
436,13.093,SIN_CERCA,continuidad,-43.3,-0.650,,,,,95.6,103.6,44.5,memoria
437,13.123,PERDIDA,sin_componente,-43.5,0.000,,,,,,,0.0,sin objetivo
438,13.153,PERDIDA,sin_componente,-43.5,0.000,,,,,,,0.0,sin objetivo
439,13.183,SIN_CERCA,continuidad,-41.7,-0.600,,,,,95.6,103.6,44.5,memoria
440,13.213,SIN_CERCA,continuidad,-39.3,-0.600,,,,,95.6,103.6,44.5,memoria
441,13.243,SIN_CERCA,continuidad,-39.3,-0.600,,,,,95.6,103.6,44.5,memoria
442,13.273,SIN_CERCA,continuidad,-35.3,-0.600,,,,,95.6,103.6,44.5,memoria
443,13.303,SIN_CERCA,continuidad,-34.7,-0.600,,,,,95.6,103.6,44.5,memoria
444,13.333,PERDIDA,sin_componente,-24.6,0.000,,,,,,,0.0,sin objetivo
445,13.363,PERDIDA,sin_componente,-24.6,0.000,,,,,,,0.0,sin objetivo
446,13.393,PERDIDA,sin_componente,17.9,0.000,,,,,,,0.0,sin objetivo
447,13.423,SIN_CERCA,salto_grande,36.1,0.600,,,,,95.6,103.6,44.5,memoria
448,13.453,SIN_CERCA,salto_grande,36.1,0.600,,,,,95.6,103.6,44.5,memoria
449,13.483,SIN_CERCA,continuidad,25.9,0.600,,,,,95.6,103.6,44.5,memoria
450,13.514,SIN_CERCA,continuidad,14.9,-0.600,,,,,95.6,103.6,44.5,memoria
451,13.544,SIN_CERCA,continuidad,14.9,-0.600,,,,,95.6,103.6,44.5,memoria
452,13.574,SIN_CERCA,continuidad,10.4,-0.600,,77.3,,,77.3,76.4,-2.9,componente visible arriba
453,13.604,SIN_CERCA,continuidad,8.9,0.600,,72.0,,,72.0,79.2,-10.4,componente visible arriba
454,13.634,SIN_CERCA,continuidad,8.9,0.600,,72.0,,,72.0,79.2,-10.4,componente visible arriba
455,13.664,SIN_CERCA,continuidad,4.5,0.600,,52.7,,,52.7,99.1,-52.0,componente visible arriba
456,13.694,HIGH,toca_abajo,1.5,0.023,87.1,75.1,7.6,-42.2,75.1,99.7,-12.1,punto adelante de la componente
457,13.724,HIGH,toca_abajo,1.5,0.023,87.1,75.1,7.6,-42.2,75.1,99.7,-12.1,punto adelante de la componente
458,13.754,HIGH,toca_abajo,9.8,0.147,78.2,76.3,-1.3,-7.4,76.3,99.9,-9.0,punto adelante de la componente
459,13.784,MEDIUM,toca_abajo,37.6,0.565,155.5,157.6,76.0,12.3,157.6,104.3,78.6,punto adelante de la componente
460,13.814,MEDIUM,toca_abajo,37.6,0.565,155.5,157.6,76.0,12.3,157.6,104.3,78.6,punto adelante de la componente
461,13.844,LOW,toca_abajo,-20.5,0.307,148.9,,69.4,,157.6,104.3,78.6,ultimo objetivo confiable (memoria)
462,13.874,SIN_CERCA,continuidad,29.1,0.600,,,,,157.6,104.3,78.6,memoria
463,13.904,SIN_CERCA,continuidad,29.1,0.600,,,,,157.6,104.3,78.6,memoria
464,13.934,SIN_CERCA,continuidad,-62.5,-0.600,,,,,157.6,104.3,78.6,memoria
465,13.964,PERDIDA,sin_componente,-60.5,0.000,,,,,,,0.0,sin objetivo
466,13.994,PERDIDA,sin_componente,-60.5,0.000,,,,,,,0.0,sin objetivo
467,14.024,PERDIDA,sin_componente,-47.2,0.000,,,,,,,0.0,sin objetivo
468,14.054,PERDIDA,sin_componente,-46.3,0.000,,,,,,,0.0,sin objetivo
469,14.084,PERDIDA,sin_componente,-46.3,0.000,,,,,,,0.0,sin objetivo
470,14.114,PERDIDA,sin_componente,-51.7,0.000,,,,,,,0.0,sin objetivo
471,14.144,SIN_CERCA,continuidad,-59.6,-0.600,,156.0,,,156.0,78.0,61.2,componente visible arriba
472,14.174,SIN_CERCA,continuidad,-59.6,-0.600,,156.0,,,156.0,78.0,61.2,componente visible arriba
473,14.204,HIGH,toca_abajo,-72.5,-1.000,152.5,155.5,73.0,11.8,155.5,100.4,75.6,punto adelante de la componente
474,14.234,HIGH,toca_abajo,-71.3,-1.000,146.9,149.9,67.4,11.4,149.9,100.1,74.2,punto adelante de la componente
475,14.264,HIGH,toca_abajo,-69.8,-1.000,142.1,143.8,62.6,6.8,143.8,100.2,72.9,punto adelante de la componente
476,14.294,HIGH,toca_abajo,-69.8,-1.000,142.1,143.8,62.6,6.8,143.8,100.2,72.9,punto adelante de la componente
477,14.324,HIGH,toca_abajo,-68.0,-1.000,133.0,136.4,53.5,13.0,136.4,100.1,70.7,punto adelante de la componente
478,14.354,HIGH,toca_abajo,-66.4,-0.996,121.4,128.3,41.9,25.1,128.3,100.0,67.7,punto adelante de la componente
479,14.384,HIGH,toca_abajo,-66.4,-0.996,121.4,128.3,41.9,25.1,128.3,100.0,67.7,punto adelante de la componente
480,14.414,HIGH,toca_abajo,-62.9,-0.943,111.7,119.9,32.2,29.2,119.9,100.0,63.7,punto adelante de la componente
481,14.444,HIGH,toca_abajo,-56.4,-0.846,99.2,109.9,19.7,36.8,109.9,100.3,57.1,punto adelante de la componente
482,14.474,HIGH,toca_abajo,-56.4,-0.846,99.2,109.9,19.7,36.8,109.9,100.3,57.1,punto adelante de la componente
483,14.505,HIGH,toca_abajo,-31.5,-0.472,82.3,87.0,2.8,18.4,87.0,100.5,20.9,punto adelante de la componente
484,14.535,HIGH,toca_abajo,21.9,0.328,71.8,61.1,-7.7,-36.7,61.1,100.4,-43.2,punto adelante de la componente
485,14.565,HIGH,toca_abajo,21.9,0.328,71.8,61.1,-7.7,-36.7,61.1,100.4,-43.2,punto adelante de la componente
486,14.595,HIGH,toca_abajo,55.6,0.834,49.3,36.5,-30.2,-41.2,36.5,100.0,-65.0,punto adelante de la componente
487,14.625,HIGH,toca_abajo,51.4,0.771,33.8,29.8,-45.7,-15.3,29.8,100.1,-68.2,punto adelante de la componente
488,14.655,HIGH,toca_abajo,51.4,0.771,33.8,29.8,-45.7,-15.3,29.8,100.1,-68.2,punto adelante de la componente
489,14.685,HIGH,toca_abajo,33.4,0.500,20.1,23.1,-59.4,12.1,23.1,100.3,-70.8,punto adelante de la componente
490,14.715,MEDIUM,toca_abajo,-22.5,-0.337,9.8,17.3,-69.7,31.8,17.3,102.3,-74.1,punto adelante de la componente
491,14.745,LOW,toca_abajo,-45.5,-0.683,132.0,,52.5,,17.3,102.3,-74.1,ultimo objetivo confiable (memoria)
492,14.775,LOW,toca_abajo,-45.5,-0.683,132.0,,52.5,,17.3,102.3,-74.1,ultimo objetivo confiable (memoria)
493,14.805,LOW,toca_abajo,-47.4,-0.710,145.1,,65.6,,17.3,102.3,-74.1,ultimo objetivo confiable (memoria)
494,14.835,MEDIUM,toca_abajo,-7.1,-0.107,82.2,97.1,2.7,48.0,97.1,99.7,40.9,punto adelante de la componente
495,14.865,MEDIUM,toca_abajo,54.3,0.815,52.9,51.5,-26.6,-6.0,51.5,100.0,-54.5,punto adelante de la componente
496,14.895,MEDIUM,toca_abajo,54.3,0.815,52.9,51.5,-26.6,-6.0,51.5,100.0,-54.5,punto adelante de la componente
497,14.925,MEDIUM,toca_abajo,71.1,1.000,32.2,21.0,-47.3,-37.2,21.0,100.1,-71.2,punto adelante de la componente
498,14.955,MEDIUM,toca_abajo,85.4,1.000,14.3,1.3,-65.2,-44.4,1.3,102.7,-77.5,punto adelante de la componente
499,14.985,PERDIDA,sin_componente,70.5,0.000,,,,,,,0.0,sin objetivo
500,15.015,PERDIDA,sin_componente,70.5,0.000,,,,,,,0.0,sin objetivo
501,15.045,SIN_CERCA,salto_grande,-47.3,-0.600,,,,,1.3,102.7,-77.5,memoria
502,15.075,SIN_CERCA,salto_grande,-57.2,-0.600,,154.5,,,154.5,99.9,75.0,componente visible arriba
503,15.105,SIN_CERCA,continuidad,-57.2,-0.600,,154.5,,,154.5,99.9,75.0,componente visible arriba
504,15.135,LOW,toca_abajo,-63.9,0.959,82.1,,2.6,,154.5,99.9,75.0,ultimo objetivo confiable (memoria)
505,15.165,MEDIUM,toca_abajo,-63.1,-0.946,75.8,60.5,-3.7,-55.2,60.5,104.0,-49.8,punto adelante de la componente
506,15.195,SIN_CERCA,salto_grande,-52.6,-0.600,,148.6,,,148.6,79.6,59.7,componente visible arriba
507,15.225,SIN_CERCA,continuidad,-42.6,-0.600,,,,,148.6,79.6,59.7,memoria
508,15.255,MEDIUM,toca_abajo,75.8,1.000,28.6,22.7,-50.9,-23.5,22.7,100.9,-71.4,punto adelante de la componente
509,15.285,HIGH,toca_abajo,75.8,1.000,36.6,22.0,-42.9,-45.6,22.0,100.2,-71.0,punto adelante de la componente
510,15.315,HIGH,toca_abajo,75.8,1.000,36.6,22.0,-42.9,-45.6,22.0,100.2,-71.0,punto adelante de la componente
511,15.345,HIGH,toca_abajo,68.5,1.000,37.7,28.3,-41.8,-33.4,28.3,100.1,-68.7,punto adelante de la componente
512,15.375,HIGH,toca_abajo,67.5,1.000,20.5,20.1,-59.0,-1.6,20.1,100.1,-71.4,punto adelante de la componente
513,15.405,HIGH,toca_abajo,66.3,0.995,3.2,4.3,-76.3,4.6,4.3,99.8,-75.0,punto adelante de la componente
514,15.435,HIGH,toca_abajo,66.3,0.995,3.2,4.3,-76.3,4.6,4.3,99.8,-75.0,punto adelante de la componente
515,15.465,SIN_CERCA,continuidad,59.8,0.600,,2.1,,,2.1,99.5,-75.2,componente visible arriba
516,15.495,SIN_CERCA,continuidad,48.8,0.600,,,,,2.1,99.5,-75.2,memoria
517,15.526,HIGH,toca_abajo,69.2,1.000,7.4,9.5,-72.1,8.5,9.5,99.9,-74.0,punto adelante de la componente
518,15.556,HIGH,toca_abajo,69.2,1.000,7.4,9.5,-72.1,8.5,9.5,99.9,-74.0,punto adelante de la componente
519,15.586,MEDIUM,toca_abajo,69.3,1.000,14.9,16.2,-64.6,5.2,16.2,100.0,-72.4,punto adelante de la componente
520,15.616,MEDIUM,toca_abajo,68.8,1.000,20.1,20.6,-59.4,2.1,20.6,100.1,-71.3,punto adelante de la componente
521,15.646,MEDIUM,toca_abajo,68.8,1.000,20.1,20.6,-59.4,2.1,20.6,100.1,-71.3,punto adelante de la componente
522,15.676,MEDIUM,toca_abajo,68.3,1.000,23.5,23.6,-56.0,0.5,23.6,100.0,-70.3,punto adelante de la componente
523,15.706,MEDIUM,toca_abajo,67.5,1.000,26.5,27.1,-53.0,2.3,27.1,100.0,-69.1,punto adelante de la componente
524,15.736,MEDIUM,toca_abajo,65.7,0.985,31.1,33.8,-48.4,10.6,33.8,100.1,-66.4,punto adelante de la componente
525,15.766,MEDIUM,toca_abajo,65.7,0.985,31.1,33.8,-48.4,10.6,33.8,100.1,-66.4,punto adelante de la componente
526,15.796,MEDIUM,toca_abajo,60.5,0.907,41.2,44.1,-38.3,11.4,44.1,100.1,-60.6,punto adelante de la componente
527,15.826,MEDIUM,toca_abajo,51.7,0.776,52.6,54.7,-26.9,8.8,54.7,100.9,-52.4,punto adelante de la componente
528,15.856,MEDIUM,toca_abajo,39.1,0.586,62.3,63.9,-17.2,7.5,63.9,103.0,-42.7,punto adelante de la componente
529,15.886,MEDIUM,toca_abajo,39.1,0.586,62.3,63.9,-17.2,7.5,63.9,103.0,-42.7,punto adelante de la componente
530,15.916,MEDIUM,toca_abajo,27.4,0.411,69.6,70.6,-9.9,5.2,70.6,104.0,-29.0,punto adelante de la componente
531,15.946,MEDIUM,toca_abajo,17.4,0.261,74.5,74.1,-5.0,-2.3,74.1,104.7,-19.5,punto adelante de la componente
532,15.976,MEDIUM,toca_abajo,17.4,0.261,74.5,74.1,-5.0,-2.3,74.1,104.7,-19.5,punto adelante de la componente
533,16.006,LOW,toca_abajo,6.3,0.094,80.6,,1.1,,74.1,104.7,-19.5,ultimo objetivo confiable (memoria)
534,16.036,LOW,toca_abajo,3.6,0.054,113.1,,33.6,,74.1,104.7,-19.5,ultimo objetivo confiable (memoria)
535,16.066,LOW,toca_abajo,3.6,0.054,113.1,,33.6,,74.1,104.7,-19.5,ultimo objetivo confiable (memoria)
536,16.096,SIN_CERCA,continuidad,3.9,0.600,78.1,76.0,-1.4,-9.0,76.0,100.1,-9.9,componente visible arriba
537,16.126,HIGH,toca_abajo,-4.2,-0.064,79.3,80.5,-0.2,4.5,80.5,100.1,2.9,punto adelante de la componente
538,16.156,HIGH,toca_abajo,-4.2,-0.064,79.3,80.5,-0.2,4.5,80.5,100.1,2.9,punto adelante de la componente
539,16.186,HIGH,toca_abajo,6.5,0.097,76.1,76.4,-3.4,1.0,76.4,100.1,-9.0,punto adelante de la componente
540,16.216,HIGH,toca_abajo,16.5,0.248,71.3,72.4,-8.2,4.2,72.4,100.1,-19.7,punto adelante de la componente
541,16.246,HIGH,toca_abajo,17.7,0.266,70.0,71.8,-9.5,7.0,71.8,100.1,-21.3,punto adelante de la componente
542,16.276,HIGH,toca_abajo,17.7,0.266,70.0,71.8,-9.5,7.0,71.8,100.1,-21.3,punto adelante de la componente
543,16.306,HIGH,toca_abajo,15.6,0.234,71.3,72.7,-8.2,5.4,72.7,100.1,-19.0,punto adelante de la componente
544,16.336,HIGH,toca_abajo,13.8,0.207,72.2,73.4,-7.3,4.8,73.4,100.1,-17.1,punto adelante de la componente
545,16.366,HIGH,toca_abajo,13.8,0.207,72.2,73.4,-7.3,4.8,73.4,100.1,-17.1,punto adelante de la componente
546,16.396,HIGH,toca_abajo,7.0,0.106,75.2,76.4,-4.3,4.6,76.4,100.1,-9.0,punto adelante de la componente
547,16.426,HIGH,toca_abajo,2.6,0.040,77.7,78.6,-1.8,3.5,78.6,100.1,-2.5,punto adelante de la componente
548,16.456,HIGH,toca_abajo,2.6,0.040,77.7,78.6,-1.8,3.5,78.6,100.1,-2.5,punto adelante de la componente
549,16.486,HIGH,toca_abajo,0.3,0.005,79.5,79.9,-0.0,1.5,79.9,100.1,1.0,punto adelante de la componente
550,16.517,HIGH,toca_abajo,-2.6,-0.040,81.6,81.6,2.1,-0.0,81.6,100.1,6.0,punto adelante de la componente
551,16.547,HIGH,toca_abajo,-2.6,-0.040,81.6,81.6,2.1,-0.0,81.6,100.1,6.0,punto adelante de la componente
552,16.577,HIGH,toca_abajo,-0.0,-0.000,82.1,81.4,2.6,-2.7,81.4,100.1,5.4,punto adelante de la componente
553,16.607,HIGH,toca_abajo,3.4,0.051,82.2,82.0,2.7,-0.6,82.0,100.1,7.3,punto adelante de la componente
554,16.637,HIGH,toca_abajo,2.3,0.035,86.8,85.4,7.3,-5.5,85.4,100.1,16.4,punto adelante de la componente
555,16.667,HIGH,toca_abajo,2.3,0.035,86.8,85.4,7.3,-5.5,85.4,100.1,16.4,punto adelante de la componente
556,16.697,HIGH,toca_abajo,13.0,0.195,85.8,82.0,6.3,-14.8,82.0,100.3,7.2,punto adelante de la componente
557,16.727,HIGH,toca_abajo,20.9,0.314,88.2,69.6,8.7,-51.4,69.6,99.7,-26.1,punto adelante de la componente
558,16.757,HIGH,toca_abajo,20.9,0.314,88.2,69.6,8.7,-51.4,69.6,99.7,-26.1,punto adelante de la componente
559,16.787,HIGH,toca_abajo,38.8,0.582,76.0,66.3,-3.5,-33.3,66.3,100.1,-33.5,punto adelante de la componente
560,16.817,HIGH,toca_abajo,48.5,0.728,68.7,57.2,-10.8,-38.8,57.2,100.1,-48.4,punto adelante de la componente
561,16.847,HIGH,toca_abajo,48.5,0.728,68.7,57.2,-10.8,-38.8,57.2,100.1,-48.4,punto adelante de la componente
562,16.877,HIGH,toca_abajo,53.1,0.797,63.8,52.5,-15.7,-38.1,52.5,100.1,-53.7,punto adelante de la componente
563,16.907,HIGH,toca_abajo,54.2,0.813,61.0,51.1,-18.5,-34.2,51.1,100.1,-55.0,punto adelante de la componente
564,16.937,HIGH,toca_abajo,52.4,0.786,62.1,52.9,-17.4,-32.4,52.9,100.1,-53.2,punto adelante de la componente
565,16.967,HIGH,toca_abajo,52.4,0.786,62.1,52.9,-17.4,-32.4,52.9,100.1,-53.2,punto adelante de la componente
566,16.997,HIGH,toca_abajo,51.9,0.778,62.6,53.3,-16.9,-32.9,53.3,100.1,-52.9,punto adelante de la componente
567,17.027,HIGH,toca_abajo,49.9,0.749,63.8,54.9,-15.7,-31.5,54.9,100.1,-51.1,punto adelante de la componente
568,17.057,HIGH,toca_abajo,47.6,0.714,65.3,56.6,-14.2,-30.7,56.6,100.1,-49.0,punto adelante de la componente
569,17.087,HIGH,toca_abajo,47.6,0.714,65.3,56.6,-14.2,-30.7,56.6,100.1,-49.0,punto adelante de la componente
570,17.117,HIGH,toca_abajo,45.6,0.685,66.3,57.7,-13.2,-30.6,57.7,100.1,-47.6,punto adelante de la componente
571,17.147,HIGH,toca_abajo,42.2,0.633,67.9,59.9,-11.6,-29.0,59.9,100.1,-44.5,punto adelante de la componente
572,17.177,HIGH,toca_abajo,42.2,0.633,67.9,59.9,-11.6,-29.0,59.9,100.1,-44.5,punto adelante de la componente
573,17.207,HIGH,toca_abajo,36.9,0.553,70.8,63.1,-8.7,-28.1,63.1,100.1,-39.6,punto adelante de la componente
574,17.237,HIGH,toca_abajo,32.9,0.493,72.0,64.3,-7.5,-28.1,64.3,100.1,-37.3,punto adelante de la componente
575,17.267,HIGH,toca_abajo,28.0,0.419,71.7,64.6,-7.8,-26.4,64.6,100.1,-36.9,punto adelante de la componente
576,17.297,HIGH,toca_abajo,28.0,0.419,71.7,64.6,-7.8,-26.4,64.6,100.1,-36.9,punto adelante de la componente
577,17.327,HIGH,toca_abajo,21.4,0.321,71.4,65.2,-8.1,-23.7,65.2,100.3,-36.0,punto adelante de la componente
578,17.357,HIGH,toca_abajo,17.8,0.266,69.7,67.3,-9.8,-9.5,67.3,100.4,-31.8,punto adelante de la componente
579,17.387,HIGH,toca_abajo,17.8,0.266,69.7,67.3,-9.8,-9.5,67.3,100.4,-31.8,punto adelante de la componente
580,17.417,HIGH,toca_abajo,10.6,0.159,69.1,66.4,-10.4,-10.5,66.4,99.7,-33.0,punto adelante de la componente
581,17.447,HIGH,toca_abajo,-2.3,-0.035,71.2,68.2,-8.3,-12.0,68.2,100.1,-29.6,punto adelante de la componente
582,17.477,HIGH,toca_abajo,-2.3,-0.035,71.2,68.2,-8.3,-12.0,68.2,100.1,-29.6,punto adelante de la componente
583,17.508,HIGH,toca_abajo,-15.4,-0.232,69.1,74.4,-10.4,20.4,74.4,100.1,-14.3,punto adelante de la componente
584,17.538,HIGH,toca_abajo,-28.9,-0.434,74.1,78.8,-5.4,18.0,78.8,100.1,-2.0,punto adelante de la componente
585,17.568,HIGH,toca_abajo,-38.0,-0.570,77.6,85.1,-1.9,27.2,85.1,99.8,15.6,punto adelante de la componente
586,17.598,HIGH,toca_abajo,-38.0,-0.570,77.6,85.1,-1.9,27.2,85.1,99.8,15.6,punto adelante de la componente
587,17.628,HIGH,toca_abajo,-46.3,-0.694,80.2,93.6,0.7,42.4,93.6,99.8,34.9,punto adelante de la componente
588,17.658,HIGH,toca_abajo,-51.3,-0.770,81.1,97.5,1.6,48.5,97.5,99.9,41.9,punto adelante de la componente
589,17.688,HIGH,toca_abajo,-51.3,-0.770,81.1,97.5,1.6,48.5,97.5,99.9,41.9,punto adelante de la componente
590,17.718,HIGH,toca_abajo,-55.2,-0.828,85.7,99.7,6.2,44.1,99.7,99.9,45.1,punto adelante de la componente
591,17.748,HIGH,toca_abajo,-56.6,-0.849,85.6,100.2,6.1,45.4,100.2,100.0,46.0,punto adelante de la componente
592,17.778,HIGH,toca_abajo,-56.7,-0.851,85.2,100.4,5.7,46.8,100.4,100.2,46.5,punto adelante de la componente
593,17.808,HIGH,toca_abajo,-56.7,-0.851,85.2,100.4,5.7,46.8,100.4,100.2,46.5,punto adelante de la componente
594,17.838,HIGH,toca_abajo,-57.1,-0.857,83.4,102.6,3.9,53.6,102.6,100.3,49.6,punto adelante de la componente
595,17.868,HIGH,toca_abajo,-60.4,-0.906,83.6,110.8,4.1,62.7,110.8,100.4,57.9,punto adelante de la componente
596,17.898,HIGH,toca_abajo,-62.8,-0.942,84.1,116.1,4.6,66.1,116.1,100.4,61.8,punto adelante de la componente
597,17.928,HIGH,toca_abajo,-62.8,-0.942,84.1,116.1,4.6,66.1,116.1,100.4,61.8,punto adelante de la componente
598,17.958,HIGH,toca_abajo,-64.8,-0.973,87.1,119.7,7.6,66.2,119.7,100.4,64.0,punto adelante de la componente
599,17.988,HIGH,toca_abajo,-66.5,-0.998,92.8,122.0,13.3,63.7,122.0,100.4,65.2,punto adelante de la componente
600,18.018,HIGH,toca_abajo,-66.5,-0.998,92.8,122.0,13.3,63.7,122.0,100.4,65.2,punto adelante de la componente
601,18.048,HIGH,toca_abajo,-65.9,-0.988,94.1,121.6,14.6,62.3,121.6,100.3,64.9,punto adelante de la componente
602,18.078,HIGH,toca_abajo,-61.0,-0.915,86.4,115.1,6.9,63.2,115.1,100.2,61.0,punto adelante de la componente
603,18.108,HIGH,toca_abajo,-60.0,-0.900,87.5,114.1,8.0,61.5,114.1,100.2,60.3,punto adelante de la componente
604,18.138,HIGH,toca_abajo,-60.0,-0.900,87.5,114.1,8.0,61.5,114.1,100.2,60.3,punto adelante de la componente
605,18.168,HIGH,toca_abajo,-56.2,-0.843,84.6,110.0,5.1,60.3,110.0,100.2,57.0,punto adelante de la componente
606,18.198,HIGH,toca_abajo,-50.8,-0.762,80.2,105.4,0.7,60.2,105.4,100.3,52.7,punto adelante de la componente
607,18.228,HIGH,toca_abajo,-44.1,-0.662,76.5,100.4,-3.0,59.1,100.4,100.3,46.8,punto adelante de la componente
608,18.258,HIGH,toca_abajo,-44.1,-0.662,76.5,100.4,-3.0,59.1,100.4,100.3,46.8,punto adelante de la componente
609,18.288,HIGH,toca_abajo,-32.9,-0.494,70.8,93.9,-8.7,58.4,93.9,100.4,36.3,punto adelante de la componente
610,18.318,HIGH,toca_abajo,-37.6,-0.563,76.4,93.9,-3.1,50.7,93.9,100.3,36.3,punto adelante de la componente
611,18.348,HIGH,toca_abajo,-37.6,-0.563,76.4,93.9,-3.1,50.7,93.9,100.3,36.3,punto adelante de la componente
612,18.378,HIGH,toca_abajo,-40.8,-0.611,82.1,97.9,2.6,47.1,97.9,100.0,42.5,punto adelante de la componente
613,18.408,HIGH,toca_abajo,-45.7,-0.685,84.8,106.9,5.3,56.6,106.9,100.3,54.3,punto adelante de la componente
614,18.438,HIGH,toca_abajo,-49.5,-0.743,97.2,109.0,17.7,39.5,109.0,100.1,56.1,punto adelante de la componente
615,18.468,HIGH,toca_abajo,-49.5,-0.743,97.2,109.0,17.7,39.5,109.0,100.1,56.1,punto adelante de la componente
616,18.498,HIGH,toca_abajo,-49.6,-0.745,103.8,108.9,24.3,19.4,108.9,100.1,55.9,punto adelante de la componente
617,18.529,HIGH,toca_abajo,-46.1,-0.691,104.2,107.6,24.7,13.5,107.6,100.1,54.8,punto adelante de la componente
618,18.559,HIGH,toca_abajo,-37.4,-0.561,99.0,102.7,19.5,14.6,102.7,100.1,49.4,punto adelante de la componente
619,18.589,HIGH,toca_abajo,-37.4,-0.561,99.0,102.7,19.5,14.6,102.7,100.1,49.4,punto adelante de la componente
620,18.619,HIGH,toca_abajo,-30.1,-0.451,96.1,98.9,16.6,11.3,98.9,100.1,44.3,punto adelante de la componente
621,18.649,HIGH,toca_abajo,-30.1,-0.451,96.1,98.9,16.6,11.3,98.9,100.1,44.3,punto adelante de la componente
622,18.679,HIGH,toca_abajo,-20.9,-0.313,92.7,95.2,13.2,9.7,95.2,100.1,38.2,punto adelante de la componente
623,18.709,HIGH,toca_abajo,-15.3,-0.229,90.5,93.9,11.0,13.1,93.9,100.1,35.8,punto adelante de la componente
624,18.739,HIGH,toca_abajo,-15.3,-0.229,90.5,93.9,11.0,13.1,93.9,100.1,35.8,punto adelante de la componente
625,18.769,HIGH,toca_abajo,-5.2,-0.079,90.2,93.0,10.7,11.1,93.0,100.1,34.2,punto adelante de la componente
626,18.799,HIGH,toca_abajo,9.3,0.139,87.6,89.8,8.1,8.6,89.8,100.0,27.2,punto adelante de la componente
627,18.829,HIGH,toca_abajo,29.3,0.439,85.8,79.9,6.3,-21.7,79.9,99.9,1.2,punto adelante de la componente
628,18.859,HIGH,toca_abajo,29.3,0.439,85.8,79.9,6.3,-21.7,79.9,99.9,1.2,punto adelante de la componente
629,18.889,HIGH,toca_abajo,50.7,0.761,77.2,61.1,-2.3,-48.9,61.1,100.2,-43.0,punto adelante de la componente
630,18.919,HIGH,toca_abajo,62.8,0.942,66.5,43.3,-13.0,-58.4,43.3,100.2,-61.3,punto adelante de la componente
631,18.949,HIGH,toca_abajo,62.8,0.942,66.5,43.3,-13.0,-58.4,43.3,100.2,-61.3,punto adelante de la componente
632,18.979,HIGH,toca_abajo,68.3,1.000,55.7,34.3,-23.8,-56.1,34.3,100.3,-66.4,punto adelante de la componente
633,19.009,HIGH,toca_abajo,70.5,1.000,46.7,30.7,-32.8,-48.2,30.7,100.3,-68.0,punto adelante de la componente
634,19.039,HIGH,toca_abajo,70.5,1.000,46.7,30.7,-32.8,-48.2,30.7,100.3,-68.0,punto adelante de la componente
635,19.069,HIGH,toca_abajo,70.4,1.000,44.9,30.5,-34.6,-44.9,30.5,100.3,-68.1,punto adelante de la componente
636,19.099,HIGH,toca_abajo,70.0,1.000,43.8,30.0,-35.7,-43.7,30.0,100.3,-68.3,punto adelante de la componente
637,19.129,HIGH,toca_abajo,66.8,1.000,50.7,34.2,-28.8,-48.8,34.2,100.2,-66.4,punto adelante de la componente
638,19.159,HIGH,toca_abajo,66.8,1.000,50.7,34.2,-28.8,-48.8,34.2,100.2,-66.4,punto adelante de la componente
639,19.189,HIGH,toca_abajo,60.9,0.913,62.3,44.3,-17.2,-51.2,44.3,100.2,-60.6,punto adelante de la componente
640,19.219,HIGH,toca_abajo,53.4,0.801,71.6,52.3,-7.9,-53.3,52.3,100.2,-53.9,punto adelante de la componente
641,19.249,HIGH,toca_abajo,53.4,0.801,71.6,52.3,-7.9,-53.3,52.3,100.2,-53.9,punto adelante de la componente
642,19.279,HIGH,toca_abajo,45.1,0.676,78.5,59.0,-1.0,-53.5,59.0,100.2,-45.9,punto adelante de la componente
643,19.309,HIGH,toca_abajo,34.6,0.520,84.6,65.3,5.1,-53.2,65.3,100.2,-35.6,punto adelante de la componente
644,19.339,HIGH,toca_abajo,34.6,0.520,84.6,65.3,5.1,-53.2,65.3,100.2,-35.6,punto adelante de la componente
645,19.369,HIGH,toca_abajo,21.4,0.321,90.2,71.9,10.7,-51.9,71.9,100.1,-20.9,punto adelante de la componente
646,19.399,HIGH,toca_abajo,23.0,0.345,88.8,69.5,9.3,-53.2,69.5,100.2,-26.8,punto adelante de la componente
647,19.429,HIGH,toca_abajo,30.6,0.459,82.3,64.0,2.8,-51.7,64.0,100.2,-38.0,punto adelante de la componente
648,19.459,HIGH,toca_abajo,30.6,0.459,82.3,64.0,2.8,-51.7,64.0,100.2,-38.0,punto adelante de la componente
649,19.489,HIGH,toca_abajo,37.8,0.567,73.3,58.1,-6.2,-46.6,58.1,100.2,-47.3,punto adelante de la componente
650,19.520,HIGH,toca_abajo,40.7,0.610,66.9,54.8,-12.6,-40.0,54.8,100.2,-51.4,punto adelante de la componente
651,19.550,HIGH,toca_abajo,40.7,0.610,66.9,54.8,-12.6,-40.0,54.8,100.2,-51.4,punto adelante de la componente
652,19.580,HIGH,toca_abajo,40.9,0.614,61.2,55.2,-18.3,-22.7,55.2,100.1,-50.7,punto adelante de la componente
653,19.610,HIGH,toca_abajo,35.8,0.536,57.4,58.4,-22.1,4.3,58.4,100.1,-46.6,punto adelante de la componente
654,19.640,HIGH,toca_abajo,23.3,0.349,62.7,63.7,-16.8,3.7,63.7,100.1,-38.5,punto adelante de la componente
655,19.670,HIGH,toca_abajo,23.3,0.349,62.7,63.7,-16.8,3.7,63.7,100.1,-38.5,punto adelante de la componente
656,19.700,HIGH,toca_abajo,8.9,0.133,68.0,69.2,-11.5,4.4,69.2,100.0,-27.3,punto adelante de la componente
657,19.730,HIGH,toca_abajo,-9.3,-0.140,74.1,76.3,-5.4,8.6,76.3,99.9,-9.1,punto adelante de la componente
658,19.760,HIGH,toca_abajo,-26.5,-0.398,78.4,85.5,-1.1,26.4,85.5,100.1,16.9,punto adelante de la componente
659,19.790,HIGH,toca_abajo,-26.5,-0.398,78.4,85.5,-1.1,26.4,85.5,100.1,16.9,punto adelante de la componente
660,19.820,HIGH,toca_abajo,-42.4,-0.635,85.2,97.7,5.7,41.0,97.7,100.1,42.5,punto adelante de la componente
661,19.850,HIGH,toca_abajo,-53.6,-0.804,97.7,108.6,18.2,37.0,108.6,100.1,55.7,punto adelante de la componente
662,19.880,HIGH,toca_abajo,-53.6,-0.804,97.7,108.6,18.2,37.0,108.6,100.1,55.7,punto adelante de la componente
663,19.910,HIGH,toca_abajo,-58.5,-0.878,107.0,115.0,27.5,29.0,115.0,100.2,60.9,punto adelante de la componente
664,19.940,HIGH,toca_abajo,-62.1,-0.932,115.3,121.0,35.8,21.4,121.0,100.1,64.4,punto adelante de la componente
665,19.970,HIGH,toca_abajo,-62.5,-0.937,118.4,122.4,38.9,15.7,122.4,100.1,65.1,punto adelante de la componente
666,20.000,HIGH,toca_abajo,-62.5,-0.937,118.4,122.4,38.9,15.7,122.4,100.1,65.1,punto adelante de la componente
667,20.030,HIGH,toca_abajo,-60.5,-0.908,117.0,118.6,37.5,6.3,118.6,100.1,63.0,punto adelante de la componente
668,20.060,HIGH,toca_abajo,-59.0,-0.885,115.2,116.0,35.7,3.4,116.0,100.1,61.4,punto adelante de la componente
669,20.090,HIGH,toca_abajo,-56.7,-0.851,112.3,112.8,32.8,2.1,112.8,100.1,59.1,punto adelante de la componente
670,20.120,HIGH,toca_abajo,-56.7,-0.851,112.3,112.8,32.8,2.1,112.8,100.1,59.1,punto adelante de la componente
671,20.150,HIGH,toca_abajo,-51.9,-0.779,107.1,107.4,27.6,0.9,107.4,100.1,54.5,punto adelante de la componente
672,20.180,HIGH,toca_abajo,-44.3,-0.664,100.3,100.7,20.8,1.7,100.7,100.1,46.9,punto adelante de la componente
673,20.210,HIGH,toca_abajo,-44.3,-0.664,100.3,100.7,20.8,1.7,100.7,100.1,46.9,punto adelante de la componente
674,20.240,HIGH,toca_abajo,-33.6,-0.504,92.8,93.7,13.3,3.7,93.7,100.1,35.6,punto adelante de la componente
675,20.270,HIGH,toca_abajo,-24.7,-0.371,88.0,89.2,8.5,4.5,89.2,100.1,25.9,punto adelante de la componente
676,20.300,HIGH,toca_abajo,-24.7,-0.371,88.0,89.2,8.5,4.5,89.2,100.1,25.9,punto adelante de la componente
677,20.330,HIGH,toca_abajo,-11.4,-0.170,82.1,83.6,2.6,5.9,83.6,100.1,11.6,punto adelante de la componente
678,20.360,HIGH,toca_abajo,-2.9,-0.043,78.4,80.5,-1.1,8.2,80.5,100.1,2.8,punto adelante de la componente
679,20.390,HIGH,toca_abajo,2.7,0.041,76.6,79.2,-2.9,10.1,79.2,100.0,-0.8,punto adelante de la componente
680,20.420,HIGH,toca_abajo,2.7,0.041,76.6,79.2,-2.9,10.1,79.2,100.0,-0.8,punto adelante de la componente
681,20.450,HIGH,toca_abajo,7.2,0.108,75.3,78.6,-4.2,12.8,78.6,100.2,-2.7,punto adelante de la componente
682,20.480,HIGH,toca_abajo,8.3,0.124,78.3,76.8,-1.2,-5.7,76.8,100.1,-7.6,punto adelante de la componente
683,20.511,HIGH,toca_abajo,8.6,0.129,78.6,76.1,-0.9,-9.8,76.1,100.1,-9.7,punto adelante de la componente
684,20.541,HIGH,toca_abajo,13.9,0.209,75.9,73.1,-3.6,-10.8,73.1,100.1,-17.8,punto adelante de la componente
685,20.571,HIGH,toca_abajo,19.6,0.294,72.6,70.3,-6.9,-8.7,70.3,100.1,-24.7,punto adelante de la componente
686,20.601,HIGH,toca_abajo,19.6,0.294,72.6,70.3,-6.9,-8.7,70.3,100.1,-24.7,punto adelante de la componente
687,20.631,HIGH,toca_abajo,21.4,0.322,70.8,68.7,-8.7,-8.1,68.7,100.1,-28.4,punto adelante de la componente
688,20.661,HIGH,toca_abajo,20.4,0.306,68.2,66.6,-11.3,-6.2,66.6,100.1,-32.9,punto adelante de la componente
689,20.691,HIGH,toca_abajo,20.4,0.306,68.2,66.6,-11.3,-6.2,66.6,100.1,-32.9,punto adelante de la componente
690,20.721,HIGH,toca_abajo,14.1,0.211,68.3,66.7,-11.2,-6.0,66.7,100.1,-32.7,punto adelante de la componente
691,20.751,HIGH,toca_abajo,8.3,0.125,66.6,67.0,-12.9,1.8,67.0,100.0,-31.9,punto adelante de la componente
692,20.781,HIGH,toca_abajo,8.3,0.125,66.6,67.0,-12.9,1.8,67.0,100.0,-31.9,punto adelante de la componente
693,20.811,HIGH,toca_abajo,1.6,0.023,65.1,70.4,-14.4,20.1,70.4,100.0,-24.6,punto adelante de la componente
694,20.841,HIGH,toca_abajo,-10.1,-0.151,66.6,77.2,-12.9,36.5,77.2,100.1,-6.7,punto adelante de la componente
695,20.871,HIGH,toca_abajo,-10.1,-0.151,66.6,77.2,-12.9,36.5,77.2,100.1,-6.7,punto adelante de la componente
696,20.901,HIGH,toca_abajo,-36.2,-0.544,76.6,91.2,-2.9,45.2,91.2,100.1,30.5,punto adelante de la componente
697,20.931,HIGH,toca_abajo,-52.3,-0.785,90.1,103.7,10.6,43.2,103.7,100.1,50.5,punto adelante de la componente
698,20.961,HIGH,toca_abajo,-61.3,-0.919,102.8,115.1,23.3,40.3,115.1,100.1,60.8,punto adelante de la componente
699,20.991,HIGH,toca_abajo,-61.3,-0.919,102.8,115.1,23.3,40.3,115.1,100.1,60.8,punto adelante de la componente
700,21.021,HIGH,toca_abajo,-65.6,-0.984,113.8,124.0,34.3,35.2,124.0,100.1,65.9,punto adelante de la componente
701,21.051,HIGH,toca_abajo,-65.6,-0.983,115.6,123.9,36.1,29.8,123.9,100.1,65.9,punto adelante de la componente
702,21.081,HIGH,toca_abajo,-65.1,-0.977,115.1,123.2,35.6,29.0,123.2,100.1,65.5,punto adelante de la componente
703,21.111,HIGH,toca_abajo,-65.1,-0.977,115.1,123.2,35.6,29.0,123.2,100.1,65.5,punto adelante de la componente
704,21.141,HIGH,toca_abajo,-63.1,-0.946,111.6,119.3,32.1,28.0,119.3,100.1,63.5,punto adelante de la componente
705,21.171,HIGH,toca_abajo,-60.3,-0.904,106.5,114.8,27.0,30.0,114.8,100.2,60.6,punto adelante de la componente
706,21.201,HIGH,toca_abajo,-60.3,-0.904,106.5,114.8,27.0,30.0,114.8,100.2,60.6,punto adelante de la componente
707,21.231,HIGH,toca_abajo,-56.1,-0.841,100.9,109.3,21.4,30.0,109.3,100.1,56.3,punto adelante de la componente
708,21.261,HIGH,toca_abajo,-49.1,-0.737,93.8,102.3,14.3,30.6,102.3,100.1,49.0,punto adelante de la componente
709,21.291,HIGH,toca_abajo,-49.1,-0.737,93.8,102.3,14.3,30.6,102.3,100.1,49.0,punto adelante de la componente
710,21.321,HIGH,toca_abajo,-36.4,-0.545,84.7,93.4,5.2,31.0,93.4,100.1,34.9,punto adelante de la componente
711,21.351,HIGH,toca_abajo,-18.7,-0.281,74.9,84.6,-4.6,33.8,84.6,100.1,14.4,punto adelante de la componente
712,21.381,HIGH,toca_abajo,-10.7,-0.161,71.6,81.5,-7.9,34.2,81.5,100.1,5.6,punto adelante de la componente
713,21.411,HIGH,toca_abajo,-10.7,-0.161,71.6,81.5,-7.9,34.2,81.5,100.1,5.6,punto adelante de la componente
714,21.441,HIGH,toca_abajo,-1.9,-0.028,68.0,78.1,-11.5,34.8,78.1,100.1,-4.2,punto adelante de la componente
715,21.471,HIGH,toca_abajo,-8.0,-0.120,70.4,80.5,-9.1,34.9,80.5,100.1,2.8,punto adelante de la componente
716,21.502,HIGH,toca_abajo,-17.6,-0.265,75.6,84.4,-3.9,31.0,84.4,100.1,13.7,punto adelante de la componente
717,21.532,HIGH,toca_abajo,-17.6,-0.265,75.6,84.4,-3.9,31.0,84.4,100.1,13.7,punto adelante de la componente
718,21.562,HIGH,toca_abajo,-28.5,-0.428,80.8,89.9,1.3,32.2,89.9,100.1,27.5,punto adelante de la componente
719,21.592,HIGH,toca_abajo,-36.2,-0.544,87.3,94.3,7.8,26.0,94.3,100.1,36.6,punto adelante de la componente
720,21.622,HIGH,toca_abajo,-36.2,-0.544,87.3,94.3,7.8,26.0,94.3,100.1,36.6,punto adelante de la componente
721,21.652,HIGH,toca_abajo,-37.6,-0.564,88.3,95.2,8.8,25.6,95.2,100.1,38.3,punto adelante de la componente
722,21.682,HIGH,toca_abajo,-37.6,-0.564,88.3,95.2,8.8,25.6,95.2,100.1,38.3,punto adelante de la componente
723,21.712,HIGH,toca_abajo,-40.5,-0.608,92.1,97.2,12.6,19.7,97.2,100.1,41.7,punto adelante de la componente
724,21.742,HIGH,toca_abajo,-37.1,-0.557,89.9,95.2,10.4,19.9,95.2,100.1,38.2,punto adelante de la componente
725,21.772,HIGH,toca_abajo,-37.1,-0.557,89.9,95.2,10.4,19.9,95.2,100.1,38.2,punto adelante de la componente
726,21.802,HIGH,toca_abajo,-35.4,-0.531,89.9,94.2,10.4,16.6,94.2,100.1,36.5,punto adelante de la componente
727,21.832,HIGH,toca_abajo,-32.7,-0.490,89.2,93.3,9.7,15.7,93.3,100.1,34.8,punto adelante de la componente
728,21.862,HIGH,toca_abajo,-32.7,-0.490,89.2,93.3,9.7,15.7,93.3,100.1,34.8,punto adelante de la componente
729,21.892,HIGH,toca_abajo,-29.2,-0.438,88.7,92.5,9.2,14.9,92.5,100.1,33.2,punto adelante de la componente
730,21.922,HIGH,toca_abajo,-24.1,-0.361,87.9,91.4,8.4,13.8,91.4,100.1,31.0,punto adelante de la componente
731,21.952,HIGH,toca_abajo,-24.1,-0.361,87.9,91.4,8.4,13.8,91.4,100.1,31.0,punto adelante de la componente
732,21.982,HIGH,toca_abajo,-20.2,-0.302,87.7,90.9,8.2,12.5,90.9,100.1,29.8,punto adelante de la componente
733,22.012,HIGH,toca_abajo,-14.9,-0.223,89.5,92.3,10.0,10.6,92.3,100.1,32.7,punto adelante de la componente
734,22.042,HIGH,toca_abajo,-3.8,-0.057,88.8,91.3,9.3,9.7,91.3,100.1,30.6,punto adelante de la componente
735,22.072,HIGH,toca_abajo,-3.8,-0.057,88.8,91.3,9.3,9.7,91.3,100.1,30.6,punto adelante de la componente
736,22.102,HIGH,toca_abajo,4.8,0.071,88.2,90.6,8.7,9.3,90.6,100.1,29.2,punto adelante de la componente
737,22.132,HIGH,toca_abajo,13.1,0.196,89.5,90.5,10.0,4.0,90.5,100.0,28.8,punto adelante de la componente
738,22.162,HIGH,toca_abajo,13.1,0.196,89.5,90.5,10.0,4.0,90.5,100.0,28.8,punto adelante de la componente
739,22.192,HIGH,toca_abajo,27.6,0.414,89.4,80.8,9.9,-30.0,80.8,99.7,3.7,punto adelante de la componente
740,22.222,HIGH,toca_abajo,47.0,0.705,84.3,64.8,4.8,-53.8,64.8,100.1,-36.5,punto adelante de la componente
741,22.252,HIGH,toca_abajo,60.5,0.907,74.9,50.6,-4.6,-59.9,50.6,100.3,-55.7,punto adelante de la componente
742,22.282,HIGH,toca_abajo,60.5,0.907,74.9,50.6,-4.6,-59.9,50.6,100.3,-55.7,punto adelante de la componente
743,22.312,HIGH,toca_abajo,70.6,1.000,62.6,36.4,-16.9,-61.7,36.4,100.5,-65.7,punto adelante de la componente
744,22.342,HIGH,toca_abajo,75.5,1.000,52.5,28.1,-27.0,-59.6,28.1,100.5,-69.2,punto adelante de la componente
745,22.372,HIGH,toca_abajo,75.5,1.000,52.5,28.1,-27.0,-59.6,28.1,100.5,-69.2,punto adelante de la componente
746,22.402,HIGH,toca_abajo,76.6,1.000,48.5,25.7,-31.0,-57.8,25.7,100.5,-70.1,punto adelante de la componente
747,22.432,HIGH,toca_abajo,78.0,1.000,41.7,22.3,-37.8,-53.5,22.3,100.5,-71.2,punto adelante de la componente
748,22.462,HIGH,toca_abajo,78.0,1.000,41.7,22.3,-37.8,-53.5,22.3,100.5,-71.2,punto adelante de la componente
749,22.492,HIGH,toca_abajo,78.8,1.000,36.0,19.6,-43.5,-49.0,19.6,100.5,-72.0,punto adelante de la componente
750,22.523,HIGH,toca_abajo,79.4,1.000,32.4,17.6,-47.1,-46.0,17.6,100.5,-72.5,punto adelante de la componente
751,22.553,HIGH,toca_abajo,78.8,1.000,31.9,18.2,-47.6,-43.8,18.2,100.4,-72.3,punto adelante de la componente
752,22.583,HIGH,toca_abajo,76.8,1.000,35.0,21.7,-44.5,-42.8,21.7,100.4,-71.3,punto adelante de la componente
753,22.613,HIGH,toca_abajo,76.8,1.000,35.0,21.7,-44.5,-42.8,21.7,100.4,-71.3,punto adelante de la componente
754,22.643,HIGH,toca_abajo,72.3,1.000,44.2,29.1,-35.3,-46.3,29.1,100.3,-68.6,punto adelante de la componente
755,22.673,HIGH,toca_abajo,68.4,1.000,54.4,34.7,-25.1,-53.9,34.7,100.2,-66.2,punto adelante de la componente
756,22.703,HIGH,toca_abajo,68.4,1.000,54.4,34.7,-25.1,-53.9,34.7,100.2,-66.2,punto adelante de la componente
757,22.733,HIGH,toca_abajo,61.7,0.926,65.5,44.9,-14.0,-54.9,44.9,100.2,-60.2,punto adelante de la componente
758,22.763,HIGH,toca_abajo,55.0,0.824,74.2,52.6,-5.3,-56.2,52.6,100.2,-53.7,punto adelante de la componente
759,22.793,HIGH,toca_abajo,45.5,0.683,82.4,60.5,2.9,-56.6,60.5,100.2,-43.8,punto adelante de la componente
760,22.823,HIGH,toca_abajo,45.5,0.683,82.4,60.5,2.9,-56.6,60.5,100.2,-43.8,punto adelante de la componente
761,22.853,HIGH,toca_abajo,25.2,0.378,94.8,72.8,15.3,-56.6,72.8,100.2,-18.6,punto adelante de la componente
762,22.883,HIGH,toca_abajo,7.9,0.119,103.9,81.4,24.4,-57.3,81.4,100.2,5.3,punto adelante de la componente
763,22.913,HIGH,toca_abajo,0.0,0.000,107.9,86.2,28.4,-56.4,86.2,100.1,18.6,punto adelante de la componente
764,22.943,HIGH,toca_abajo,0.0,0.000,107.9,86.2,28.4,-56.4,86.2,100.1,18.6,punto adelante de la componente
765,22.973,HIGH,toca_abajo,-2.6,-0.039,109.3,88.0,29.8,-55.9,88.0,100.1,23.1,punto adelante de la componente
766,23.003,HIGH,toca_abajo,8.4,0.126,105.1,83.4,25.6,-56.2,83.4,100.1,11.1,punto adelante de la componente
767,23.033,HIGH,toca_abajo,30.6,0.458,94.3,74.2,14.8,-54.2,74.2,100.1,-15.0,punto adelante de la componente
768,23.063,HIGH,toca_abajo,30.6,0.458,94.3,74.2,14.8,-54.2,74.2,100.1,-15.0,punto adelante de la componente
769,23.093,HIGH,toca_abajo,54.4,0.816,78.3,54.5,-1.2,-58.1,54.5,99.8,-51.0,punto adelante de la componente
770,23.123,HIGH,toca_abajo,66.1,0.992,66.5,42.2,-13.0,-59.4,42.2,100.1,-61.9,punto adelante de la componente
771,23.153,HIGH,toca_abajo,66.1,0.992,66.5,42.2,-13.0,-59.4,42.2,100.1,-61.9,punto adelante de la componente
772,23.183,HIGH,toca_abajo,75.1,1.000,46.7,36.0,-32.8,-36.6,36.0,100.2,-65.5,punto adelante de la componente
773,23.213,MEDIUM,toca_abajo,80.2,1.000,39.9,25.4,-39.6,-47.0,25.4,101.1,-70.7,punto adelante de la componente
774,23.243,MEDIUM,toca_abajo,80.2,1.000,39.9,25.4,-39.6,-47.0,25.4,101.1,-70.7,punto adelante de la componente
775,23.273,MEDIUM,toca_abajo,83.1,1.000,37.8,12.7,-41.7,-62.3,12.7,101.5,-74.5,punto adelante de la componente
776,23.303,MEDIUM,toca_abajo,86.1,1.000,22.4,4.3,-57.1,-56.9,4.3,103.5,-77.6,punto adelante de la componente
777,23.333,MEDIUM,toca_abajo,86.4,1.000,18.9,3.6,-60.6,-53.2,3.6,103.8,-78.0,punto adelante de la componente
778,23.363,MEDIUM,toca_abajo,86.4,1.000,18.9,3.6,-60.6,-53.2,3.6,103.8,-78.0,punto adelante de la componente
779,23.393,MEDIUM,toca_abajo,86.1,1.000,19.5,4.4,-60.0,-52.1,4.4,103.4,-77.5,punto adelante de la componente
780,23.423,MEDIUM,toca_abajo,85.6,1.000,22.1,5.8,-57.4,-53.5,5.8,103.0,-77.0,punto adelante de la componente
781,23.453,MEDIUM,toca_abajo,85.6,1.000,22.1,5.8,-57.4,-53.5,5.8,103.0,-77.0,punto adelante de la componente
782,23.483,MEDIUM,toca_abajo,85.5,1.000,22.6,6.0,-56.9,-53.6,6.0,102.7,-76.8,punto adelante de la componente
783,23.514,MEDIUM,toca_abajo,84.9,1.000,25.1,7.6,-54.4,-53.7,7.6,102.1,-76.0,punto adelante de la componente
784,23.544,MEDIUM,toca_abajo,84.1,1.000,27.9,9.5,-51.6,-53.7,9.5,101.4,-75.1,punto adelante de la componente
785,23.574,MEDIUM,toca_abajo,84.1,1.000,27.9,9.5,-51.6,-53.7,9.5,101.4,-75.1,punto adelante de la componente
786,23.604,MEDIUM,toca_abajo,82.7,1.000,33.7,13.7,-45.8,-55.1,13.7,101.0,-73.9,punto adelante de la componente
787,23.634,MEDIUM,toca_abajo,79.6,1.000,45.1,22.0,-34.4,-58.5,22.0,100.7,-71.4,punto adelante de la componente
788,23.664,HIGH,toca_abajo,76.9,1.000,55.2,27.8,-24.3,-62.5,27.8,100.6,-69.4,punto adelante de la componente
789,23.694,HIGH,toca_abajo,76.9,1.000,55.2,27.8,-24.3,-62.5,27.8,100.6,-69.4,punto adelante de la componente
790,23.724,HIGH,toca_abajo,75.6,1.000,58.3,29.9,-21.2,-63.2,29.9,100.6,-68.6,punto adelante de la componente
791,23.754,HIGH,toca_abajo,74.9,1.000,59.5,31.4,-20.0,-63.0,31.4,100.5,-68.0,punto adelante de la componente
792,23.784,HIGH,toca_abajo,74.9,1.000,59.5,31.4,-20.0,-63.0,31.4,100.5,-68.0,punto adelante de la componente
793,23.814,HIGH,toca_abajo,75.1,1.000,57.8,31.2,-21.7,-61.8,31.2,100.5,-68.1,punto adelante de la componente
794,23.844,HIGH,toca_abajo,76.6,1.000,53.7,28.3,-25.8,-60.7,28.3,100.6,-69.2,punto adelante de la componente
795,23.874,HIGH,toca_abajo,76.6,1.000,53.7,28.3,-25.8,-60.7,28.3,100.6,-69.2,punto adelante de la componente
796,23.904,HIGH,toca_abajo,78.0,1.000,49.6,25.5,-29.9,-59.5,25.5,100.6,-70.2,punto adelante de la componente
797,23.934,HIGH,toca_abajo,79.0,1.000,45.5,23.2,-34.0,-57.6,23.2,100.6,-71.0,punto adelante de la componente
798,23.964,HIGH,toca_abajo,78.7,1.000,45.1,23.7,-34.4,-56.4,23.7,100.6,-70.8,punto adelante de la componente
799,23.994,HIGH,toca_abajo,78.7,1.000,45.1,23.7,-34.4,-56.4,23.7,100.6,-70.8,punto adelante de la componente
800,24.024,HIGH,toca_abajo,77.7,1.000,46.2,25.5,-33.3,-55.4,25.5,100.5,-70.1,punto adelante de la componente
801,24.054,HIGH,toca_abajo,75.9,1.000,49.5,28.9,-30.0,-55.1,28.9,100.4,-68.9,punto adelante de la componente
802,24.084,HIGH,toca_abajo,75.9,1.000,49.5,28.9,-30.0,-55.1,28.9,100.4,-68.9,punto adelante de la componente
803,24.114,HIGH,toca_abajo,72.7,1.000,57.9,34.4,-21.6,-58.7,34.4,100.4,-66.5,punto adelante de la componente
804,24.144,HIGH,toca_abajo,70.0,1.000,64.1,37.7,-15.4,-61.6,37.7,100.4,-64.9,punto adelante de la componente
805,24.174,HIGH,toca_abajo,70.0,1.000,64.1,37.7,-15.4,-61.6,37.7,100.4,-64.9,punto adelante de la componente
806,24.204,HIGH,toca_abajo,68.4,1.000,66.4,39.2,-13.1,-62.2,39.2,100.4,-64.0,punto adelante de la componente
807,24.234,HIGH,toca_abajo,65.4,0.980,70.9,42.0,-8.6,-63.6,42.0,100.3,-62.3,punto adelante de la componente
808,24.264,HIGH,toca_abajo,67.6,1.000,67.2,39.4,-12.3,-62.8,39.4,100.3,-63.9,punto adelante de la componente
809,24.294,HIGH,toca_abajo,71.1,1.000,59.7,35.3,-19.8,-59.6,35.3,100.4,-66.1,punto adelante de la componente
810,24.324,HIGH,toca_abajo,71.1,1.000,59.7,35.3,-19.8,-59.6,35.3,100.4,-66.1,punto adelante de la componente
811,24.354,HIGH,toca_abajo,74.0,1.000,51.3,31.0,-28.2,-55.0,31.0,100.4,-68.0,punto adelante de la componente
812,24.384,HIGH,toca_abajo,75.6,1.000,45.2,27.8,-34.3,-50.4,27.8,100.4,-69.2,punto adelante de la componente
813,24.414,HIGH,toca_abajo,75.6,1.000,45.2,27.8,-34.3,-50.4,27.8,100.4,-69.2,punto adelante de la componente
814,24.444,HIGH,toca_abajo,76.4,1.000,42.2,25.8,-37.3,-48.8,25.8,100.4,-69.9,punto adelante de la componente
815,24.474,HIGH,toca_abajo,77.9,1.000,35.9,21.6,-43.6,-45.1,21.6,100.4,-71.3,punto adelante de la componente
816,24.505,HIGH,toca_abajo,77.9,1.000,35.9,21.6,-43.6,-45.1,21.6,100.4,-71.3,punto adelante de la componente
817,24.535,HIGH,toca_abajo,77.8,1.000,33.9,20.7,-45.6,-42.9,20.7,100.4,-71.6,punto adelante de la componente
818,24.565,HIGH,toca_abajo,76.6,1.000,34.5,21.8,-45.0,-41.7,21.8,100.4,-71.2,punto adelante de la componente
819,24.595,HIGH,toca_abajo,73.5,1.000,38.5,25.7,-41.0,-41.9,25.7,100.3,-69.9,punto adelante de la componente
820,24.625,HIGH,toca_abajo,73.5,1.000,38.5,25.7,-41.0,-41.9,25.7,100.3,-69.9,punto adelante de la componente
821,24.655,HIGH,toca_abajo,67.2,1.000,53.5,35.6,-26.0,-51.5,35.6,100.2,-65.8,punto adelante de la componente
822,24.685,HIGH,toca_abajo,63.9,0.959,60.0,40.1,-19.5,-54.2,40.1,100.2,-63.3,punto adelante de la componente
823,24.715,HIGH,toca_abajo,63.9,0.959,60.0,40.1,-19.5,-54.2,40.1,100.2,-63.3,punto adelante de la componente
824,24.745,HIGH,toca_abajo,59.7,0.895,65.8,45.7,-13.7,-54.5,45.7,100.2,-59.6,punto adelante de la componente
825,24.775,HIGH,toca_abajo,54.1,0.811,72.1,52.0,-7.4,-54.5,52.0,100.2,-54.2,punto adelante de la componente
826,24.805,HIGH,toca_abajo,54.1,0.811,72.1,52.0,-7.4,-54.5,52.0,100.2,-54.2,punto adelante de la componente
827,24.835,HIGH,toca_abajo,46.7,0.701,78.5,58.6,-1.0,-54.2,58.6,100.2,-46.5,punto adelante de la componente
828,24.865,HIGH,toca_abajo,31.0,0.465,89.6,68.2,10.1,-56.1,68.2,100.2,-29.6,punto adelante de la componente
829,24.895,HIGH,toca_abajo,31.0,0.465,89.6,68.2,10.1,-56.1,68.2,100.2,-29.6,punto adelante de la componente
830,24.925,HIGH,toca_abajo,24.6,0.369,92.8,71.0,13.3,-56.7,71.0,100.2,-23.3,punto adelante de la componente
831,24.955,HIGH,toca_abajo,19.0,0.286,95.6,73.3,16.1,-57.2,73.3,100.2,-17.4,punto adelante de la componente
832,24.985,HIGH,toca_abajo,24.9,0.373,93.0,70.4,13.5,-57.8,70.4,100.1,-24.7,punto adelante de la componente
833,25.015,HIGH,toca_abajo,24.9,0.373,93.0,70.4,13.5,-57.8,70.4,100.1,-24.7,punto adelante de la componente
834,25.045,HIGH,toca_abajo,37.2,0.558,84.1,63.9,4.6,-54.7,63.9,100.1,-38.1,punto adelante de la componente
835,25.075,HIGH,toca_abajo,49.0,0.735,71.4,55.4,-8.1,-48.5,55.4,100.1,-50.5,punto adelante de la componente
836,25.105,HIGH,toca_abajo,56.4,0.847,58.6,47.5,-20.9,-38.1,47.5,100.1,-58.2,punto adelante de la componente
837,25.135,HIGH,toca_abajo,56.4,0.847,58.6,47.5,-20.9,-38.1,47.5,100.1,-58.2,punto adelante de la componente
838,25.165,HIGH,toca_abajo,58.8,0.883,53.0,43.8,-26.5,-32.7,43.8,100.1,-60.9,punto adelante de la componente
839,25.195,HIGH,toca_abajo,58.9,0.884,51.0,43.1,-28.5,-29.1,43.1,100.1,-61.4,punto adelante de la componente
840,25.225,HIGH,toca_abajo,58.9,0.884,51.0,43.1,-28.5,-29.1,43.1,100.1,-61.4,punto adelante de la componente
841,25.255,HIGH,toca_abajo,58.0,0.870,51.5,44.3,-28.0,-26.8,44.3,100.1,-60.5,punto adelante de la componente
842,25.285,HIGH,toca_abajo,57.8,0.867,51.8,45.1,-27.7,-24.9,45.1,100.1,-60.0,punto adelante de la componente
843,25.315,HIGH,toca_abajo,57.2,0.857,51.9,46.4,-27.6,-20.8,46.4,100.1,-59.0,punto adelante de la componente
844,25.345,HIGH,toca_abajo,57.2,0.857,51.9,46.4,-27.6,-20.8,46.4,100.1,-59.0,punto adelante de la componente
845,25.375,HIGH,toca_abajo,53.6,0.804,55.6,50.4,-23.9,-19.8,50.4,100.1,-55.7,punto adelante de la componente
846,25.405,HIGH,toca_abajo,50.4,0.756,58.7,53.6,-20.8,-19.2,53.6,100.1,-52.4,punto adelante de la componente
847,25.435,HIGH,toca_abajo,46.7,0.700,61.8,56.7,-17.7,-19.3,56.7,100.1,-48.9,punto adelante de la componente
848,25.465,HIGH,toca_abajo,46.7,0.700,61.8,56.7,-17.7,-19.3,56.7,100.1,-48.9,punto adelante de la componente
849,25.495,HIGH,toca_abajo,40.1,0.601,66.1,61.4,-13.4,-17.8,61.4,100.1,-42.3,punto adelante de la componente
850,25.526,HIGH,toca_abajo,34.9,0.524,69.3,64.4,-10.2,-18.7,64.4,100.1,-37.2,punto adelante de la componente
851,25.556,HIGH,toca_abajo,28.3,0.424,72.5,67.8,-7.0,-18.3,67.8,100.1,-30.6,punto adelante de la componente
852,25.586,HIGH,toca_abajo,28.3,0.424,72.5,67.8,-7.0,-18.3,67.8,100.1,-30.6,punto adelante de la componente
853,25.616,HIGH,toca_abajo,21.8,0.327,75.5,70.6,-4.0,-18.9,70.6,100.1,-24.2,punto adelante de la componente
854,25.646,HIGH,toca_abajo,18.6,0.279,76.2,71.4,-3.3,-18.4,71.4,100.1,-22.2,punto adelante de la componente
855,25.676,HIGH,toca_abajo,17.0,0.255,76.0,71.9,-3.5,-15.6,71.9,100.1,-20.8,punto adelante de la componente
856,25.706,HIGH,toca_abajo,21.2,0.319,73.2,70.1,-6.3,-12.2,70.1,100.1,-25.4,punto adelante de la componente
857,25.736,HIGH,toca_abajo,21.2,0.319,73.2,70.1,-6.3,-12.2,70.1,100.1,-25.4,punto adelante de la componente
858,25.766,HIGH,toca_abajo,17.5,0.262,73.3,71.4,-6.2,-7.5,71.4,100.1,-22.1,punto adelante de la componente
859,25.796,HIGH,toca_abajo,11.6,0.173,75.5,74.0,-4.0,-6.0,74.0,100.1,-15.6,punto adelante de la componente
860,25.826,HIGH,toca_abajo,7.5,0.113,76.1,75.5,-3.4,-2.4,75.5,100.1,-11.4,punto adelante de la componente
861,25.856,HIGH,toca_abajo,-0.9,-0.014,79.4,79.0,-0.1,-1.8,79.0,100.1,-1.6,punto adelante de la componente
862,25.886,HIGH,toca_abajo,-4.6,-0.069,80.3,80.6,0.8,1.2,80.6,100.1,3.1,punto adelante de la componente
863,25.916,HIGH,toca_abajo,-4.6,-0.069,80.3,80.6,0.8,1.2,80.6,100.1,3.1,punto adelante de la componente
864,25.946,HIGH,toca_abajo,-12.2,-0.183,83.1,83.9,3.6,2.8,83.9,100.1,12.4,punto adelante de la componente
865,25.976,HIGH,toca_abajo,-17.5,-0.262,85.9,84.3,6.4,-6.3,84.3,100.1,13.5,punto adelante de la componente
866,26.006,HIGH,toca_abajo,-26.1,-0.392,88.5,88.2,9.0,-1.1,88.2,100.1,23.6,punto adelante de la componente
867,26.036,HIGH,toca_abajo,-26.1,-0.392,88.5,88.2,9.0,-1.1,88.2,100.1,23.6,punto adelante de la componente
868,26.066,HIGH,toca_abajo,-34.8,-0.522,92.2,93.7,12.7,6.0,93.7,100.1,35.6,punto adelante de la componente
869,26.096,HIGH,toca_abajo,-37.2,-0.559,93.7,95.3,14.2,6.4,95.3,100.1,38.6,punto adelante de la componente
870,26.126,HIGH,toca_abajo,-39.4,-0.591,95.6,96.8,16.1,4.7,96.8,100.1,41.0,punto adelante de la componente
871,26.156,HIGH,toca_abajo,-39.4,-0.591,95.6,96.8,16.1,4.7,96.8,100.1,41.0,punto adelante de la componente
872,26.186,HIGH,toca_abajo,-41.8,-0.627,97.6,98.7,18.1,4.2,98.7,100.1,44.0,punto adelante de la componente
873,26.216,HIGH,toca_abajo,-42.8,-0.642,99.3,99.5,19.8,0.9,99.5,100.1,45.2,punto adelante de la componente
874,26.246,HIGH,toca_abajo,-42.6,-0.640,100.0,99.5,20.5,-2.0,99.5,100.1,45.1,punto adelante de la componente
875,26.276,HIGH,toca_abajo,-42.6,-0.640,100.0,99.5,20.5,-2.0,99.5,100.1,45.1,punto adelante de la componente
876,26.306,HIGH,toca_abajo,-39.6,-0.594,97.9,97.4,18.4,-2.0,97.4,100.1,42.0,punto adelante de la componente
877,26.336,HIGH,toca_abajo,-37.3,-0.560,96.7,96.1,17.2,-2.4,96.1,100.1,39.9,punto adelante de la componente
878,26.366,HIGH,toca_abajo,-37.3,-0.560,96.7,96.1,17.2,-2.4,96.1,100.1,39.9,punto adelante de la componente
879,26.396,HIGH,toca_abajo,-33.4,-0.500,95.4,94.0,15.9,-5.7,94.0,100.1,36.0,punto adelante de la componente
880,26.426,HIGH,toca_abajo,-25.6,-0.384,90.9,90.0,11.4,-3.7,90.0,100.1,27.8,punto adelante de la componente
881,26.456,HIGH,toca_abajo,-25.6,-0.384,90.9,90.0,11.4,-3.7,90.0,100.1,27.8,punto adelante de la componente
882,26.486,HIGH,toca_abajo,-20.0,-0.300,87.8,87.4,8.3,-1.5,87.4,100.1,21.6,punto adelante de la componente
883,26.517,HIGH,toca_abajo,-12.2,-0.183,85.1,84.6,5.6,-1.6,84.6,100.1,14.5,punto adelante de la componente
884,26.547,HIGH,toca_abajo,-3.6,-0.054,82.9,82.6,3.4,-1.0,82.6,100.1,9.0,punto adelante de la componente
885,26.577,HIGH,toca_abajo,-3.6,-0.054,82.9,82.6,3.4,-1.0,82.6,100.1,9.0,punto adelante de la componente
886,26.607,HIGH,toca_abajo,3.1,0.046,82.1,81.7,2.6,-1.5,81.7,100.1,6.4,punto adelante de la componente
887,26.637,HIGH,toca_abajo,8.6,0.130,82.1,81.4,2.6,-2.7,81.4,100.1,5.4,punto adelante de la componente
888,26.667,HIGH,toca_abajo,8.6,0.130,82.1,81.4,2.6,-2.7,81.4,100.1,5.4,punto adelante de la componente
889,26.697,HIGH,toca_abajo,12.1,0.182,81.6,81.0,2.1,-2.6,81.0,100.1,4.2,punto adelante de la componente
890,26.727,HIGH,toca_abajo,14.6,0.219,82.7,81.7,3.2,-3.7,81.7,100.1,6.4,punto adelante de la componente
891,26.757,HIGH,toca_abajo,22.9,0.344,81.2,80.5,1.7,-2.8,80.5,100.1,2.8,punto adelante de la componente
892,26.787,HIGH,toca_abajo,22.9,0.344,81.2,80.5,1.7,-2.8,80.5,100.1,2.8,punto adelante de la componente
893,26.817,HIGH,toca_abajo,28.8,0.431,82.3,81.1,2.8,-4.9,81.1,99.9,4.5,punto adelante de la componente
894,26.847,HIGH,toca_abajo,35.3,0.530,84.6,68.8,5.1,-46.4,68.8,99.5,-27.5,punto adelante de la componente
895,26.877,HIGH,toca_abajo,35.3,0.530,84.6,68.8,5.1,-46.4,68.8,99.5,-27.5,punto adelante de la componente
896,26.907,HIGH,toca_abajo,44.9,0.674,82.2,59.0,2.7,-58.3,59.0,99.9,-45.6,punto adelante de la componente
897,26.937,HIGH,toca_abajo,52.9,0.794,70.7,60.7,-8.8,-35.2,60.7,100.0,-43.3,punto adelante de la componente
898,26.967,HIGH,toca_abajo,52.9,0.794,70.7,60.7,-8.8,-35.2,60.7,100.0,-43.3,punto adelante de la componente
899,26.997,HIGH,toca_abajo,60.9,0.914,64.2,61.2,-15.3,-11.6,61.2,100.0,-42.4,punto adelante de la componente
900,27.027,MEDIUM,toca_abajo,69.6,1.000,64.4,48.9,-15.1,-50.1,48.9,101.5,-58.9,punto adelante de la componente
901,27.057,MEDIUM,toca_abajo,79.9,1.000,63.5,10.4,-16.0,-76.7,10.4,102.3,-75.6,punto adelante de la componente
902,27.087,MEDIUM,toca_abajo,79.9,1.000,63.5,10.4,-16.0,-76.7,10.4,102.3,-75.6,punto adelante de la componente
903,27.117,LOW,toca_abajo,87.0,1.000,19.6,,-59.9,,10.4,102.3,-75.6,ultimo objetivo confiable (memoria)
904,27.147,LOW,toca_abajo,88.5,1.000,7.0,,-72.5,,10.4,102.3,-75.6,ultimo objetivo confiable (memoria)
905,27.177,PERDIDA,sin_componente,89.3,0.000,,,,,,,0.0,sin objetivo
906,27.207,PERDIDA,sin_componente,89.3,0.000,,,,,,,0.0,sin objetivo
907,27.237,PERDIDA,sin_componente,-40.0,0.000,,,,,,,0.0,sin objetivo
908,27.267,SIN_CERCA,salto_grande,-41.2,-0.600,,,,,10.4,102.3,-75.6,memoria
909,27.297,SIN_CERCA,salto_grande,-41.2,-0.600,,,,,10.4,102.3,-75.6,memoria
910,27.327,SIN_CERCA,salto_grande,-39.7,-0.600,,,,,10.4,102.3,-75.6,memoria
911,27.357,SIN_CERCA,salto_grande,-38.8,-0.600,,,,,10.4,102.3,-75.6,memoria
912,27.387,SIN_CERCA,salto_grande,-39.3,-0.600,,,,,10.4,102.3,-75.6,memoria
913,27.417,SIN_CERCA,salto_grande,-39.3,-0.600,,,,,10.4,102.3,-75.6,memoria
914,27.447,SIN_CERCA,salto_grande,-40.0,-0.600,,,,,10.4,102.3,-75.6,memoria
915,27.477,SIN_CERCA,salto_grande,-40.0,-0.600,,,,,10.4,102.3,-75.6,memoria
916,27.508,SIN_CERCA,salto_grande,-42.0,-0.600,,,,,10.4,102.3,-75.6,memoria
917,27.538,PERDIDA,sin_componente,-45.4,0.000,,,,,,,0.0,sin objetivo
918,27.568,PERDIDA,sin_componente,-45.4,0.000,,,,,,,0.0,sin objetivo
919,27.598,PERDIDA,sin_componente,0.0,0.000,,,,,,,0.0,sin objetivo
920,27.628,SIN_CERCA,salto_grande,-37.1,-0.600,,,,,10.4,102.3,-75.6,memoria
921,27.658,SIN_CERCA,salto_grande,-21.5,-0.600,,,,,10.4,102.3,-75.6,memoria
922,27.688,SIN_CERCA,salto_grande,-21.5,-0.600,,,,,10.4,102.3,-75.6,memoria
923,27.718,SIN_CERCA,salto_grande,-16.8,-0.600,,,,,10.4,102.3,-75.6,memoria
924,27.748,SIN_CERCA,salto_grande,-1.4,-0.600,,,,,10.4,102.3,-75.6,memoria
925,27.778,SIN_CERCA,salto_grande,-1.4,-0.600,,,,,10.4,102.3,-75.6,memoria
926,27.808,SIN_CERCA,salto_grande,4.4,0.600,,,,,10.4,102.3,-75.6,memoria
927,27.838,SIN_CERCA,salto_grande,4.4,0.600,,,,,10.4,102.3,-75.6,memoria
928,27.868,SIN_CERCA,salto_grande,5.5,0.600,,,,,10.4,102.3,-75.6,memoria
929,27.898,SIN_CERCA,salto_grande,5.9,0.600,,,,,10.4,102.3,-75.6,memoria
930,27.928,SIN_CERCA,salto_grande,5.9,0.600,,,,,10.4,102.3,-75.6,memoria
931,27.958,SIN_CERCA,salto_grande,5.4,0.600,,,,,10.4,102.3,-75.6,memoria
932,27.988,SIN_CERCA,salto_grande,3.6,0.600,,56.6,,,56.6,76.5,-27.8,componente visible arriba
933,28.018,SIN_CERCA,continuidad,3.6,0.600,,56.6,,,56.6,76.5,-27.8,componente visible arriba
934,28.048,SIN_CERCA,continuidad,3.4,0.600,,68.0,,,68.0,79.1,-15.6,componente visible arriba
935,28.078,SIN_CERCA,continuidad,4.0,0.600,,78.7,,,78.7,80.0,-1.2,componente visible arriba
936,28.108,SIN_CERCA,continuidad,4.0,0.600,,78.7,,,78.7,80.0,-1.2,componente visible arriba
937,28.138,SIN_CERCA,continuidad,5.1,0.600,,61.7,,,61.7,98.8,-40.0,componente visible arriba
938,28.168,SIN_CERCA,continuidad,7.5,0.600,55.6,73.2,-23.9,57.1,73.2,99.8,-17.4,componente visible arriba
939,28.198,SIN_CERCA,continuidad,7.5,0.600,55.6,73.2,-23.9,57.1,73.2,99.8,-17.4,componente visible arriba
940,28.228,HIGH,toca_abajo,1.1,0.016,67.6,79.5,-11.9,39.8,79.5,100.0,0.0,punto adelante de la componente
941,28.258,HIGH,toca_abajo,-24.0,-0.360,79.1,80.2,-0.4,4.3,80.2,100.1,1.9,punto adelante de la componente
942,28.288,MEDIUM,toca_abajo,-53.3,-0.800,79.5,118.7,0.0,71.8,118.7,101.6,64.8,punto adelante de la componente
943,28.318,MEDIUM,toca_abajo,-53.3,-0.800,79.5,118.7,0.0,71.8,118.7,101.6,64.8,punto adelante de la componente
944,28.348,MEDIUM,toca_abajo,-76.8,-1.000,91.8,150.3,12.3,77.0,150.3,102.2,75.9,punto adelante de la componente
945,28.378,MEDIUM,toca_abajo,-82.9,-1.000,141.2,156.6,61.7,54.0,156.6,104.2,78.4,punto adelante de la componente
946,28.408,LOW,toca_abajo,-77.4,-1.000,153.0,,73.5,,156.6,104.2,78.4,ultimo objetivo confiable (memoria)
947,28.438,SIN_CERCA,continuidad,-46.7,-0.600,,,,,156.6,104.2,78.4,memoria
948,28.468,SIN_CERCA,continuidad,-46.7,-0.600,,,,,156.6,104.2,78.4,memoria
949,28.498,SIN_CERCA,continuidad,-46.8,-0.600,,,,,156.6,104.2,78.4,memoria
950,28.529,SIN_CERCA,continuidad,-47.4,-0.600,,,,,156.6,104.2,78.4,memoria
951,28.559,SIN_CERCA,continuidad,-47.4,-0.600,,,,,156.6,104.2,78.4,memoria
952,28.589,SIN_CERCA,continuidad,-47.8,-0.600,,,,,156.6,104.2,78.4,memoria
953,28.619,SIN_CERCA,continuidad,-48.3,-0.600,,156.6,,,156.6,76.6,60.6,componente visible arriba
954,28.649,SIN_CERCA,continuidad,-48.3,-0.600,,156.6,,,156.6,76.6,60.6,componente visible arriba
955,28.679,SIN_CERCA,continuidad,-48.9,-0.600,,155.2,,,155.2,77.3,60.6,componente visible arriba
956,28.709,SIN_CERCA,continuidad,-50.9,-0.600,,154.2,,,154.2,78.1,60.7,componente visible arriba
957,28.739,SIN_CERCA,continuidad,-50.9,-0.600,,154.2,,,154.2,78.1,60.7,componente visible arriba
958,28.769,LOW,toca_abajo,-53.4,-0.802,156.3,,76.8,,154.2,78.1,60.7,ultimo objetivo confiable (memoria)
959,28.799,LOW,toca_abajo,-55.9,-0.838,154.8,,75.3,,154.2,78.1,60.7,ultimo objetivo confiable (memoria)
960,28.829,LOW,toca_abajo,-55.9,-0.838,154.8,,75.3,,154.2,78.1,60.7,ultimo objetivo confiable (memoria)
961,28.859,MEDIUM,toca_abajo,-58.9,-0.884,152.2,157.8,72.7,25.5,157.8,103.4,78.0,punto adelante de la componente
962,28.889,HIGH,toca_abajo,-61.7,-0.926,148.4,155.2,68.9,25.6,155.2,100.8,75.8,punto adelante de la componente
963,28.919,HIGH,toca_abajo,-63.0,-0.945,143.9,151.1,64.4,26.5,151.1,100.4,74.7,punto adelante de la componente
964,28.949,HIGH,toca_abajo,-63.0,-0.945,143.9,151.1,64.4,26.5,151.1,100.4,74.7,punto adelante de la componente
965,28.979,HIGH,toca_abajo,-63.4,-0.952,139.2,147.1,59.7,28.8,147.1,100.3,73.8,punto adelante de la componente
966,29.009,HIGH,toca_abajo,-62.3,-0.935,136.7,144.3,57.2,27.5,144.3,100.1,73.0,punto adelante de la componente
967,29.039,HIGH,toca_abajo,-62.3,-0.935,136.7,144.3,57.2,27.5,144.3,100.1,73.0,punto adelante de la componente
968,29.069,HIGH,toca_abajo,-61.2,-0.918,131.5,139.3,52.0,28.1,139.3,100.1,71.6,punto adelante de la componente
969,29.099,HIGH,toca_abajo,-59.9,-0.898,122.5,132.0,43.0,33.2,132.0,100.2,69.4,punto adelante de la componente
970,29.129,HIGH,toca_abajo,-59.9,-0.898,122.5,132.0,43.0,33.2,132.0,100.2,69.4,punto adelante de la componente
971,29.159,HIGH,toca_abajo,-51.1,-0.767,107.7,121.2,28.2,43.0,121.2,100.2,64.6,punto adelante de la componente
972,29.189,HIGH,toca_abajo,-36.6,-0.549,93.3,109.9,13.8,48.8,109.9,100.1,56.8,punto adelante de la componente
973,29.219,HIGH,toca_abajo,-36.6,-0.549,93.3,109.9,13.8,48.8,109.9,100.1,56.8,punto adelante de la componente
974,29.249,HIGH,toca_abajo,-25.7,-0.385,91.8,106.2,12.3,44.4,106.2,100.0,53.1,punto adelante de la componente
975,29.279,HIGH,toca_abajo,-16.1,-0.241,94.8,101.2,15.3,23.6,101.2,99.9,47.3,punto adelante de la componente
976,29.309,HIGH,toca_abajo,-16.1,-0.241,94.8,101.2,15.3,23.6,101.2,99.9,47.3,punto adelante de la componente
977,29.339,HIGH,toca_abajo,-7.1,-0.107,102.4,92.3,22.9,-35.2,92.3,100.2,32.8,punto adelante de la componente
978,29.369,HIGH,toca_abajo,12.0,0.180,101.7,78.9,22.2,-58.1,78.9,100.2,-1.7,punto adelante de la componente
979,29.399,HIGH,toca_abajo,12.0,0.180,101.7,78.9,22.2,-58.1,78.9,100.2,-1.7,punto adelante de la componente
980,29.429,HIGH,toca_abajo,41.4,0.621,87.9,62.8,8.4,-60.1,62.8,100.2,-40.1,punto adelante de la componente
981,29.459,HIGH,toca_abajo,64.7,0.971,58.2,38.6,-21.3,-53.6,38.6,100.2,-64.2,punto adelante de la componente
982,29.489,HIGH,toca_abajo,64.7,0.971,58.2,38.6,-21.3,-53.6,38.6,100.2,-64.2,punto adelante de la componente
983,29.520,HIGH,toca_abajo,70.5,1.000,40.7,27.6,-38.8,-42.4,27.6,100.3,-69.2,punto adelante de la componente
984,29.550,HIGH,toca_abajo,72.9,1.000,31.4,22.0,-48.1,-33.1,22.0,100.3,-71.1,punto adelante de la componente
985,29.580,HIGH,toca_abajo,73.2,1.000,27.3,19.3,-52.2,-29.0,19.3,100.3,-71.9,punto adelante de la componente
986,29.610,HIGH,toca_abajo,73.2,1.000,27.3,19.3,-52.2,-29.0,19.3,100.3,-71.9,punto adelante de la componente
987,29.640,HIGH,toca_abajo,72.0,1.000,28.3,20.7,-51.2,-27.8,20.7,100.2,-71.4,punto adelante de la componente
988,29.670,HIGH,toca_abajo,70.5,1.000,31.6,24.1,-47.9,-27.5,24.1,100.2,-70.3,punto adelante de la componente
989,29.700,HIGH,toca_abajo,70.5,1.000,31.6,24.1,-47.9,-27.5,24.1,100.2,-70.3,punto adelante de la componente
990,29.730,HIGH,toca_abajo,66.8,1.000,42.5,32.0,-37.0,-35.9,32.0,100.1,-67.3,punto adelante de la componente
991,29.760,HIGH,toca_abajo,60.7,0.910,54.7,43.1,-24.8,-38.7,43.1,100.1,-61.3,punto adelante de la componente
992,29.790,HIGH,toca_abajo,51.8,0.777,67.2,54.2,-12.3,-41.9,54.2,100.1,-51.9,punto adelante de la componente
993,29.820,HIGH,toca_abajo,51.8,0.777,67.2,54.2,-12.3,-41.9,54.2,100.1,-51.9,punto adelante de la componente
994,29.850,HIGH,toca_abajo,41.6,0.624,76.7,62.4,-2.8,-44.6,62.4,100.1,-40.6,punto adelante de la componente
995,29.880,HIGH,toca_abajo,32.8,0.492,82.9,68.0,3.4,-45.7,68.0,100.1,-30.0,punto adelante de la componente
996,29.910,HIGH,toca_abajo,32.8,0.492,82.9,68.0,3.4,-45.7,68.0,100.1,-30.0,punto adelante de la componente
997,29.940,HIGH,toca_abajo,25.4,0.381,87.2,72.3,7.7,-45.7,72.3,100.1,-19.9,punto adelante de la componente
998,29.970,HIGH,toca_abajo,30.8,0.462,83.9,69.3,4.4,-45.2,69.3,100.1,-27.2,punto adelante de la componente
999,30.000,HIGH,toca_abajo,34.6,0.519,80.5,67.2,1.0,-42.5,67.2,100.1,-31.6,punto adelante de la componente
1000,30.030,HIGH,toca_abajo,34.6,0.519,80.5,67.2,1.0,-42.5,67.2,100.1,-31.6,punto adelante de la componente
1001,30.060,HIGH,toca_abajo,35.6,0.535,79.9,66.9,0.4,-42.0,66.9,100.1,-32.4,punto adelante de la componente
1002,30.090,HIGH,toca_abajo,40.5,0.607,75.8,63.6,-3.7,-40.3,63.6,100.1,-38.7,punto adelante de la componente
1003,30.120,HIGH,toca_abajo,44.3,0.664,72.1,60.8,-7.4,-38.1,60.8,100.1,-43.3,punto adelante de la componente
1004,30.150,HIGH,toca_abajo,44.3,0.664,72.1,60.8,-7.4,-38.1,60.8,100.1,-43.3,punto adelante de la componente
1005,30.180,HIGH,toca_abajo,48.8,0.733,68.0,57.6,-11.5,-35.6,57.6,100.1,-47.7,punto adelante de la componente
1006,30.210,HIGH,toca_abajo,51.2,0.768,66.1,56.5,-13.4,-33.5,56.5,100.1,-49.1,punto adelante de la componente
1007,30.240,HIGH,toca_abajo,52.5,0.787,66.0,56.8,-13.5,-32.2,56.8,100.1,-48.7,punto adelante de la componente
1008,30.270,HIGH,toca_abajo,53.0,0.795,67.2,57.8,-12.3,-32.8,57.8,100.0,-47.4,punto adelante de la componente
1009,30.300,HIGH,toca_abajo,53.0,0.795,67.2,57.8,-12.3,-32.8,57.8,100.0,-47.4,punto adelante de la componente
1010,30.330,HIGH,toca_abajo,55.8,0.837,67.9,50.2,-11.6,-49.8,50.2,99.7,-55.2,punto adelante de la componente
1011,30.360,HIGH,toca_abajo,62.1,0.932,64.7,43.2,-14.8,-56.0,43.2,100.1,-61.2,punto adelante de la componente
1012,30.390,HIGH,toca_abajo,62.1,0.932,64.7,43.2,-14.8,-56.0,43.2,100.1,-61.2,punto adelante de la componente
1013,30.420,HIGH,toca_abajo,68.3,1.000,51.3,41.8,-28.2,-33.4,41.8,100.1,-62.1,punto adelante de la componente
1014,30.450,MEDIUM,toca_abajo,71.9,1.000,47.9,41.8,-31.6,-23.0,41.8,100.1,-62.2,punto adelante de la componente
1015,30.480,MEDIUM,toca_abajo,71.9,1.000,47.9,41.8,-31.6,-23.0,41.8,100.1,-62.2,punto adelante de la componente
1016,30.511,MEDIUM,toca_abajo,73.9,1.000,48.2,43.8,-31.3,-17.3,43.8,100.3,-61.1,punto adelante de la componente
1017,30.541,MEDIUM,toca_abajo,75.7,1.000,49.3,50.3,-30.2,4.3,50.3,101.5,-57.6,punto adelante de la componente
1018,30.571,MEDIUM,toca_abajo,77.3,1.000,50.7,57.9,-28.8,32.2,57.9,103.2,-52.1,punto adelante de la componente
1019,30.601,MEDIUM,toca_abajo,80.0,1.000,50.8,83.5,-28.7,72.8,83.5,104.5,14.5,punto adelante de la componente
1020,30.631,MEDIUM,toca_abajo,80.0,1.000,50.8,83.5,-28.7,72.8,83.5,104.5,14.5,punto adelante de la componente
1021,30.661,LOW,toca_abajo,82.6,1.000,56.5,,-23.0,,83.5,104.5,14.5,ultimo objetivo confiable (memoria)
1022,30.691,LOW,toca_abajo,79.4,1.000,92.5,,13.0,,83.5,104.5,14.5,ultimo objetivo confiable (memoria)
1023,30.721,LOW,toca_abajo,-89.1,1.000,111.0,,31.5,,83.5,104.5,14.5,ultimo objetivo confiable (memoria)
1024,30.751,LOW,toca_abajo,-89.1,1.000,111.0,,31.5,,83.5,104.5,14.5,ultimo objetivo confiable (memoria)
1025,30.781,PERDIDA,sin_componente,0.0,0.000,,,,,,,0.0,sin objetivo
1026,30.811,PERDIDA,sin_componente,0.0,0.000,,,,,,,0.0,sin objetivo
1027,30.841,PERDIDA,sin_componente,0.0,0.000,,,,,,,0.0,sin objetivo
1028,30.871,PERDIDA,sin_componente,0.0,0.000,,,,,,,0.0,sin objetivo
1029,30.901,PERDIDA,sin_componente,0.0,0.000,,,,,,,0.0,sin objetivo
1030,30.931,PERDIDA,sin_componente,0.0,0.000,,,,,,,0.0,sin objetivo
1031,30.961,PERDIDA,sin_componente,0.0,0.000,,,,,,,0.0,sin objetivo
1032,30.991,PERDIDA,sin_componente,0.0,0.000,,,,,,,0.0,sin objetivo
1033,31.021,PERDIDA,sin_componente,0.0,0.000,,,,,,,0.0,sin objetivo
1034,31.051,PERDIDA,sin_componente,-46.0,0.000,,,,,,,0.0,sin objetivo
1035,31.081,SIN_CERCA,continuidad,-46.1,-0.600,,,,,83.5,104.5,14.5,memoria
1036,31.111,SIN_CERCA,continuidad,-46.1,-0.600,,,,,83.5,104.5,14.5,memoria
1037,31.141,SIN_CERCA,continuidad,-46.1,-0.600,,,,,83.5,104.5,14.5,memoria
1038,31.171,SIN_CERCA,continuidad,-46.1,-0.600,,,,,83.5,104.5,14.5,memoria
1039,31.201,PERDIDA,sin_componente,-46.1,0.000,,,,,,,0.0,sin objetivo
1040,31.231,PERDIDA,sin_componente,-46.1,0.000,,,,,,,0.0,sin objetivo
1041,31.261,SIN_CERCA,continuidad,-46.1,-0.600,,,,,83.5,104.5,14.5,memoria
1042,31.291,SIN_CERCA,continuidad,-46.0,-0.600,,,,,83.5,104.5,14.5,memoria
1043,31.321,SIN_CERCA,continuidad,-46.0,-0.600,,,,,83.5,104.5,14.5,memoria
1044,31.351,SIN_CERCA,continuidad,-46.0,-0.600,,,,,83.5,104.5,14.5,memoria
1045,31.381,SIN_CERCA,continuidad,-46.2,-0.600,,156.2,,,156.2,76.0,60.1,componente visible arriba
1046,31.411,SIN_CERCA,continuidad,-46.4,-0.600,,155.2,,,155.2,76.3,60.0,componente visible arriba
1047,31.441,SIN_CERCA,continuidad,-46.4,-0.600,,155.2,,,155.2,76.3,60.0,componente visible arriba
1048,31.471,SIN_CERCA,continuidad,-46.7,-0.600,,155.2,,,155.2,76.3,60.0,componente visible arriba
1049,31.502,SIN_CERCA,continuidad,-46.3,-0.600,,152.4,,,152.4,77.3,59.6,componente visible arriba
1050,31.532,SIN_CERCA,continuidad,-46.3,-0.600,,152.4,,,152.4,77.3,59.6,componente visible arriba
1051,31.562,SIN_CERCA,continuidad,-45.8,-0.600,,149.9,,,149.9,79.8,60.3,componente visible arriba
1052,31.592,SIN_CERCA,continuidad,-45.1,-0.600,,144.7,,,144.7,81.2,59.3,componente visible arriba
1053,31.622,SIN_CERCA,continuidad,-45.1,-0.600,,144.7,,,144.7,81.2,59.3,componente visible arriba
1054,31.652,SIN_CERCA,continuidad,-46.7,-0.600,,145.4,,,145.4,81.4,59.6,componente visible arriba
1055,31.682,SIN_CERCA,continuidad,-48.4,-0.600,,144.1,,,144.1,80.9,58.8,componente visible arriba
1056,31.712,SIN_CERCA,continuidad,-48.4,-0.600,,144.1,,,144.1,80.9,58.8,componente visible arriba
1057,31.742,SIN_CERCA,continuidad,-44.9,-0.600,,,,,144.1,80.9,58.8,memoria
1058,31.772,SIN_CERCA,continuidad,-44.2,-0.600,,155.4,,,155.4,95.5,72.1,componente visible arriba
1059,31.802,SIN_CERCA,continuidad,-44.2,-0.600,,155.4,,,155.4,95.5,72.1,componente visible arriba
1060,31.832,SIN_CERCA,continuidad,-44.7,-0.600,,139.5,,,139.5,83.0,58.3,componente visible arriba
1061,31.862,SIN_CERCA,continuidad,-47.3,-0.710,,138.8,,,138.8,84.1,58.8,componente visible arriba
1062,31.892,SIN_CERCA,continuidad,-47.3,-0.710,,138.8,,,138.8,84.1,58.8,componente visible arriba
1063,31.922,SIN_CERCA,continuidad,-38.0,-0.570,,152.7,,,152.7,98.1,73.4,componente visible arriba
1064,31.952,SIN_CERCA,continuidad,-10.3,-0.154,,153.2,,,153.2,103.8,77.6,componente visible arriba
1065,31.982,SIN_CERCA,continuidad,-10.3,-0.154,,153.2,,,153.2,103.8,77.6,componente visible arriba
1066,32.012,SIN_CERCA,salto_grande,15.2,0.227,,,,,153.2,103.8,77.6,memoria
1067,32.042,SIN_CERCA,salto_grande,30.6,0.459,,53.0,,,53.0,75.5,-30.8,componente visible arriba
1068,32.072,SIN_CERCA,continuidad,49.8,0.747,,,,,53.0,75.5,-30.8,memoria
1069,32.102,SIN_CERCA,continuidad,49.8,0.747,,,,,53.0,75.5,-30.8,memoria
1070,32.132,SIN_CERCA,salto_grande,53.1,0.797,,3.6,,,3.6,79.5,-61.9,componente visible arriba
1071,32.162,SIN_CERCA,continuidad,54.9,0.823,,2.4,,,2.4,80.3,-62.8,componente visible arriba
1072,32.192,SIN_CERCA,continuidad,54.9,0.823,,2.4,,,2.4,80.3,-62.8,componente visible arriba
1073,32.222,SIN_CERCA,continuidad,53.1,0.797,,,,,2.4,80.3,-62.8,memoria
1074,32.252,SIN_CERCA,continuidad,53.5,0.803,,,,,2.4,80.3,-62.8,memoria
1075,32.282,SIN_CERCA,continuidad,55.2,0.827,,4.8,,,4.8,79.8,-61.7,componente visible arriba
1076,32.312,SIN_CERCA,continuidad,53.4,0.801,,4.2,,,4.2,78.5,-61.1,componente visible arriba
1077,32.342,SIN_CERCA,continuidad,53.4,0.801,,4.2,,,4.2,78.5,-61.1,componente visible arriba
1078,32.372,SIN_CERCA,continuidad,50.7,0.760,,11.0,,,11.0,78.0,-58.5,componente visible arriba
1079,32.402,SIN_CERCA,continuidad,46.8,0.701,,45.4,,,45.4,77.2,-38.6,componente visible arriba
1080,32.432,SIN_CERCA,continuidad,46.8,0.701,,17.6,,,17.6,79.0,-56.5,componente visible arriba
1081,32.462,SIN_CERCA,continuidad,40.9,0.614,,,,,17.6,79.0,-56.5,memoria
1082,32.492,PERDIDA,sin_componente,32.7,0.000,,,,,,,0.0,sin objetivo
1083,32.523,PERDIDA,sin_componente,32.7,0.000,,,,,,,0.0,sin objetivo
1084,32.553,PERDIDA,sin_componente,-2.4,0.000,,,,,,,0.0,sin objetivo
1085,32.583,SIN_CERCA,salto_grande,-36.6,-0.600,,138.2,,,138.2,80.5,56.1,componente visible arriba
1086,32.613,SIN_CERCA,continuidad,-36.6,-0.600,,138.2,,,138.2,80.5,56.1,componente visible arriba
1087,32.643,SIN_CERCA,continuidad,-46.1,-0.600,,149.8,,,149.8,80.2,60.5,componente visible arriba
1088,32.673,SIN_CERCA,continuidad,-44.9,-0.600,,145.3,,,145.3,79.4,58.3,componente visible arriba
1089,32.703,SIN_CERCA,continuidad,-44.9,-0.600,,145.3,,,145.3,79.4,58.3,componente visible arriba
1090,32.733,SIN_CERCA,continuidad,-44.3,-0.600,,146.6,,,146.6,79.2,58.7,componente visible arriba
1091,32.763,SIN_CERCA,continuidad,-43.9,-0.600,,143.4,,,143.4,79.6,57.7,componente visible arriba
1092,32.793,SIN_CERCA,continuidad,-43.9,-0.600,,143.4,,,143.4,79.6,57.7,componente visible arriba
1093,32.823,SIN_CERCA,continuidad,-43.6,-0.600,,138.4,,,138.4,79.9,55.8,componente visible arriba
1094,32.853,SIN_CERCA,continuidad,-43.6,-0.600,,138.4,,,138.4,79.9,55.8,componente visible arriba
1095,32.883,SIN_CERCA,continuidad,-43.5,-0.600,,137.3,,,137.3,79.9,55.3,componente visible arriba
1096,32.913,SIN_CERCA,continuidad,-42.6,-0.600,,137.1,,,137.1,79.9,55.1,componente visible arriba
1097,32.943,SIN_CERCA,continuidad,-41.9,-0.600,,133.8,,,133.8,80.0,53.6,componente visible arriba
1098,32.973,SIN_CERCA,continuidad,-41.9,-0.600,,133.8,,,133.8,80.0,53.6,componente visible arriba
1099,33.003,SIN_CERCA,continuidad,-40.7,-0.600,,155.7,,,155.7,95.8,72.4,componente visible arriba
1100,33.033,SIN_CERCA,salto_grande,-40.4,-0.600,,151.2,,,151.2,97.2,72.4,componente visible arriba
1101,33.063,SIN_CERCA,continuidad,-40.4,-0.600,,151.2,,,151.2,97.2,72.4,componente visible arriba
1102,33.093,SIN_CERCA,continuidad,-24.6,-0.600,,120.4,,,120.4,79.5,45.3,componente visible arriba
1103,33.123,SIN_CERCA,continuidad,-6.5,0.600,,,,,120.4,79.5,45.3,memoria
1104,33.153,SIN_CERCA,continuidad,-6.5,0.600,,,,,120.4,79.5,45.3,memoria
1105,33.183,SIN_CERCA,salto_grande,4.4,0.066,,99.9,,,99.9,80.1,27.1,componente visible arriba
1106,33.213,SIN_CERCA,salto_grande,25.7,0.385,,,,,99.9,80.1,27.1,memoria
1107,33.243,SIN_CERCA,salto_grande,25.7,0.385,,,,,99.9,80.1,27.1,memoria
1108,33.273,SIN_CERCA,salto_grande,35.7,0.536,,,,,99.9,80.1,27.1,memoria
1109,33.303,SIN_CERCA,salto_grande,37.7,0.566,,,,,99.9,80.1,27.1,memoria
1110,33.333,SIN_CERCA,salto_grande,37.7,0.566,,,,,99.9,80.1,27.1,memoria
1111,33.363,SIN_CERCA,salto_grande,32.4,0.486,,,,,99.9,80.1,27.1,memoria
1112,33.393,SIN_CERCA,salto_grande,31.5,0.473,,,,,99.9,80.1,27.1,memoria
1113,33.423,SIN_CERCA,salto_grande,31.5,0.473,,,,,99.9,80.1,27.1,memoria
1114,33.453,SIN_CERCA,salto_grande,25.2,0.378,,,,,99.9,80.1,27.1,memoria
1115,33.483,SIN_CERCA,continuidad,1.7,0.025,,,,,99.9,80.1,27.1,memoria
1116,33.514,SIN_CERCA,continuidad,1.7,0.025,,,,,99.9,80.1,27.1,memoria
1117,33.544,SIN_CERCA,continuidad,-24.9,-0.374,,122.1,,,122.1,76.4,44.3,componente visible arriba
1118,33.574,SIN_CERCA,continuidad,-39.9,-0.598,,141.7,,,141.7,80.3,57.5,componente visible arriba
1119,33.604,SIN_CERCA,continuidad,-39.9,-0.598,,141.7,,,141.7,80.3,57.5,componente visible arriba
1120,33.634,SIN_CERCA,continuidad,-55.2,-0.828,,139.9,,,139.9,80.2,56.6,componente visible arriba
1121,33.664,SIN_CERCA,continuidad,-53.3,-0.799,,147.3,,,147.3,79.1,58.9,componente visible arriba
1122,33.694,SIN_CERCA,continuidad,-51.3,-0.770,,148.9,,,148.9,78.4,59.1,componente visible arriba
1123,33.724,SIN_CERCA,continuidad,-51.3,-0.770,,148.9,,,148.9,78.4,59.1,componente visible arriba
1124,33.754,SIN_CERCA,continuidad,-52.0,-0.779,,145.8,,,145.8,79.1,58.3,componente visible arriba
1125,33.784,SIN_CERCA,continuidad,-52.0,-0.780,,143.0,,,143.0,79.5,57.5,componente visible arriba
1126,33.814,SIN_CERCA,continuidad,-52.0,-0.780,,143.0,,,143.0,79.5,57.5,componente visible arriba
1127,33.844,SIN_CERCA,continuidad,-52.0,-0.779,,135.6,,,135.6,79.8,54.4,componente visible arriba
1128,33.874,SIN_CERCA,continuidad,-45.9,-0.689,,148.2,,,148.2,96.0,70.8,componente visible arriba
1129,33.904,SIN_CERCA,salto_grande,-26.7,-0.401,,122.7,,,122.7,80.2,47.3,componente visible arriba
1130,33.934,SIN_CERCA,continuidad,-26.7,-0.401,,122.7,,,122.7,80.2,47.3,componente visible arriba
1131,33.964,SIN_CERCA,salto_grande,-3.7,-0.055,,,,,122.7,80.2,47.3,memoria
1132,33.994,SIN_CERCA,salto_grande,30.7,0.460,,,,,122.7,80.2,47.3,memoria
1133,34.024,SIN_CERCA,salto_grande,30.7,0.460,,,,,122.7,80.2,47.3,memoria
1134,34.054,SIN_CERCA,salto_grande,37.3,0.559,,34.4,,,34.4,77.4,-46.7,componente visible arriba
1135,34.084,SIN_CERCA,continuidad,45.8,0.687,,43.3,,,43.3,83.5,-44.8,componente visible arriba
1136,34.114,SIN_CERCA,continuidad,45.8,0.687,,43.3,,,43.3,83.5,-44.8,componente visible arriba
1137,34.144,SIN_CERCA,continuidad,30.7,0.461,,37.7,,,37.7,97.0,-61.2,componente visible arriba
1138,34.174,SIN_CERCA,continuidad,12.5,0.188,,49.6,,,49.6,98.7,-54.6,componente visible arriba
1139,34.204,SIN_CERCA,salto_grande,-0.8,-0.012,,,,,49.6,98.7,-54.6,memoria
1140,34.234,SIN_CERCA,salto_grande,-0.8,-0.012,,,,,49.6,98.7,-54.6,memoria
1141,34.264,SIN_CERCA,continuidad,-5.2,-0.078,,,,,49.6,98.7,-54.6,memoria
1142,34.294,SIN_CERCA,continuidad,-5.2,-0.078,,,,,49.6,98.7,-54.6,memoria
1143,34.324,SIN_CERCA,continuidad,-6.5,-0.097,,2.5,,,2.5,75.4,-59.9,componente visible arriba
1144,34.354,SIN_CERCA,salto_grande,-2.9,-0.043,,31.4,,,31.4,78.3,-49.1,componente visible arriba
1145,34.384,SIN_CERCA,salto_grande,-2.9,-0.043,,31.4,,,31.4,78.3,-49.1,componente visible arriba
1146,34.414,SIN_CERCA,continuidad,-1.6,-0.024,,16.0,,,16.0,82.2,-59.2,componente visible arriba
1147,34.444,SIN_CERCA,continuidad,-2.6,-0.040,,15.7,,,15.7,96.0,-69.3,componente visible arriba
1148,34.474,SIN_CERCA,continuidad,-2.6,-0.040,,15.7,,,15.7,96.0,-69.3,componente visible arriba
1149,34.505,SIN_CERCA,continuidad,-3.0,-0.046,16.0,21.5,-63.5,43.3,21.5,104.4,-75.0,componente visible arriba
1150,34.535,LOW,toca_abajo,-3.6,-0.053,25.5,,-54.0,,21.5,104.4,-75.0,ultimo objetivo confiable (memoria)
1151,34.565,LOW,toca_abajo,-3.6,-0.053,25.5,,-54.0,,21.5,104.4,-75.0,ultimo objetivo confiable (memoria)
1152,34.595,HIGH,toca_abajo,-11.6,-0.173,64.6,86.4,-14.9,58.0,86.4,99.2,18.4,punto adelante de la componente
1153,34.625,HIGH,toca_abajo,-15.3,-0.230,92.4,84.0,12.9,-32.4,84.0,99.7,12.4,punto adelante de la componente
1154,34.655,HIGH,toca_abajo,-15.3,-0.230,92.4,84.0,12.9,-32.4,84.0,99.7,12.4,punto adelante de la componente
1155,34.685,HIGH,toca_abajo,-13.8,-0.208,64.8,115.4,-14.7,75.1,115.4,99.9,60.8,punto adelante de la componente
1156,34.715,LOW,toca_abajo,-10.2,-0.153,44.9,,-34.6,,115.4,99.9,60.8,ultimo objetivo confiable (memoria)
1157,34.745,MEDIUM,toca_abajo,-4.0,-0.059,44.7,54.8,-34.8,37.8,54.8,101.3,-52.9,punto adelante de la componente
1158,34.775,MEDIUM,toca_abajo,-4.0,-0.059,44.7,54.8,-34.8,37.8,54.8,101.3,-52.9,punto adelante de la componente
1159,34.805,HIGH,toca_abajo,1.3,0.019,42.4,65.1,-37.1,56.8,65.1,99.8,-35.5,punto adelante de la componente
1160,34.835,SIN_CERCA,continuidad,4.2,0.600,,8.7,,,8.7,78.1,-59.4,componente visible arriba
1161,34.865,SIN_CERCA,continuidad,4.2,0.600,26.8,,-52.7,,26.8,114.8,-84.4,solo el punto cercano
1162,34.895,MEDIUM,toca_abajo,12.2,0.183,36.2,7.5,-43.3,-66.8,7.5,101.2,-75.3,punto adelante de la componente
1163,34.925,HIGH,toca_abajo,14.0,0.210,40.0,47.8,-39.5,29.0,47.8,99.7,-57.4,punto adelante de la componente
1164,34.955,HIGH,toca_abajo,14.0,0.210,40.0,47.8,-39.5,29.0,47.8,99.7,-57.4,punto adelante de la componente
1165,34.985,HIGH,toca_abajo,14.7,0.220,43.9,48.5,-35.6,18.5,48.5,99.6,-56.6,punto adelante de la componente
1166,35.015,MEDIUM,toca_abajo,14.2,0.213,46.3,12.9,-33.2,-69.2,12.9,101.0,-74.0,punto adelante de la componente
1167,35.045,MEDIUM,toca_abajo,14.2,0.213,46.3,12.9,-33.2,-69.2,12.9,101.0,-74.0,punto adelante de la componente
1168,35.075,MEDIUM,toca_abajo,11.1,0.166,41.4,12.1,-38.1,-63.1,12.1,100.3,-73.7,punto adelante de la componente
1169,35.105,MEDIUM,toca_abajo,9.3,0.140,32.6,9.2,-46.9,-59.1,9.2,101.2,-75.0,punto adelante de la componente
1170,35.135,MEDIUM,toca_abajo,9.3,0.140,32.6,9.2,-46.9,-59.1,9.2,101.2,-75.0,punto adelante de la componente
1171,35.165,MEDIUM,toca_abajo,11.9,0.179,31.5,8.2,-48.0,-58.8,8.2,100.8,-74.9,punto adelante de la componente
1172,35.195,MEDIUM,toca_abajo,10.6,0.158,40.4,13.3,-39.1,-60.1,13.3,99.8,-73.0,punto adelante de la componente
1173,35.225,MEDIUM,toca_abajo,10.6,0.158,40.4,13.3,-39.1,-60.1,13.3,99.8,-73.0,punto adelante de la componente
1174,35.255,MEDIUM,toca_abajo,12.4,0.185,61.0,20.6,-18.5,-68.0,20.6,99.6,-70.9,punto adelante de la componente
1175,35.285,MEDIUM,toca_abajo,9.3,0.139,69.3,33.3,-10.2,-68.5,33.3,100.7,-67.3,punto adelante de la componente
1176,35.315,MEDIUM,toca_abajo,9.3,0.139,69.3,33.3,-10.2,-68.5,33.3,100.7,-67.3,punto adelante de la componente
1177,35.345,MEDIUM,toca_abajo,7.0,0.105,75.9,56.1,-3.6,-57.2,56.1,101.1,-51.1,punto adelante de la componente
1178,35.375,MEDIUM,toca_abajo,-4.0,-0.060,97.5,60.4,18.0,-69.7,60.4,101.3,-45.6,punto adelante de la componente
1179,35.405,HIGH,toca_abajo,-20.8,-0.312,106.5,79.0,27.0,-63.4,79.0,100.9,-1.5,punto adelante de la componente
1180,35.435,HIGH,toca_abajo,-20.8,-0.312,106.5,79.0,27.0,-63.4,79.0,100.9,-1.5,punto adelante de la componente
1181,35.465,HIGH,toca_abajo,-54.7,-0.821,107.2,95.0,27.7,-38.1,95.0,99.1,36.6,punto adelante de la componente
1182,35.495,MEDIUM,toca_abajo,-71.0,-1.000,106.2,115.7,26.7,34.3,115.7,100.8,62.0,punto adelante de la componente
1183,35.526,MEDIUM,toca_abajo,-71.0,-1.000,106.2,115.7,26.7,34.3,115.7,100.8,62.0,punto adelante de la componente
1184,35.556,HIGH,toca_abajo,-65.5,-0.983,98.6,111.8,19.1,42.6,111.8,100.2,58.5,punto adelante de la componente
1185,35.586,HIGH,toca_abajo,-46.6,-0.700,83.5,98.7,4.0,46.8,98.7,100.1,44.1,punto adelante de la componente
1186,35.616,HIGH,toca_abajo,-38.1,-0.571,75.7,93.3,-3.8,50.6,93.3,100.2,34.8,punto adelante de la componente
1187,35.646,HIGH,toca_abajo,-38.1,-0.571,75.7,93.3,-3.8,50.6,93.3,100.2,34.8,punto adelante de la componente
1188,35.676,HIGH,toca_abajo,-34.0,-0.510,73.9,90.7,-5.6,49.4,90.7,100.2,29.4,punto adelante de la componente
1189,35.706,HIGH,toca_abajo,-30.6,-0.458,72.1,89.4,-7.4,50.1,89.4,100.1,26.5,punto adelante de la componente
1190,35.736,HIGH,toca_abajo,-30.6,-0.458,72.1,89.4,-7.4,50.1,89.4,100.1,26.5,punto adelante de la componente
1191,35.766,HIGH,toca_abajo,-31.3,-0.470,72.7,90.3,-6.8,50.8,90.3,100.2,28.7,punto adelante de la componente
1192,35.796,HIGH,toca_abajo,-37.0,-0.555,77.6,94.8,-1.9,50.0,94.8,100.2,37.7,punto adelante de la componente
1193,35.826,HIGH,toca_abajo,-35.3,-0.530,79.8,96.1,0.3,48.4,96.1,100.2,39.8,punto adelante de la componente
1194,35.856,HIGH,toca_abajo,-35.3,-0.530,79.8,96.1,0.3,48.4,96.1,100.2,39.8,punto adelante de la componente
1195,35.886,HIGH,toca_abajo,-28.8,-0.433,79.6,94.9,0.1,46.6,94.9,100.2,37.8,punto adelante de la componente
1196,35.916,HIGH,toca_abajo,-20.6,-0.309,77.2,93.2,-2.3,47.9,93.2,100.2,34.7,punto adelante de la componente
1197,35.946,HIGH,toca_abajo,-20.6,-0.309,77.2,93.2,-2.3,47.9,93.2,100.2,34.7,punto adelante de la componente
1198,35.976,HIGH,toca_abajo,-25.3,-0.380,88.0,102.8,8.5,45.7,102.8,100.2,49.6,punto adelante de la componente
1199,36.006,HIGH,toca_abajo,-32.4,-0.486,103.2,116.3,23.7,41.9,116.3,100.1,61.6,punto adelante de la componente
1200,36.036,HIGH,toca_abajo,-36.7,-0.550,123.1,106.0,43.6,-50.4,106.0,100.2,53.2,punto adelante de la componente
1201,36.066,HIGH,toca_abajo,-36.7,-0.550,123.1,106.0,43.6,-50.4,106.0,100.2,53.2,punto adelante de la componente
1202,36.096,HIGH,toca_abajo,9.6,0.144,92.9,54.5,13.4,-69.8,54.5,100.2,-51.7,punto adelante de la componente
1203,36.126,MEDIUM,toca_abajo,19.6,0.294,53.1,30.4,-26.4,-57.6,30.4,100.3,-68.1,punto adelante de la componente
1204,36.156,MEDIUM,toca_abajo,19.5,0.293,43.7,19.2,-35.8,-60.8,19.2,101.1,-72.6,punto adelante de la componente
1205,36.186,MEDIUM,toca_abajo,19.5,0.293,43.7,19.2,-35.8,-60.8,19.2,101.1,-72.6,punto adelante de la componente
1206,36.216,MEDIUM,toca_abajo,31.2,0.468,57.2,22.4,-22.3,-68.0,22.4,100.7,-71.3,punto adelante de la componente
1207,36.246,LOW,toca_abajo,26.7,0.401,147.2,,67.7,,22.4,100.7,-71.3,ultimo objetivo confiable (memoria)
1208,36.276,LOW,toca_abajo,26.7,0.401,147.2,,67.7,,22.4,100.7,-71.3,ultimo objetivo confiable (memoria)
1209,36.306,SIN_CERCA,continuidad,42.1,0.600,,129.7,,,129.7,82.4,53.2,componente visible arriba
1210,36.336,SIN_CERCA,salto_grande,27.7,0.600,,23.8,,,23.8,80.7,-54.8,componente visible arriba
1211,36.366,SIN_CERCA,continuidad,27.7,0.600,,23.8,,,23.8,80.7,-54.8,componente visible arriba
1212,36.396,SIN_CERCA,continuidad,30.3,0.600,,24.1,,,24.1,77.4,-52.4,componente visible arriba
1213,36.426,SIN_CERCA,continuidad,23.7,0.600,,27.4,,,27.4,79.8,-52.4,componente visible arriba
1214,36.456,SIN_CERCA,continuidad,23.7,0.600,,27.4,,,27.4,79.8,-52.4,componente visible arriba
