source_frame,source_time_s,estado,origen_componente,ang_actual,ang_estados,x_near,x_mid,e_lat,e_head,target_x,target_y,ang_lookahead,motivo_target
0,0.000,HIGH,toca_abajo,62.3,0.935,24.9,26.2,-54.6,5.0,26.2,99.9,-69.4,punto adelante de la componente
1,0.030,HIGH,toca_abajo,-71.4,-1.000,140.3,143.6,60.8,12.6,143.6,100.1,72.8,punto adelante de la componente
2,0.060,HIGH,toca_abajo,-74.8,-1.000,149.2,151.7,69.7,9.9,151.7,100.2,74.7,punto adelante de la componente
3,0.090,HIGH,toca_abajo,-76.8,-1.000,153.2,155.3,73.7,8.3,155.3,100.3,75.4,punto adelante de la componente
4,0.120,HIGH,toca_abajo,-73.5,-1.000,152.6,154.0,73.1,5.5,154.0,100.1,75.1,punto adelante de la componente
5,0.150,HIGH,toca_abajo,-73.0,-1.000,148.5,150.4,69.0,7.7,150.4,100.1,74.4,punto adelante de la componente
6,0.180,HIGH,toca_abajo,-72.0,-1.000,145.9,148.0,66.4,8.2,148.0,100.1,73.8,punto adelante de la componente
7,0.210,HIGH,toca_abajo,-72.0,-1.000,145.9,148.0,66.4,8.2,148.0,100.1,73.8,punto adelante de la componente
8,0.240,HIGH,toca_abajo,-71.3,-1.000,142.3,144.9,62.8,10.2,144.9,100.1,73.1,punto adelante de la componente
9,0.270,HIGH,toca_abajo,-70.4,-1.000,138.9,141.8,59.4,11.2,141.8,100.1,72.3,punto adelante de la componente
10,0.300,HIGH,toca_abajo,-69.7,-1.000,135.4,138.4,55.9,11.7,138.4,100.1,71.3,punto adelante de la componente
11,0.330,HIGH,toca_abajo,-69.7,-1.000,135.4,138.4,55.9,11.7,138.4,100.1,71.3,punto adelante de la componente
12,0.360,HIGH,toca_abajo,-68.4,-1.000,130.7,133.2,51.2,9.6,133.2,100.1,69.7,punto adelante de la componente
13,0.390,HIGH,toca_abajo,-65.3,-0.980,123.0,125.7,43.5,10.3,125.7,100.1,66.7,punto adelante de la componente
14,0.420,HIGH,toca_abajo,-60.0,-0.900,113.0,115.9,33.5,11.5,115.9,100.1,61.4,punto adelante de la componente
15,0.450,HIGH,toca_abajo,-60.0,-0.900,113.0,115.9,33.5,11.5,115.9,100.1,61.4,punto adelante de la componente
16,0.480,HIGH,toca_abajo,-49.3,-0.740,99.8,103.4,20.3,14.0,103.4,100.1,50.2,punto adelante de la componente
17,0.511,HIGH,toca_abajo,-28.8,-0.432,84.6,89.7,5.1,19.5,89.7,100.1,27.1,punto adelante de la componente
18,0.541,HIGH,toca_abajo,-28.8,-0.432,84.6,89.7,5.1,19.5,89.7,100.1,27.1,punto adelante de la componente
19,0.571,HIGH,toca_abajo,-4.8,-0.072,73.2,79.6,-6.3,23.8,79.6,100.1,0.3,punto adelante de la componente
20,0.601,HIGH,toca_abajo,12.1,0.182,65.5,72.8,-14.0,26.9,72.8,100.1,-18.5,punto adelante de la componente
21,0.631,HIGH,toca_abajo,12.1,0.182,65.5,72.8,-14.0,26.9,72.8,100.1,-18.5,punto adelante de la componente
22,0.661,HIGH,toca_abajo,21.6,0.324,61.4,68.8,-18.1,27.1,68.8,100.1,-28.4,punto adelante de la componente
23,0.691,HIGH,toca_abajo,13.3,0.200,64.7,72.5,-14.8,28.3,72.5,100.1,-19.4,punto adelante de la componente
24,0.721,HIGH,toca_abajo,13.3,0.200,64.7,72.5,-14.8,28.3,72.5,100.1,-19.4,punto adelante de la componente
25,0.751,HIGH,toca_abajo,1.9,0.028,70.2,76.9,-9.3,24.7,76.9,100.1,-7.6,punto adelante de la componente
26,0.781,HIGH,toca_abajo,-11.4,-0.171,76.2,82.4,-3.3,23.3,82.4,100.1,8.3,punto adelante de la componente
27,0.811,HIGH,toca_abajo,-11.4,-0.171,76.2,82.4,-3.3,23.3,82.4,100.1,8.3,punto adelante de la componente
28,0.841,HIGH,toca_abajo,-11.9,-0.179,77.1,82.4,-2.4,20.1,82.4,100.1,8.2,punto adelante de la componente
29,0.871,HIGH,toca_abajo,-20.8,-0.312,81.1,86.5,1.6,20.3,86.5,100.1,19.3,punto adelante de la componente
30,0.901,HIGH,toca_abajo,-20.8,-0.312,81.1,86.5,1.6,20.3,86.5,100.1,19.3,punto adelante de la componente
31,0.931,HIGH,toca_abajo,-30.9,-0.464,86.4,91.1,6.9,18.1,91.1,100.1,30.4,punto adelante de la componente
32,0.961,HIGH,toca_abajo,-33.2,-0.498,89.2,92.6,9.7,13.4,92.6,100.1,33.4,punto adelante de la componente
33,0.991,HIGH,toca_abajo,-33.2,-0.498,89.2,92.6,9.7,13.4,92.6,100.1,33.4,punto adelante de la componente
34,1.021,HIGH,toca_abajo,-33.2,-0.498,89.3,92.7,9.8,13.3,92.7,100.1,33.6,punto adelante de la componente
35,1.051,HIGH,toca_abajo,-33.6,-0.505,90.1,92.9,10.6,11.0,92.9,100.1,34.0,punto adelante de la componente
36,1.081,HIGH,toca_abajo,-33.6,-0.505,90.1,92.9,10.6,11.0,92.9,100.1,34.0,punto adelante de la componente
37,1.111,HIGH,toca_abajo,-29.5,-0.442,88.4,90.8,8.9,9.7,90.8,100.1,29.7,punto adelante de la componente
38,1.141,HIGH,toca_abajo,-24.5,-0.367,86.0,88.4,6.5,9.2,88.4,100.1,24.1,punto adelante de la componente
39,1.171,HIGH,toca_abajo,-24.5,-0.367,86.0,88.4,6.5,9.2,88.4,100.1,24.1,punto adelante de la componente
40,1.201,HIGH,toca_abajo,-16.9,-0.254,82.7,85.0,3.2,9.2,85.0,100.1,15.5,punto adelante de la componente
41,1.231,HIGH,toca_abajo,-5.1,-0.076,77.9,80.4,-1.6,9.8,80.4,100.1,2.7,punto adelante de la componente
42,1.261,HIGH,toca_abajo,-5.1,-0.076,77.9,80.4,-1.6,9.8,80.4,100.1,2.7,punto adelante de la componente
43,1.291,HIGH,toca_abajo,3.2,0.047,74.9,77.5,-4.6,10.0,77.5,100.1,-5.8,punto adelante de la componente
44,1.321,HIGH,toca_abajo,11.3,0.169,71.4,74.5,-8.1,11.9,74.5,100.1,-14.2,punto adelante de la componente
45,1.351,HIGH,toca_abajo,11.3,0.169,71.4,74.5,-8.1,11.9,74.5,100.1,-14.2,punto adelante de la componente
46,1.381,HIGH,toca_abajo,7.2,0.109,72.5,75.8,-7.0,13.1,75.8,100.1,-10.4,punto adelante de la componente
47,1.411,HIGH,toca_abajo,2.6,0.039,74.9,77.4,-4.6,9.6,77.4,100.1,-6.0,punto adelante de la componente
48,1.441,HIGH,toca_abajo,2.6,0.039,74.9,77.4,-4.6,9.6,77.4,100.1,-6.0,punto adelante de la componente
49,1.471,MEDIUM,toca_abajo,-4.1,-0.061,77.2,79.8,-2.3,10.2,79.8,100.1,1.0,punto adelante de la componente
50,1.502,MEDIUM,toca_abajo,-9.1,-0.137,79.4,78.9,-0.1,-2.2,78.9,101.0,-1.7,punto adelante de la componente
51,1.532,MEDIUM,toca_abajo,-9.1,-0.137,79.4,78.9,-0.1,-2.2,78.9,101.0,-1.7,punto adelante de la componente
52,1.562,MEDIUM,toca_abajo,-9.1,-0.136,79.4,51.0,-0.1,-71.4,51.0,105.0,-62.2,punto adelante de la componente
53,1.592,SIN_CERCA,continuidad,-15.9,-0.600,85.9,85.9,6.4,-0.0,85.9,100.1,17.9,componente visible arriba
54,1.622,SIN_CERCA,continuidad,-15.9,-0.600,85.9,85.9,6.4,-0.0,85.9,100.1,17.9,componente visible arriba
55,1.652,HIGH,toca_abajo,-17.9,-0.268,84.8,85.5,5.3,2.6,85.5,100.1,16.8,punto adelante de la componente
56,1.682,HIGH,toca_abajo,-19.8,-0.297,85.4,86.7,5.9,5.2,86.7,100.1,20.0,punto adelante de la componente
57,1.712,HIGH,toca_abajo,-22.8,-0.341,87.2,88.0,7.7,2.8,88.0,100.1,23.0,punto adelante de la componente
58,1.742,HIGH,toca_abajo,-22.8,-0.341,87.2,88.0,7.7,2.8,88.0,100.1,23.0,punto adelante de la componente
59,1.772,HIGH,toca_abajo,-17.1,-0.256,85.2,85.3,5.7,0.5,85.3,100.1,16.3,punto adelante de la componente
60,1.802,HIGH,toca_abajo,-17.3,-0.259,85.3,85.5,5.8,0.8,85.5,100.2,16.8,punto adelante de la componente
61,1.832,HIGH,toca_abajo,-17.3,-0.259,85.3,85.5,5.8,0.8,85.5,100.2,16.8,punto adelante de la componente
62,1.862,HIGH,toca_abajo,-7.2,-0.109,80.9,81.6,1.4,2.9,81.6,100.1,6.1,punto adelante de la componente
63,1.892,HIGH,toca_abajo,-3.2,-0.048,79.0,80.2,-0.5,4.5,80.2,100.1,1.9,punto adelante de la componente
64,1.922,HIGH,toca_abajo,-3.2,-0.048,79.0,80.2,-0.5,4.5,80.2,100.1,1.9,punto adelante de la componente
65,1.952,HIGH,toca_abajo,-0.1,-0.002,78.0,79.1,-1.5,4.5,79.1,100.1,-1.1,punto adelante de la componente
66,1.982,HIGH,toca_abajo,0.8,0.013,77.6,78.5,-1.9,3.6,78.5,100.1,-2.8,punto adelante de la componente
67,2.012,HIGH,toca_abajo,0.8,0.013,77.6,78.5,-1.9,3.6,78.5,100.1,-2.8,punto adelante de la componente
68,2.042,HIGH,toca_abajo,-3.2,-0.047,79.3,80.0,-0.2,3.0,80.0,100.1,1.6,punto adelante de la componente
69,2.072,HIGH,toca_abajo,-6.0,-0.090,80.4,81.1,0.9,2.9,81.1,100.1,4.7,punto adelante de la componente
70,2.102,HIGH,toca_abajo,-6.0,-0.090,80.4,81.1,0.9,2.9,81.1,100.1,4.7,punto adelante de la componente
71,2.132,HIGH,toca_abajo,-10.2,-0.153,82.3,82.8,2.8,1.7,82.8,100.1,9.3,punto adelante de la componente
72,2.162,HIGH,toca_abajo,-4.9,-0.073,80.7,80.7,1.2,-0.1,80.7,100.1,3.4,punto adelante de la componente
73,2.192,HIGH,toca_abajo,-0.2,-0.003,78.2,78.9,-1.3,2.8,78.9,100.1,-1.8,punto adelante de la componente
74,2.222,HIGH,toca_abajo,-0.2,-0.003,78.2,78.9,-1.3,2.8,78.9,100.1,-1.8,punto adelante de la componente
75,2.252,HIGH,toca_abajo,-0.8,-0.012,78.4,79.1,-1.1,2.9,79.1,100.1,-1.1,punto adelante de la componente
76,2.282,HIGH,toca_abajo,-0.8,-0.012,78.4,79.1,-1.1,2.9,79.1,100.1,-1.1,punto adelante de la componente
77,2.312,HIGH,toca_abajo,-2.1,-0.031,78.6,79.7,-0.9,4.1,79.7,100.1,0.5,punto adelante de la componente
78,2.342,HIGH,toca_abajo,-7.2,-0.109,80.8,81.7,1.3,3.7,81.7,100.1,6.4,punto adelante de la componente
79,2.372,HIGH,toca_abajo,-9.3,-0.140,82.7,82.7,3.2,0.3,82.7,100.1,9.2,punto adelante de la componente
80,2.402,HIGH,toca_abajo,-9.3,-0.140,82.7,82.7,3.2,0.3,82.7,100.1,9.2,punto adelante de la componente
81,2.432,HIGH,toca_abajo,-1.8,-0.027,79.4,79.9,-0.1,1.6,79.9,100.1,1.0,punto adelante de la componente
82,2.462,HIGH,toca_abajo,-2.2,-0.032,79.9,80.0,0.4,0.4,80.0,100.1,1.3,punto adelante de la componente
83,2.492,HIGH,toca_abajo,-2.2,-0.032,79.9,80.0,0.4,0.4,80.0,100.1,1.3,punto adelante de la componente
84,2.523,HIGH,toca_abajo,1.4,0.021,78.7,78.7,-0.8,0.1,78.7,100.1,-2.2,punto adelante de la componente
85,2.553,HIGH,toca_abajo,0.6,0.010,78.4,78.5,-1.1,0.8,78.5,100.1,-2.7,punto adelante de la componente
86,2.583,HIGH,toca_abajo,0.6,0.010,78.4,78.5,-1.1,0.8,78.5,100.1,-2.7,punto adelante de la componente
87,2.613,HIGH,toca_abajo,-5.6,-0.083,79.9,78.8,0.4,-4.2,78.8,100.2,-2.0,punto adelante de la componente
88,2.643,HIGH,toca_abajo,-3.4,-0.051,77.8,77.5,-1.7,-1.5,77.5,100.1,-5.9,punto adelante de la componente
89,2.673,HIGH,toca_abajo,-11.1,-0.167,78.0,78.3,-1.5,1.1,78.3,100.1,-3.4,punto adelante de la componente
90,2.703,HIGH,toca_abajo,-11.1,-0.167,78.0,78.3,-1.5,1.1,78.3,100.1,-3.4,punto adelante de la componente
91,2.733,HIGH,toca_abajo,-13.4,-0.201,77.8,78.0,-1.7,0.4,78.0,100.1,-4.4,punto adelante de la componente
92,2.763,HIGH,toca_abajo,-17.8,-0.267,78.5,78.8,-1.0,1.0,78.8,100.2,-2.1,punto adelante de la componente
93,2.793,HIGH,toca_abajo,-17.8,-0.267,78.5,78.8,-1.0,1.0,78.8,100.2,-2.1,punto adelante de la componente
94,2.823,HIGH,toca_abajo,-20.6,-0.308,79.8,79.6,0.3,-0.5,79.6,100.1,0.3,punto adelante de la componente
95,2.853,HIGH,toca_abajo,-17.6,-0.264,76.6,76.5,-2.9,-0.4,76.5,100.1,-8.6,punto adelante de la componente
96,2.883,HIGH,toca_abajo,-17.6,-0.264,76.6,76.5,-2.9,-0.4,76.5,100.1,-8.6,punto adelante de la componente
97,2.913,HIGH,toca_abajo,-18.1,-0.272,74.0,73.9,-5.5,-0.5,73.9,100.1,-15.8,punto adelante de la componente
98,2.943,HIGH,toca_abajo,-19.0,-0.285,70.2,80.2,-9.3,33.4,80.2,99.4,1.9,punto adelante de la componente
99,2.973,HIGH,toca_abajo,-19.0,-0.285,70.2,80.2,-9.3,33.4,80.2,99.4,1.9,punto adelante de la componente
100,3.003,HIGH,toca_abajo,-24.0,-0.361,68.3,95.1,-11.2,61.1,95.1,99.8,37.6,punto adelante de la componente
101,3.033,HIGH,toca_abajo,-32.0,-0.480,80.7,99.3,1.2,53.1,99.3,100.1,44.8,punto adelante de la componente
102,3.063,HIGH,toca_abajo,-32.0,-0.480,80.7,99.3,1.2,53.1,99.3,100.1,44.8,punto adelante de la componente
103,3.093,HIGH,toca_abajo,-36.4,-0.546,92.9,98.2,13.4,20.6,98.2,100.1,43.2,punto adelante de la componente
104,3.123,HIGH,toca_abajo,-30.4,-0.456,94.6,96.1,15.1,6.0,96.1,100.4,40.3,punto adelante de la componente
105,3.153,HIGH,toca_abajo,-30.4,-0.456,94.6,96.1,15.1,6.0,96.1,100.4,40.3,punto adelante de la componente
106,3.183,HIGH,toca_abajo,-14.6,-0.219,92.6,86.6,13.1,-23.3,86.6,100.7,20.2,punto adelante de la componente
107,3.213,HIGH,toca_abajo,13.9,0.209,89.6,65.6,10.1,-59.3,65.6,100.5,-35.5,punto adelante de la componente
108,3.243,HIGH,toca_abajo,43.8,0.657,49.6,50.7,-29.9,4.3,50.7,100.2,-55.5,punto adelante de la componente
109,3.273,HIGH,toca_abajo,43.8,0.657,49.6,50.7,-29.9,4.3,50.7,100.2,-55.5,punto adelante de la componente
110,3.303,HIGH,toca_abajo,55.5,0.832,44.3,46.1,-35.2,7.0,46.1,100.2,-59.3,punto adelante de la componente
111,3.333,HIGH,toca_abajo,57.7,0.865,42.8,45.0,-36.7,8.7,45.0,100.2,-60.2,punto adelante de la componente
112,3.363,HIGH,toca_abajo,57.7,0.865,42.8,45.0,-36.7,8.7,45.0,100.2,-60.2,punto adelante de la componente
113,3.393,HIGH,toca_abajo,53.6,0.805,46.8,49.2,-32.7,9.5,49.2,100.2,-56.8,punto adelante de la componente
114,3.423,HIGH,toca_abajo,48.7,0.731,51.9,54.1,-27.6,8.7,54.1,100.2,-52.0,punto adelante de la componente
115,3.453,HIGH,toca_abajo,48.7,0.731,51.9,54.1,-27.6,8.7,54.1,100.2,-52.0,punto adelante de la componente
116,3.483,HIGH,toca_abajo,42.0,0.630,56.8,59.1,-22.7,9.0,59.1,100.1,-45.8,punto adelante de la componente
117,3.514,HIGH,toca_abajo,32.3,0.484,62.9,65.0,-16.6,8.0,65.0,100.1,-36.2,punto adelante de la componente
118,3.544,HIGH,toca_abajo,32.3,0.484,62.9,65.0,-16.6,8.0,65.0,100.1,-36.2,punto adelante de la componente
119,3.574,HIGH,toca_abajo,18.3,0.274,69.9,71.5,-9.6,6.5,71.5,100.1,-21.8,punto adelante de la componente
120,3.604,HIGH,toca_abajo,6.0,0.089,75.2,76.4,-4.3,4.6,76.4,100.2,-9.0,punto adelante de la componente
121,3.634,HIGH,toca_abajo,-8.0,-0.120,80.6,81.7,1.1,4.5,81.7,100.2,6.4,punto adelante de la componente
122,3.664,HIGH,toca_abajo,-8.0,-0.120,80.6,81.7,1.1,4.5,81.7,100.2,6.4,punto adelante de la componente
123,3.694,HIGH,toca_abajo,-19.3,-0.289,85.6,86.1,6.1,1.9,86.1,100.2,18.5,punto adelante de la componente
124,3.724,HIGH,toca_abajo,-19.9,-0.298,86.8,86.5,7.3,-1.0,86.5,100.2,19.6,punto adelante de la componente
125,3.754,HIGH,toca_abajo,-19.9,-0.298,86.8,86.5,7.3,-1.0,86.5,100.2,19.6,punto adelante de la componente
126,3.784,HIGH,toca_abajo,-19.4,-0.291,86.1,86.2,6.6,0.5,86.2,100.2,18.7,punto adelante de la componente
127,3.814,HIGH,toca_abajo,-22.5,-0.337,87.8,87.7,8.3,-0.3,87.7,100.3,22.5,punto adelante de la componente
128,3.844,HIGH,toca_abajo,-22.5,-0.337,87.8,87.7,8.3,-0.3,87.7,100.3,22.5,punto adelante de la componente
129,3.874,HIGH,toca_abajo,-20.2,-0.303,87.0,86.6,7.5,-1.5,86.6,100.2,19.8,punto adelante de la componente
130,3.904,HIGH,toca_abajo,-21.8,-0.328,87.5,87.4,8.0,-0.7,87.4,100.2,21.7,punto adelante de la componente
131,3.934,HIGH,toca_abajo,-16.0,-0.241,85.3,85.0,5.8,-1.3,85.0,100.2,15.4,punto adelante de la componente
132,3.964,HIGH,toca_abajo,-16.0,-0.241,85.3,85.0,5.8,-1.3,85.0,100.2,15.4,punto adelante de la componente
133,3.994,HIGH,toca_abajo,-14.6,-0.219,84.5,84.4,5.0,-0.5,84.4,100.2,13.8,punto adelante de la componente
134,4.024,HIGH,toca_abajo,-13.0,-0.194,84.0,83.7,4.5,-1.1,83.7,100.2,11.9,punto adelante de la componente
135,4.054,HIGH,toca_abajo,-13.3,-0.199,84.0,84.0,4.5,-0.2,84.0,100.2,12.7,punto adelante de la componente
136,4.084,HIGH,toca_abajo,-13.3,-0.199,84.0,84.0,4.5,-0.2,84.0,100.2,12.7,punto adelante de la componente
137,4.114,HIGH,toca_abajo,-10.8,-0.163,83.4,83.0,3.9,-1.4,83.0,100.1,10.0,punto adelante de la componente
138,4.144,HIGH,toca_abajo,-5.7,-0.086,81.5,80.9,2.0,-2.2,80.9,100.2,4.2,punto adelante de la componente
139,4.174,HIGH,toca_abajo,-5.7,-0.086,81.5,80.9,2.0,-2.2,80.9,100.2,4.2,punto adelante de la componente
140,4.204,HIGH,toca_abajo,2.9,0.043,78.1,78.0,-1.4,-0.4,78.0,100.2,-4.5,punto adelante de la componente
141,4.234,HIGH,toca_abajo,4.9,0.074,76.9,77.1,-2.6,0.9,77.1,100.2,-6.8,punto adelante de la componente
142,4.264,HIGH,toca_abajo,4.9,0.074,76.9,77.1,-2.6,0.9,77.1,100.2,-6.8,punto adelante de la componente
143,4.294,HIGH,toca_abajo,5.9,0.089,76.8,76.8,-2.7,0.2,76.8,100.2,-7.8,punto adelante de la componente
144,4.324,HIGH,toca_abajo,6.3,0.095,76.4,76.5,-3.1,0.5,76.5,100.2,-8.5,punto adelante de la componente
145,4.354,HIGH,toca_abajo,6.3,0.095,76.4,76.5,-3.1,0.5,76.5,100.2,-8.5,punto adelante de la componente
146,4.384,HIGH,toca_abajo,-2.1,-0.031,79.6,79.8,0.1,0.7,79.8,100.2,0.8,punto adelante de la componente
147,4.414,HIGH,toca_abajo,3.2,0.048,78.5,77.9,-1.0,-2.5,77.9,100.2,-4.7,punto adelante de la componente
148,4.444,HIGH,toca_abajo,3.7,0.056,77.6,77.7,-1.9,0.2,77.7,100.2,-5.2,punto adelante de la componente
149,4.474,HIGH,toca_abajo,3.7,0.056,77.6,77.7,-1.9,0.2,77.7,100.2,-5.2,punto adelante de la componente
150,4.505,HIGH,toca_abajo,5.1,0.077,77.9,77.3,-1.6,-2.3,77.3,100.2,-6.3,punto adelante de la componente
151,4.535,HIGH,toca_abajo,5.8,0.087,77.3,77.1,-2.2,-0.6,77.1,100.2,-6.9,punto adelante de la componente
152,4.565,HIGH,toca_abajo,5.8,0.087,77.3,77.1,-2.2,-0.6,77.1,100.2,-6.9,punto adelante de la componente
153,4.595,HIGH,toca_abajo,1.8,0.027,79.5,79.0,-0.0,-1.8,79.0,100.2,-1.4,punto adelante de la componente
154,4.625,HIGH,toca_abajo,9.6,0.144,77.1,76.3,-2.4,-3.2,76.3,100.1,-9.3,punto adelante de la componente
155,4.655,HIGH,toca_abajo,7.4,0.112,78.3,77.9,-1.2,-1.4,77.9,100.2,-4.7,punto adelante de la componente
156,4.685,HIGH,toca_abajo,7.4,0.112,78.3,77.9,-1.2,-1.4,77.9,100.2,-4.7,punto adelante de la componente
157,4.715,HIGH,toca_abajo,9.8,0.147,78.5,77.6,-1.0,-3.6,77.6,100.2,-5.5,punto adelante de la componente
158,4.745,HIGH,toca_abajo,14.4,0.216,77.5,72.2,-2.0,-19.9,72.2,99.9,-20.0,punto adelante de la componente
159,4.775,HIGH,toca_abajo,10.2,0.154,80.1,72.7,0.6,-26.7,72.7,100.1,-18.8,punto adelante de la componente
160,4.805,HIGH,toca_abajo,14.4,0.216,72.7,73.1,-6.8,1.7,73.1,100.1,-17.8,punto adelante de la componente
161,4.835,HIGH,toca_abajo,9.2,0.138,74.1,74.5,-5.4,1.4,74.5,100.1,-14.1,punto adelante de la componente
162,4.865,HIGH,toca_abajo,9.2,0.138,74.1,74.5,-5.4,1.4,74.5,100.1,-14.1,punto adelante de la componente
163,4.895,HIGH,toca_abajo,5.2,0.078,74.9,74.6,-4.6,-1.0,74.6,100.1,-13.7,punto adelante de la componente
164,4.925,HIGH,toca_abajo,-0.8,-0.012,75.4,75.2,-4.1,-0.7,75.2,100.1,-12.3,punto adelante de la componente
165,4.955,HIGH,toca_abajo,-0.8,-0.012,75.4,75.2,-4.1,-0.7,75.2,100.1,-12.3,punto adelante de la componente
166,4.985,HIGH,toca_abajo,-12.2,-0.183,78.8,79.6,-0.7,3.3,79.6,100.2,0.4,punto adelante de la componente
167,5.015,HIGH,toca_abajo,-20.1,-0.302,78.8,80.0,-0.7,4.7,80.0,100.2,1.4,punto adelante de la componente
168,5.045,HIGH,toca_abajo,-20.1,-0.302,78.8,80.0,-0.7,4.7,80.0,100.2,1.4,punto adelante de la componente
169,5.075,HIGH,toca_abajo,-30.1,-0.451,80.3,81.8,0.8,6.0,81.8,100.1,6.7,punto adelante de la componente
170,5.105,HIGH,toca_abajo,-38.5,-0.577,79.5,86.7,0.0,26.0,86.7,99.9,19.7,punto adelante de la componente
171,5.135,HIGH,toca_abajo,-47.7,-0.715,82.5,93.7,3.0,37.7,93.7,100.0,35.3,punto adelante de la componente
172,5.165,HIGH,toca_abajo,-47.7,-0.715,82.5,93.7,3.0,37.7,93.7,100.0,35.3,punto adelante de la componente
173,5.195,HIGH,toca_abajo,-50.9,-0.763,84.1,97.7,4.6,43.8,97.7,100.2,42.7,punto adelante de la componente
174,5.225,HIGH,toca_abajo,-52.0,-0.781,83.1,101.3,3.6,52.0,101.3,100.3,47.8,punto adelante de la componente
175,5.255,HIGH,toca_abajo,-52.4,-0.787,82.1,102.9,2.6,55.5,102.9,100.2,49.8,punto adelante de la componente
176,5.285,HIGH,toca_abajo,-52.4,-0.787,82.1,102.9,2.6,55.5,102.9,100.2,49.8,punto adelante de la componente
177,5.315,HIGH,toca_abajo,-52.2,-0.783,81.4,103.4,1.9,56.9,103.4,100.2,50.4,punto adelante de la componente
178,5.345,HIGH,toca_abajo,-53.3,-0.799,83.2,104.6,3.7,55.9,104.6,100.2,51.8,punto adelante de la componente
179,5.375,HIGH,toca_abajo,-53.3,-0.799,83.2,104.6,3.7,55.9,104.6,100.2,51.8,punto adelante de la componente
180,5.405,HIGH,toca_abajo,-54.1,-0.811,85.7,105.1,6.2,53.4,105.1,100.2,52.3,punto adelante de la componente
181,5.435,HIGH,toca_abajo,-49.9,-0.749,83.0,101.4,3.5,51.8,101.4,100.2,47.9,punto adelante de la componente
182,5.465,HIGH,toca_abajo,-49.9,-0.749,83.0,101.4,3.5,51.8,101.4,100.2,47.9,punto adelante de la componente
183,5.495,HIGH,toca_abajo,-46.2,-0.694,80.7,98.6,1.2,51.1,98.6,100.2,43.9,punto adelante de la componente
184,5.526,HIGH,toca_abajo,-38.2,-0.574,76.3,93.7,-3.2,50.3,93.7,100.2,35.7,punto adelante de la componente
185,5.556,HIGH,toca_abajo,-22.9,-0.343,68.7,86.5,-10.8,51.1,86.5,100.2,19.6,punto adelante de la componente
186,5.586,HIGH,toca_abajo,-22.9,-0.343,68.7,86.5,-10.8,51.1,86.5,100.2,19.6,punto adelante de la componente
187,5.616,HIGH,toca_abajo,-1.4,-0.020,59.5,78.8,-20.0,53.3,78.8,100.3,-2.1,punto adelante de la componente
188,5.646,HIGH,toca_abajo,9.7,0.145,54.9,74.7,-24.6,54.1,74.7,100.3,-13.7,punto adelante de la componente
189,5.676,HIGH,toca_abajo,9.7,0.145,54.9,74.7,-24.6,54.1,74.7,100.3,-13.7,punto adelante de la componente
190,5.706,HIGH,toca_abajo,-2.9,-0.043,60.1,79.2,-19.4,52.9,79.2,100.2,-0.8,punto adelante de la componente
191,5.736,HIGH,toca_abajo,-22.6,-0.340,70.1,86.1,-9.4,47.8,86.1,100.2,18.3,punto adelante de la componente
192,5.766,HIGH,toca_abajo,-22.6,-0.340,70.1,86.1,-9.4,47.8,86.1,100.2,18.3,punto adelante de la componente
193,5.796,HIGH,toca_abajo,-40.5,-0.607,80.8,95.1,1.3,44.7,95.1,100.2,38.1,punto adelante de la componente
194,5.826,HIGH,toca_abajo,-50.8,-0.761,91.7,103.3,12.2,38.7,103.3,100.1,50.2,punto adelante de la componente
195,5.856,HIGH,toca_abajo,-53.5,-0.802,96.3,106.1,16.8,34.3,106.1,100.2,53.3,punto adelante de la componente
196,5.886,HIGH,toca_abajo,-56.3,-0.845,101.8,110.0,22.3,29.4,110.0,100.1,56.9,punto adelante de la componente
197,5.916,HIGH,toca_abajo,-56.3,-0.845,101.8,110.0,22.3,29.4,110.0,100.1,56.9,punto adelante de la componente
198,5.946,HIGH,toca_abajo,-52.7,-0.790,98.5,106.2,19.0,27.9,106.2,100.1,53.4,punto adelante de la componente
199,5.976,HIGH,toca_abajo,-52.7,-0.790,98.5,106.2,19.0,27.9,106.2,100.1,53.4,punto adelante de la componente
200,6.006,HIGH,toca_abajo,-50.4,-0.756,96.7,104.3,17.2,27.7,104.3,100.1,51.4,punto adelante de la componente
201,6.036,HIGH,toca_abajo,-47.7,-0.715,95.0,102.2,15.5,26.6,102.2,100.2,48.9,punto adelante de la componente
202,6.066,HIGH,toca_abajo,-47.7,-0.715,95.0,102.2,15.5,26.6,102.2,100.2,48.9,punto adelante de la componente
203,6.096,HIGH,toca_abajo,-43.4,-0.651,92.1,99.1,12.6,26.1,99.1,100.2,44.7,punto adelante de la componente
204,6.126,HIGH,toca_abajo,-36.6,-0.549,88.1,95.1,8.6,26.0,95.1,100.1,38.2,punto adelante de la componente
205,6.156,HIGH,toca_abajo,-26.5,-0.397,83.2,90.1,3.7,25.7,90.1,100.1,28.1,punto adelante de la componente
206,6.186,HIGH,toca_abajo,-26.5,-0.397,83.2,90.1,3.7,25.7,90.1,100.1,28.1,punto adelante de la componente
207,6.216,HIGH,toca_abajo,-11.6,-0.175,76.1,83.1,-3.4,25.9,83.1,100.1,10.3,punto adelante de la componente
208,6.246,HIGH,toca_abajo,3.6,0.054,69.3,76.8,-10.2,27.4,76.8,100.1,-7.8,punto adelante de la componente
209,6.276,HIGH,toca_abajo,3.6,0.054,69.3,76.8,-10.2,27.4,76.8,100.1,-7.8,punto adelante de la componente
210,6.306,HIGH,toca_abajo,13.2,0.198,65.2,73.3,-14.3,29.3,73.3,100.1,-17.3,punto adelante de la componente
211,6.336,HIGH,toca_abajo,9.6,0.144,67.0,75.3,-12.5,30.0,75.3,100.1,-11.8,punto adelante de la componente
212,6.366,HIGH,toca_abajo,9.6,0.144,67.0,75.3,-12.5,30.0,75.3,100.1,-11.8,punto adelante de la componente
213,6.396,HIGH,toca_abajo,1.5,0.023,76.7,84.4,-2.8,28.1,84.4,100.1,14.0,punto adelante de la componente
214,6.426,HIGH,toca_abajo,7.6,0.114,79.9,86.6,0.4,24.8,86.6,100.1,19.5,punto adelante de la componente
215,6.456,HIGH,toca_abajo,7.6,0.114,79.9,86.6,0.4,24.8,86.6,100.1,19.5,punto adelante de la componente
216,6.486,HIGH,toca_abajo,8.5,0.128,86.0,93.4,6.5,27.2,93.4,100.1,34.9,punto adelante de la componente
217,6.517,HIGH,toca_abajo,10.1,0.152,91.6,91.7,12.1,0.4,91.7,99.6,30.8,punto adelante de la componente
218,6.547,HIGH,toca_abajo,19.4,0.291,97.1,82.4,17.6,-45.4,82.4,99.8,8.1,punto adelante de la componente
219,6.577,HIGH,toca_abajo,19.4,0.291,97.1,82.4,17.6,-45.4,82.4,99.8,8.1,punto adelante de la componente
220,6.607,HIGH,toca_abajo,41.3,0.619,87.5,68.4,8.0,-53.7,68.4,100.3,-29.4,punto adelante de la componente
221,6.637,HIGH,toca_abajo,41.3,0.619,87.5,68.4,8.0,-53.7,68.4,100.3,-29.4,punto adelante de la componente
222,6.667,HIGH,toca_abajo,64.1,0.961,77.1,41.7,-2.4,-68.6,41.7,100.6,-62.8,punto adelante de la componente
223,6.697,HIGH,toca_abajo,72.9,1.000,64.7,31.1,-14.8,-66.8,31.1,100.5,-68.1,punto adelante de la componente
224,6.727,HIGH,toca_abajo,72.9,1.000,64.7,31.1,-14.8,-66.8,31.1,100.5,-68.1,punto adelante de la componente
225,6.757,HIGH,toca_abajo,76.4,1.000,51.4,27.2,-28.1,-59.5,27.2,100.6,-69.6,punto adelante de la componente
226,6.787,HIGH,toca_abajo,77.1,1.000,48.1,25.7,-31.4,-57.6,25.7,100.6,-70.2,punto adelante de la componente
227,6.817,HIGH,toca_abajo,76.6,1.000,47.8,26.5,-31.7,-56.3,26.5,100.6,-69.9,punto adelante de la componente
228,6.847,HIGH,toca_abajo,76.6,1.000,47.8,26.5,-31.7,-56.3,26.5,100.6,-69.9,punto adelante de la componente
229,6.877,HIGH,toca_abajo,74.6,1.000,50.8,29.8,-28.7,-55.7,29.8,100.4,-68.5,punto adelante de la componente
230,6.907,HIGH,toca_abajo,73.7,1.000,51.3,30.9,-28.2,-54.8,30.9,100.4,-68.0,punto adelante de la componente
231,6.937,HIGH,toca_abajo,73.7,1.000,51.3,30.9,-28.2,-54.8,30.9,100.4,-68.0,punto adelante de la componente
232,6.967,HIGH,toca_abajo,69.6,1.000,58.8,35.8,-20.7,-58.0,35.8,100.3,-65.7,punto adelante de la componente
233,6.997,HIGH,toca_abajo,69.6,1.000,58.8,35.8,-20.7,-58.0,35.8,100.3,-65.7,punto adelante de la componente
234,7.027,HIGH,toca_abajo,64.5,0.967,68.3,41.2,-11.2,-61.9,41.2,100.3,-62.7,punto adelante de la componente
235,7.057,HIGH,toca_abajo,58.3,0.874,75.8,48.1,-3.7,-62.4,48.1,100.2,-57.8,punto adelante de la componente
236,7.087,HIGH,toca_abajo,58.3,0.874,75.8,48.1,-3.7,-62.4,48.1,100.2,-57.8,punto adelante de la componente
237,7.117,HIGH,toca_abajo,45.1,0.676,87.9,59.4,8.4,-63.1,59.4,100.2,-45.5,punto adelante de la componente
238,7.147,HIGH,toca_abajo,28.6,0.429,97.0,69.8,17.5,-62.3,69.8,100.2,-26.2,punto adelante de la componente
239,7.177,HIGH,toca_abajo,24.1,0.361,98.0,72.0,18.5,-61.1,72.0,100.2,-20.8,punto adelante de la componente
240,7.207,HIGH,toca_abajo,24.1,0.361,98.0,72.0,18.5,-61.1,72.0,100.2,-20.8,punto adelante de la componente
241,7.237,HIGH,toca_abajo,-0.1,-0.002,106.4,83.6,26.9,-58.1,83.6,100.3,11.7,punto adelante de la componente
242,7.267,HIGH,toca_abajo,-2.1,-0.032,107.1,84.8,27.6,-57.7,84.8,100.4,15.2,punto adelante de la componente
243,7.297,HIGH,toca_abajo,5.2,0.077,104.8,81.2,25.3,-59.0,81.2,100.4,5.0,punto adelante de la componente
244,7.327,HIGH,toca_abajo,5.2,0.077,104.8,81.2,25.3,-59.0,81.2,100.4,5.0,punto adelante de la componente
245,7.357,HIGH,toca_abajo,28.7,0.430,95.6,69.6,16.1,-61.1,69.6,100.3,-26.6,punto adelante de la componente
246,7.387,HIGH,toca_abajo,54.3,0.815,74.5,52.2,-5.0,-57.3,52.2,100.3,-54.2,punto adelante de la componente
247,7.417,HIGH,toca_abajo,54.3,0.815,74.5,52.2,-5.0,-57.3,52.2,100.3,-54.2,punto adelante de la componente
248,7.447,HIGH,toca_abajo,63.9,0.959,58.0,38.5,-21.5,-53.9,38.5,100.4,-64.4,punto adelante de la componente
249,7.477,HIGH,toca_abajo,67.9,1.000,46.8,31.4,-32.7,-46.8,31.4,100.2,-67.6,punto adelante de la componente
250,7.508,HIGH,toca_abajo,67.9,1.000,46.8,31.4,-32.7,-46.8,31.4,100.2,-67.6,punto adelante de la componente
251,7.538,HIGH,toca_abajo,68.6,1.000,42.3,30.3,-37.2,-39.7,30.3,100.2,-68.1,punto adelante de la componente
252,7.568,HIGH,toca_abajo,69.7,1.000,37.9,28.3,-41.6,-33.5,28.3,100.2,-68.9,punto adelante de la componente
253,7.598,HIGH,toca_abajo,69.7,1.000,37.9,28.3,-41.6,-33.5,28.3,100.2,-68.9,punto adelante de la componente
254,7.628,HIGH,toca_abajo,69.4,1.000,36.8,27.8,-42.7,-31.9,27.8,100.2,-69.0,punto adelante de la componente
255,7.658,HIGH,toca_abajo,67.2,1.000,41.0,31.2,-38.5,-34.3,31.2,100.1,-67.7,punto adelante de la componente
256,7.688,HIGH,toca_abajo,67.2,1.000,41.0,31.2,-38.5,-34.3,31.2,100.1,-67.7,punto adelante de la componente
257,7.718,HIGH,toca_abajo,63.5,0.952,48.0,37.8,-31.5,-35.0,37.8,100.1,-64.5,punto adelante de la componente
258,7.748,HIGH,toca_abajo,56.7,0.850,58.6,47.8,-20.9,-36.8,47.8,100.2,-58.0,punto adelante de la componente
259,7.778,HIGH,toca_abajo,56.7,0.850,58.6,47.8,-20.9,-36.8,47.8,100.2,-58.0,punto adelante de la componente
260,7.808,HIGH,toca_abajo,41.1,0.616,74.3,62.8,-5.2,-38.6,62.8,100.2,-40.1,punto adelante de la componente
261,7.838,HIGH,toca_abajo,27.3,0.409,83.2,70.0,3.7,-42.6,70.0,100.3,-25.7,punto adelante de la componente
262,7.868,HIGH,toca_abajo,27.3,0.409,83.2,70.0,3.7,-42.6,70.0,100.3,-25.7,punto adelante de la componente
263,7.898,HIGH,toca_abajo,14.5,0.218,89.0,75.8,9.5,-42.8,75.8,100.2,-10.7,punto adelante de la componente
264,7.928,HIGH,toca_abajo,7.8,0.117,92.3,77.8,12.8,-45.5,77.8,100.4,-4.9,punto adelante de la componente
265,7.958,HIGH,toca_abajo,7.9,0.118,91.3,77.6,11.8,-43.8,77.6,100.3,-5.5,punto adelante de la componente
266,7.988,HIGH,toca_abajo,7.9,0.118,91.3,77.6,11.8,-43.8,77.6,100.3,-5.5,punto adelante de la componente
267,8.018,HIGH,toca_abajo,9.9,0.148,90.5,77.0,11.0,-43.3,77.0,100.3,-7.2,punto adelante de la componente
268,8.048,HIGH,toca_abajo,21.1,0.317,83.8,71.7,4.3,-40.3,71.7,100.3,-21.6,punto adelante de la componente
269,8.078,HIGH,toca_abajo,21.1,0.317,83.8,71.7,4.3,-40.3,71.7,100.3,-21.6,punto adelante de la componente
270,8.108,HIGH,toca_abajo,27.4,0.412,80.4,69.2,0.9,-37.9,69.2,100.2,-27.5,punto adelante de la componente
271,8.138,HIGH,toca_abajo,36.0,0.541,74.0,64.5,-5.5,-33.4,64.5,100.1,-37.1,punto adelante de la componente
272,8.168,HIGH,toca_abajo,36.6,0.549,72.2,64.3,-7.3,-28.8,64.3,100.1,-37.4,punto adelante de la componente
273,8.198,HIGH,toca_abajo,36.6,0.549,72.2,64.3,-7.3,-28.8,64.3,100.1,-37.4,punto adelante de la componente
274,8.228,HIGH,toca_abajo,38.1,0.571,71.0,63.5,-8.5,-27.4,63.5,100.1,-38.7,punto adelante de la componente
275,8.258,HIGH,toca_abajo,38.1,0.571,71.0,63.5,-8.5,-27.4,63.5,100.1,-38.7,punto adelante de la componente
276,8.288,HIGH,toca_abajo,35.4,0.532,72.4,65.9,-7.1,-24.3,65.9,100.1,-34.3,punto adelante de la componente
277,8.318,HIGH,toca_abajo,33.2,0.497,74.2,68.1,-5.3,-23.0,68.1,100.1,-29.8,punto adelante de la componente
278,8.348,HIGH,toca_abajo,33.2,0.497,74.2,68.1,-5.3,-23.0,68.1,100.1,-29.8,punto adelante de la componente
279,8.378,HIGH,toca_abajo,29.8,0.447,76.8,70.6,-2.7,-23.2,70.6,100.1,-24.1,punto adelante de la componente
280,8.408,HIGH,toca_abajo,25.3,0.380,79.6,73.7,0.1,-22.2,73.7,100.1,-16.2,punto adelante de la componente
281,8.438,HIGH,toca_abajo,21.6,0.324,83.3,76.7,3.8,-24.4,76.7,100.1,-7.9,punto adelante de la componente
282,8.468,HIGH,toca_abajo,21.6,0.324,83.3,76.7,3.8,-24.4,76.7,100.1,-7.9,punto adelante de la componente
283,8.498,HIGH,toca_abajo,25.2,0.379,82.4,76.9,2.9,-20.8,76.9,100.1,-7.4,punto adelante de la componente
284,8.529,HIGH,toca_abajo,27.9,0.419,83.3,77.7,3.8,-21.3,77.7,100.1,-5.2,punto adelante de la componente
285,8.559,HIGH,toca_abajo,27.9,0.419,83.3,77.7,3.8,-21.3,77.7,100.1,-5.2,punto adelante de la componente
286,8.589,HIGH,toca_abajo,32.2,0.483,82.8,77.5,3.3,-19.9,77.5,100.1,-5.7,punto adelante de la componente
287,8.619,HIGH,toca_abajo,31.4,0.472,85.3,70.4,5.8,-44.5,70.4,99.4,-23.8,punto adelante de la componente
288,8.649,HIGH,toca_abajo,31.4,0.472,85.3,70.4,5.8,-44.5,70.4,99.4,-23.8,punto adelante de la componente
289,8.679,HIGH,toca_abajo,32.0,0.480,89.4,60.7,9.9,-62.4,60.7,99.6,-42.6,punto adelante de la componente
290,8.709,HIGH,toca_abajo,40.1,0.602,88.6,57.6,9.1,-65.2,57.6,100.1,-47.7,punto adelante de la componente
291,8.739,HIGH,toca_abajo,49.0,0.735,67.2,58.4,-12.3,-31.8,58.4,100.0,-46.6,punto adelante de la componente
292,8.769,HIGH,toca_abajo,49.0,0.735,67.2,58.4,-12.3,-31.8,58.4,100.0,-46.6,punto adelante de la componente
293,8.799,HIGH,toca_abajo,49.0,0.735,66.2,61.2,-13.3,-18.9,61.2,100.1,-42.5,punto adelante de la componente
294,8.829,HIGH,toca_abajo,45.6,0.685,68.4,62.6,-11.1,-21.6,62.6,100.0,-40.1,punto adelante de la componente
295,8.859,HIGH,toca_abajo,45.6,0.685,68.4,62.6,-11.1,-21.6,62.6,100.0,-40.1,punto adelante de la componente
296,8.889,HIGH,toca_abajo,37.4,0.561,71.4,66.2,-8.1,-19.8,66.2,100.0,-33.7,punto adelante de la componente
297,8.919,MEDIUM,toca_abajo,33.0,0.494,73.4,71.1,-6.1,-9.4,71.1,100.8,-23.5,punto adelante de la componente
298,8.949,MEDIUM,toca_abajo,33.0,0.494,73.4,71.1,-6.1,-9.4,71.1,100.8,-23.5,punto adelante de la componente
299,8.979,MEDIUM,toca_abajo,20.0,0.300,74.9,84.8,-4.6,38.9,84.8,102.2,16.7,punto adelante de la componente
300,9.009,MEDIUM,toca_abajo,-34.2,-0.512,76.6,125.3,-2.9,76.6,125.3,102.9,69.5,punto adelante de la componente
301,9.039,MEDIUM,toca_abajo,-34.2,-0.512,76.6,125.3,-2.9,76.6,125.3,102.9,69.5,punto adelante de la componente
302,9.069,MEDIUM,toca_abajo,-76.5,-1.000,86.6,141.7,7.1,77.9,141.7,103.8,75.4,punto adelante de la componente
303,9.099,LOW,toca_abajo,-87.2,-1.000,138.9,,59.4,,141.7,103.8,75.4,ultimo objetivo confiable (memoria)
304,9.129,LOW,toca_abajo,-87.2,-1.000,138.9,,59.4,,141.7,103.8,75.4,ultimo objetivo confiable (memoria)
305,9.159,LOW,toca_abajo,-88.7,-1.000,143.3,,63.8,,141.7,103.8,75.4,ultimo objetivo confiable (memoria)
306,9.189,LOW,toca_abajo,-89.3,-1.000,145.7,,66.2,,141.7,103.8,75.4,ultimo objetivo confiable (memoria)
307,9.219,LOW,toca_abajo,-89.3,-1.000,145.7,,66.2,,141.7,103.8,75.4,ultimo objetivo confiable (memoria)
308,9.249,PERDIDA,sin_componente,-70.5,0.000,,,,,,,0.0,sin objetivo
309,9.279,PERDIDA,sin_componente,-49.1,0.000,,,,,,,0.0,sin objetivo
310,9.309,PERDIDA,sin_componente,-45.1,0.000,,,,,,,0.0,sin objetivo
311,9.339,PERDIDA,sin_componente,-45.1,0.000,,,,,,,0.0,sin objetivo
312,9.369,PERDIDA,sin_componente,-44.8,0.000,,,,,,,0.0,sin objetivo
313,9.399,SIN_CERCA,continuidad,-44.7,-0.600,,,,,141.7,103.8,75.4,memoria
314,9.429,SIN_CERCA,continuidad,-44.7,-0.600,,,,,141.7,103.8,75.4,memoria
315,9.459,SIN_CERCA,continuidad,-44.6,-0.600,,,,,141.7,103.8,75.4,memoria
316,9.489,SIN_CERCA,continuidad,-44.3,-0.600,,,,,141.7,103.8,75.4,memoria
317,9.520,SIN_CERCA,continuidad,-44.3,-0.600,,,,,141.7,103.8,75.4,memoria
318,9.550,SIN_CERCA,continuidad,-44.1,-0.600,,,,,141.7,103.8,75.4,memoria
319,9.580,SIN_CERCA,continuidad,-43.0,-0.600,,,,,141.7,103.8,75.4,memoria
320,9.610,SIN_CERCA,continuidad,-43.0,-0.600,,,,,141.7,103.8,75.4,memoria
321,9.640,SIN_CERCA,continuidad,-42.7,-0.600,,,,,141.7,103.8,75.4,memoria
322,9.670,SIN_CERCA,continuidad,-42.7,-0.600,,,,,141.7,103.8,75.4,memoria
323,9.700,SIN_CERCA,continuidad,-42.8,-0.600,,,,,141.7,103.8,75.4,memoria
324,9.730,SIN_CERCA,continuidad,-42.2,-0.600,,,,,141.7,103.8,75.4,memoria
325,9.760,SIN_CERCA,continuidad,-42.2,-0.600,,,,,141.7,103.8,75.4,memoria
326,9.790,SIN_CERCA,continuidad,-42.6,-0.600,,,,,141.7,103.8,75.4,memoria
327,9.820,SIN_CERCA,continuidad,-42.8,-0.600,,,,,141.7,103.8,75.4,memoria
328,9.850,SIN_CERCA,continuidad,-42.8,-0.600,,,,,141.7,103.8,75.4,memoria
329,9.880,SIN_CERCA,continuidad,-38.9,-0.600,,150.4,,,150.4,75.0,57.6,componente visible arriba
330,9.910,SIN_CERCA,continuidad,-28.6,-0.600,,138.8,,,138.8,77.9,54.6,componente visible arriba
331,9.940,SIN_CERCA,continuidad,-28.6,-0.600,,138.8,,,138.8,77.9,54.6,componente visible arriba
332,9.970,SIN_CERCA,continuidad,-24.2,-0.600,,135.6,,,135.6,78.3,53.4,componente visible arriba
333,10.000,SIN_CERCA,continuidad,-6.7,-0.100,,134.7,,,134.7,80.4,54.3,componente visible arriba
334,10.030,SIN_CERCA,continuidad,-6.7,-0.100,,134.7,,,134.7,80.4,54.3,componente visible arriba
335,10.060,SIN_CERCA,salto_grande,-5.3,-0.080,,89.1,,,89.1,96.6,22.4,componente visible arriba
336,10.090,SIN_CERCA,continuidad,-1.1,-0.016,39.5,79.4,-40.0,75.9,79.4,100.0,-0.4,componente visible arriba
337,10.120,SIN_CERCA,continuidad,1.5,0.022,,,,,79.4,100.0,-0.4,memoria
338,10.150,SIN_CERCA,continuidad,-28.8,-0.431,,,,,79.4,100.0,-0.4,memoria
339,10.180,SIN_CERCA,continuidad,-28.8,-0.431,,,,,79.4,100.0,-0.4,memoria
340,10.210,SIN_CERCA,continuidad,-32.1,-0.482,,,,,79.4,100.0,-0.4,memoria
341,10.240,SIN_CERCA,salto_grande,-42.8,-0.642,,,,,79.4,100.0,-0.4,memoria
342,10.270,PERDIDA,sin_componente,0.0,0.000,,,,,,,0.0,sin objetivo
343,10.300,PERDIDA,sin_componente,0.0,0.000,,,,,,,0.0,sin objetivo
344,10.330,PERDIDA,sin_componente,0.0,0.000,,,,,,,0.0,sin objetivo
345,10.360,LOW,toca_abajo,87.1,-1.000,5.0,,-74.5,,79.4,100.0,-0.4,ultimo objetivo confiable (memoria)
346,10.390,MEDIUM,toca_abajo,84.8,1.000,11.3,10.8,-68.2,-2.2,10.8,102.8,-76.0,punto adelante de la componente
347,10.420,MEDIUM,toca_abajo,84.8,1.000,11.3,10.8,-68.2,-2.2,10.8,102.8,-76.0,punto adelante de la componente
348,10.450,MEDIUM,toca_abajo,80.9,1.000,23.8,15.6,-55.7,-31.0,15.6,100.6,-73.1,punto adelante de la componente
349,10.480,MEDIUM,toca_abajo,80.9,1.000,23.8,15.6,-55.7,-31.0,15.6,100.6,-73.1,punto adelante de la componente
350,10.511,HIGH,toca_abajo,75.1,1.000,38.1,21.5,-41.4,-47.6,21.5,99.4,-70.5,punto adelante de la componente
351,10.541,HIGH,toca_abajo,67.0,1.000,49.8,38.8,-29.7,-36.9,38.8,100.0,-63.8,punto adelante de la componente
352,10.571,HIGH,toca_abajo,67.0,1.000,49.8,38.8,-29.7,-36.9,38.8,100.0,-63.8,punto adelante de la componente
353,10.601,HIGH,toca_abajo,57.2,0.858,63.8,51.4,-15.7,-40.3,51.4,100.1,-54.7,punto adelante de la componente
354,10.631,HIGH,toca_abajo,34.5,0.518,84.2,66.0,4.7,-52.8,66.0,100.8,-35.0,punto adelante de la componente
355,10.661,HIGH,toca_abajo,34.5,0.518,84.2,66.0,4.7,-52.8,66.0,100.8,-35.0,punto adelante de la componente
356,10.691,MEDIUM,toca_abajo,-32.6,-0.489,109.6,93.7,30.1,-48.2,93.7,100.4,36.0,punto adelante de la componente
357,10.721,MEDIUM,toca_abajo,-66.4,-0.997,140.2,126.2,60.7,-47.1,126.2,101.5,68.4,punto adelante de la componente
358,10.751,MEDIUM,toca_abajo,-66.4,-0.997,140.2,126.2,60.7,-47.1,126.2,101.5,68.4,punto adelante de la componente
359,10.781,SIN_CERCA,continuidad,-62.3,-0.600,155.9,146.9,76.4,-35.4,146.9,99.6,73.2,componente visible arriba
360,10.811,HIGH,toca_abajo,-62.5,-0.938,156.7,156.8,77.2,0.3,156.8,98.8,74.7,punto adelante de la componente
361,10.841,HIGH,toca_abajo,-62.5,-0.938,156.7,156.8,77.2,0.3,156.8,98.8,74.7,punto adelante de la componente
362,10.871,HIGH,toca_abajo,-70.9,-1.000,150.2,153.3,70.7,12.4,153.3,100.3,75.1,punto adelante de la componente
363,10.901,HIGH,toca_abajo,-75.0,-1.000,140.7,145.7,61.2,19.3,145.7,100.2,73.4,punto adelante de la componente
364,10.931,HIGH,toca_abajo,-74.1,-1.000,133.9,141.3,54.4,27.1,141.3,100.3,72.3,punto adelante de la componente
365,10.961,HIGH,toca_abajo,-74.1,-1.000,133.9,141.3,54.4,27.1,141.3,100.3,72.3,punto adelante de la componente
366,10.991,HIGH,toca_abajo,-71.8,-1.000,138.3,144.1,58.8,22.0,144.1,100.2,73.0,punto adelante de la componente
367,11.021,HIGH,toca_abajo,-70.1,-1.000,138.2,143.6,58.7,20.5,143.6,100.2,72.9,punto adelante de la componente
368,11.051,HIGH,toca_abajo,-70.1,-1.000,138.2,143.6,58.7,20.5,143.6,100.2,72.9,punto adelante de la componente
369,11.081,HIGH,toca_abajo,-69.6,-1.000,135.4,141.0,55.9,21.0,141.0,100.2,72.1,punto adelante de la componente
370,11.111,HIGH,toca_abajo,-68.4,-1.000,133.2,138.4,53.7,19.9,138.4,100.2,71.4,punto adelante de la componente
371,11.141,HIGH,toca_abajo,-68.4,-1.000,133.2,138.4,53.7,19.9,138.4,100.2,71.4,punto adelante de la componente
372,11.171,HIGH,toca_abajo,-67.3,-1.000,128.7,134.4,49.2,21.7,134.4,100.1,70.1,punto adelante de la componente
373,11.201,HIGH,toca_abajo,-64.1,-0.962,119.7,126.4,40.2,24.8,126.4,100.1,67.1,punto adelante de la componente
374,11.231,HIGH,toca_abajo,-64.1,-0.962,119.7,126.4,40.2,24.8,126.4,100.1,67.1,punto adelante de la componente
375,11.261,HIGH,toca_abajo,-58.8,-0.882,108.4,116.2,28.9,28.5,116.2,100.2,61.6,punto adelante de la componente
376,11.291,HIGH,toca_abajo,-48.7,-0.730,94.4,103.4,14.9,31.7,103.4,100.1,50.2,punto adelante de la componente
377,11.321,HIGH,toca_abajo,-48.7,-0.730,94.4,103.4,14.9,31.7,103.4,100.1,50.2,punto adelante de la componente
378,11.351,HIGH,toca_abajo,-27.8,-0.417,79.0,89.5,-0.5,35.9,89.5,100.1,26.7,punto adelante de la componente
379,11.381,HIGH,toca_abajo,-1.0,-0.015,65.6,77.9,-13.9,40.4,77.9,100.1,-4.7,punto adelante de la componente
380,11.411,HIGH,toca_abajo,-1.0,-0.015,65.6,77.9,-13.9,40.4,77.9,100.1,-4.7,punto adelante de la componente
381,11.441,HIGH,toca_abajo,19.0,0.284,56.2,69.5,-23.3,42.7,69.5,100.1,-26.7,punto adelante de la componente
382,11.471,HIGH,toca_abajo,22.8,0.343,54.2,68.8,-25.3,45.3,68.8,100.2,-28.3,punto adelante de la componente
383,11.502,HIGH,toca_abajo,22.8,0.343,54.2,68.8,-25.3,45.3,68.8,100.2,-28.3,punto adelante de la componente
384,11.532,HIGH,toca_abajo,10.1,0.151,63.2,76.1,-16.3,41.7,76.1,100.1,-9.8,punto adelante de la componente
385,11.562,HIGH,toca_abajo,-1.2,-0.019,71.7,83.4,-7.8,38.8,83.4,100.1,11.0,punto adelante de la componente
386,11.592,HIGH,toca_abajo,-1.2,-0.019,71.7,83.4,-7.8,38.8,83.4,100.1,11.0,punto adelante de la componente
387,11.622,HIGH,toca_abajo,-6.8,-0.101,79.1,89.0,-0.4,34.4,89.0,100.1,25.6,punto adelante de la componente
388,11.652,HIGH,toca_abajo,-2.9,-0.044,82.4,93.1,2.9,36.3,93.1,100.1,34.3,punto adelante de la componente
389,11.682,HIGH,toca_abajo,-2.9,-0.044,82.4,93.1,2.9,36.3,93.1,100.1,34.3,punto adelante de la componente
390,11.712,HIGH,toca_abajo,-2.0,-0.030,89.6,98.2,10.1,30.7,98.2,99.9,43.0,punto adelante de la componente
391,11.742,HIGH,toca_abajo,7.0,0.105,98.8,92.1,19.3,-24.4,92.1,99.8,31.9,punto adelante de la componente
392,11.772,HIGH,toca_abajo,7.0,0.105,98.8,92.1,19.3,-24.4,92.1,99.8,31.9,punto adelante de la componente
393,11.802,HIGH,toca_abajo,31.8,0.476,93.6,74.3,14.1,-54.1,74.3,100.4,-14.9,punto adelante de la componente
394,11.832,HIGH,toca_abajo,56.1,0.841,84.3,48.2,4.8,-68.5,48.2,100.3,-57.9,punto adelante de la componente
395,11.862,HIGH,toca_abajo,56.1,0.841,84.3,48.2,4.8,-68.5,48.2,100.3,-57.9,punto adelante de la componente
396,11.892,HIGH,toca_abajo,73.6,1.000,54.3,30.9,-25.2,-58.8,30.9,100.5,-68.2,punto adelante de la componente
397,11.922,HIGH,toca_abajo,79.0,1.000,36.2,19.4,-43.3,-50.0,19.4,100.6,-72.1,punto adelante de la componente
398,11.952,HIGH,toca_abajo,79.0,1.000,36.2,19.4,-43.3,-50.0,19.4,100.6,-72.1,punto adelante de la componente
399,11.982,HIGH,toca_abajo,80.6,1.000,26.8,14.3,-52.7,-41.2,14.3,100.5,-73.3,punto adelante de la componente
400,12.012,HIGH,toca_abajo,79.8,1.000,27.5,15.5,-52.0,-39.9,15.5,100.4,-73.0,punto adelante de la componente
401,12.042,HIGH,toca_abajo,78.5,1.000,30.1,17.9,-49.4,-40.4,17.9,100.4,-72.3,punto adelante de la componente
402,12.072,HIGH,toca_abajo,78.5,1.000,30.1,17.9,-49.4,-40.4,17.9,100.4,-72.3,punto adelante de la componente
403,12.102,HIGH,toca_abajo,76.4,1.000,34.7,22.0,-44.8,-41.4,22.0,100.4,-71.1,punto adelante de la componente
404,12.132,HIGH,toca_abajo,76.4,1.000,34.7,22.0,-44.8,-41.4,22.0,100.4,-71.1,punto adelante de la componente
405,12.162,HIGH,toca_abajo,73.6,1.000,39.8,27.0,-39.7,-41.7,27.0,100.3,-69.5,punto adelante de la componente
406,12.192,HIGH,toca_abajo,70.9,1.000,44.9,30.4,-34.6,-45.2,30.4,100.3,-68.1,punto adelante de la componente
407,12.222,HIGH,toca_abajo,70.9,1.000,44.9,30.4,-34.6,-45.2,30.4,100.3,-68.1,punto adelante de la componente
408,12.252,HIGH,toca_abajo,65.7,0.986,55.0,37.9,-24.5,-49.9,37.9,100.2,-64.5,punto adelante de la componente
409,12.282,HIGH,toca_abajo,55.4,0.831,70.8,51.7,-8.7,-52.8,51.7,100.2,-54.5,punto adelante de la componente
410,12.312,HIGH,toca_abajo,44.7,0.670,81.4,60.8,1.9,-54.9,60.8,100.2,-43.2,punto adelante de la componente
411,12.342,HIGH,toca_abajo,44.7,0.670,81.4,60.8,1.9,-54.9,60.8,100.2,-43.2,punto adelante de la componente
412,12.372,HIGH,toca_abajo,35.0,0.525,87.5,67.0,8.0,-54.8,67.0,100.2,-32.1,punto adelante de la componente
413,12.402,HIGH,toca_abajo,27.5,0.413,90.7,70.7,11.2,-54.1,70.7,100.2,-23.9,punto adelante de la componente
414,12.432,HIGH,toca_abajo,27.5,0.413,90.7,70.7,11.2,-54.1,70.7,100.2,-23.9,punto adelante de la componente
415,12.462,HIGH,toca_abajo,15.5,0.233,96.0,75.9,16.5,-54.5,75.9,100.2,-10.3,punto adelante de la componente
416,12.492,HIGH,toca_abajo,8.9,0.133,98.7,78.7,19.2,-54.4,78.7,100.3,-2.2,punto adelante de la componente
417,12.523,HIGH,toca_abajo,8.9,0.133,98.7,78.7,19.2,-54.4,78.7,100.3,-2.2,punto adelante de la componente
418,12.553,HIGH,toca_abajo,9.5,0.143,98.2,78.5,18.7,-54.0,78.5,100.3,-3.0,punto adelante de la componente
419,12.583,HIGH,toca_abajo,19.8,0.297,93.8,74.2,14.3,-53.9,74.2,100.3,-14.9,punto adelante de la componente
420,12.613,HIGH,toca_abajo,19.8,0.297,93.8,74.2,14.3,-53.9,74.2,100.3,-14.9,punto adelante de la componente
421,12.643,HIGH,toca_abajo,38.2,0.573,82.7,64.8,3.2,-51.4,64.8,100.3,-36.8,punto adelante de la componente
422,12.673,HIGH,toca_abajo,45.1,0.677,76.4,60.1,-3.1,-48.7,60.1,100.3,-44.6,punto adelante de la componente
423,12.703,HIGH,toca_abajo,50.8,0.762,69.9,54.3,-9.6,-47.7,54.3,100.4,-52.1,punto adelante de la componente
424,12.733,HIGH,toca_abajo,50.8,0.762,69.9,54.3,-9.6,-47.7,54.3,100.4,-52.1,punto adelante de la componente
425,12.763,HIGH,toca_abajo,53.9,0.809,64.7,51.0,-14.8,-43.8,51.0,100.3,-55.3,punto adelante de la componente
426,12.793,HIGH,toca_abajo,55.2,0.827,62.0,49.6,-17.5,-40.8,49.6,100.2,-56.5,punto adelante de la componente
427,12.823,HIGH,toca_abajo,54.4,0.816,62.2,50.3,-17.3,-39.6,50.3,100.2,-55.8,punto adelante de la componente
428,12.853,HIGH,toca_abajo,54.4,0.816,62.2,50.3,-17.3,-39.6,50.3,100.2,-55.8,punto adelante de la componente
429,12.883,HIGH,toca_abajo,53.4,0.801,62.7,51.3,-16.8,-38.2,51.3,100.1,-54.8,punto adelante de la componente
430,12.913,HIGH,toca_abajo,52.6,0.789,63.1,52.0,-16.4,-37.5,52.0,100.2,-54.2,punto adelante de la componente
431,12.943,HIGH,toca_abajo,52.6,0.789,63.1,52.0,-16.4,-37.5,52.0,100.2,-54.2,punto adelante de la componente
432,12.973,HIGH,toca_abajo,48.5,0.727,66.2,55.5,-13.3,-36.7,55.5,100.2,-50.5,punto adelante de la componente
433,13.003,HIGH,toca_abajo,41.2,0.618,72.2,60.7,-7.3,-38.8,60.7,100.2,-43.6,punto adelante de la componente
434,13.033,HIGH,toca_abajo,41.2,0.618,72.2,60.7,-7.3,-38.8,60.7,100.2,-43.6,punto adelante de la componente
435,13.063,HIGH,toca_abajo,35.1,0.527,75.8,64.3,-3.7,-38.8,64.3,100.3,-37.6,punto adelante de la componente
436,13.093,HIGH,toca_abajo,26.7,0.400,80.5,68.2,1.0,-40.8,68.2,100.3,-29.9,punto adelante de la componente
437,13.123,HIGH,toca_abajo,18.8,0.282,84.2,71.6,4.7,-41.5,71.6,100.3,-22.0,punto adelante de la componente
438,13.153,HIGH,toca_abajo,18.8,0.282,84.2,71.6,4.7,-41.5,71.6,100.3,-22.0,punto adelante de la componente
439,13.183,HIGH,toca_abajo,10.6,0.159,87.5,75.6,8.0,-40.0,75.6,100.3,-11.2,punto adelante de la componente
440,13.213,HIGH,toca_abajo,9.0,0.135,88.4,76.4,8.9,-40.1,76.4,100.3,-9.0,punto adelante de la componente
441,13.243,HIGH,toca_abajo,9.0,0.135,88.4,76.4,8.9,-40.1,76.4,100.3,-9.0,punto adelante de la componente
442,13.273,HIGH,toca_abajo,16.5,0.248,83.6,72.8,4.1,-37.0,72.8,100.2,-18.7,punto adelante de la componente
443,13.303,HIGH,toca_abajo,17.5,0.263,82.7,72.9,3.2,-34.4,72.9,100.2,-18.5,punto adelante de la componente
444,13.333,HIGH,toca_abajo,17.5,0.263,82.7,72.9,3.2,-34.4,72.9,100.2,-18.5,punto adelante de la componente
445,13.363,HIGH,toca_abajo,26.2,0.392,78.4,70.0,-1.1,-30.1,70.0,100.1,-25.5,punto adelante de la componente
446,13.393,HIGH,toca_abajo,30.3,0.455,75.3,68.4,-4.2,-25.6,68.4,100.1,-29.2,punto adelante de la componente
447,13.423,HIGH,toca_abajo,30.3,0.455,75.3,68.4,-4.2,-25.6,68.4,100.1,-29.2,punto adelante de la componente
448,13.453,HIGH,toca_abajo,33.1,0.496,73.3,67.0,-6.2,-23.5,67.0,100.1,-32.1,punto adelante de la componente
449,13.483,HIGH,toca_abajo,34.6,0.519,71.5,66.6,-8.0,-18.7,66.6,100.1,-33.0,punto adelante de la componente
450,13.514,HIGH,toca_abajo,34.6,0.519,71.5,66.6,-8.0,-18.7,66.6,100.1,-33.0,punto adelante de la componente
451,13.544,HIGH,toca_abajo,31.9,0.478,74.0,69.3,-5.5,-18.2,69.3,100.1,-27.2,punto adelante de la componente
452,13.574,HIGH,toca_abajo,31.3,0.470,75.0,70.4,-4.5,-17.7,70.4,100.1,-24.6,punto adelante de la componente
453,13.604,HIGH,toca_abajo,31.3,0.470,75.0,70.4,-4.5,-17.7,70.4,100.1,-24.6,punto adelante de la componente
454,13.634,HIGH,toca_abajo,30.3,0.454,76.1,71.9,-3.4,-16.1,71.9,100.1,-20.8,punto adelante de la componente
455,13.664,HIGH,toca_abajo,31.6,0.474,77.4,72.7,-2.1,-18.0,72.7,100.1,-19.0,punto adelante de la componente
456,13.694,HIGH,toca_abajo,31.6,0.474,77.4,72.7,-2.1,-18.0,72.7,100.1,-19.0,punto adelante de la componente
457,13.724,HIGH,toca_abajo,34.5,0.518,77.4,73.8,-2.1,-14.2,73.8,100.1,-16.1,punto adelante de la componente
458,13.754,HIGH,toca_abajo,33.9,0.509,81.0,74.5,1.5,-23.9,74.5,99.9,-14.0,punto adelante de la componente
459,13.784,HIGH,toca_abajo,35.1,0.526,84.6,63.3,5.1,-54.3,63.3,99.3,-38.0,punto adelante de la componente
460,13.814,HIGH,toca_abajo,35.1,0.526,84.6,63.3,5.1,-54.3,63.3,99.3,-38.0,punto adelante de la componente
461,13.844,HIGH,toca_abajo,38.0,0.569,87.9,56.6,8.4,-65.1,56.6,100.0,-49.0,punto adelante de la componente
462,13.874,HIGH,toca_abajo,40.8,0.612,82.0,58.8,2.5,-59.2,58.8,100.0,-46.0,punto adelante de la componente
463,13.904,HIGH,toca_abajo,40.8,0.612,82.0,58.8,2.5,-59.2,58.8,100.0,-46.0,punto adelante de la componente
464,13.934,HIGH,toca_abajo,48.0,0.720,67.5,60.5,-12.0,-26.2,60.5,100.0,-43.6,punto adelante de la componente
465,13.964,HIGH,toca_abajo,48.1,0.722,67.3,62.5,-12.2,-18.2,62.5,100.0,-40.3,punto adelante de la componente
466,13.994,HIGH,toca_abajo,48.1,0.722,67.3,62.5,-12.2,-18.2,62.5,100.0,-40.3,punto adelante de la componente
467,14.024,MEDIUM,toca_abajo,44.2,0.663,70.3,65.1,-9.2,-19.4,65.1,100.0,-35.7,punto adelante de la componente
468,14.054,MEDIUM,toca_abajo,37.2,0.558,73.1,69.3,-6.4,-15.3,69.3,100.7,-27.8,punto adelante de la componente
469,14.084,MEDIUM,toca_abajo,37.2,0.558,73.1,69.3,-6.4,-15.3,69.3,100.7,-27.8,punto adelante de la componente
470,14.114,MEDIUM,toca_abajo,14.0,0.209,76.0,81.1,-3.5,21.9,81.1,101.8,5.1,punto adelante de la componente
471,14.144,MEDIUM,toca_abajo,-28.3,-0.425,78.4,110.2,-1.1,70.1,110.2,103.0,61.0,punto adelante de la componente
472,14.174,MEDIUM,toca_abajo,-70.6,-1.000,83.5,147.2,4.0,79.8,147.2,104.0,76.7,punto adelante de la componente
473,14.204,MEDIUM,toca_abajo,-70.6,-1.000,83.5,147.2,4.0,79.8,147.2,104.0,76.7,punto adelante de la componente
474,14.234,LOW,toca_abajo,-86.5,-1.000,148.1,,68.6,,147.2,104.0,76.7,ultimo objetivo confiable (memoria)
475,14.264,PERDIDA,sin_componente,-69.6,0.000,,,,,,,0.0,sin objetivo
476,14.294,PERDIDA,sin_componente,-69.6,0.000,,,,,,,0.0,sin objetivo
477,14.324,PERDIDA,sin_componente,-46.4,0.000,,,,,,,0.0,sin objetivo
478,14.354,SIN_CERCA,continuidad,-45.7,-0.600,,,,,147.2,104.0,76.7,memoria
479,14.384,SIN_CERCA,continuidad,-45.3,-0.600,,,,,147.2,104.0,76.7,memoria
480,14.414,SIN_CERCA,continuidad,-45.3,-0.600,,,,,147.2,104.0,76.7,memoria
481,14.444,SIN_CERCA,continuidad,-45.0,-0.600,,,,,147.2,104.0,76.7,memoria
482,14.474,SIN_CERCA,continuidad,-44.6,-0.600,,,,,147.2,104.0,76.7,memoria
483,14.505,SIN_CERCA,continuidad,-44.6,-0.600,,,,,147.2,104.0,76.7,memoria
484,14.535,SIN_CERCA,continuidad,-44.2,-0.600,,,,,147.2,104.0,76.7,memoria
485,14.565,SIN_CERCA,continuidad,-44.3,-0.600,,,,,147.2,104.0,76.7,memoria
486,14.595,SIN_CERCA,continuidad,-44.3,-0.600,,,,,147.2,104.0,76.7,memoria
487,14.625,SIN_CERCA,continuidad,-43.9,-0.600,,,,,147.2,104.0,76.7,memoria
488,14.655,SIN_CERCA,continuidad,-43.8,-0.600,,,,,147.2,104.0,76.7,memoria
489,14.685,SIN_CERCA,continuidad,-43.8,-0.600,,,,,147.2,104.0,76.7,memoria
490,14.715,SIN_CERCA,continuidad,-43.7,-0.600,,,,,147.2,104.0,76.7,memoria
491,14.745,SIN_CERCA,continuidad,-43.5,-0.600,,,,,147.2,104.0,76.7,memoria
492,14.775,SIN_CERCA,continuidad,-43.5,-0.600,,,,,147.2,104.0,76.7,memoria
493,14.805,SIN_CERCA,continuidad,-43.3,-0.600,,,,,147.2,104.0,76.7,memoria
494,14.835,SIN_CERCA,continuidad,-44.0,-0.600,,,,,147.2,104.0,76.7,memoria
495,14.865,SIN_CERCA,continuidad,-44.0,-0.600,,,,,147.2,104.0,76.7,memoria
496,14.895,SIN_CERCA,continuidad,-45.3,-0.600,,,,,147.2,104.0,76.7,memoria
497,14.925,SIN_CERCA,continuidad,-45.3,-0.600,,,,,147.2,104.0,76.7,memoria
498,14.955,SIN_CERCA,continuidad,-46.2,-0.693,,151.4,,,151.4,75.6,58.3,componente visible arriba
499,14.985,SIN_CERCA,continuidad,-46.3,-0.694,,149.7,,,149.7,75.6,57.6,componente visible arriba
500,15.015,SIN_CERCA,continuidad,-46.3,-0.694,,149.7,,,149.7,75.6,57.6,componente visible arriba
501,15.045,SIN_CERCA,continuidad,-44.9,-0.674,,148.6,,,148.6,75.5,57.2,componente visible arriba
502,15.075,SIN_CERCA,continuidad,-43.3,-0.650,,152.5,,,152.5,75.0,58.3,componente visible arriba
503,15.105,SIN_CERCA,continuidad,-40.4,-0.606,,,,,152.5,75.0,58.3,memoria
504,15.135,SIN_CERCA,continuidad,-40.4,-0.606,,,,,152.5,75.0,58.3,memoria
505,15.165,SIN_CERCA,continuidad,-42.1,-0.632,,,,,152.5,75.0,58.3,memoria
506,15.195,SIN_CERCA,continuidad,-42.1,-0.632,,,,,152.5,75.0,58.3,memoria
507,15.225,SIN_CERCA,continuidad,-42.4,-0.637,,,,,152.5,75.0,58.3,memoria
508,15.255,MEDIUM,toca_abajo,53.5,0.803,4.8,5.5,-74.7,2.9,5.5,100.0,-74.9,punto adelante de la componente
509,15.285,MEDIUM,toca_abajo,53.5,0.803,4.8,5.5,-74.7,2.9,5.5,100.0,-74.9,punto adelante de la componente
510,15.315,HIGH,toca_abajo,72.0,1.000,12.6,14.1,-66.9,5.6,14.1,100.0,-73.0,punto adelante de la componente
511,15.345,HIGH,toca_abajo,68.4,1.000,22.0,24.8,-57.5,10.8,24.8,100.1,-70.0,punto adelante de la componente
512,15.375,HIGH,toca_abajo,68.4,1.000,22.0,24.8,-57.5,10.8,24.8,100.1,-70.0,punto adelante de la componente
513,15.405,HIGH,toca_abajo,54.7,0.821,42.2,44.9,-37.3,10.6,44.9,100.1,-60.1,punto adelante de la componente
514,15.435,HIGH,toca_abajo,29.2,0.438,66.9,67.6,-12.6,2.9,67.6,100.1,-30.8,punto adelante de la componente
515,15.465,HIGH,toca_abajo,29.2,0.438,66.9,67.6,-12.6,2.9,67.6,100.1,-30.8,punto adelante de la componente
516,15.495,HIGH,toca_abajo,-29.6,-0.444,94.8,92.5,15.3,-8.8,92.5,100.1,33.2,punto adelante de la componente
517,15.526,HIGH,toca_abajo,-55.3,-0.829,119.3,114.2,39.8,-19.5,114.2,100.2,60.4,punto adelante de la componente
518,15.556,HIGH,toca_abajo,-63.2,-0.948,135.5,129.5,56.0,-22.9,129.5,100.3,68.5,punto adelante de la componente
519,15.586,HIGH,toca_abajo,-63.2,-0.948,135.5,129.5,56.0,-22.9,129.5,100.3,68.5,punto adelante de la componente
520,15.616,HIGH,toca_abajo,-63.7,-0.956,138.6,134.0,59.1,-17.8,134.0,100.2,70.0,punto adelante de la componente
521,15.646,HIGH,toca_abajo,-62.6,-0.939,137.3,131.4,57.8,-22.4,131.4,100.1,69.1,punto adelante de la componente
522,15.676,HIGH,toca_abajo,-60.8,-0.911,133.2,127.4,53.7,-22.1,127.4,100.1,67.4,punto adelante de la componente
523,15.706,HIGH,toca_abajo,-60.8,-0.911,133.2,127.4,53.7,-22.1,127.4,100.1,67.4,punto adelante de la componente
524,15.736,HIGH,toca_abajo,-59.3,-0.889,128.7,123.2,49.2,-21.0,123.2,100.1,65.5,punto adelante de la componente
525,15.766,HIGH,toca_abajo,-57.4,-0.861,127.8,119.5,48.3,-30.3,119.5,100.1,63.5,punto adelante de la componente
526,15.796,HIGH,toca_abajo,-57.4,-0.861,127.8,119.5,48.3,-30.3,119.5,100.1,63.5,punto adelante de la componente
527,15.826,HIGH,toca_abajo,-50.1,-0.751,121.0,109.9,41.5,-37.6,109.9,100.1,56.8,punto adelante de la componente
528,15.856,HIGH,toca_abajo,-33.5,-0.503,109.2,96.8,29.7,-40.9,96.8,100.3,41.4,punto adelante de la componente
529,15.886,HIGH,toca_abajo,-8.6,-0.130,96.9,84.6,17.4,-40.7,84.6,100.2,14.4,punto adelante de la componente
530,15.916,HIGH,toca_abajo,-8.6,-0.130,96.9,84.6,17.4,-40.7,84.6,100.2,14.4,punto adelante de la componente
531,15.946,HIGH,toca_abajo,13.1,0.197,86.9,75.5,7.4,-38.5,75.5,100.2,-11.5,punto adelante de la componente
532,15.976,HIGH,toca_abajo,13.1,0.197,86.9,75.5,7.4,-38.5,75.5,100.2,-11.5,punto adelante de la componente
533,16.006,HIGH,toca_abajo,30.5,0.457,78.0,67.4,-1.5,-36.4,67.4,100.2,-31.4,punto adelante de la componente
534,16.036,HIGH,toca_abajo,42.2,0.633,69.3,60.7,-10.2,-30.6,60.7,100.1,-43.3,punto adelante de la componente
535,16.066,HIGH,toca_abajo,42.2,0.633,69.3,60.7,-10.2,-30.6,60.7,100.1,-43.3,punto adelante de la componente
536,16.096,HIGH,toca_abajo,47.2,0.708,64.5,57.0,-15.0,-27.6,57.0,100.1,-48.6,punto adelante de la componente
537,16.126,HIGH,toca_abajo,50.9,0.763,60.3,53.7,-19.2,-24.6,53.7,100.1,-52.4,punto adelante de la componente
538,16.156,HIGH,toca_abajo,50.9,0.763,60.3,53.7,-19.2,-24.6,53.7,100.1,-52.4,punto adelante de la componente
539,16.186,HIGH,toca_abajo,49.2,0.738,61.0,55.2,-18.5,-22.0,55.2,100.1,-50.7,punto adelante de la componente
540,16.216,HIGH,toca_abajo,46.2,0.693,63.4,57.5,-16.1,-22.0,57.5,100.1,-47.8,punto adelante de la componente
541,16.246,HIGH,toca_abajo,46.2,0.693,63.4,57.5,-16.1,-22.0,57.5,100.1,-47.8,punto adelante de la componente
542,16.276,HIGH,toca_abajo,41.7,0.626,66.7,60.8,-12.8,-22.2,60.8,100.1,-43.3,punto adelante de la componente
543,16.306,HIGH,toca_abajo,35.5,0.533,70.4,64.6,-9.1,-21.8,64.6,100.1,-36.8,punto adelante de la componente
544,16.336,HIGH,toca_abajo,35.5,0.533,70.4,64.6,-9.1,-21.8,64.6,100.1,-36.8,punto adelante de la componente
545,16.366,HIGH,toca_abajo,27.5,0.412,75.0,68.9,-4.5,-23.1,68.9,100.1,-28.1,punto adelante de la componente
546,16.396,HIGH,toca_abajo,27.5,0.412,75.0,68.9,-4.5,-23.1,68.9,100.1,-28.1,punto adelante de la componente
547,16.426,HIGH,toca_abajo,23.7,0.356,76.5,70.8,-3.0,-21.7,70.8,100.1,-23.7,punto adelante de la componente
548,16.456,HIGH,toca_abajo,13.8,0.208,80.5,74.8,1.0,-21.6,74.8,100.1,-13.4,punto adelante de la componente
549,16.486,HIGH,toca_abajo,13.8,0.208,80.5,74.8,1.0,-21.6,74.8,100.1,-13.4,punto adelante de la componente
550,16.517,HIGH,toca_abajo,5.2,0.077,84.5,78.1,5.0,-24.0,78.1,100.1,-4.1,punto adelante de la componente
551,16.547,HIGH,toca_abajo,-1.6,-0.024,87.4,80.4,7.9,-25.8,80.4,100.1,2.7,punto adelante de la componente
552,16.577,HIGH,toca_abajo,-1.0,-0.015,86.7,80.2,7.2,-23.9,80.2,100.1,2.1,punto adelante de la componente
553,16.607,HIGH,toca_abajo,-1.0,-0.015,86.7,80.2,7.2,-23.9,80.2,100.1,2.1,punto adelante de la componente
554,16.637,HIGH,toca_abajo,-0.2,-0.003,86.5,80.0,7.0,-24.2,80.0,100.1,1.5,punto adelante de la componente
555,16.667,HIGH,toca_abajo,5.6,0.084,82.8,77.5,3.3,-20.1,77.5,100.1,-5.6,punto adelante de la componente
556,16.697,HIGH,toca_abajo,5.6,0.084,82.8,77.5,3.3,-20.1,77.5,100.1,-5.6,punto adelante de la componente
557,16.727,HIGH,toca_abajo,3.6,0.055,83.1,78.2,3.6,-18.6,78.2,100.1,-3.6,punto adelante de la componente
558,16.757,HIGH,toca_abajo,4.4,0.066,83.4,79.0,3.9,-16.8,79.0,100.1,-1.4,punto adelante de la componente
559,16.787,HIGH,toca_abajo,4.4,0.066,83.4,79.0,3.9,-16.8,79.0,100.1,-1.4,punto adelante de la componente
560,16.817,HIGH,toca_abajo,12.3,0.185,81.8,77.7,2.3,-15.9,77.7,100.1,-5.3,punto adelante de la componente
561,16.847,HIGH,toca_abajo,12.3,0.185,81.8,77.7,2.3,-15.9,77.7,100.1,-5.3,punto adelante de la componente
562,16.877,HIGH,toca_abajo,20.1,0.301,78.8,75.7,-0.7,-12.3,75.7,100.1,-10.9,punto adelante de la componente
563,16.907,HIGH,toca_abajo,23.3,0.350,77.8,74.8,-1.7,-11.6,74.8,100.1,-13.3,punto adelante de la componente
564,16.937,HIGH,toca_abajo,23.3,0.350,77.8,74.8,-1.7,-11.6,74.8,100.1,-13.3,punto adelante de la componente
565,16.967,HIGH,toca_abajo,24.1,0.361,78.0,75.5,-1.5,-9.6,75.5,100.1,-11.3,punto adelante de la componente
566,16.997,HIGH,toca_abajo,22.1,0.332,80.4,78.3,0.9,-8.4,78.3,100.1,-3.5,punto adelante de la componente
567,17.027,HIGH,toca_abajo,21.0,0.316,84.1,81.9,4.6,-8.6,81.9,100.1,6.8,punto adelante de la componente
568,17.057,HIGH,toca_abajo,21.0,0.316,84.1,81.9,4.6,-8.6,81.9,100.1,6.8,punto adelante de la componente
569,17.087,HIGH,toca_abajo,22.8,0.342,87.5,84.9,8.0,-10.0,84.9,100.1,15.2,punto adelante de la componente
570,17.117,HIGH,toca_abajo,24.5,0.367,90.0,74.8,10.5,-44.7,74.8,99.3,-12.7,punto adelante de la componente
571,17.147,HIGH,toca_abajo,24.5,0.367,90.0,74.8,10.5,-44.7,74.8,99.3,-12.7,punto adelante de la componente
572,17.177,HIGH,toca_abajo,30.5,0.458,91.3,61.9,11.8,-63.2,61.9,99.7,-41.0,punto adelante de la componente
573,17.207,HIGH,toca_abajo,38.1,0.571,84.8,60.4,5.3,-60.3,60.4,100.0,-43.7,punto adelante de la componente
574,17.237,HIGH,toca_abajo,38.1,0.571,84.8,60.4,5.3,-60.3,60.4,100.0,-43.7,punto adelante de la componente
575,17.267,HIGH,toca_abajo,47.9,0.718,67.2,62.5,-12.3,-18.0,62.5,100.0,-40.4,punto adelante de la componente
576,17.297,MEDIUM,toca_abajo,51.5,0.772,67.6,63.2,-11.9,-16.9,63.2,100.0,-39.3,punto adelante de la componente
577,17.327,MEDIUM,toca_abajo,50.1,0.752,69.8,65.5,-9.7,-16.7,65.5,100.4,-35.5,punto adelante de la componente
578,17.357,MEDIUM,toca_abajo,50.1,0.752,69.8,65.5,-9.7,-16.7,65.5,100.4,-35.5,punto adelante de la componente
579,17.387,MEDIUM,toca_abajo,51.1,0.767,71.2,68.0,-8.3,-13.9,68.0,101.4,-31.8,punto adelante de la componente
580,17.417,MEDIUM,toca_abajo,47.2,0.708,73.5,74.0,-6.0,2.6,74.0,103.1,-18.1,punto adelante de la componente
581,17.447,MEDIUM,toca_abajo,14.2,0.212,76.3,93.9,-3.2,59.1,93.9,103.9,42.0,punto adelante de la componente
582,17.477,MEDIUM,toca_abajo,14.2,0.212,76.3,93.9,-3.2,59.1,93.9,103.9,42.0,punto adelante de la componente
583,17.508,LOW,toca_abajo,-62.5,0.938,82.5,,3.0,,93.9,103.9,42.0,ultimo objetivo confiable (memoria)
584,17.538,LOW,toca_abajo,-62.5,0.938,82.5,,3.0,,93.9,103.9,42.0,ultimo objetivo confiable (memoria)
585,17.568,LOW,toca_abajo,-82.1,1.000,145.9,,66.4,,93.9,103.9,42.0,ultimo objetivo confiable (memoria)
586,17.598,PERDIDA,sin_componente,-76.7,0.000,,,,,,,0.0,sin objetivo
587,17.628,PERDIDA,sin_componente,-46.1,0.000,,,,,,,0.0,sin objetivo
588,17.658,PERDIDA,sin_componente,-46.1,0.000,,,,,,,0.0,sin objetivo
589,17.688,PERDIDA,sin_componente,-45.6,0.000,,,,,,,0.0,sin objetivo
590,17.718,SIN_CERCA,continuidad,-45.7,-0.600,,,,,93.9,103.9,42.0,memoria
591,17.748,SIN_CERCA,continuidad,-45.6,-0.600,,,,,93.9,103.9,42.0,memoria
592,17.778,SIN_CERCA,continuidad,-45.6,-0.600,,,,,93.9,103.9,42.0,memoria
593,17.808,SIN_CERCA,continuidad,-44.9,-0.600,,,,,93.9,103.9,42.0,memoria
594,17.838,SIN_CERCA,continuidad,-44.6,-0.600,,,,,93.9,103.9,42.0,memoria
595,17.868,SIN_CERCA,continuidad,-44.6,-0.600,,,,,93.9,103.9,42.0,memoria
596,17.898,SIN_CERCA,continuidad,-44.4,-0.600,,,,,93.9,103.9,42.0,memoria
597,17.928,SIN_CERCA,continuidad,-43.9,-0.600,,,,,93.9,103.9,42.0,memoria
598,17.958,SIN_CERCA,continuidad,-43.9,-0.600,,,,,93.9,103.9,42.0,memoria
599,17.988,SIN_CERCA,continuidad,-43.6,-0.600,,,,,93.9,103.9,42.0,memoria
600,18.018,SIN_CERCA,continuidad,-43.5,-0.600,,,,,93.9,103.9,42.0,memoria
601,18.048,SIN_CERCA,continuidad,-43.5,-0.600,,,,,93.9,103.9,42.0,memoria
602,18.078,SIN_CERCA,continuidad,-43.9,-0.600,,,,,93.9,103.9,42.0,memoria
603,18.108,SIN_CERCA,continuidad,-44.1,-0.600,,,,,93.9,103.9,42.0,memoria
604,18.138,SIN_CERCA,continuidad,-44.1,-0.600,,,,,93.9,103.9,42.0,memoria
605,18.168,SIN_CERCA,continuidad,-44.8,-0.600,,,,,93.9,103.9,42.0,memoria
606,18.198,SIN_CERCA,continuidad,-44.7,-0.600,,156.1,,,156.1,75.2,59.7,componente visible arriba
607,18.228,SIN_CERCA,continuidad,-44.7,-0.600,,156.1,,,156.1,75.2,59.7,componente visible arriba
608,18.258,SIN_CERCA,continuidad,-44.7,-0.600,,149.9,,,149.9,75.9,58.0,componente visible arriba
609,18.288,SIN_CERCA,continuidad,-39.6,-0.600,,142.0,,,142.0,77.7,55.9,componente visible arriba
610,18.318,SIN_CERCA,continuidad,-39.6,-0.594,,142.0,,,142.0,77.7,55.9,componente visible arriba
611,18.348,SIN_CERCA,continuidad,-30.6,-0.459,,138.6,,,138.6,80.0,55.9,componente visible arriba
612,18.378,SIN_CERCA,continuidad,-30.6,-0.459,,138.6,,,138.6,80.0,55.9,componente visible arriba
613,18.408,SIN_CERCA,continuidad,-24.9,-0.373,,137.7,,,137.7,79.7,55.3,componente visible arriba
614,18.438,SIN_CERCA,continuidad,-21.2,-0.317,,134.9,,,134.9,95.5,66.1,componente visible arriba
615,18.468,SIN_CERCA,continuidad,-21.2,-0.317,,134.9,,,134.9,95.5,66.1,componente visible arriba
616,18.498,SIN_CERCA,continuidad,-37.6,-0.563,,141.9,,,141.9,97.4,70.1,componente visible arriba
617,18.529,SIN_CERCA,continuidad,-35.7,-0.536,,144.6,,,144.6,97.5,70.9,componente visible arriba
618,18.559,SIN_CERCA,continuidad,-35.7,-0.536,,144.6,,,144.6,97.5,70.9,componente visible arriba
619,18.589,SIN_CERCA,continuidad,-34.9,-0.524,,142.3,,,142.3,95.9,69.0,componente visible arriba
620,18.619,SIN_CERCA,continuidad,-40.5,-0.607,,,,,142.3,95.9,69.0,memoria
621,18.649,SIN_CERCA,continuidad,-40.5,-0.607,,,,,142.3,95.9,69.0,memoria
622,18.679,SIN_CERCA,continuidad,-41.7,-0.625,,,,,142.3,95.9,69.0,memoria
623,18.709,SIN_CERCA,continuidad,-46.2,-0.693,,150.3,,,150.3,76.8,58.6,componente visible arriba
624,18.739,SIN_CERCA,continuidad,-46.2,-0.693,,150.3,,,150.3,76.8,58.6,componente visible arriba
625,18.769,MEDIUM,toca_abajo,73.9,1.000,34.8,34.3,-44.7,-2.2,34.3,102.0,-68.3,punto adelante de la componente
626,18.799,MEDIUM,toca_abajo,73.9,1.000,34.8,34.3,-44.7,-2.2,34.3,102.0,-68.3,punto adelante de la componente
627,18.829,HIGH,toca_abajo,50.7,0.760,57.5,57.5,-22.0,0.0,57.5,100.1,-47.9,punto adelante de la componente
628,18.859,HIGH,toca_abajo,23.5,0.352,71.4,69.4,-8.1,-7.8,69.4,100.1,-26.9,punto adelante de la componente
629,18.889,HIGH,toca_abajo,23.5,0.352,71.4,69.4,-8.1,-7.8,69.4,100.1,-26.9,punto adelante de la componente
630,18.919,HIGH,toca_abajo,-11.7,-0.175,89.4,85.6,9.9,-14.7,85.6,100.1,17.0,punto adelante de la componente
631,18.949,HIGH,toca_abajo,-39.7,-0.596,106.6,100.6,27.1,-22.5,100.6,100.1,46.7,punto adelante de la componente
632,18.979,HIGH,toca_abajo,-50.1,-0.751,115.0,108.8,35.5,-22.9,108.8,100.1,55.8,punto adelante de la componente
633,19.009,HIGH,toca_abajo,-50.1,-0.751,115.0,108.8,35.5,-22.9,108.8,100.1,55.8,punto adelante de la componente
634,19.039,HIGH,toca_abajo,-56.9,-0.854,124.4,118.1,44.9,-23.5,118.1,100.0,62.7,punto adelante de la componente
635,19.069,HIGH,toca_abajo,-50.4,-0.756,118.7,109.1,39.2,-33.5,109.1,100.1,56.1,punto adelante de la componente
636,19.099,HIGH,toca_abajo,-50.4,-0.756,118.7,109.1,39.2,-33.5,109.1,100.1,56.1,punto adelante de la componente
637,19.129,HIGH,toca_abajo,-30.2,-0.453,103.2,94.1,23.7,-32.4,94.1,100.1,36.2,punto adelante de la componente
638,19.159,HIGH,toca_abajo,-10.7,-0.161,92.1,84.8,12.6,-27.0,84.8,100.1,14.8,punto adelante de la componente
639,19.189,HIGH,toca_abajo,-10.7,-0.161,92.1,84.8,12.6,-27.0,84.8,100.1,14.8,punto adelante de la componente
640,19.219,HIGH,toca_abajo,-8.8,-0.133,91.6,84.2,12.1,-27.2,84.2,100.1,13.3,punto adelante de la componente
641,19.249,HIGH,toca_abajo,5.4,0.080,85.7,78.6,6.2,-26.3,78.6,100.1,-2.6,punto adelante de la componente
642,19.279,HIGH,toca_abajo,5.4,0.080,85.7,78.6,6.2,-26.3,78.6,100.1,-2.6,punto adelante de la componente
643,19.309,HIGH,toca_abajo,16.2,0.243,80.3,74.0,0.8,-23.3,74.0,100.1,-15.3,punto adelante de la componente
644,19.339,HIGH,toca_abajo,22.7,0.340,76.9,71.1,-2.6,-21.9,71.1,100.1,-22.8,punto adelante de la componente
645,19.369,HIGH,toca_abajo,30.2,0.452,73.1,67.4,-6.4,-21.6,67.4,100.1,-31.4,punto adelante de la componente
646,19.399,HIGH,toca_abajo,30.2,0.452,73.1,67.4,-6.4,-21.6,67.4,100.1,-31.4,punto adelante de la componente
647,19.429,HIGH,toca_abajo,41.5,0.622,64.9,60.3,-14.6,-17.7,60.3,100.1,-44.0,punto adelante de la componente
648,19.459,HIGH,toca_abajo,43.2,0.648,62.4,58.9,-17.1,-13.4,58.9,100.1,-46.0,punto adelante de la componente
649,19.489,HIGH,toca_abajo,43.2,0.648,62.4,58.9,-17.1,-13.4,58.9,100.1,-46.0,punto adelante de la componente
650,19.520,HIGH,toca_abajo,40.8,0.612,63.9,60.5,-15.6,-13.2,60.5,100.1,-43.7,punto adelante de la componente
651,19.550,HIGH,toca_abajo,40.8,0.612,63.9,60.5,-15.6,-13.2,60.5,100.1,-43.7,punto adelante de la componente
652,19.580,HIGH,toca_abajo,36.2,0.543,66.2,63.3,-13.3,-11.4,63.3,100.1,-39.2,punto adelante de la componente
653,19.610,HIGH,toca_abajo,28.0,0.420,70.8,67.9,-8.7,-11.3,67.9,100.1,-30.3,punto adelante de la componente
654,19.640,HIGH,toca_abajo,28.0,0.420,70.8,67.9,-8.7,-11.3,67.9,100.1,-30.3,punto adelante de la componente
655,19.670,HIGH,toca_abajo,20.2,0.303,74.8,71.4,-4.7,-13.0,71.4,100.1,-22.1,punto adelante de la componente
656,19.700,HIGH,toca_abajo,13.9,0.208,77.8,74.7,-1.7,-12.1,74.7,100.1,-13.6,punto adelante de la componente
657,19.730,HIGH,toca_abajo,13.9,0.208,77.8,74.7,-1.7,-12.1,74.7,100.1,-13.6,punto adelante de la componente
658,19.760,HIGH,toca_abajo,6.9,0.104,81.4,78.2,1.9,-12.7,78.2,100.1,-3.9,punto adelante de la componente
659,19.790,HIGH,toca_abajo,3.8,0.057,83.9,80.7,4.4,-12.7,80.7,100.1,3.3,punto adelante de la componente
660,19.820,HIGH,toca_abajo,4.5,0.068,85.5,82.2,6.0,-13.1,82.2,100.1,7.6,punto adelante de la componente
661,19.850,HIGH,toca_abajo,4.5,0.068,85.5,82.2,6.0,-13.1,82.2,100.1,7.6,punto adelante de la componente
662,19.880,HIGH,toca_abajo,5.8,0.087,86.2,83.5,6.7,-10.7,83.5,100.1,11.3,punto adelante de la componente
663,19.910,HIGH,toca_abajo,5.8,0.087,86.2,83.5,6.7,-10.7,83.5,100.1,11.3,punto adelante de la componente
664,19.940,HIGH,toca_abajo,11.2,0.168,85.3,82.6,5.8,-10.6,82.6,100.1,8.9,punto adelante de la componente
665,19.970,HIGH,toca_abajo,14.1,0.212,86.1,83.7,6.6,-9.4,83.7,100.1,11.8,punto adelante de la componente
666,20.000,HIGH,toca_abajo,14.1,0.212,86.1,83.7,6.6,-9.4,83.7,100.1,11.8,punto adelante de la componente
667,20.030,HIGH,toca_abajo,17.2,0.258,86.9,84.5,7.4,-9.4,84.5,100.1,14.2,punto adelante de la componente
668,20.060,HIGH,toca_abajo,21.7,0.325,90.0,81.7,10.5,-28.7,81.7,99.5,6.2,punto adelante de la componente
669,20.090,HIGH,toca_abajo,30.6,0.460,92.9,61.3,13.4,-65.2,61.3,99.9,-42.2,punto adelante de la componente
670,20.120,HIGH,toca_abajo,30.6,0.460,92.9,61.3,13.4,-65.2,61.3,99.9,-42.2,punto adelante de la componente
671,20.150,HIGH,toca_abajo,50.9,0.763,67.7,60.5,-11.8,-26.8,60.5,100.0,-43.6,punto adelante de la componente
672,20.180,MEDIUM,toca_abajo,55.7,0.835,65.2,61.4,-14.3,-14.8,61.4,100.1,-42.3,punto adelante de la componente
673,20.210,MEDIUM,toca_abajo,55.7,0.835,65.2,61.4,-14.3,-14.8,61.4,100.1,-42.3,punto adelante de la componente
674,20.240,MEDIUM,toca_abajo,56.7,0.851,67.0,64.1,-12.5,-11.6,64.1,100.6,-38.4,punto adelante de la componente
675,20.270,MEDIUM,toca_abajo,54.8,0.822,69.3,71.4,-10.2,9.8,71.4,102.3,-24.6,punto adelante de la componente
676,20.300,MEDIUM,toca_abajo,45.2,0.679,72.5,91.7,-7.0,60.0,91.7,103.5,36.3,punto adelante de la componente
677,20.330,MEDIUM,toca_abajo,45.2,0.679,72.5,91.7,-7.0,60.0,91.7,103.5,36.3,punto adelante de la componente
678,20.360,MEDIUM,toca_abajo,28.8,0.432,75.0,136.7,-4.5,80.3,136.7,104.6,75.0,punto adelante de la componente
679,20.390,LOW,toca_abajo,-57.1,0.856,81.5,,2.0,,136.7,104.6,75.0,ultimo objetivo confiable (memoria)
680,20.420,LOW,toca_abajo,-82.2,1.000,146.7,,67.2,,136.7,104.6,75.0,ultimo objetivo confiable (memoria)
681,20.450,LOW,toca_abajo,-82.2,1.000,146.7,,67.2,,136.7,104.6,75.0,ultimo objetivo confiable (memoria)
682,20.480,PERDIDA,sin_componente,-45.6,0.000,,,,,,,0.0,sin objetivo
683,20.511,PERDIDA,sin_componente,-45.6,0.000,,,,,,,0.0,sin objetivo
684,20.541,PERDIDA,sin_componente,-45.6,0.000,,,,,,,0.0,sin objetivo
685,20.571,SIN_CERCA,continuidad,-46.2,-0.600,,,,,136.7,104.6,75.0,memoria
686,20.601,SIN_CERCA,continuidad,-45.1,-0.600,,,,,136.7,104.6,75.0,memoria
687,20.631,SIN_CERCA,continuidad,-45.1,-0.600,,,,,136.7,104.6,75.0,memoria
688,20.661,SIN_CERCA,continuidad,-45.1,-0.600,,,,,136.7,104.6,75.0,memoria
689,20.691,SIN_CERCA,continuidad,-44.6,-0.600,,,,,136.7,104.6,75.0,memoria
690,20.721,SIN_CERCA,continuidad,-44.6,-0.600,,,,,136.7,104.6,75.0,memoria
691,20.751,SIN_CERCA,continuidad,-44.3,-0.600,,,,,136.7,104.6,75.0,memoria
692,20.781,SIN_CERCA,continuidad,-44.0,-0.600,,,,,136.7,104.6,75.0,memoria
693,20.811,SIN_CERCA,continuidad,-44.0,-0.600,,,,,136.7,104.6,75.0,memoria
694,20.841,SIN_CERCA,continuidad,-44.7,-0.600,,,,,136.7,104.6,75.0,memoria
695,20.871,SIN_CERCA,continuidad,-44.6,-0.600,,,,,136.7,104.6,75.0,memoria
696,20.901,SIN_CERCA,continuidad,-44.6,-0.600,,,,,136.7,104.6,75.0,memoria
697,20.931,SIN_CERCA,continuidad,-44.9,-0.600,,,,,136.7,104.6,75.0,memoria
698,20.961,SIN_CERCA,continuidad,-44.9,-0.600,,,,,136.7,104.6,75.0,memoria
699,20.991,SIN_CERCA,continuidad,-45.6,-0.600,,,,,136.7,104.6,75.0,memoria
700,21.021,SIN_CERCA,continuidad,-45.6,-0.600,,156.1,,,156.1,75.2,59.7,componente visible arriba
701,21.051,SIN_CERCA,continuidad,-45.8,-0.600,,152.1,,,152.1,75.7,58.6,componente visible arriba
702,21.081,SIN_CERCA,continuidad,-45.8,-0.600,,152.1,,,152.1,75.7,58.6,componente visible arriba
703,21.111,SIN_CERCA,continuidad,-44.7,-0.600,,149.9,,,149.9,76.0,58.0,componente visible arriba
704,21.141,SIN_CERCA,continuidad,-43.7,-0.600,,145.7,,,145.7,76.5,56.7,componente visible arriba
705,21.171,SIN_CERCA,continuidad,-43.7,-0.655,,145.7,,,145.7,76.5,56.7,componente visible arriba
706,21.201,SIN_CERCA,continuidad,-41.8,-0.627,,143.5,,,143.5,77.2,56.2,componente visible arriba
707,21.231,SIN_CERCA,continuidad,-41.8,-0.627,,143.5,,,143.5,77.2,56.2,componente visible arriba
708,21.261,SIN_CERCA,continuidad,-37.5,-0.562,,140.6,,,140.6,78.5,55.8,componente visible arriba
709,21.291,SIN_CERCA,continuidad,-33.4,-0.502,,141.6,,,141.6,80.0,57.2,componente visible arriba
710,21.321,SIN_CERCA,continuidad,-31.5,-0.473,,140.0,,,140.0,79.8,56.4,componente visible arriba
711,21.351,SIN_CERCA,continuidad,-29.2,-0.438,,138.6,,,138.6,79.8,55.8,componente visible arriba
712,21.381,SIN_CERCA,continuidad,-40.0,-0.600,,141.1,,,141.1,79.9,56.9,componente visible arriba
713,21.411,SIN_CERCA,continuidad,-40.0,-0.600,,141.1,,,141.1,79.9,56.9,componente visible arriba
714,21.441,SIN_CERCA,continuidad,-41.6,-0.624,,142.0,,,142.0,78.6,56.5,componente visible arriba
715,21.471,SIN_CERCA,continuidad,-38.0,-0.570,,140.8,,,140.8,76.2,54.5,componente visible arriba
716,21.502,SIN_CERCA,continuidad,-38.0,-0.570,,140.8,,,140.8,76.2,54.5,componente visible arriba
717,21.532,SIN_CERCA,continuidad,-45.9,-0.689,,,,,140.8,76.2,54.5,memoria
718,21.562,SIN_CERCA,continuidad,-45.9,-0.689,,,,,140.8,76.2,54.5,memoria
719,21.592,LOW,toca_abajo,3.6,0.054,15.5,,-64.0,,140.8,76.2,54.5,ultimo objetivo confiable (memoria)
720,21.622,MEDIUM,toca_abajo,77.0,1.000,21.7,22.2,-57.8,1.9,22.2,100.4,-71.1,punto adelante de la componente
721,21.652,HIGH,toca_abajo,70.1,1.000,31.1,31.1,-48.4,-0.0,31.1,99.7,-67.2,punto adelante de la componente
722,21.682,HIGH,toca_abajo,70.1,1.000,31.1,31.1,-48.4,-0.0,31.1,99.7,-67.2,punto adelante de la componente
723,21.712,HIGH,toca_abajo,58.2,0.873,38.9,40.3,-40.6,5.4,40.3,100.1,-63.1,punto adelante de la componente
724,21.742,HIGH,toca_abajo,54.7,0.821,45.8,46.4,-33.7,2.0,46.4,100.1,-59.0,punto adelante de la componente
725,21.772,HIGH,toca_abajo,54.7,0.821,45.8,46.4,-33.7,2.0,46.4,100.1,-59.0,punto adelante de la componente
726,21.802,HIGH,toca_abajo,47.4,0.711,55.0,54.2,-24.5,-3.2,54.2,100.1,-51.8,punto adelante de la componente
727,21.832,HIGH,toca_abajo,36.4,0.546,65.3,63.2,-14.2,-8.1,63.2,100.1,-39.3,punto adelante de la componente
728,21.862,HIGH,toca_abajo,36.4,0.546,65.3,63.2,-14.2,-8.1,63.2,100.1,-39.3,punto adelante de la componente
729,21.892,HIGH,toca_abajo,33.7,0.505,67.7,65.0,-11.8,-10.5,65.0,100.1,-36.1,punto adelante de la componente
730,21.922,HIGH,toca_abajo,32.0,0.480,68.8,65.8,-10.7,-11.6,65.8,100.1,-34.6,punto adelante de la componente
731,21.952,HIGH,toca_abajo,32.0,0.480,68.8,65.8,-10.7,-11.6,65.8,100.1,-34.6,punto adelante de la componente
732,21.982,HIGH,toca_abajo,29.7,0.446,69.8,67.1,-9.7,-10.6,67.1,100.1,-31.9,punto adelante de la componente
733,22.012,HIGH,toca_abajo,21.2,0.318,74.1,71.2,-5.4,-11.4,71.2,100.1,-22.8,punto adelante de la componente
734,22.042,HIGH,toca_abajo,21.2,0.318,74.1,71.2,-5.4,-11.4,71.2,100.1,-22.8,punto adelante de la componente
735,22.072,HIGH,toca_abajo,11.0,0.165,78.8,75.4,-0.7,-13.3,75.4,100.1,-11.7,punto adelante de la componente
736,22.102,HIGH,toca_abajo,2.3,0.034,82.1,78.7,2.6,-13.4,78.7,100.1,-2.4,punto adelante de la componente
737,22.132,HIGH,toca_abajo,2.3,0.034,82.1,78.7,2.6,-13.4,78.7,100.1,-2.4,punto adelante de la componente
738,22.162,HIGH,toca_abajo,-12.5,-0.188,88.0,84.6,8.5,-13.4,84.6,100.1,14.3,punto adelante de la componente
739,22.192,HIGH,toca_abajo,-26.7,-0.401,95.1,91.0,15.6,-15.8,91.0,100.1,30.1,punto adelante de la componente
740,22.222,HIGH,toca_abajo,-33.4,-0.500,99.6,94.9,20.1,-17.9,94.9,100.1,37.8,punto adelante de la componente
741,22.252,HIGH,toca_abajo,-33.4,-0.500,99.6,94.9,20.1,-17.9,94.9,100.1,37.8,punto adelante de la componente
742,22.282,HIGH,toca_abajo,-28.5,-0.427,97.0,91.9,17.5,-19.5,91.9,100.1,31.9,punto adelante de la componente
743,22.312,HIGH,toca_abajo,-28.5,-0.427,97.0,91.9,17.5,-19.5,91.9,100.1,31.9,punto adelante de la componente
744,22.342,HIGH,toca_abajo,-18.8,-0.281,92.3,87.8,12.8,-17.2,87.8,100.1,22.8,punto adelante de la componente
745,22.372,HIGH,toca_abajo,-4.3,-0.065,87.2,82.9,7.7,-16.3,82.9,100.1,9.8,punto adelante de la componente
746,22.402,HIGH,toca_abajo,-4.3,-0.065,87.2,82.9,7.7,-16.3,82.9,100.1,9.8,punto adelante de la componente
747,22.432,HIGH,toca_abajo,7.3,0.109,82.1,78.0,2.6,-16.0,78.0,100.1,-4.4,punto adelante de la componente
748,22.462,HIGH,toca_abajo,7.3,0.109,82.1,78.0,2.6,-16.0,78.0,100.1,-4.4,punto adelante de la componente
749,22.492,HIGH,toca_abajo,20.6,0.309,75.3,72.2,-4.2,-12.0,72.2,100.1,-20.0,punto adelante de la componente
750,22.523,HIGH,toca_abajo,23.5,0.353,73.7,71.5,-5.8,-8.6,71.5,100.1,-21.9,punto adelante de la componente
751,22.553,HIGH,toca_abajo,23.5,0.353,73.7,71.5,-5.8,-8.6,71.5,100.1,-21.9,punto adelante de la componente
752,22.583,HIGH,toca_abajo,29.0,0.436,71.4,69.3,-8.1,-8.4,69.3,100.1,-27.2,punto adelante de la componente
753,22.613,HIGH,toca_abajo,32.1,0.481,69.5,68.1,-10.0,-5.2,68.1,100.1,-29.7,punto adelante de la componente
754,22.643,HIGH,toca_abajo,32.1,0.481,69.5,68.1,-10.0,-5.2,68.1,100.1,-29.7,punto adelante de la componente
755,22.673,HIGH,toca_abajo,32.1,0.481,71.0,69.6,-8.5,-5.4,69.6,100.1,-26.5,punto adelante de la componente
756,22.703,HIGH,toca_abajo,33.9,0.508,70.6,69.8,-8.9,-3.3,69.8,100.1,-26.1,punto adelante de la componente
757,22.733,HIGH,toca_abajo,33.9,0.508,70.6,69.8,-8.9,-3.3,69.8,100.1,-26.1,punto adelante de la componente
758,22.763,HIGH,toca_abajo,30.6,0.459,74.5,73.5,-5.0,-3.9,73.5,100.1,-16.9,punto adelante de la componente
759,22.793,HIGH,toca_abajo,29.0,0.435,77.4,76.5,-2.1,-3.7,76.5,100.1,-8.7,punto adelante de la componente
760,22.823,HIGH,toca_abajo,28.3,0.424,79.9,78.8,0.4,-4.2,78.8,100.1,-2.1,punto adelante de la componente
761,22.853,HIGH,toca_abajo,28.3,0.424,79.9,78.8,0.4,-4.2,78.8,100.1,-2.1,punto adelante de la componente
762,22.883,HIGH,toca_abajo,27.5,0.413,83.2,81.2,3.7,-7.6,81.2,100.0,4.9,punto adelante de la componente
763,22.913,HIGH,toca_abajo,27.4,0.410,87.0,70.1,7.5,-47.7,70.1,99.3,-24.3,punto adelante de la componente
764,22.943,HIGH,toca_abajo,27.4,0.410,87.0,70.1,7.5,-47.7,70.1,99.3,-24.3,punto adelante de la componente
765,22.973,HIGH,toca_abajo,36.5,0.548,89.2,59.7,9.7,-63.7,59.7,100.0,-44.7,punto adelante de la componente
766,23.003,HIGH,toca_abajo,43.8,0.656,73.4,61.6,-6.1,-40.3,61.6,100.0,-41.8,punto adelante de la componente
767,23.033,HIGH,toca_abajo,43.8,0.656,73.4,61.6,-6.1,-40.3,61.6,100.0,-41.8,punto adelante de la componente
768,23.063,HIGH,toca_abajo,48.5,0.728,66.9,63.8,-12.6,-12.2,63.8,100.0,-38.2,punto adelante de la componente
769,23.093,MEDIUM,toca_abajo,46.5,0.698,69.6,65.8,-9.9,-14.4,65.8,100.1,-34.4,punto adelante de la componente
770,23.123,MEDIUM,toca_abajo,46.5,0.698,69.6,65.8,-9.9,-14.4,65.8,100.1,-34.4,punto adelante de la componente
771,23.153,MEDIUM,toca_abajo,39.4,0.591,73.0,69.1,-6.5,-15.1,69.1,100.1,-27.7,punto adelante de la componente
772,23.183,MEDIUM,toca_abajo,36.8,0.552,74.8,71.7,-4.7,-13.6,71.7,101.5,-23.0,punto adelante de la componente
773,23.213,MEDIUM,toca_abajo,35.6,0.535,76.0,71.7,-3.5,-20.0,71.7,102.9,-24.5,punto adelante de la componente
774,23.243,MEDIUM,toca_abajo,35.6,0.535,76.0,71.7,-3.5,-20.0,71.7,102.9,-24.5,punto adelante de la componente
775,23.273,MEDIUM,toca_abajo,21.6,0.323,77.9,70.2,-1.6,-35.5,70.2,103.9,-30.0,punto adelante de la componente
776,23.303,LOW,toca_abajo,-68.7,1.000,140.4,,60.9,,70.2,103.9,-30.0,ultimo objetivo confiable (memoria)
777,23.333,LOW,toca_abajo,-68.7,1.000,140.4,,60.9,,70.2,103.9,-30.0,ultimo objetivo confiable (memoria)
778,23.363,PERDIDA,sin_componente,-75.9,0.000,,,,,,,0.0,sin objetivo
779,23.393,PERDIDA,sin_componente,-45.7,0.000,,,,,,,0.0,sin objetivo
780,23.423,PERDIDA,sin_componente,-45.7,0.000,,,,,,,0.0,sin objetivo
781,23.453,SIN_CERCA,continuidad,-45.4,-0.600,,,,,70.2,103.9,-30.0,memoria
782,23.483,SIN_CERCA,continuidad,-45.5,-0.600,,,,,70.2,103.9,-30.0,memoria
783,23.514,SIN_CERCA,continuidad,-45.1,-0.600,,,,,70.2,103.9,-30.0,memoria
784,23.544,SIN_CERCA,continuidad,-45.1,-0.600,,,,,70.2,103.9,-30.0,memoria
785,23.574,SIN_CERCA,continuidad,-45.1,-0.600,,,,,70.2,103.9,-30.0,memoria
786,23.604,SIN_CERCA,continuidad,-44.9,-0.600,,,,,70.2,103.9,-30.0,memoria
787,23.634,SIN_CERCA,continuidad,-44.9,-0.600,,,,,70.2,103.9,-30.0,memoria
788,23.664,SIN_CERCA,continuidad,-44.9,-0.600,,,,,70.2,103.9,-30.0,memoria
789,23.694,SIN_CERCA,continuidad,-44.5,-0.600,,,,,70.2,103.9,-30.0,memoria
790,23.724,SIN_CERCA,continuidad,-44.5,-0.600,,,,,70.2,103.9,-30.0,memoria
791,23.754,SIN_CERCA,continuidad,-45.0,-0.600,,,,,70.2,103.9,-30.0,memoria
792,23.784,SIN_CERCA,continuidad,-45.0,-0.600,,,,,70.2,103.9,-30.0,memoria
793,23.814,SIN_CERCA,continuidad,-44.6,-0.600,,,,,70.2,103.9,-30.0,memoria
794,23.844,SIN_CERCA,continuidad,-45.9,-0.600,,,,,70.2,103.9,-30.0,memoria
795,23.874,SIN_CERCA,continuidad,-46.8,-0.600,,152.2,,,152.2,76.2,58.9,componente visible arriba
796,23.904,SIN_CERCA,continuidad,-46.8,-0.600,,152.2,,,152.2,76.2,58.9,componente visible arriba
797,23.934,SIN_CERCA,continuidad,-47.8,-0.600,,146.5,,,146.5,77.9,57.9,componente visible arriba
798,23.964,SIN_CERCA,continuidad,-47.8,-0.600,,146.5,,,146.5,77.9,57.9,componente visible arriba
799,23.994,SIN_CERCA,continuidad,-47.4,-0.600,,145.1,,,145.1,79.3,58.2,componente visible arriba
800,24.024,SIN_CERCA,continuidad,-45.4,-0.600,,142.9,,,142.9,79.9,57.7,componente visible arriba
801,24.054,SIN_CERCA,continuidad,-45.4,-0.681,,142.9,,,142.9,79.9,57.7,componente visible arriba
802,24.084,SIN_CERCA,continuidad,-43.0,-0.645,,144.3,,,144.3,79.6,58.0,componente visible arriba
803,24.114,SIN_CERCA,continuidad,-41.4,-0.621,,155.5,,,155.5,95.0,71.8,componente visible arriba
804,24.144,SIN_CERCA,continuidad,-41.4,-0.621,,155.5,,,155.5,95.0,71.8,componente visible arriba
805,24.174,SIN_CERCA,continuidad,-42.4,-0.635,,146.1,,,146.1,97.6,71.4,componente visible arriba
806,24.204,SIN_CERCA,continuidad,-42.4,-0.635,,146.1,,,146.1,97.6,71.4,componente visible arriba
807,24.234,SIN_CERCA,continuidad,-52.2,-0.783,,148.0,,,148.0,99.1,73.0,componente visible arriba
808,24.264,SIN_CERCA,continuidad,-51.6,-0.775,,146.5,,,146.5,98.3,72.1,componente visible arriba
809,24.294,SIN_CERCA,continuidad,-46.7,-0.701,,151.5,,,151.5,95.7,71.3,componente visible arriba
810,24.324,SIN_CERCA,continuidad,-46.7,-0.701,,151.5,,,151.5,95.7,71.3,componente visible arriba
811,24.354,SIN_CERCA,continuidad,-50.0,-0.750,,151.6,,,151.6,80.1,61.0,componente visible arriba
812,24.384,SIN_CERCA,continuidad,-50.0,-0.750,,151.6,,,151.6,80.1,61.0,componente visible arriba
813,24.414,MEDIUM,toca_abajo,69.7,1.000,19.0,19.0,-60.5,-0.1,19.0,100.3,-72.0,punto adelante de la componente
814,24.444,HIGH,toca_abajo,66.8,1.000,22.9,25.3,-56.6,9.5,25.3,100.1,-69.8,punto adelante de la componente
815,24.474,HIGH,toca_abajo,66.8,1.000,22.9,25.3,-56.6,9.5,25.3,100.1,-69.8,punto adelante de la componente
816,24.505,HIGH,toca_abajo,63.4,0.951,30.4,31.5,-49.1,4.1,31.5,100.1,-67.4,punto adelante de la componente
817,24.535,HIGH,toca_abajo,57.2,0.857,43.0,42.7,-36.5,-1.2,42.7,100.1,-61.6,punto adelante de la componente
818,24.565,HIGH,toca_abajo,57.2,0.857,43.0,42.7,-36.5,-1.2,42.7,100.1,-61.6,punto adelante de la componente
819,24.595,HIGH,toca_abajo,43.2,0.649,59.1,57.6,-20.4,-5.7,57.6,100.1,-47.7,punto adelante de la componente
820,24.625,HIGH,toca_abajo,24.2,0.362,72.8,69.5,-6.7,-12.8,69.5,100.1,-26.7,punto adelante de la componente
821,24.655,HIGH,toca_abajo,6.9,0.103,81.1,77.4,1.6,-14.3,77.4,100.1,-6.1,punto adelante de la componente
822,24.685,HIGH,toca_abajo,6.9,0.103,81.1,77.4,1.6,-14.3,77.4,100.1,-6.1,punto adelante de la componente
823,24.715,HIGH,toca_abajo,-5.1,-0.076,86.0,82.4,6.5,-14.1,82.4,100.1,8.2,punto adelante de la componente
824,24.745,HIGH,toca_abajo,-16.9,-0.253,92.0,87.3,12.5,-18.0,87.3,100.1,21.4,punto adelante de la componente
825,24.775,HIGH,toca_abajo,-16.9,-0.253,92.0,87.3,12.5,-18.0,87.3,100.1,21.4,punto adelante de la componente
826,24.805,HIGH,toca_abajo,0.3,0.004,84.5,80.0,5.0,-17.2,80.0,100.1,1.4,punto adelante de la componente
827,24.835,HIGH,toca_abajo,18.6,0.279,76.4,72.7,-3.1,-14.5,72.7,100.1,-19.0,punto adelante de la componente
828,24.865,HIGH,toca_abajo,18.6,0.279,76.4,72.7,-3.1,-14.5,72.7,100.1,-19.0,punto adelante de la componente
829,24.895,HIGH,toca_abajo,29.2,0.438,70.1,67.6,-9.4,-9.8,67.6,100.1,-30.9,punto adelante de la componente
830,24.925,HIGH,toca_abajo,37.4,0.561,65.1,62.7,-14.4,-9.6,62.7,100.1,-40.3,punto adelante de la componente
831,24.955,HIGH,toca_abajo,37.4,0.561,65.1,62.7,-14.4,-9.6,62.7,100.1,-40.3,punto adelante de la componente
832,24.985,HIGH,toca_abajo,35.9,0.539,65.7,63.6,-13.8,-8.1,63.6,100.1,-38.6,punto adelante de la componente
833,25.015,HIGH,toca_abajo,35.9,0.539,65.7,63.6,-13.8,-8.1,63.6,100.1,-38.6,punto adelante de la componente
834,25.045,HIGH,toca_abajo,35.5,0.533,65.7,63.7,-13.8,-7.6,63.7,100.1,-38.4,punto adelante de la componente
835,25.075,HIGH,toca_abajo,30.3,0.455,68.3,66.6,-11.2,-6.7,66.6,100.1,-33.0,punto adelante de la componente
836,25.105,HIGH,toca_abajo,30.3,0.455,68.3,66.6,-11.2,-6.7,66.6,100.1,-33.0,punto adelante de la componente
837,25.135,HIGH,toca_abajo,25.4,0.382,70.7,69.0,-8.8,-6.7,69.0,100.1,-27.8,punto adelante de la componente
838,25.165,HIGH,toca_abajo,20.4,0.306,73.0,71.2,-6.5,-7.0,71.2,100.1,-22.6,punto adelante de la componente
839,25.195,HIGH,toca_abajo,13.0,0.195,76.1,74.4,-3.4,-6.4,74.4,100.1,-14.3,punto adelante de la componente
840,25.225,HIGH,toca_abajo,13.0,0.195,76.1,74.4,-3.4,-6.4,74.4,100.1,-14.3,punto adelante de la componente
841,25.255,HIGH,toca_abajo,1.9,0.029,80.5,78.7,1.0,-7.0,78.7,100.1,-2.2,punto adelante de la componente
842,25.285,HIGH,toca_abajo,-8.3,-0.124,85.0,82.7,5.5,-9.1,82.7,100.1,9.0,punto adelante de la componente
843,25.315,HIGH,toca_abajo,-8.3,-0.124,85.0,82.7,5.5,-9.1,82.7,100.1,9.0,punto adelante de la componente
844,25.345,HIGH,toca_abajo,-14.9,-0.223,87.9,85.2,8.4,-10.3,85.2,100.1,16.1,punto adelante de la componente
845,25.375,HIGH,toca_abajo,-19.4,-0.291,90.3,87.2,10.8,-11.8,87.2,100.1,21.3,punto adelante de la componente
846,25.405,HIGH,toca_abajo,-19.4,-0.291,90.3,87.2,10.8,-11.8,87.2,100.1,21.3,punto adelante de la componente
847,25.435,HIGH,toca_abajo,-16.1,-0.241,88.8,85.7,9.3,-12.3,85.7,100.1,17.2,punto adelante de la componente
848,25.465,HIGH,toca_abajo,-11.8,-0.177,86.5,84.1,7.0,-9.4,84.1,100.1,12.9,punto adelante de la componente
849,25.495,HIGH,toca_abajo,-11.8,-0.177,86.5,84.1,7.0,-9.4,84.1,100.1,12.9,punto adelante de la componente
850,25.526,HIGH,toca_abajo,-4.6,-0.068,83.8,81.7,4.3,-8.3,81.7,100.1,6.2,punto adelante de la componente
851,25.556,HIGH,toca_abajo,1.3,0.019,82.9,81.2,3.4,-6.4,81.2,100.1,5.0,punto adelante de la componente
852,25.586,HIGH,toca_abajo,1.3,0.019,82.9,81.2,3.4,-6.4,81.2,100.1,5.0,punto adelante de la componente
853,25.616,HIGH,toca_abajo,6.4,0.095,81.4,79.9,1.9,-5.9,79.9,100.1,1.1,punto adelante de la componente
854,25.646,HIGH,toca_abajo,11.0,0.165,81.3,80.4,1.8,-3.5,80.4,100.1,2.5,punto adelante de la componente
855,25.676,HIGH,toca_abajo,11.0,0.165,81.3,80.4,1.8,-3.5,80.4,100.1,2.5,punto adelante de la componente
856,25.706,HIGH,toca_abajo,15.6,0.234,81.6,80.5,2.1,-4.5,80.5,100.1,2.8,punto adelante de la componente
857,25.736,HIGH,toca_abajo,19.1,0.286,81.4,80.7,1.9,-2.5,80.7,100.1,3.5,punto adelante de la componente
858,25.766,HIGH,toca_abajo,19.1,0.286,81.4,80.7,1.9,-2.5,80.7,100.1,3.5,punto adelante de la componente
859,25.796,HIGH,toca_abajo,21.7,0.326,83.3,82.2,3.8,-4.0,82.2,100.1,7.8,punto adelante de la componente
860,25.826,HIGH,toca_abajo,27.9,0.418,84.3,79.6,4.8,-17.5,79.6,99.7,0.2,punto adelante de la componente
861,25.856,HIGH,toca_abajo,27.9,0.418,84.3,79.6,4.8,-17.5,79.6,99.7,0.2,punto adelante de la componente
862,25.886,HIGH,toca_abajo,32.3,0.485,87.9,63.6,8.4,-58.2,63.6,99.5,-37.8,punto adelante de la componente
863,25.916,HIGH,toca_abajo,40.2,0.604,83.0,61.0,3.5,-57.6,61.0,100.0,-42.8,punto adelante de la componente
864,25.946,HIGH,toca_abajo,40.2,0.604,83.0,61.0,3.5,-57.6,61.0,100.0,-42.8,punto adelante de la componente
865,25.976,HIGH,toca_abajo,48.0,0.720,68.0,63.6,-11.5,-17.3,63.6,100.0,-38.6,punto adelante de la componente
866,26.006,MEDIUM,toca_abajo,52.4,0.786,67.5,63.7,-12.0,-14.7,63.7,100.0,-38.5,punto adelante de la componente
867,26.036,MEDIUM,toca_abajo,52.3,0.784,69.2,65.5,-10.3,-14.6,65.5,100.1,-35.2,punto adelante de la componente
868,26.066,MEDIUM,toca_abajo,52.3,0.784,69.2,65.5,-10.3,-14.6,65.5,100.1,-35.2,punto adelante de la componente
869,26.096,MEDIUM,toca_abajo,51.9,0.778,71.4,66.5,-8.1,-20.1,66.5,101.3,-34.8,punto adelante de la componente
870,26.126,MEDIUM,toca_abajo,51.7,0.775,73.2,65.1,-6.3,-34.5,65.1,102.8,-40.0,punto adelante de la componente
871,26.156,MEDIUM,toca_abajo,51.7,0.775,73.2,65.1,-6.3,-34.5,65.1,102.8,-40.0,punto adelante de la componente
872,26.186,MEDIUM,toca_abajo,47.3,0.710,75.8,57.2,-3.7,-58.8,57.2,103.3,-53.1,punto adelante de la componente
873,26.216,MEDIUM,toca_abajo,31.5,0.472,78.8,47.9,-0.7,-70.3,47.9,103.7,-62.7,punto adelante de la componente
874,26.246,MEDIUM,toca_abajo,31.5,0.472,78.8,47.9,-0.7,-70.3,47.9,103.7,-62.7,punto adelante de la componente
875,26.276,LOW,toca_abajo,66.6,1.000,75.6,,-3.9,,47.9,103.7,-62.7,ultimo objetivo confiable (memoria)
876,26.306,LOW,toca_abajo,87.0,1.000,8.1,,-71.4,,47.9,103.7,-62.7,ultimo objetivo confiable (memoria)
877,26.336,LOW,toca_abajo,87.0,1.000,8.1,,-71.4,,47.9,103.7,-62.7,ultimo objetivo confiable (memoria)
878,26.366,PERDIDA,sin_componente,-45.5,0.000,,,,,,,0.0,sin objetivo
879,26.396,PERDIDA,sin_componente,-45.7,0.000,,,,,,,0.0,sin objetivo
880,26.426,PERDIDA,sin_componente,-45.7,0.000,,,,,,,0.0,sin objetivo
881,26.456,PERDIDA,sin_componente,-46.0,0.000,,,,,,,0.0,sin objetivo
882,26.486,PERDIDA,sin_componente,-45.7,0.000,,,,,,,0.0,sin objetivo
883,26.517,PERDIDA,sin_componente,-45.7,0.000,,,,,,,0.0,sin objetivo
884,26.547,SIN_CERCA,salto_grande,-45.5,-0.600,,,,,47.9,103.7,-62.7,memoria
885,26.577,SIN_CERCA,salto_grande,-45.6,-0.600,,,,,47.9,103.7,-62.7,memoria
886,26.607,SIN_CERCA,salto_grande,-45.4,-0.600,,,,,47.9,103.7,-62.7,memoria
887,26.637,SIN_CERCA,salto_grande,-45.4,-0.600,,,,,47.9,103.7,-62.7,memoria
888,26.667,SIN_CERCA,salto_grande,-45.3,-0.600,,,,,47.9,103.7,-62.7,memoria
889,26.697,SIN_CERCA,salto_grande,-45.3,-0.600,,,,,47.9,103.7,-62.7,memoria
890,26.727,SIN_CERCA,salto_grande,-45.1,-0.600,,,,,47.9,103.7,-62.7,memoria
891,26.757,SIN_CERCA,salto_grande,-44.8,-0.600,,,,,47.9,103.7,-62.7,memoria
892,26.787,SIN_CERCA,salto_grande,-44.8,-0.600,,,,,47.9,103.7,-62.7,memoria
893,26.817,SIN_CERCA,salto_grande,-44.6,-0.600,,,,,47.9,103.7,-62.7,memoria
894,26.847,SIN_CERCA,salto_grande,-44.8,-0.600,,,,,47.9,103.7,-62.7,memoria
895,26.877,SIN_CERCA,salto_grande,-44.8,-0.600,,,,,47.9,103.7,-62.7,memoria
896,26.907,SIN_CERCA,salto_grande,-44.8,-0.600,,,,,47.9,103.7,-62.7,memoria
897,26.937,SIN_CERCA,salto_grande,-45.6,-0.600,,,,,47.9,103.7,-62.7,memoria
898,26.967,SIN_CERCA,salto_grande,-46.8,-0.600,,156.6,,,156.6,75.3,59.9,componente visible arriba
899,26.997,SIN_CERCA,continuidad,-48.3,-0.600,,152.9,,,152.9,76.2,59.2,componente visible arriba
900,27.027,SIN_CERCA,continuidad,-50.0,-0.600,,149.9,,,149.9,77.9,59.1,componente visible arriba
901,27.057,SIN_CERCA,continuidad,-50.0,-0.600,,149.9,,,149.9,77.9,59.1,componente visible arriba
902,27.087,SIN_CERCA,continuidad,-49.1,-0.600,,146.6,,,146.6,79.7,59.0,componente visible arriba
903,27.117,SIN_CERCA,continuidad,-44.8,-0.600,,144.0,,,144.0,79.8,58.0,componente visible arriba
904,27.147,SIN_CERCA,continuidad,-44.8,-0.672,,144.0,,,144.0,79.8,58.0,componente visible arriba
905,27.177,SIN_CERCA,continuidad,-33.4,-0.501,,148.2,,,148.2,99.2,73.2,componente visible arriba
906,27.207,SIN_CERCA,salto_grande,-29.2,-0.437,149.5,146.4,70.0,-16.3,146.4,99.3,72.8,componente visible arriba
907,27.237,SIN_CERCA,salto_grande,-29.2,-0.437,149.5,146.4,70.0,-16.3,146.4,99.3,72.8,componente visible arriba
908,27.267,SIN_CERCA,continuidad,-34.4,-0.516,143.2,,63.7,,143.2,111.3,82.2,solo el punto cercano
909,27.297,SIN_CERCA,continuidad,-35.6,-0.534,,149.4,,,149.4,99.2,73.4,componente visible arriba
910,27.327,SIN_CERCA,continuidad,-35.6,-0.534,,149.4,,,149.4,99.2,73.4,componente visible arriba
911,27.357,SIN_CERCA,continuidad,-37.0,-0.556,,146.6,,,146.6,98.4,72.2,componente visible arriba
912,27.387,SIN_CERCA,continuidad,-44.1,-0.662,,158.4,,,158.4,83.9,65.4,componente visible arriba
913,27.417,SIN_CERCA,continuidad,-44.1,-0.662,,158.4,,,158.4,83.9,65.4,componente visible arriba
914,27.447,SIN_CERCA,continuidad,-54.6,-0.819,,156.0,,,156.0,83.5,64.5,componente visible arriba
915,27.477,LOW,toca_abajo,22.0,0.330,26.6,,-52.9,,156.0,83.5,64.5,ultimo objetivo confiable (memoria)
916,27.508,LOW,toca_abajo,22.0,0.330,26.6,,-52.9,,156.0,83.5,64.5,ultimo objetivo confiable (memoria)
917,27.538,MEDIUM,toca_abajo,71.6,1.000,46.3,29.8,-33.2,-48.7,29.8,100.0,-68.1,punto adelante de la componente
918,27.568,HIGH,toca_abajo,53.9,0.808,58.7,57.4,-20.8,-5.1,57.4,100.1,-48.1,punto adelante de la componente
919,27.598,HIGH,toca_abajo,53.9,0.808,58.7,57.4,-20.8,-5.1,57.4,100.1,-48.1,punto adelante de la componente
920,27.628,HIGH,toca_abajo,27.7,0.416,74.3,70.8,-5.2,-13.7,70.8,100.1,-23.6,punto adelante de la componente
921,27.658,HIGH,toca_abajo,-17.8,-0.267,94.8,88.6,15.3,-23.2,88.6,100.1,24.5,punto adelante de la componente
922,27.688,HIGH,toca_abajo,-17.8,-0.267,94.8,88.6,15.3,-23.2,88.6,100.1,24.5,punto adelante de la componente
923,27.718,HIGH,toca_abajo,-52.4,-0.786,120.8,112.9,41.3,-28.6,112.9,100.1,59.2,punto adelante de la componente
924,27.748,HIGH,toca_abajo,-66.0,-0.990,148.8,144.0,69.3,-18.7,144.0,100.0,72.8,punto adelante de la componente
925,27.778,HIGH,toca_abajo,-66.0,-0.990,148.8,144.0,69.3,-18.7,144.0,100.0,72.8,punto adelante de la componente
926,27.808,SIN_CERCA,continuidad,-52.0,-0.600,,155.2,,,155.2,79.0,61.5,componente visible arriba
927,27.838,SIN_CERCA,continuidad,-47.0,-0.600,,,,,155.2,79.0,61.5,memoria
928,27.868,SIN_CERCA,continuidad,-47.0,-0.600,,,,,155.2,79.0,61.5,memoria
929,27.898,SIN_CERCA,continuidad,-47.4,-0.600,,,,,155.2,79.0,61.5,memoria
930,27.928,SIN_CERCA,continuidad,-48.9,-0.600,,156.9,,,156.9,76.6,60.7,componente visible arriba
931,27.958,SIN_CERCA,continuidad,-48.9,-0.600,,156.9,,,156.9,76.6,60.7,componente visible arriba
932,27.988,SIN_CERCA,continuidad,-51.5,-0.600,,150.8,,,150.8,79.2,60.2,componente visible arriba
933,28.018,SIN_CERCA,continuidad,-55.4,-0.600,,153.5,,,153.5,98.8,74.0,componente visible arriba
934,28.048,HIGH,toca_abajo,-60.2,-0.903,149.6,140.2,70.1,-33.3,140.2,99.7,71.5,punto adelante de la componente
935,28.078,HIGH,toca_abajo,-60.2,-0.903,149.6,140.2,70.1,-33.3,140.2,99.7,71.5,punto adelante de la componente
936,28.108,HIGH,toca_abajo,-60.3,-0.905,145.7,137.1,66.2,-31.1,137.1,99.8,70.7,punto adelante de la componente
937,28.138,HIGH,toca_abajo,-60.2,-0.903,145.4,137.7,65.9,-28.1,137.7,99.7,70.8,punto adelante de la componente
938,28.168,HIGH,toca_abajo,-60.2,-0.903,145.4,137.7,65.9,-28.1,137.7,99.7,70.8,punto adelante de la componente
939,28.198,HIGH,toca_abajo,-59.2,-0.888,144.9,136.6,65.4,-29.9,136.6,99.8,70.5,punto adelante de la componente
940,28.228,HIGH,toca_abajo,-58.0,-0.870,141.2,132.7,61.7,-30.5,132.7,99.8,69.2,punto adelante de la componente
941,28.258,HIGH,toca_abajo,-58.0,-0.870,141.2,132.7,61.7,-30.5,132.7,99.8,69.2,punto adelante de la componente
942,28.288,HIGH,toca_abajo,-55.9,-0.838,136.8,127.6,57.3,-32.4,127.6,99.9,67.3,punto adelante de la componente
943,28.318,HIGH,toca_abajo,-50.9,-0.764,129.2,116.8,49.7,-40.8,116.8,100.1,61.9,punto adelante de la componente
944,28.348,HIGH,toca_abajo,-46.5,-0.698,125.2,110.6,45.7,-45.5,110.6,100.1,57.4,punto adelante de la componente
945,28.378,HIGH,toca_abajo,-46.5,-0.698,125.2,110.6,45.7,-45.5,110.6,100.1,57.4,punto adelante de la componente
946,28.408,HIGH,toca_abajo,-38.1,-0.572,119.0,102.1,39.5,-49.7,102.1,100.1,48.6,punto adelante de la componente
947,28.438,HIGH,toca_abajo,-24.7,-0.371,112.0,92.9,32.5,-52.9,92.9,100.1,34.1,punto adelante de la componente
948,28.468,HIGH,toca_abajo,-24.7,-0.371,112.0,92.9,32.5,-52.9,92.9,100.1,34.1,punto adelante de la componente
949,28.498,HIGH,toca_abajo,-0.3,-0.004,101.5,82.3,22.0,-53.1,82.3,100.1,8.0,punto adelante de la componente
950,28.529,HIGH,toca_abajo,21.5,0.323,91.9,73.5,12.4,-51.8,73.5,100.1,-16.8,punto adelante de la componente
951,28.559,HIGH,toca_abajo,21.5,0.323,91.9,73.5,12.4,-51.8,73.5,100.1,-16.8,punto adelante de la componente
952,28.589,HIGH,toca_abajo,34.2,0.513,85.0,67.3,5.5,-50.7,67.3,100.1,-31.5,punto adelante de la componente
953,28.619,HIGH,toca_abajo,49.6,0.743,72.5,56.5,-7.0,-47.9,56.5,100.1,-49.2,punto adelante de la componente
954,28.649,HIGH,toca_abajo,49.6,0.743,72.5,56.5,-7.0,-47.9,56.5,100.1,-49.2,punto adelante de la componente
955,28.679,HIGH,toca_abajo,53.0,0.795,67.2,53.2,-12.3,-44.0,53.2,100.1,-52.9,punto adelante de la componente
956,28.709,HIGH,toca_abajo,57.7,0.865,59.9,47.4,-19.6,-40.9,47.4,100.1,-58.3,punto adelante de la componente
957,28.739,HIGH,toca_abajo,57.7,0.865,59.9,47.4,-19.6,-40.9,47.4,100.1,-58.3,punto adelante de la componente
958,28.769,HIGH,toca_abajo,58.0,0.871,59.1,47.2,-20.4,-39.4,47.2,100.1,-58.4,punto adelante de la componente
959,28.799,HIGH,toca_abajo,55.2,0.827,61.9,50.5,-17.6,-38.3,50.5,100.1,-55.6,punto adelante de la componente
960,28.829,HIGH,toca_abajo,55.2,0.827,61.9,50.5,-17.6,-38.3,50.5,100.1,-55.6,punto adelante de la componente
961,28.859,HIGH,toca_abajo,51.7,0.776,66.0,54.1,-13.5,-39.5,54.1,100.1,-52.0,punto adelante de la componente
962,28.889,HIGH,toca_abajo,47.5,0.713,69.5,57.8,-10.0,-39.0,57.8,100.1,-47.5,punto adelante de la componente
963,28.919,HIGH,toca_abajo,47.5,0.713,69.5,57.8,-10.0,-39.0,57.8,100.1,-47.5,punto adelante de la componente
964,28.949,HIGH,toca_abajo,40.3,0.605,74.5,62.9,-5.0,-38.8,62.9,100.1,-39.8,punto adelante de la componente
965,28.979,HIGH,toca_abajo,32.0,0.480,79.8,67.8,0.3,-39.8,67.8,100.1,-30.5,punto adelante de la componente
966,29.009,HIGH,toca_abajo,29.4,0.440,81.6,69.1,2.1,-41.0,69.1,100.1,-27.7,punto adelante de la componente
967,29.039,HIGH,toca_abajo,29.4,0.440,81.6,69.1,2.1,-41.0,69.1,100.1,-27.7,punto adelante de la componente
968,29.069,HIGH,toca_abajo,29.2,0.439,80.5,69.0,1.0,-38.3,69.0,100.1,-27.7,punto adelante de la componente
969,29.099,HIGH,toca_abajo,29.4,0.441,79.7,68.9,0.2,-36.8,68.9,100.1,-28.1,punto adelante de la componente
970,29.129,HIGH,toca_abajo,29.4,0.441,79.7,68.9,0.2,-36.8,68.9,100.1,-28.1,punto adelante de la componente
971,29.159,HIGH,toca_abajo,31.3,0.470,78.1,67.8,-1.4,-35.6,67.8,100.1,-30.6,punto adelante de la componente
972,29.189,HIGH,toca_abajo,32.9,0.494,76.4,66.7,-3.1,-34.1,66.7,100.1,-32.8,punto adelante de la componente
973,29.219,HIGH,toca_abajo,32.9,0.494,76.4,66.7,-3.1,-34.1,66.7,100.1,-32.8,punto adelante de la componente
974,29.249,HIGH,toca_abajo,37.1,0.556,74.0,64.3,-5.5,-33.9,64.3,100.1,-37.5,punto adelante de la componente
975,29.279,HIGH,toca_abajo,44.2,0.663,67.1,59.2,-12.4,-28.7,59.2,100.1,-45.6,punto adelante de la componente
976,29.309,HIGH,toca_abajo,44.2,0.663,67.1,59.2,-12.4,-28.7,59.2,100.1,-45.6,punto adelante de la componente
977,29.339,HIGH,toca_abajo,43.3,0.650,66.7,59.6,-12.8,-26.1,59.6,100.1,-45.0,punto adelante de la componente
978,29.369,HIGH,toca_abajo,39.7,0.595,68.7,62.0,-10.8,-24.7,62.0,100.1,-41.3,punto adelante de la componente
979,29.399,HIGH,toca_abajo,39.7,0.595,68.7,62.0,-10.8,-24.7,62.0,100.1,-41.3,punto adelante de la componente
980,29.429,HIGH,toca_abajo,34.5,0.517,71.7,65.4,-7.8,-23.4,65.4,100.1,-35.3,punto adelante de la componente
981,29.459,HIGH,toca_abajo,29.9,0.448,74.7,68.1,-4.8,-24.5,68.1,100.1,-29.7,punto adelante de la componente
982,29.489,HIGH,toca_abajo,29.9,0.448,74.7,68.1,-4.8,-24.5,68.1,100.1,-29.7,punto adelante de la componente
983,29.520,HIGH,toca_abajo,29.9,0.448,75.4,68.6,-4.1,-25.2,68.6,100.1,-28.7,punto adelante de la componente
984,29.550,HIGH,toca_abajo,40.1,0.601,68.4,61.8,-11.1,-24.4,61.8,100.1,-41.6,punto adelante de la componente
985,29.580,HIGH,toca_abajo,40.1,0.601,68.4,61.8,-11.1,-24.4,61.8,100.1,-41.6,punto adelante de la componente
986,29.610,HIGH,toca_abajo,49.1,0.736,60.3,54.1,-19.2,-23.2,54.1,100.1,-51.9,punto adelante de la componente
987,29.640,HIGH,toca_abajo,49.1,0.736,60.3,54.1,-19.2,-23.2,54.1,100.1,-51.9,punto adelante de la componente
988,29.670,HIGH,toca_abajo,55.3,0.830,52.6,47.3,-26.9,-20.2,47.3,100.1,-58.3,punto adelante de la componente
989,29.700,HIGH,toca_abajo,59.2,0.888,46.7,41.8,-32.8,-18.8,41.8,100.1,-62.2,punto adelante de la componente
990,29.730,HIGH,toca_abajo,59.2,0.888,46.7,41.8,-32.8,-18.8,41.8,100.1,-62.2,punto adelante de la componente
991,29.760,HIGH,toca_abajo,62.7,0.941,40.2,35.6,-39.3,-17.7,35.6,100.1,-65.6,punto adelante de la componente
992,29.790,HIGH,toca_abajo,66.0,0.990,32.9,29.1,-46.6,-14.8,29.1,100.1,-68.5,punto adelante de la componente
993,29.820,HIGH,toca_abajo,66.0,0.990,32.9,29.1,-46.6,-14.8,29.1,100.1,-68.5,punto adelante de la componente
994,29.850,HIGH,toca_abajo,68.0,1.000,27.6,23.7,-51.9,-15.3,23.7,100.1,-70.4,punto adelante de la componente
995,29.880,HIGH,toca_abajo,69.3,1.000,23.3,19.8,-56.2,-13.7,19.8,100.1,-71.6,punto adelante de la componente
996,29.910,HIGH,toca_abajo,70.3,1.000,20.0,16.8,-59.5,-12.4,16.8,100.1,-72.4,punto adelante de la componente
997,29.940,HIGH,toca_abajo,70.3,1.000,20.0,16.8,-59.5,-12.4,16.8,100.1,-72.4,punto adelante de la componente
998,29.970,HIGH,toca_abajo,71.5,1.000,16.8,13.6,-62.7,-12.3,13.6,100.1,-73.2,punto adelante de la componente
999,30.000,HIGH,toca_abajo,72.9,1.000,12.6,9.8,-66.9,-11.1,9.8,100.1,-74.1,punto adelante de la componente
1000,30.030,HIGH,toca_abajo,72.9,1.000,12.6,9.8,-66.9,-11.1,9.8,100.1,-74.1,punto adelante de la componente
1001,30.060,HIGH,toca_abajo,74.7,1.000,8.1,5.7,-71.4,-9.5,5.7,100.2,-75.0,punto adelante de la componente
1002,30.090,HIGH,toca_abajo,78.4,1.000,4.0,2.0,-75.5,-8.1,2.0,100.4,-75.8,punto adelante de la componente
1003,30.120,HIGH,toca_abajo,78.4,1.000,4.0,2.0,-75.5,-8.1,2.0,100.4,-75.8,punto adelante de la componente
1004,30.150,PERDIDA,sin_componente,88.1,0.000,,,,,,,0.0,sin objetivo
1005,30.180,PERDIDA,sin_componente,0.0,0.000,,,,,,,0.0,sin objetivo
1006,30.210,PERDIDA,sin_componente,0.0,0.000,,,,,,,0.0,sin objetivo
1007,30.240,PERDIDA,sin_componente,0.0,0.000,,,,,,,0.0,sin objetivo
1008,30.270,PERDIDA,sin_componente,0.0,0.000,,,,,,,0.0,sin objetivo
1009,30.300,PERDIDA,sin_componente,0.0,0.000,,,,,,,0.0,sin objetivo
1010,30.330,PERDIDA,sin_componente,0.0,0.000,,,,,,,0.0,sin objetivo
1011,30.360,HIGH,toca_abajo,-63.8,-0.956,127.2,125.0,47.7,-8.6,125.0,100.1,66.4,punto adelante de la componente
1012,30.390,HIGH,toca_abajo,-64.7,-0.970,128.9,126.7,49.4,-8.7,126.7,100.1,67.1,punto adelante de la componente
1013,30.420,HIGH,toca_abajo,-65.4,-0.981,130.7,128.0,51.2,-10.3,128.0,100.1,67.7,punto adelante de la componente
1014,30.450,HIGH,toca_abajo,-63.5,-0.952,127.4,123.9,47.9,-13.7,123.9,100.1,65.9,punto adelante de la componente
1015,30.480,HIGH,toca_abajo,-60.8,-0.913,120.1,117.1,40.6,-11.9,117.1,100.1,62.1,punto adelante de la componente
1016,30.511,HIGH,toca_abajo,-60.8,-0.913,120.1,117.1,40.6,-11.9,117.1,100.1,62.1,punto adelante de la componente
1017,30.541,HIGH,toca_abajo,-56.0,-0.839,112.7,109.6,33.2,-12.1,109.6,100.1,56.4,punto adelante de la componente
1018,30.571,HIGH,toca_abajo,-48.3,-0.725,104.1,101.7,24.6,-9.3,101.7,100.1,48.2,punto adelante de la componente
1019,30.601,HIGH,toca_abajo,-36.2,-0.543,95.0,93.7,15.5,-5.0,93.7,100.1,35.6,punto adelante de la componente
1020,30.631,HIGH,toca_abajo,-36.2,-0.543,95.0,93.7,15.5,-5.0,93.7,100.1,35.6,punto adelante de la componente
1021,30.661,HIGH,toca_abajo,-15.8,-0.237,83.5,84.8,4.0,5.3,84.8,100.0,14.9,punto adelante de la componente
1022,30.691,HIGH,toca_abajo,13.7,0.206,69.4,70.2,-10.1,3.3,70.2,100.2,-25.2,punto adelante de la componente
1023,30.721,HIGH,toca_abajo,13.7,0.206,69.4,70.2,-10.1,3.3,70.2,100.2,-25.2,punto adelante de la componente
1024,30.751,HIGH,toca_abajo,30.8,0.462,57.7,59.9,-21.8,8.6,59.9,100.1,-44.5,punto adelante de la componente
1025,30.781,HIGH,toca_abajo,36.6,0.549,52.2,56.2,-27.3,14.9,56.2,99.9,-49.3,punto adelante de la componente
1026,30.811,HIGH,toca_abajo,36.6,0.549,52.2,56.2,-27.3,14.9,56.2,99.9,-49.3,punto adelante de la componente
1027,30.841,HIGH,toca_abajo,35.9,0.538,50.5,56.6,-29.0,22.5,56.6,99.9,-48.7,punto adelante de la componente
1028,30.871,HIGH,toca_abajo,23.3,0.350,54.7,64.5,-24.8,34.1,64.5,100.0,-36.9,punto adelante de la componente
1029,30.901,HIGH,toca_abajo,23.3,0.350,54.7,64.5,-24.8,34.1,64.5,100.0,-36.9,punto adelante de la componente
1030,30.931,HIGH,toca_abajo,1.4,0.021,64.4,75.6,-15.1,37.8,75.6,100.0,-11.1,punto adelante de la componente
1031,30.961,HIGH,toca_abajo,-12.3,-0.184,69.2,81.9,-10.3,41.3,81.9,100.0,6.9,punto adelante de la componente
1032,30.991,HIGH,toca_abajo,-12.3,-0.184,69.2,81.9,-10.3,41.3,81.9,100.0,6.9,punto adelante de la componente
1033,31.021,HIGH,toca_abajo,-25.8,-0.387,74.3,89.0,-5.2,45.6,89.0,100.1,25.6,punto adelante de la componente
1034,31.051,HIGH,toca_abajo,-32.8,-0.493,78.9,93.0,-0.6,44.1,93.0,100.1,34.1,punto adelante de la componente
1035,31.081,HIGH,toca_abajo,-32.8,-0.493,78.9,93.0,-0.6,44.1,93.0,100.1,34.1,punto adelante de la componente
1036,31.111,HIGH,toca_abajo,-34.8,-0.522,80.6,93.9,1.1,42.4,93.9,100.0,35.9,punto adelante de la componente
1037,31.141,HIGH,toca_abajo,-42.8,-0.641,88.7,97.1,9.2,30.2,97.1,100.1,41.5,punto adelante de la componente
1038,31.171,HIGH,toca_abajo,-42.8,-0.641,88.7,97.1,9.2,30.2,97.1,100.1,41.5,punto adelante de la componente
1039,31.201,HIGH,toca_abajo,-45.4,-0.681,92.9,99.6,13.4,24.8,99.6,100.1,45.3,punto adelante de la componente
1040,31.231,HIGH,toca_abajo,-39.4,-0.590,87.8,95.6,8.3,28.3,95.6,100.1,39.0,punto adelante de la componente
1041,31.261,HIGH,toca_abajo,-39.4,-0.590,87.8,95.6,8.3,28.3,95.6,100.1,39.0,punto adelante de la componente
1042,31.291,HIGH,toca_abajo,-37.1,-0.557,86.9,94.3,7.4,27.1,94.3,100.1,36.7,punto adelante de la componente
1043,31.321,HIGH,toca_abajo,-33.6,-0.504,85.4,92.4,5.9,25.9,92.4,100.1,33.0,punto adelante de la componente
1044,31.351,HIGH,toca_abajo,-33.6,-0.504,85.4,92.4,5.9,25.9,92.4,100.1,33.0,punto adelante de la componente
1045,31.381,HIGH,toca_abajo,-27.4,-0.411,82.5,89.4,3.0,25.6,89.4,100.1,26.5,punto adelante de la componente
1046,31.411,HIGH,toca_abajo,-18.7,-0.281,78.6,85.6,-0.9,25.7,85.6,100.1,17.0,punto adelante de la componente
1047,31.441,HIGH,toca_abajo,-18.7,-0.281,78.6,85.6,-0.9,25.7,85.6,100.1,17.0,punto adelante de la componente
1048,31.471,HIGH,toca_abajo,-12.1,-0.182,76.2,83.3,-3.3,26.0,83.3,100.1,10.7,punto adelante de la componente
1049,31.502,HIGH,toca_abajo,-2.3,-0.034,72.7,79.7,-6.8,25.9,79.7,100.1,0.5,punto adelante de la componente
1050,31.532,HIGH,toca_abajo,-0.3,-0.004,71.9,79.3,-7.6,27.4,79.3,100.1,-0.4,punto adelante de la componente
1051,31.562,HIGH,toca_abajo,-0.3,-0.004,71.9,79.3,-7.6,27.4,79.3,100.1,-0.4,punto adelante de la componente
1052,31.592,HIGH,toca_abajo,-4.1,-0.061,74.8,81.9,-4.7,26.1,81.9,100.1,6.7,punto adelante de la componente
1053,31.622,HIGH,toca_abajo,-8.5,-0.128,79.0,81.7,-0.5,10.8,81.7,100.3,6.4,punto adelante de la componente
1054,31.652,HIGH,toca_abajo,-8.5,-0.128,79.0,81.7,-0.5,10.8,81.7,100.3,6.4,punto adelante de la componente
1055,31.682,HIGH,toca_abajo,-10.1,-0.152,80.3,80.7,0.8,1.2,80.7,99.8,3.3,punto adelante de la componente
1056,31.712,HIGH,toca_abajo,-10.1,-0.151,81.5,79.5,2.0,-8.2,79.5,100.1,-0.1,punto adelante de la componente
1057,31.742,HIGH,toca_abajo,-10.1,-0.151,81.5,79.5,2.0,-8.2,79.5,100.1,-0.1,punto adelante de la componente
1058,31.772,HIGH,toca_abajo,-6.9,-0.103,74.4,80.4,-5.1,22.5,80.4,100.1,2.5,punto adelante de la componente
1059,31.802,HIGH,toca_abajo,-6.9,-0.103,74.4,80.4,-5.1,22.5,80.4,100.1,2.5,punto adelante de la componente
1060,31.832,HIGH,toca_abajo,-15.3,-0.229,78.6,84.0,-0.9,20.4,84.0,100.1,12.6,punto adelante de la componente
1061,31.862,HIGH,toca_abajo,-20.8,-0.312,81.5,86.5,2.0,18.9,86.5,100.1,19.3,punto adelante de la componente
1062,31.892,HIGH,toca_abajo,-24.7,-0.371,84.4,88.3,4.9,15.1,88.3,100.1,24.0,punto adelante de la componente
1063,31.922,HIGH,toca_abajo,-24.7,-0.371,84.4,88.3,4.9,15.1,88.3,100.1,24.0,punto adelante de la componente
1064,31.952,HIGH,toca_abajo,-25.7,-0.386,85.0,88.9,5.5,15.3,88.9,100.1,25.4,punto adelante de la componente
1065,31.982,HIGH,toca_abajo,-26.5,-0.397,86.5,89.4,7.0,11.5,89.4,100.1,26.5,punto adelante de la componente
1066,32.012,HIGH,toca_abajo,-26.5,-0.397,86.5,89.4,7.0,11.5,89.4,100.1,26.5,punto adelante de la componente
1067,32.042,HIGH,toca_abajo,-16.9,-0.253,82.2,85.1,2.7,11.3,85.1,100.1,15.8,punto adelante de la componente
1068,32.072,HIGH,toca_abajo,-16.9,-0.253,82.2,85.1,2.7,11.3,85.1,100.1,15.8,punto adelante de la componente
1069,32.102,HIGH,toca_abajo,-10.3,-0.154,79.2,82.3,-0.3,11.9,82.3,100.1,8.0,punto adelante de la componente
1070,32.132,HIGH,toca_abajo,-1.9,-0.028,76.0,79.0,-3.5,11.9,79.0,100.1,-1.4,punto adelante de la componente
1071,32.162,HIGH,toca_abajo,6.3,0.094,72.0,75.7,-7.5,14.2,75.7,100.1,-10.8,punto adelante de la componente
1072,32.192,HIGH,toca_abajo,6.3,0.094,72.0,75.7,-7.5,14.2,75.7,100.1,-10.8,punto adelante de la componente
1073,32.222,HIGH,toca_abajo,3.1,0.047,73.4,77.1,-6.1,14.3,77.1,100.1,-6.9,punto adelante de la componente
1074,32.252,HIGH,toca_abajo,-1.2,-0.018,75.4,78.7,-4.1,12.8,78.7,100.1,-2.4,punto adelante de la componente
1075,32.282,HIGH,toca_abajo,-1.2,-0.018,75.4,78.7,-4.1,12.8,78.7,100.1,-2.4,punto adelante de la componente
1076,32.312,HIGH,toca_abajo,-8.0,-0.120,78.4,81.4,-1.1,11.9,81.4,100.1,5.6,punto adelante de la componente
1077,32.342,HIGH,toca_abajo,-8.0,-0.120,78.4,81.4,-1.1,11.9,81.4,100.1,5.6,punto adelante de la componente
1078,32.372,HIGH,toca_abajo,-11.3,-0.169,80.4,82.8,0.9,9.3,82.8,100.1,9.3,punto adelante de la componente
1079,32.402,HIGH,toca_abajo,-12.8,-0.192,81.1,83.5,1.6,9.4,83.5,100.1,11.3,punto adelante de la componente
1080,32.432,HIGH,toca_abajo,-12.8,-0.192,81.1,83.5,1.6,9.4,83.5,100.1,11.3,punto adelante de la componente
1081,32.462,HIGH,toca_abajo,-17.9,-0.269,83.5,85.7,4.0,8.4,85.7,100.1,17.2,punto adelante de la componente
1082,32.492,HIGH,toca_abajo,-15.3,-0.230,83.1,84.6,3.6,5.9,84.6,100.1,14.4,punto adelante de la componente
1083,32.523,HIGH,toca_abajo,-15.3,-0.230,83.1,84.6,3.6,5.9,84.6,100.1,14.4,punto adelante de la componente
1084,32.553,HIGH,toca_abajo,-18.4,-0.276,83.8,85.9,4.3,8.3,85.9,100.1,17.9,punto adelante de la componente
1085,32.583,HIGH,toca_abajo,-17.3,-0.260,84.4,85.5,4.9,4.3,85.5,100.1,16.9,punto adelante de la componente
1086,32.613,HIGH,toca_abajo,-13.5,-0.202,82.3,83.8,2.8,5.8,83.8,100.1,12.2,punto adelante de la componente
1087,32.643,HIGH,toca_abajo,-13.5,-0.202,82.3,83.8,2.8,5.8,83.8,100.1,12.2,punto adelante de la componente
1088,32.673,HIGH,toca_abajo,-13.4,-0.201,82.7,84.0,3.2,5.1,84.0,100.1,12.7,punto adelante de la componente
1089,32.703,HIGH,toca_abajo,-5.5,-0.082,79.5,80.7,0.0,4.6,80.7,100.1,3.5,punto adelante de la componente
1090,32.733,HIGH,toca_abajo,-5.5,-0.082,79.5,80.7,0.0,4.6,80.7,100.1,3.5,punto adelante de la componente
1091,32.763,HIGH,toca_abajo,-4.6,-0.069,78.7,80.4,-0.8,6.7,80.4,100.1,2.7,punto adelante de la componente
1092,32.793,HIGH,toca_abajo,0.4,0.005,77.4,78.8,-2.1,5.6,78.8,100.1,-2.0,punto adelante de la componente
1093,32.823,HIGH,toca_abajo,0.4,0.005,77.4,78.8,-2.1,5.6,78.8,100.1,-2.0,punto adelante de la componente
1094,32.853,HIGH,toca_abajo,3.8,0.057,77.9,79.6,-1.6,6.6,79.6,100.1,0.2,punto adelante de la componente
1095,32.883,HIGH,toca_abajo,6.0,0.090,80.2,81.5,0.7,5.1,81.5,100.1,5.8,punto adelante de la componente
1096,32.913,HIGH,toca_abajo,6.0,0.090,80.2,81.5,0.7,5.1,81.5,100.1,5.8,punto adelante de la componente
1097,32.943,HIGH,toca_abajo,11.9,0.178,80.1,81.4,0.6,5.0,81.4,100.1,5.5,punto adelante de la componente
1098,32.973,HIGH,toca_abajo,13.6,0.204,81.7,83.4,2.2,6.5,83.4,100.1,11.1,punto adelante de la componente
1099,33.003,HIGH,toca_abajo,13.8,0.207,85.4,86.4,5.9,3.8,86.4,100.1,19.0,punto adelante de la componente
1100,33.033,HIGH,toca_abajo,13.8,0.207,85.4,86.4,5.9,3.8,86.4,100.1,19.0,punto adelante de la componente
1101,33.063,HIGH,toca_abajo,20.5,0.307,86.7,86.5,7.2,-0.8,86.5,99.9,19.2,punto adelante de la componente
1102,33.093,HIGH,toca_abajo,29.3,0.439,90.8,71.8,11.3,-51.9,71.8,99.6,-20.8,punto adelante de la componente
1103,33.123,HIGH,toca_abajo,29.3,0.439,90.8,71.8,11.3,-51.9,71.8,99.6,-20.8,punto adelante de la componente
1104,33.153,HIGH,toca_abajo,43.4,0.650,83.6,62.1,4.1,-56.6,62.1,100.0,-41.0,punto adelante de la componente
1105,33.183,HIGH,toca_abajo,52.6,0.789,71.3,63.6,-8.2,-28.1,63.6,100.0,-38.4,punto adelante de la componente
1106,33.213,HIGH,toca_abajo,52.6,0.789,71.3,63.6,-8.2,-28.1,63.6,100.0,-38.4,punto adelante de la componente
1107,33.243,HIGH,toca_abajo,56.9,0.854,68.3,65.9,-11.2,-9.6,65.9,100.1,-34.3,punto adelante de la componente
1108,33.273,HIGH,toca_abajo,61.1,0.916,71.1,57.3,-8.4,-45.6,57.3,101.0,-49.5,punto adelante de la componente
1109,33.303,HIGH,toca_abajo,61.1,0.916,71.1,57.3,-8.4,-45.6,57.3,101.0,-49.5,punto adelante de la componente
1110,33.333,HIGH,toca_abajo,65.4,0.981,73.0,40.3,-6.5,-67.7,40.3,101.1,-64.3,punto adelante de la componente
1111,33.363,HIGH,toca_abajo,66.9,1.000,75.5,30.4,-4.0,-73.1,30.4,100.9,-68.7,punto adelante de la componente
1112,33.393,HIGH,toca_abajo,66.9,1.000,75.5,30.4,-4.0,-73.1,30.4,100.9,-68.7,punto adelante de la componente
1113,33.423,HIGH,toca_abajo,68.9,1.000,77.8,27.2,-1.7,-74.8,27.2,100.8,-69.9,punto adelante de la componente
1114,33.453,HIGH,toca_abajo,67.3,1.000,79.4,29.9,-0.1,-74.4,29.9,100.7,-68.7,punto adelante de la componente
1115,33.483,HIGH,toca_abajo,67.3,1.000,79.4,29.9,-0.1,-74.4,29.9,100.7,-68.7,punto adelante de la componente
1116,33.514,HIGH,toca_abajo,63.1,0.947,79.5,37.0,0.0,-71.9,37.0,100.6,-65.5,punto adelante de la componente
1117,33.544,HIGH,toca_abajo,63.1,0.947,79.5,37.0,0.0,-71.9,37.0,100.6,-65.5,punto adelante de la componente
1118,33.574,HIGH,toca_abajo,58.0,0.871,79.6,45.0,0.1,-68.1,45.0,100.6,-60.6,punto adelante de la componente
1119,33.604,HIGH,toca_abajo,59.3,0.890,80.2,44.5,0.7,-68.7,44.5,100.5,-60.9,punto adelante de la componente
1120,33.634,HIGH,toca_abajo,49.2,0.737,84.9,54.8,5.4,-65.1,54.8,100.5,-51.7,punto adelante de la componente
1121,33.664,HIGH,toca_abajo,49.2,0.737,84.9,54.8,5.4,-65.1,54.8,100.5,-51.7,punto adelante de la componente
1122,33.694,HIGH,toca_abajo,44.9,0.674,88.4,57.4,8.9,-65.6,57.4,100.4,-48.4,punto adelante de la componente
1123,33.724,HIGH,toca_abajo,33.8,0.507,93.3,67.2,13.8,-61.8,67.2,100.3,-32.1,punto adelante de la componente
1124,33.754,HIGH,toca_abajo,33.8,0.507,93.3,67.2,13.8,-61.8,67.2,100.3,-32.1,punto adelante de la componente
1125,33.784,HIGH,toca_abajo,21.9,0.328,97.3,76.8,17.8,-55.4,76.8,100.3,-7.7,punto adelante de la componente
1126,33.814,HIGH,toca_abajo,30.8,0.462,96.5,68.1,17.0,-63.6,68.1,100.3,-30.1,punto adelante de la componente
1127,33.844,HIGH,toca_abajo,30.8,0.462,96.5,68.1,17.0,-63.6,68.1,100.3,-30.1,punto adelante de la componente
1128,33.874,HIGH,toca_abajo,39.1,0.586,93.8,62.1,14.3,-65.9,62.1,100.3,-41.5,punto adelante de la componente
1129,33.904,HIGH,toca_abajo,48.5,0.728,88.2,55.0,8.7,-66.5,55.0,100.2,-51.1,punto adelante de la componente
1130,33.934,HIGH,toca_abajo,48.5,0.728,88.2,55.0,8.7,-66.5,55.0,100.2,-51.1,punto adelante de la componente
1131,33.964,HIGH,toca_abajo,58.5,0.877,76.5,47.1,-3.0,-63.8,47.1,100.2,-58.6,punto adelante de la componente
1132,33.994,HIGH,toca_abajo,62.2,0.933,68.6,43.2,-10.9,-60.3,43.2,100.2,-61.4,punto adelante de la componente
1133,34.024,HIGH,toca_abajo,62.2,0.933,68.6,43.2,-10.9,-60.3,43.2,100.2,-61.4,punto adelante de la componente
1134,34.054,HIGH,toca_abajo,66.4,0.996,58.3,37.5,-21.2,-55.2,37.5,100.2,-64.8,punto adelante de la componente
1135,34.084,HIGH,toca_abajo,67.8,1.000,53.1,35.0,-26.4,-51.4,35.0,100.3,-66.1,punto adelante de la componente
1136,34.114,HIGH,toca_abajo,67.8,1.000,53.1,35.0,-26.4,-51.4,35.0,100.3,-66.1,punto adelante de la componente
1137,34.144,HIGH,toca_abajo,67.3,1.000,52.1,35.2,-27.4,-49.5,35.2,100.2,-65.9,punto adelante de la componente
1138,34.174,HIGH,toca_abajo,64.2,0.963,56.2,39.7,-23.3,-48.7,39.7,100.2,-63.5,punto adelante de la componente
1139,34.204,HIGH,toca_abajo,64.2,0.963,56.2,39.7,-23.3,-48.7,39.7,100.2,-63.5,punto adelante de la componente
1140,34.234,HIGH,toca_abajo,55.3,0.830,67.8,51.3,-11.8,-48.7,51.3,100.2,-54.9,punto adelante de la componente
1141,34.264,HIGH,toca_abajo,42.0,0.631,80.7,62.5,1.2,-51.5,62.5,100.2,-40.5,punto adelante de la componente
1142,34.294,HIGH,toca_abajo,23.9,0.359,90.6,72.2,11.1,-51.8,72.2,100.1,-20.3,punto adelante de la componente
1143,34.324,HIGH,toca_abajo,23.9,0.359,90.6,72.2,11.1,-51.8,72.2,100.1,-20.3,punto adelante de la componente
1144,34.354,HIGH,toca_abajo,5.1,0.076,99.1,79.6,19.6,-53.4,79.6,100.1,0.3,punto adelante de la componente
1145,34.384,HIGH,toca_abajo,-5.7,-0.085,103.4,84.0,23.9,-53.2,84.0,100.1,12.8,punto adelante de la componente
1146,34.414,HIGH,toca_abajo,-5.7,-0.085,103.4,84.0,23.9,-53.2,84.0,100.1,12.8,punto adelante de la componente
1147,34.444,HIGH,toca_abajo,-5.1,-0.077,102.7,83.8,23.2,-52.6,83.8,100.1,12.2,punto adelante de la componente
1148,34.474,HIGH,toca_abajo,7.8,0.117,97.5,78.9,18.0,-52.1,78.9,100.1,-1.6,punto adelante de la componente
1149,34.505,HIGH,toca_abajo,7.8,0.117,97.5,78.9,18.0,-52.1,78.9,100.1,-1.6,punto adelante de la componente
1150,34.535,HIGH,toca_abajo,27.4,0.411,87.0,70.5,7.5,-48.8,70.5,100.1,-24.4,punto adelante de la componente
1151,34.565,HIGH,toca_abajo,42.3,0.635,76.5,61.8,-3.0,-45.3,61.8,100.1,-41.6,punto adelante de la componente
1152,34.595,HIGH,toca_abajo,42.3,0.635,76.5,61.8,-3.0,-45.3,61.8,100.1,-41.6,punto adelante de la componente
1153,34.625,HIGH,toca_abajo,50.5,0.757,67.7,55.1,-11.8,-41.1,55.1,100.1,-50.9,punto adelante de la componente
1154,34.655,HIGH,toca_abajo,53.2,0.799,63.3,52.2,-16.2,-37.5,52.2,100.1,-54.0,punto adelante de la componente
1155,34.685,HIGH,toca_abajo,54.9,0.823,60.1,50.3,-19.4,-34.1,50.3,100.1,-55.8,punto adelante de la componente
1156,34.715,HIGH,toca_abajo,54.9,0.823,60.1,50.3,-19.4,-34.1,50.3,100.1,-55.8,punto adelante de la componente
1157,34.745,HIGH,toca_abajo,54.1,0.812,60.4,51.1,-19.1,-32.6,51.1,100.1,-55.0,punto adelante de la componente
1158,34.775,HIGH,toca_abajo,53.1,0.797,61.2,52.4,-18.3,-31.3,52.4,100.1,-53.7,punto adelante de la componente
1159,34.805,HIGH,toca_abajo,53.1,0.797,61.2,52.4,-18.3,-31.3,52.4,100.1,-53.7,punto adelante de la componente
1160,34.835,HIGH,toca_abajo,51.8,0.776,62.1,53.8,-17.4,-29.9,53.8,100.1,-52.3,punto adelante de la componente
1161,34.865,HIGH,toca_abajo,46.3,0.694,66.1,58.4,-13.4,-27.9,58.4,100.1,-46.7,punto adelante de la componente
1162,34.895,HIGH,toca_abajo,46.3,0.694,66.1,58.4,-13.4,-27.9,58.4,100.1,-46.7,punto adelante de la componente
1163,34.925,HIGH,toca_abajo,36.8,0.552,72.7,64.8,-6.8,-28.7,64.8,100.1,-36.6,punto adelante de la componente
1164,34.955,HIGH,toca_abajo,25.5,0.383,78.3,70.5,-1.2,-28.3,70.5,100.1,-24.3,punto adelante de la componente
1165,34.985,HIGH,toca_abajo,5.7,0.085,87.2,78.6,7.7,-30.7,78.6,100.1,-2.7,punto adelante de la componente
1166,35.015,HIGH,toca_abajo,5.7,0.085,87.2,78.6,7.7,-30.7,78.6,100.1,-2.7,punto adelante de la componente
1167,35.045,HIGH,toca_abajo,-10.8,-0.163,93.6,84.8,14.1,-31.5,84.8,100.1,14.9,punto adelante de la componente
1168,35.075,HIGH,toca_abajo,-18.1,-0.272,97.0,87.8,17.5,-32.3,87.8,100.1,22.7,punto adelante de la componente
1169,35.105,HIGH,toca_abajo,-18.1,-0.272,97.0,87.8,17.5,-32.3,87.8,100.1,22.7,punto adelante de la componente
1170,35.135,HIGH,toca_abajo,-23.2,-0.348,98.7,89.2,19.2,-33.1,89.2,100.1,26.1,punto adelante de la componente
1171,35.165,HIGH,toca_abajo,0.5,0.007,90.1,80.7,10.6,-33.0,80.7,100.1,3.5,punto adelante de la componente
1172,35.195,HIGH,toca_abajo,0.5,0.007,90.1,80.7,10.6,-33.0,80.7,100.1,3.5,punto adelante de la componente
1173,35.225,MEDIUM,toca_abajo,17.1,0.256,82.4,74.6,2.9,-28.2,74.6,100.1,-13.7,punto adelante de la componente
1174,35.255,MEDIUM,toca_abajo,17.1,0.256,82.4,74.6,2.9,-28.2,74.6,100.1,-13.7,punto adelante de la componente
1175,35.285,MEDIUM,toca_abajo,22.5,0.337,79.9,75.5,0.4,-17.5,75.5,100.6,-11.7,punto adelante de la componente
1176,35.315,MEDIUM,toca_abajo,29.6,0.444,77.0,83.9,-2.5,29.8,83.9,102.5,14.1,punto adelante de la componente
1177,35.345,MEDIUM,toca_abajo,34.0,0.510,77.6,101.2,-1.9,65.9,101.2,104.5,54.5,punto adelante de la componente
1178,35.375,MEDIUM,toca_abajo,34.0,0.510,77.6,101.2,-1.9,65.9,101.2,104.5,54.5,punto adelante de la componente
1179,35.405,LOW,toca_abajo,41.5,0.622,105.3,,25.8,,101.2,104.5,54.5,ultimo objetivo confiable (memoria)
1180,35.435,HIGH,toca_abajo,45.2,0.679,57.5,57.7,-22.0,1.0,57.7,100.1,-47.6,punto adelante de la componente
1181,35.465,HIGH,toca_abajo,45.2,0.679,57.5,57.7,-22.0,1.0,57.7,100.1,-47.6,punto adelante de la componente
1182,35.495,HIGH,toca_abajo,39.4,0.591,64.4,61.7,-15.1,-10.3,61.7,100.1,-41.8,punto adelante de la componente
1183,35.526,HIGH,toca_abajo,34.1,0.511,67.7,64.9,-11.8,-11.1,64.9,100.1,-36.3,punto adelante de la componente
1184,35.556,HIGH,toca_abajo,34.1,0.511,67.7,64.9,-11.8,-11.1,64.9,100.1,-36.3,punto adelante de la componente
1185,35.586,HIGH,toca_abajo,25.5,0.383,71.8,69.1,-7.7,-10.6,69.1,100.1,-27.6,punto adelante de la componente
1186,35.616,HIGH,toca_abajo,11.9,0.178,78.2,75.2,-1.3,-11.9,75.2,100.1,-12.3,punto adelante de la componente
1187,35.646,HIGH,toca_abajo,1.4,0.020,82.3,79.3,2.8,-11.8,79.3,100.1,-0.6,punto adelante de la componente
1188,35.676,HIGH,toca_abajo,1.4,0.020,82.3,79.3,2.8,-11.8,79.3,100.1,-0.6,punto adelante de la componente
1189,35.706,HIGH,toca_abajo,-11.7,-0.175,88.0,84.6,8.5,-13.2,84.6,100.1,14.4,punto adelante de la componente
1190,35.736,HIGH,toca_abajo,-12.5,-0.187,89.2,84.9,9.7,-16.6,84.9,100.1,15.1,punto adelante de la componente
1191,35.766,HIGH,toca_abajo,-12.5,-0.187,89.2,84.9,9.7,-16.6,84.9,100.1,15.1,punto adelante de la componente
1192,35.796,HIGH,toca_abajo,-6.9,-0.104,87.2,82.9,7.7,-16.6,82.9,100.1,9.6,punto adelante de la componente
1193,35.826,HIGH,toca_abajo,1.7,0.025,83.4,79.5,3.9,-15.0,79.5,100.1,0.1,punto adelante de la componente
1194,35.856,HIGH,toca_abajo,1.7,0.025,83.4,79.5,3.9,-15.0,79.5,100.1,0.1,punto adelante de la componente
1195,35.886,HIGH,toca_abajo,9.1,0.136,80.0,76.7,0.5,-13.1,76.7,100.1,-8.1,punto adelante de la componente
1196,35.916,HIGH,toca_abajo,13.0,0.194,78.6,75.5,-0.9,-11.8,75.5,100.1,-11.3,punto adelante de la componente
1197,35.946,HIGH,toca_abajo,13.9,0.208,79.6,76.0,0.1,-13.9,76.0,100.1,-9.9,punto adelante de la componente
1198,35.976,HIGH,toca_abajo,13.9,0.208,79.6,76.0,0.1,-13.9,76.0,100.1,-9.9,punto adelante de la componente
1199,36.006,HIGH,toca_abajo,21.6,0.323,77.3,73.8,-2.2,-13.8,73.8,100.1,-16.1,punto adelante de la componente
1200,36.036,HIGH,toca_abajo,27.7,0.416,74.9,71.8,-4.6,-11.8,71.8,100.1,-21.1,punto adelante de la componente
1201,36.066,HIGH,toca_abajo,30.9,0.464,75.6,72.4,-3.9,-12.4,72.4,100.1,-19.6,punto adelante de la componente
1202,36.096,HIGH,toca_abajo,34.9,0.523,75.9,73.0,-3.6,-11.4,73.0,100.1,-18.1,punto adelante de la componente
1203,36.126,HIGH,toca_abajo,34.9,0.523,75.9,73.0,-3.6,-11.4,73.0,100.1,-18.1,punto adelante de la componente
1204,36.156,HIGH,toca_abajo,36.5,0.547,78.4,69.0,-1.1,-33.3,69.0,100.3,-28.0,punto adelante de la componente
1205,36.186,HIGH,toca_abajo,39.1,0.586,80.5,60.8,1.0,-53.9,60.8,100.2,-43.3,punto adelante de la componente
1206,36.216,HIGH,toca_abajo,36.0,0.540,83.9,62.6,4.4,-55.3,62.6,99.6,-39.7,punto adelante de la componente
1207,36.246,HIGH,toca_abajo,38.4,0.577,79.1,66.5,-0.4,-40.3,66.5,100.0,-33.1,punto adelante de la componente
1208,36.276,HIGH,toca_abajo,38.4,0.577,79.1,66.5,-0.4,-40.3,66.5,100.0,-33.1,punto adelante de la componente
1209,36.306,HIGH,toca_abajo,40.0,0.599,71.1,66.7,-8.4,-17.0,66.7,100.1,-32.7,punto adelante de la componente
1210,36.336,HIGH,toca_abajo,36.9,0.554,78.6,66.5,-0.9,-40.3,66.5,100.1,-33.2,punto adelante de la componente
1211,36.366,HIGH,toca_abajo,34.8,0.523,81.3,66.5,1.8,-45.6,66.5,100.1,-33.2,punto adelante de la componente
1212,36.396,HIGH,toca_abajo,31.5,0.472,82.3,68.2,2.8,-44.1,68.2,100.1,-29.6,punto adelante de la componente
1213,36.426,HIGH,toca_abajo,31.5,0.472,82.3,68.2,2.8,-44.1,68.2,100.1,-29.6,punto adelante de la componente
1214,36.456,HIGH,toca_abajo,27.4,0.411,84.2,70.1,4.7,-44.2,70.1,100.1,-25.3,punto adelante de la componente
1215,36.486,HIGH,toca_abajo,29.5,0.443,81.5,68.8,2.0,-41.4,68.8,100.1,-28.3,punto adelante de la componente
1216,36.517,HIGH,toca_abajo,29.5,0.443,81.5,68.8,2.0,-41.4,68.8,100.1,-28.3,punto adelante de la componente
1217,36.547,HIGH,toca_abajo,26.8,0.403,82.3,69.8,2.8,-40.8,69.8,100.1,-26.1,punto adelante de la componente
1218,36.577,HIGH,toca_abajo,25.8,0.387,81.7,69.8,2.2,-39.4,69.8,100.1,-26.0,punto adelante de la componente
1219,36.607,HIGH,toca_abajo,25.8,0.387,81.7,69.8,2.2,-39.4,69.8,100.1,-26.0,punto adelante de la componente
1220,36.637,HIGH,toca_abajo,21.4,0.321,82.8,71.6,3.3,-37.7,71.6,100.1,-21.7,punto adelante de la componente
1221,36.667,HIGH,toca_abajo,13.6,0.204,85.6,74.5,6.1,-37.6,74.5,100.1,-14.1,punto adelante de la componente
1222,36.697,HIGH,toca_abajo,13.6,0.204,85.6,74.5,6.1,-37.6,74.5,100.1,-14.1,punto adelante de la componente
1223,36.727,HIGH,toca_abajo,15.0,0.225,82.6,72.3,3.1,-35.5,72.3,100.1,-19.9,punto adelante de la componente
1224,36.757,HIGH,toca_abajo,15.0,0.225,82.6,72.3,3.1,-35.5,72.3,100.1,-19.9,punto adelante de la componente
1225,36.787,HIGH,toca_abajo,12.5,0.187,80.5,70.7,1.0,-34.2,70.7,100.2,-23.9,punto adelante de la componente
1226,36.817,HIGH,toca_abajo,11.4,0.171,75.3,70.9,-4.2,-17.0,70.9,100.2,-23.5,punto adelante de la componente
1227,36.847,HIGH,toca_abajo,11.4,0.171,75.3,70.9,-4.2,-17.0,70.9,100.2,-23.5,punto adelante de la componente
1228,36.877,HIGH,toca_abajo,8.4,0.125,72.9,67.4,-6.6,-20.4,67.4,99.8,-31.0,punto adelante de la componente
1229,36.907,HIGH,toca_abajo,2.0,0.030,77.4,67.4,-2.1,-34.9,67.4,100.1,-31.3,punto adelante de la componente
1230,36.937,HIGH,toca_abajo,-6.8,-0.102,68.4,72.0,-11.1,14.1,72.0,100.1,-20.6,punto adelante de la componente
1231,36.967,HIGH,toca_abajo,-6.8,-0.102,68.4,72.0,-11.1,14.1,72.0,100.1,-20.6,punto adelante de la componente
1232,36.997,HIGH,toca_abajo,-22.7,-0.340,73.6,76.9,-5.9,12.9,76.9,100.1,-7.5,punto adelante de la componente
1233,37.027,HIGH,toca_abajo,-38.2,-0.572,78.1,84.9,-1.4,24.6,84.9,99.8,15.0,punto adelante de la componente
1234,37.057,HIGH,toca_abajo,-38.2,-0.572,78.1,84.9,-1.4,24.6,84.9,99.8,15.0,punto adelante de la componente
1235,37.087,HIGH,toca_abajo,-49.1,-0.736,81.8,94.9,2.3,41.9,94.9,99.8,37.4,punto adelante de la componente
1236,37.117,HIGH,toca_abajo,-59.2,-0.888,88.4,103.2,8.9,45.8,103.2,100.0,49.9,punto adelante de la componente
1237,37.147,HIGH,toca_abajo,-62.8,-0.942,94.9,107.4,15.4,41.7,107.4,100.2,54.7,punto adelante de la componente
1238,37.177,HIGH,toca_abajo,-62.8,-0.942,94.9,107.4,15.4,41.7,107.4,100.2,54.7,punto adelante de la componente
1239,37.207,HIGH,toca_abajo,-61.7,-0.925,91.3,107.4,11.8,48.8,107.4,100.3,54.7,punto adelante de la componente
1240,37.237,HIGH,toca_abajo,-59.9,-0.898,87.5,106.6,8.0,53.5,106.6,100.3,54.0,punto adelante de la componente
1241,37.267,HIGH,toca_abajo,-59.9,-0.898,87.5,106.6,8.0,53.5,106.6,100.3,54.0,punto adelante de la componente
1242,37.297,HIGH,toca_abajo,-57.7,-0.866,83.6,106.3,4.1,58.0,106.3,100.3,53.7,punto adelante de la componente
1243,37.327,HIGH,toca_abajo,-53.1,-0.796,77.6,103.3,-1.9,61.1,103.3,100.3,50.3,punto adelante de la componente
1244,37.357,HIGH,toca_abajo,-53.1,-0.796,77.6,103.3,-1.9,61.1,103.3,100.3,50.3,punto adelante de la componente
1245,37.387,HIGH,toca_abajo,-48.6,-0.729,72.0,101.5,-7.5,64.3,101.5,100.3,48.1,punto adelante de la componente
1246,37.417,HIGH,toca_abajo,-43.6,-0.653,68.3,99.5,-11.2,65.4,99.5,100.3,45.4,punto adelante de la componente
1247,37.447,HIGH,toca_abajo,-43.6,-0.653,68.3,99.5,-11.2,65.4,99.5,100.3,45.4,punto adelante de la componente
1248,37.477,HIGH,toca_abajo,-35.0,-0.525,64.2,95.2,-15.3,65.2,95.2,100.2,38.4,punto adelante de la componente
1249,37.508,HIGH,toca_abajo,-20.7,-0.311,59.7,87.8,-19.8,63.1,87.8,100.2,22.7,punto adelante de la componente
1250,37.538,HIGH,toca_abajo,-18.9,-0.284,59.7,87.7,-19.8,62.8,87.7,100.2,22.4,punto adelante de la componente
1251,37.568,HIGH,toca_abajo,-18.9,-0.284,59.7,87.7,-19.8,62.8,87.7,100.2,22.4,punto adelante de la componente
1252,37.598,HIGH,toca_abajo,-19.2,-0.287,60.8,88.5,-18.7,62.6,88.5,100.2,24.4,punto adelante de la componente
1253,37.628,HIGH,toca_abajo,-27.7,-0.415,65.1,92.9,-14.4,62.6,92.9,100.2,34.1,punto adelante de la componente
1254,37.658,HIGH,toca_abajo,-27.7,-0.415,65.1,92.9,-14.4,62.6,92.9,100.2,34.1,punto adelante de la componente
1255,37.688,HIGH,toca_abajo,-44.9,-0.673,78.2,100.8,-1.3,57.6,100.8,100.3,47.3,punto adelante de la componente
1256,37.718,HIGH,toca_abajo,-52.0,-0.781,87.7,104.1,8.2,49.2,104.1,100.5,51.6,punto adelante de la componente
1257,37.748,HIGH,toca_abajo,-56.1,-0.842,95.6,114.0,16.1,51.3,114.0,100.0,59.9,punto adelante de la componente
1258,37.778,HIGH,toca_abajo,-56.1,-0.842,95.6,114.0,16.1,51.3,114.0,100.0,59.9,punto adelante de la componente
1259,37.808,HIGH,toca_abajo,-56.8,-0.853,99.2,119.7,19.7,54.8,119.7,100.2,63.7,punto adelante de la componente
1260,37.838,HIGH,toca_abajo,-56.3,-0.845,106.5,117.4,27.0,37.4,117.4,100.1,62.3,punto adelante de la componente
1261,37.868,HIGH,toca_abajo,-56.3,-0.845,106.5,117.4,27.0,37.4,117.4,100.1,62.3,punto adelante de la componente
1262,37.898,HIGH,toca_abajo,-54.3,-0.815,109.4,114.3,29.9,18.6,114.3,100.1,60.2,punto adelante de la componente
1263,37.928,HIGH,toca_abajo,-48.6,-0.729,103.9,108.6,24.4,17.8,108.6,100.1,55.6,punto adelante de la componente
1264,37.958,HIGH,toca_abajo,-48.6,-0.729,103.9,108.6,24.4,17.8,108.6,100.1,55.6,punto adelante de la componente
1265,37.988,HIGH,toca_abajo,-41.0,-0.615,100.2,103.1,20.7,11.4,103.1,100.1,49.8,punto adelante de la componente
1266,38.018,HIGH,toca_abajo,-30.4,-0.456,93.3,96.3,13.8,11.7,96.3,100.1,40.2,punto adelante de la componente
1267,38.048,HIGH,toca_abajo,-30.4,-0.456,93.3,96.3,13.8,11.7,96.3,100.1,40.2,punto adelante de la componente
1268,38.078,HIGH,toca_abajo,-17.6,-0.264,87.9,89.4,8.4,5.8,89.4,100.1,26.4,punto adelante de la componente
1269,38.108,HIGH,toca_abajo,-3.0,-0.046,82.2,83.0,2.7,3.2,83.0,100.1,10.0,punto adelante de la componente
1270,38.138,HIGH,toca_abajo,-3.0,-0.046,82.2,83.0,2.7,3.2,83.0,100.1,10.0,punto adelante de la componente
1271,38.168,HIGH,toca_abajo,8.9,0.133,77.1,78.0,-2.4,3.2,78.0,100.1,-4.4,punto adelante de la componente
1272,38.198,HIGH,toca_abajo,22.5,0.337,71.0,72.3,-8.5,5.0,72.3,100.1,-19.9,punto adelante de la componente
1273,38.228,HIGH,toca_abajo,22.5,0.337,71.0,72.3,-8.5,5.0,72.3,100.1,-19.9,punto adelante de la componente
1274,38.258,HIGH,toca_abajo,29.6,0.444,70.4,71.8,-9.1,5.6,71.8,100.1,-21.1,punto adelante de la componente
1275,38.288,HIGH,toca_abajo,35.2,0.528,70.4,71.7,-9.1,5.2,71.7,100.1,-21.3,punto adelante de la componente
1276,38.318,HIGH,toca_abajo,35.2,0.528,70.4,71.7,-9.1,5.2,71.7,100.1,-21.3,punto adelante de la componente
1277,38.348,HIGH,toca_abajo,39.8,0.598,73.0,72.4,-6.5,-2.7,72.4,99.9,-19.6,punto adelante de la componente
1278,38.378,HIGH,toca_abajo,47.5,0.712,72.2,64.4,-7.3,-28.0,64.4,99.9,-36.8,punto adelante de la componente
1279,38.408,HIGH,toca_abajo,47.5,0.712,72.2,64.4,-7.3,-28.0,64.4,99.9,-36.8,punto adelante de la componente
1280,38.438,HIGH,toca_abajo,49.8,0.747,72.7,62.7,-6.8,-34.4,62.7,99.9,-39.9,punto adelante de la componente
1281,38.468,HIGH,toca_abajo,49.8,0.747,73.5,63.5,-6.0,-34.9,63.5,100.0,-38.7,punto adelante de la componente
1282,38.498,HIGH,toca_abajo,49.8,0.747,73.5,63.5,-6.0,-34.9,63.5,100.0,-38.7,punto adelante de la componente
1283,38.529,HIGH,toca_abajo,50.7,0.760,73.4,62.5,-6.1,-37.5,62.5,100.1,-40.5,punto adelante de la componente
1284,38.559,HIGH,toca_abajo,50.3,0.755,76.4,61.4,-3.1,-46.7,61.4,100.2,-42.5,punto adelante de la componente
1285,38.589,HIGH,toca_abajo,50.3,0.754,73.7,60.3,-5.8,-43.3,60.3,100.2,-44.1,punto adelante de la componente
1286,38.619,HIGH,toca_abajo,50.3,0.754,73.7,60.3,-5.8,-43.3,60.3,100.2,-44.1,punto adelante de la componente
1287,38.649,HIGH,toca_abajo,54.4,0.817,73.6,53.8,-5.9,-54.3,53.8,100.2,-52.4,punto adelante de la componente
1288,38.679,HIGH,toca_abajo,54.1,0.812,73.1,53.7,-6.4,-53.7,53.7,100.2,-52.4,punto adelante de la componente
1289,38.709,HIGH,toca_abajo,54.1,0.812,73.1,53.7,-6.4,-53.7,53.7,100.2,-52.4,punto adelante de la componente
1290,38.739,HIGH,toca_abajo,49.3,0.739,76.8,57.9,-2.7,-53.0,57.9,100.2,-47.5,punto adelante de la componente
1291,38.769,HIGH,toca_abajo,42.0,0.629,81.0,63.1,1.5,-51.5,63.1,100.2,-39.6,punto adelante de la componente
1292,38.799,HIGH,toca_abajo,42.0,0.629,81.0,63.1,1.5,-51.5,63.1,100.2,-39.6,punto adelante de la componente
1293,38.829,HIGH,toca_abajo,33.6,0.504,84.9,67.7,5.4,-50.5,67.7,100.2,-30.8,punto adelante de la componente
1294,38.859,HIGH,toca_abajo,20.2,0.302,89.7,73.8,10.2,-48.3,73.8,100.2,-16.1,punto adelante de la componente
1295,38.889,HIGH,toca_abajo,20.2,0.302,89.7,73.8,10.2,-48.3,73.8,100.2,-16.1,punto adelante de la componente
1296,38.919,HIGH,toca_abajo,16.7,0.250,95.6,74.6,16.1,-55.7,74.6,100.2,-14.0,punto adelante de la componente
1297,38.949,HIGH,toca_abajo,19.5,0.292,91.7,72.9,12.2,-52.7,72.9,100.2,-18.3,punto adelante de la componente
1298,38.979,HIGH,toca_abajo,19.5,0.292,91.7,72.9,12.2,-52.7,72.9,100.2,-18.3,punto adelante de la componente
1299,39.009,HIGH,toca_abajo,24.1,0.362,89.8,70.4,10.3,-53.6,70.4,100.2,-24.7,punto adelante de la componente
1300,39.039,HIGH,toca_abajo,33.1,0.496,83.9,64.7,4.4,-53.0,64.7,100.1,-36.7,punto adelante de la componente
1301,39.069,HIGH,toca_abajo,33.1,0.496,83.9,64.7,4.4,-53.0,64.7,100.1,-36.7,punto adelante de la componente
1302,39.099,HIGH,toca_abajo,41.3,0.619,75.9,58.3,-3.6,-50.5,58.3,100.2,-46.8,punto adelante de la componente
1303,39.129,HIGH,toca_abajo,48.5,0.727,63.8,50.7,-15.7,-42.3,50.7,100.2,-55.5,punto adelante de la componente
1304,39.159,HIGH,toca_abajo,48.5,0.727,63.8,50.7,-15.7,-42.3,50.7,100.2,-55.5,punto adelante de la componente
1305,39.189,HIGH,toca_abajo,47.8,0.717,59.9,49.2,-19.6,-36.5,49.2,100.2,-56.9,punto adelante de la componente
1306,39.219,HIGH,toca_abajo,42.0,0.629,61.1,53.8,-18.4,-27.1,53.8,100.1,-52.2,punto adelante de la componente
1307,39.249,HIGH,toca_abajo,42.0,0.629,61.1,53.8,-18.4,-27.1,53.8,100.1,-52.2,punto adelante de la componente
1308,39.279,HIGH,toca_abajo,37.7,0.566,59.4,57.9,-20.1,-6.0,57.9,100.1,-47.4,punto adelante de la componente
1309,39.309,HIGH,toca_abajo,26.6,0.399,63.4,63.9,-16.1,2.1,63.9,100.1,-38.1,punto adelante de la componente
1310,39.339,HIGH,toca_abajo,26.6,0.399,63.4,63.9,-16.1,2.1,63.9,100.1,-38.1,punto adelante de la componente
1311,39.369,HIGH,toca_abajo,11.7,0.176,69.3,70.1,-10.2,3.1,70.1,100.1,-25.3,punto adelante de la componente
1312,39.399,HIGH,toca_abajo,-6.2,-0.093,75.4,76.0,-4.1,2.4,76.0,100.1,-10.0,punto adelante de la componente
1313,39.429,HIGH,toca_abajo,-6.2,-0.093,75.4,76.0,-4.1,2.4,76.0,100.1,-10.0,punto adelante de la componente
1314,39.459,HIGH,toca_abajo,-22.2,-0.333,81.2,82.2,1.7,3.7,82.2,100.0,7.6,punto adelante de la componente
1315,39.489,HIGH,toca_abajo,-34.3,-0.515,85.7,88.0,6.2,9.0,88.0,100.0,23.0,punto adelante de la componente
1316,39.520,HIGH,toca_abajo,-46.3,-0.695,88.7,98.6,9.2,34.4,98.6,100.1,43.9,punto adelante de la componente
1317,39.550,HIGH,toca_abajo,-46.3,-0.695,88.7,98.6,9.2,34.4,98.6,100.1,43.9,punto adelante de la componente
1318,39.580,HIGH,toca_abajo,-59.3,-0.889,103.3,114.6,23.8,38.2,114.6,100.1,60.5,punto adelante de la componente
1319,39.610,HIGH,toca_abajo,-60.9,-0.914,109.1,117.2,29.6,29.3,117.2,100.2,62.3,punto adelante de la componente
1320,39.640,HIGH,toca_abajo,-60.9,-0.914,109.1,117.2,29.6,29.3,117.2,100.2,62.3,punto adelante de la componente
1321,39.670,HIGH,toca_abajo,-59.8,-0.898,107.9,116.0,28.4,29.3,116.0,100.2,61.5,punto adelante de la componente
1322,39.700,HIGH,toca_abajo,-56.2,-0.842,104.1,111.5,24.6,27.3,111.5,100.2,58.3,punto adelante de la componente
1323,39.730,HIGH,toca_abajo,-56.2,-0.842,104.1,111.5,24.6,27.3,111.5,100.2,58.3,punto adelante de la componente
1324,39.760,HIGH,toca_abajo,-49.8,-0.748,97.1,105.2,17.6,29.4,105.2,100.2,52.4,punto adelante de la componente
1325,39.790,HIGH,toca_abajo,-39.7,-0.596,89.0,97.3,9.5,29.9,97.3,100.2,42.0,punto adelante de la componente
1326,39.820,HIGH,toca_abajo,-39.7,-0.596,89.0,97.3,9.5,29.9,97.3,100.2,42.0,punto adelante de la componente
1327,39.850,HIGH,toca_abajo,-28.4,-0.426,82.9,91.3,3.4,30.1,91.3,100.2,30.8,punto adelante de la componente
1328,39.880,HIGH,toca_abajo,-16.0,-0.240,77.7,85.6,-1.8,28.9,85.6,100.2,17.2,punto adelante de la componente
1329,39.910,HIGH,toca_abajo,-16.0,-0.240,77.7,85.6,-1.8,28.9,85.6,100.2,17.2,punto adelante de la componente
1330,39.940,HIGH,toca_abajo,-4.8,-0.073,73.9,81.3,-5.6,26.9,81.3,100.2,5.1,punto adelante de la componente
1331,39.970,HIGH,toca_abajo,6.5,0.097,70.1,76.8,-9.4,24.6,76.8,100.1,-7.8,punto adelante de la componente
1332,40.000,HIGH,toca_abajo,10.1,0.151,69.3,74.7,-10.2,20.3,74.7,100.1,-13.7,punto adelante de la componente
1333,40.030,HIGH,toca_abajo,10.1,0.151,69.3,74.7,-10.2,20.3,74.7,100.1,-13.7,punto adelante de la componente
1334,40.060,HIGH,toca_abajo,10.8,0.162,70.7,73.7,-8.8,11.5,73.7,100.1,-16.4,punto adelante de la componente
1335,40.090,HIGH,toca_abajo,5.8,0.086,73.2,76.7,-6.3,13.7,76.7,100.1,-8.0,punto adelante de la componente
1336,40.120,HIGH,toca_abajo,5.8,0.086,73.2,76.7,-6.3,13.7,76.7,100.1,-8.0,punto adelante de la componente
1337,40.150,HIGH,toca_abajo,5.2,0.077,73.6,77.3,-5.9,14.2,77.3,100.1,-6.3,punto adelante de la componente
1338,40.180,HIGH,toca_abajo,5.2,0.077,73.6,77.3,-5.9,14.2,77.3,100.1,-6.3,punto adelante de la componente
1339,40.210,HIGH,toca_abajo,-2.6,-0.038,77.5,81.8,-2.0,16.4,81.8,100.1,6.6,punto adelante de la componente
1340,40.240,HIGH,toca_abajo,-4.4,-0.067,79.8,83.1,0.3,13.1,83.1,100.1,10.4,punto adelante de la componente
1341,40.270,HIGH,toca_abajo,-4.4,-0.067,79.8,83.1,0.3,13.1,83.1,100.1,10.4,punto adelante de la componente
1342,40.300,HIGH,toca_abajo,-11.3,-0.170,85.9,84.4,6.4,-5.9,84.4,100.1,13.8,punto adelante de la componente
1343,40.330,HIGH,toca_abajo,-12.7,-0.191,87.4,84.4,7.9,-11.6,84.4,100.1,13.8,punto adelante de la componente
1344,40.360,HIGH,toca_abajo,-12.7,-0.191,87.4,84.4,7.9,-11.6,84.4,100.1,13.8,punto adelante de la componente
1345,40.390,HIGH,toca_abajo,-5.9,-0.088,84.1,81.2,4.6,-11.2,81.2,100.1,4.9,punto adelante de la componente
1346,40.420,HIGH,toca_abajo,-1.5,-0.023,81.0,78.5,1.5,-9.8,78.5,100.1,-2.8,punto adelante de la componente
1347,40.450,HIGH,toca_abajo,-1.5,-0.023,81.0,78.5,1.5,-9.8,78.5,100.1,-2.8,punto adelante de la componente
1348,40.480,HIGH,toca_abajo,-0.3,-0.005,79.4,77.0,-0.1,-9.4,77.0,100.1,-7.1,punto adelante de la componente
1349,40.511,HIGH,toca_abajo,-0.3,-0.005,79.4,77.0,-0.1,-9.4,77.0,100.1,-7.1,punto adelante de la componente
1350,40.541,HIGH,toca_abajo,1.5,0.023,76.8,74.7,-2.7,-8.3,74.7,100.1,-13.6,punto adelante de la componente
1351,40.571,HIGH,toca_abajo,-3.2,-0.047,75.2,73.3,-4.3,-7.6,73.3,100.1,-17.4,punto adelante de la componente
1352,40.601,HIGH,toca_abajo,-3.2,-0.047,75.2,73.3,-4.3,-7.6,73.3,100.1,-17.4,punto adelante de la componente
1353,40.631,HIGH,toca_abajo,-5.6,-0.084,71.4,73.0,-8.1,6.3,73.0,99.9,-18.0,punto adelante de la componente
1354,40.661,HIGH,toca_abajo,-16.7,-0.251,70.4,79.1,-9.1,31.5,79.1,100.2,-1.0,punto adelante de la componente
1355,40.691,HIGH,toca_abajo,-16.7,-0.251,70.4,79.1,-9.1,31.5,79.1,100.2,-1.0,punto adelante de la componente
1356,40.721,HIGH,toca_abajo,-31.2,-0.467,74.3,88.0,-5.2,43.4,88.0,100.1,23.1,punto adelante de la componente
1357,40.751,HIGH,toca_abajo,-48.4,-0.726,85.7,99.8,6.2,44.1,99.8,100.1,45.6,punto adelante de la componente
1358,40.781,HIGH,toca_abajo,-48.4,-0.726,85.7,99.8,6.2,44.1,99.8,100.1,45.6,punto adelante de la componente
1359,40.811,HIGH,toca_abajo,-56.6,-0.849,96.8,108.5,17.3,39.1,108.5,100.1,55.6,punto adelante de la componente
1360,40.841,HIGH,toca_abajo,-59.0,-0.885,100.7,111.9,21.2,37.7,111.9,100.1,58.5,punto adelante de la componente
1361,40.871,HIGH,toca_abajo,-59.0,-0.885,100.7,111.9,21.2,37.7,111.9,100.1,58.5,punto adelante de la componente
1362,40.901,HIGH,toca_abajo,-60.5,-0.907,104.1,114.4,24.6,35.4,114.4,100.1,60.3,punto adelante de la componente
1363,40.931,HIGH,toca_abajo,-59.2,-0.888,102.7,112.7,23.2,34.6,112.7,100.1,59.1,punto adelante de la componente
1364,40.961,HIGH,toca_abajo,-59.2,-0.888,102.7,112.7,23.2,34.6,112.7,100.1,59.1,punto adelante de la componente
1365,40.991,HIGH,toca_abajo,-57.8,-0.868,101.1,110.9,21.6,34.3,110.9,100.1,57.7,punto adelante de la componente
1366,41.021,HIGH,toca_abajo,-54.3,-0.815,97.5,106.8,18.0,32.7,106.8,100.1,53.9,punto adelante de la componente
1367,41.051,HIGH,toca_abajo,-54.3,-0.815,97.5,106.8,18.0,32.7,106.8,100.1,53.9,punto adelante de la componente
1368,41.081,HIGH,toca_abajo,-47.4,-0.711,91.0,100.6,11.5,33.6,100.6,100.2,46.7,punto adelante de la componente
1369,41.111,HIGH,toca_abajo,-33.7,-0.505,81.6,91.6,2.1,34.7,91.6,100.1,31.3,punto adelante de la componente
1370,41.141,HIGH,toca_abajo,-33.7,-0.505,81.6,91.6,2.1,34.7,91.6,100.1,31.3,punto adelante de la componente
1371,41.171,HIGH,toca_abajo,-16.0,-0.240,72.9,83.5,-6.6,36.2,83.5,100.1,11.3,punto adelante de la componente
1372,41.201,HIGH,toca_abajo,5.7,0.086,63.8,75.0,-15.7,37.7,75.0,100.1,-12.8,punto adelante de la componente
1373,41.231,HIGH,toca_abajo,5.7,0.086,63.8,75.0,-15.7,37.7,75.0,100.1,-12.8,punto adelante de la componente
1374,41.261,HIGH,toca_abajo,23.1,0.346,55.9,67.7,-23.6,39.1,67.7,100.1,-30.7,punto adelante de la componente
1375,41.291,HIGH,toca_abajo,24.8,0.372,55.1,67.2,-24.4,40.0,67.2,100.1,-31.7,punto adelante de la componente
1376,41.321,HIGH,toca_abajo,24.8,0.372,55.1,67.2,-24.4,40.0,67.2,100.1,-31.7,punto adelante de la componente
1377,41.351,HIGH,toca_abajo,15.1,0.226,59.5,71.4,-20.0,39.3,71.4,100.1,-22.3,punto adelante de la componente
1378,41.381,HIGH,toca_abajo,-3.5,-0.052,67.8,78.6,-11.7,36.8,78.6,100.1,-2.6,punto adelante de la componente
1379,41.411,HIGH,toca_abajo,-24.9,-0.374,78.9,87.6,-0.6,31.1,87.6,100.1,22.2,punto adelante de la componente
1380,41.441,HIGH,toca_abajo,-24.9,-0.374,78.9,87.6,-0.6,31.1,87.6,100.1,22.2,punto adelante de la componente
1381,41.471,HIGH,toca_abajo,-34.2,-0.513,83.7,92.8,4.2,32.3,92.8,100.1,33.8,punto adelante de la componente
1382,41.502,HIGH,toca_abajo,-40.0,-0.600,88.8,96.3,9.3,27.6,96.3,100.1,40.1,punto adelante de la componente
1383,41.532,HIGH,toca_abajo,-40.0,-0.600,88.8,96.3,9.3,27.6,96.3,100.1,40.1,punto adelante de la componente
1384,41.562,HIGH,toca_abajo,-43.1,-0.646,92.4,98.4,12.9,22.6,98.4,100.1,43.6,punto adelante de la componente
1385,41.592,HIGH,toca_abajo,-43.1,-0.646,92.4,98.4,12.9,22.6,98.4,100.1,43.6,punto adelante de la componente
1386,41.622,HIGH,toca_abajo,-40.2,-0.603,90.8,96.5,11.3,21.7,96.5,100.1,40.6,punto adelante de la componente
1387,41.652,HIGH,toca_abajo,-36.9,-0.553,89.1,94.6,9.6,21.1,94.6,100.1,37.3,punto adelante de la componente
1388,41.682,HIGH,toca_abajo,-31.4,-0.471,86.3,91.5,6.8,19.9,91.5,100.1,31.1,punto adelante de la componente
1389,41.712,HIGH,toca_abajo,-31.4,-0.471,86.3,91.5,6.8,19.9,91.5,100.1,31.1,punto adelante de la componente
1390,41.742,HIGH,toca_abajo,-23.5,-0.352,82.3,87.7,2.8,20.6,87.7,100.1,22.4,punto adelante de la componente
1391,41.772,HIGH,toca_abajo,-23.5,-0.352,82.3,87.7,2.8,20.6,87.7,100.1,22.4,punto adelante de la componente
1392,41.802,HIGH,toca_abajo,-15.1,-0.226,78.3,84.1,-1.2,21.8,84.1,100.1,12.9,punto adelante de la componente
1393,41.832,HIGH,toca_abajo,-8.5,-0.128,76.2,81.6,-3.3,20.7,81.6,100.1,6.2,punto adelante de la componente
1394,41.862,HIGH,toca_abajo,-8.5,-0.128,76.2,81.6,-3.3,20.7,81.6,100.1,6.2,punto adelante de la componente
1395,41.892,HIGH,toca_abajo,-6.1,-0.092,75.6,80.8,-3.9,19.6,80.8,100.1,3.7,punto adelante de la componente
1396,41.922,HIGH,toca_abajo,-4.4,-0.066,75.5,80.6,-4.0,19.4,80.6,100.1,3.2,punto adelante de la componente
1397,41.952,HIGH,toca_abajo,-4.1,-0.061,76.3,81.1,-3.2,18.6,81.1,100.1,4.6,punto adelante de la componente
1398,41.982,HIGH,toca_abajo,-4.1,-0.061,76.3,81.1,-3.2,18.6,81.1,100.1,4.6,punto adelante de la componente
1399,42.012,HIGH,toca_abajo,-3.5,-0.052,77.8,82.4,-1.7,17.6,82.4,100.1,8.2,punto adelante de la componente
1400,42.042,HIGH,toca_abajo,0.6,0.010,81.5,85.2,2.0,14.3,85.2,100.1,15.9,punto adelante de la componente
1401,42.072,HIGH,toca_abajo,8.8,0.131,82.8,86.2,3.3,13.0,86.2,100.1,18.5,punto adelante de la componente
1402,42.102,HIGH,toca_abajo,8.8,0.131,82.8,86.2,3.3,13.0,86.2,100.1,18.5,punto adelante de la componente
1403,42.132,HIGH,toca_abajo,18.8,0.281,83.3,86.0,3.8,10.7,86.0,100.1,18.2,punto adelante de la componente
1404,42.162,HIGH,toca_abajo,26.7,0.400,85.2,82.4,5.7,-11.0,82.4,99.7,8.0,punto adelante de la componente
1405,42.192,HIGH,toca_abajo,26.7,0.400,85.2,82.4,5.7,-11.0,82.4,99.7,8.0,punto adelante de la componente
1406,42.222,HIGH,toca_abajo,38.6,0.579,87.8,72.2,8.3,-47.0,72.2,99.9,-20.1,punto adelante de la componente
1407,42.252,HIGH,toca_abajo,54.4,0.816,77.7,57.0,-1.8,-55.4,57.0,100.1,-48.4,punto adelante de la componente
1408,42.282,HIGH,toca_abajo,54.4,0.816,77.7,57.0,-1.8,-55.4,57.0,100.1,-48.4,punto adelante de la componente
1409,42.312,HIGH,toca_abajo,62.8,0.941,72.4,48.6,-7.1,-59.4,48.6,100.4,-57.6,punto adelante de la componente
1410,42.342,HIGH,toca_abajo,71.0,1.000,59.5,36.7,-20.0,-58.4,36.7,100.5,-65.5,punto adelante de la componente
1411,42.372,HIGH,toca_abajo,71.0,1.000,59.5,36.7,-20.0,-58.4,36.7,100.5,-65.5,punto adelante de la componente
1412,42.402,HIGH,toca_abajo,72.0,1.000,58.4,34.0,-21.1,-59.9,34.0,100.4,-66.7,punto adelante de la componente
1413,42.432,HIGH,toca_abajo,69.9,1.000,61.3,36.1,-18.2,-60.5,36.1,100.4,-65.7,punto adelante de la componente
1414,42.462,HIGH,toca_abajo,62.7,0.940,71.8,43.7,-7.7,-63.1,43.7,100.3,-61.2,punto adelante de la componente
1415,42.492,HIGH,toca_abajo,62.7,0.940,71.8,43.7,-7.7,-63.1,43.7,100.3,-61.2,punto adelante de la componente
1416,42.523,HIGH,toca_abajo,51.8,0.776,83.2,54.5,3.7,-63.6,54.5,100.3,-51.7,punto adelante de la componente
1417,42.553,HIGH,toca_abajo,41.8,0.627,91.2,61.3,11.7,-64.6,61.3,100.3,-42.7,punto adelante de la componente
1418,42.583,HIGH,toca_abajo,41.8,0.627,91.2,61.3,11.7,-64.6,61.3,100.3,-42.7,punto adelante de la componente
1419,42.613,HIGH,toca_abajo,43.0,0.645,91.2,59.7,11.7,-65.5,59.7,100.2,-45.1,punto adelante de la componente
1420,42.643,HIGH,toca_abajo,41.2,0.618,91.8,61.1,12.3,-64.8,61.1,100.2,-43.0,punto adelante de la componente
1421,42.673,HIGH,toca_abajo,41.2,0.618,91.8,61.1,12.3,-64.8,61.1,100.2,-43.0,punto adelante de la componente
1422,42.703,HIGH,toca_abajo,36.9,0.553,93.5,64.1,14.0,-63.8,64.1,100.2,-37.9,punto adelante de la componente
1423,42.733,HIGH,toca_abajo,32.0,0.480,95.4,67.1,15.9,-62.9,67.1,100.2,-32.0,punto adelante de la componente
1424,42.763,HIGH,toca_abajo,32.0,0.480,95.4,67.1,15.9,-62.9,67.1,100.2,-32.0,punto adelante de la componente
1425,42.793,HIGH,toca_abajo,32.9,0.494,94.2,67.0,14.7,-62.0,67.0,100.2,-32.3,punto adelante de la componente
1426,42.823,HIGH,toca_abajo,34.4,0.516,93.0,66.4,13.5,-61.4,66.4,100.2,-33.5,punto adelante de la componente
1427,42.853,HIGH,toca_abajo,51.1,0.766,79.9,56.6,0.4,-58.1,56.6,100.2,-49.1,punto adelante de la componente
1428,42.883,HIGH,toca_abajo,51.1,0.766,79.9,56.6,0.4,-58.1,56.6,100.2,-49.1,punto adelante de la componente
1429,42.913,HIGH,toca_abajo,60.0,0.901,67.8,48.4,-11.7,-53.2,48.4,100.2,-57.4,punto adelante de la componente
1430,42.943,HIGH,toca_abajo,63.3,0.950,61.3,44.7,-18.2,-49.0,44.7,100.2,-60.3,punto adelante de la componente
1431,42.973,HIGH,toca_abajo,63.3,0.950,61.3,44.7,-18.2,-49.0,44.7,100.2,-60.3,punto adelante de la componente
1432,43.003,HIGH,toca_abajo,63.7,0.955,59.9,44.6,-19.6,-46.7,44.6,100.2,-60.4,punto adelante de la componente
1433,43.033,HIGH,toca_abajo,67.0,1.000,55.1,40.7,-24.4,-44.8,40.7,100.1,-62.9,punto adelante de la componente
1434,43.063,HIGH,toca_abajo,67.0,1.000,55.1,40.7,-24.4,-44.8,40.7,100.1,-62.9,punto adelante de la componente
1435,43.093,HIGH,toca_abajo,66.5,0.997,56.3,41.1,-23.2,-45.9,41.1,99.9,-62.4,punto adelante de la componente
1436,43.123,HIGH,toca_abajo,62.8,0.943,61.9,46.5,-17.6,-46.3,46.5,99.9,-58.6,punto adelante de la componente
1437,43.153,HIGH,toca_abajo,55.0,0.825,71.8,56.4,-7.7,-46.4,56.4,99.9,-49.0,punto adelante de la componente
1438,43.183,HIGH,toca_abajo,55.0,0.825,71.8,56.4,-7.7,-46.4,56.4,99.9,-49.0,punto adelante de la componente
1439,43.213,HIGH,toca_abajo,41.4,0.621,84.7,68.5,5.2,-47.7,68.5,99.9,-28.6,punto adelante de la componente
1440,43.243,HIGH,toca_abajo,20.7,0.310,100.0,80.5,20.5,-52.9,80.5,99.8,2.8,punto adelante de la componente
1441,43.273,HIGH,toca_abajo,20.7,0.310,100.0,80.5,20.5,-52.9,80.5,99.8,2.8,punto adelante de la componente
1442,43.303,HIGH,toca_abajo,16.7,0.250,106.1,79.8,26.6,-60.6,79.8,99.8,1.0,punto adelante de la componente
1443,43.333,HIGH,toca_abajo,10.8,0.162,111.2,80.9,31.7,-64.2,80.9,99.8,4.0,punto adelante de la componente
1444,43.363,HIGH,toca_abajo,14.5,0.217,108.9,78.1,29.4,-64.8,78.1,99.9,-3.9,punto adelante de la componente
1445,43.393,HIGH,toca_abajo,14.5,0.217,108.9,78.1,29.4,-64.8,78.1,99.9,-3.9,punto adelante de la componente
1446,43.423,HIGH,toca_abajo,25.0,0.375,100.6,71.6,21.1,-63.5,71.6,99.9,-21.4,punto adelante de la componente
1447,43.453,HIGH,toca_abajo,49.9,0.749,86.1,58.3,6.6,-63.3,58.3,100.4,-47.3,punto adelante de la componente
1448,43.483,HIGH,toca_abajo,49.9,0.749,86.1,58.3,6.6,-63.3,58.3,100.4,-47.3,punto adelante de la componente
1449,43.514,HIGH,toca_abajo,70.5,1.000,69.9,36.3,-9.6,-67.5,36.3,100.6,-65.8,punto adelante de la componente
1450,43.544,MEDIUM,toca_abajo,78.4,1.000,55.6,23.8,-23.9,-65.9,23.8,100.8,-71.0,punto adelante de la componente
1451,43.574,MEDIUM,toca_abajo,78.4,1.000,55.6,23.8,-23.9,-65.9,23.8,100.8,-71.0,punto adelante de la componente
1452,43.604,MEDIUM,toca_abajo,81.2,1.000,43.0,18.1,-36.5,-60.7,18.1,100.9,-72.7,punto adelante de la componente
1453,43.634,MEDIUM,toca_abajo,81.6,1.000,40.4,17.0,-39.1,-59.0,17.0,100.8,-73.0,punto adelante de la componente
1454,43.664,MEDIUM,toca_abajo,82.0,1.000,37.7,15.7,-41.8,-57.5,15.7,100.9,-73.3,punto adelante de la componente
1455,43.694,MEDIUM,toca_abajo,82.0,1.000,37.7,15.7,-41.8,-57.5,15.7,100.9,-73.3,punto adelante de la componente
1456,43.724,MEDIUM,toca_abajo,81.7,1.000,37.7,16.6,-41.8,-56.2,16.6,100.8,-73.0,punto adelante de la componente
1457,43.754,MEDIUM,toca_abajo,81.0,1.000,40.7,18.6,-38.8,-57.5,18.6,100.8,-72.5,punto adelante de la componente
1458,43.784,MEDIUM,toca_abajo,81.0,1.000,40.7,18.6,-38.8,-57.5,18.6,100.8,-72.5,punto adelante de la componente
1459,43.814,MEDIUM,toca_abajo,80.0,1.000,42.9,21.0,-36.6,-57.2,21.0,100.7,-71.7,punto adelante de la componente
1460,43.844,HIGH,toca_abajo,77.4,1.000,49.7,26.6,-29.8,-58.3,26.6,100.5,-69.8,punto adelante de la componente
1461,43.874,HIGH,toca_abajo,74.1,1.000,57.8,33.0,-21.7,-60.0,33.0,100.5,-67.2,punto adelante de la componente
1462,43.904,HIGH,toca_abajo,74.1,1.000,57.8,33.0,-21.7,-60.0,33.0,100.5,-67.2,punto adelante de la componente
1463,43.934,HIGH,toca_abajo,74.1,1.000,57.3,32.7,-22.2,-59.8,32.7,100.5,-67.3,punto adelante de la componente
1464,43.964,HIGH,toca_abajo,74.1,1.000,57.3,32.7,-22.2,-59.8,32.7,100.5,-67.3,punto adelante de la componente
1465,43.994,HIGH,toca_abajo,67.4,1.000,69.2,41.1,-10.3,-63.0,41.1,100.4,-63.0,punto adelante de la componente
1466,44.024,HIGH,toca_abajo,62.3,0.935,77.3,45.0,-2.2,-66.2,45.0,100.4,-60.4,punto adelante de la componente
1467,44.054,HIGH,toca_abajo,62.3,0.935,77.3,45.0,-2.2,-66.2,45.0,100.4,-60.4,punto adelante de la componente
1468,44.084,HIGH,toca_abajo,53.3,0.800,85.7,51.8,6.2,-67.1,51.8,100.2,-54.5,punto adelante de la componente
1469,44.114,HIGH,toca_abajo,39.5,0.593,93.8,62.2,14.3,-65.7,62.2,100.2,-41.2,punto adelante de la componente
1470,44.144,HIGH,toca_abajo,24.5,0.367,99.5,72.1,20.0,-62.6,72.1,100.2,-20.5,punto adelante de la componente
1471,44.174,HIGH,toca_abajo,24.5,0.367,99.5,72.1,20.0,-62.6,72.1,100.2,-20.5,punto adelante de la componente
1472,44.204,HIGH,toca_abajo,14.7,0.221,103.8,78.0,24.3,-61.2,78.0,100.2,-4.4,punto adelante de la componente
1473,44.234,HIGH,toca_abajo,4.5,0.068,107.4,84.3,27.9,-58.5,84.3,100.2,13.5,punto adelante de la componente
1474,44.264,HIGH,toca_abajo,4.5,0.068,107.4,84.3,27.9,-58.5,84.3,100.2,13.5,punto adelante de la componente
1475,44.294,HIGH,toca_abajo,10.1,0.152,105.7,79.5,26.2,-61.6,79.5,100.2,-0.1,punto adelante de la componente
1476,44.324,HIGH,toca_abajo,30.0,0.450,98.7,66.0,19.2,-66.5,66.0,100.2,-34.4,punto adelante de la componente
1477,44.354,HIGH,toca_abajo,30.0,0.450,98.7,66.0,19.2,-66.5,66.0,100.2,-34.4,punto adelante de la componente
1478,44.384,HIGH,toca_abajo,63.6,0.954,75.7,41.9,-3.8,-66.9,41.9,100.3,-62.3,punto adelante de la componente
1479,44.414,HIGH,toca_abajo,77.3,1.000,46.4,26.4,-33.1,-54.5,26.4,100.4,-69.8,punto adelante de la componente
1480,44.444,HIGH,toca_abajo,77.3,1.000,46.4,26.4,-33.1,-54.5,26.4,100.4,-69.8,punto adelante de la componente
1481,44.474,HIGH,toca_abajo,80.6,1.000,33.3,18.6,-46.2,-46.0,18.6,100.5,-72.3,punto adelante de la componente
1482,44.505,HIGH,toca_abajo,81.0,1.000,29.4,16.4,-50.1,-42.4,16.4,100.5,-72.8,punto adelante de la componente
1483,44.535,HIGH,toca_abajo,81.0,1.000,29.4,16.4,-50.1,-42.4,16.4,100.5,-72.8,punto adelante de la componente
1484,44.565,HIGH,toca_abajo,80.1,1.000,29.6,17.1,-49.9,-41.3,17.1,100.5,-72.6,punto adelante de la componente
1485,44.595,HIGH,toca_abajo,79.6,1.000,29.5,17.3,-50.0,-40.7,17.3,100.4,-72.5,punto adelante de la componente
1486,44.625,HIGH,toca_abajo,79.6,1.000,29.5,17.3,-50.0,-40.7,17.3,100.4,-72.5,punto adelante de la componente
1487,44.655,HIGH,toca_abajo,78.4,1.000,29.7,18.5,-49.8,-38.3,18.5,100.4,-72.2,punto adelante de la componente
1488,44.685,HIGH,toca_abajo,75.2,1.000,34.9,23.2,-44.6,-39.3,23.2,100.3,-70.7,punto adelante de la componente
1489,44.715,HIGH,toca_abajo,75.2,1.000,34.9,23.2,-44.6,-39.3,23.2,100.3,-70.7,punto adelante de la componente
1490,44.745,HIGH,toca_abajo,71.8,1.000,42.0,28.9,-37.5,-42.7,28.9,100.3,-68.7,punto adelante de la componente
1491,44.775,HIGH,toca_abajo,67.1,1.000,53.2,35.6,-26.3,-50.9,35.6,100.2,-65.7,punto adelante de la componente
1492,44.805,HIGH,toca_abajo,62.5,0.938,62.0,42.5,-17.5,-53.9,42.5,100.2,-61.8,punto adelante de la componente
1493,44.835,HIGH,toca_abajo,62.5,0.938,62.0,42.5,-17.5,-53.9,42.5,100.2,-61.8,punto adelante de la componente
1494,44.865,HIGH,toca_abajo,59.3,0.890,64.8,46.2,-14.7,-52.5,46.2,100.2,-59.2,punto adelante de la componente
1495,44.895,HIGH,toca_abajo,50.5,0.758,74.6,55.4,-4.9,-53.3,55.4,100.2,-50.5,punto adelante de la componente
1496,44.925,HIGH,toca_abajo,50.5,0.758,74.6,55.4,-4.9,-53.3,55.4,100.2,-50.5,punto adelante de la componente
1497,44.955,HIGH,toca_abajo,32.9,0.494,87.5,66.6,8.0,-55.6,66.6,100.2,-33.0,punto adelante de la componente
1498,44.985,HIGH,toca_abajo,2.2,0.033,101.1,79.6,21.6,-56.2,79.6,100.2,0.3,punto adelante de la componente
1499,45.015,HIGH,toca_abajo,2.2,0.033,101.1,79.6,21.6,-56.2,79.6,100.2,0.3,punto adelante de la componente
1500,45.045,HIGH,toca_abajo,-20.2,-0.304,108.4,88.9,28.9,-53.3,88.9,100.1,25.4,punto adelante de la componente
1501,45.075,HIGH,toca_abajo,-20.3,-0.304,108.8,88.6,29.3,-54.4,88.6,100.1,24.7,punto adelante de la componente
1502,45.105,HIGH,toca_abajo,-20.3,-0.304,108.8,88.6,29.3,-54.4,88.6,100.1,24.7,punto adelante de la componente
1503,45.135,HIGH,toca_abajo,-15.8,-0.237,106.7,86.9,27.2,-53.8,86.9,100.1,20.5,punto adelante de la componente
1504,45.165,HIGH,toca_abajo,5.9,0.089,99.9,78.6,20.4,-55.9,78.6,100.1,-2.6,punto adelante de la componente
1505,45.195,HIGH,toca_abajo,5.9,0.089,99.9,78.6,20.4,-55.9,78.6,100.1,-2.6,punto adelante de la componente
1506,45.225,HIGH,toca_abajo,32.0,0.480,85.6,66.9,6.1,-52.7,66.9,100.1,-32.5,punto adelante de la componente
1507,45.255,HIGH,toca_abajo,44.7,0.671,73.9,59.3,-5.6,-45.9,59.3,100.1,-45.5,punto adelante de la componente
1508,45.285,HIGH,toca_abajo,54.4,0.817,61.8,49.7,-17.7,-40.4,49.7,100.1,-56.3,punto adelante de la componente
1509,45.315,HIGH,toca_abajo,54.4,0.817,61.8,49.7,-17.7,-40.4,49.7,100.1,-56.3,punto adelante de la componente
1510,45.345,HIGH,toca_abajo,59.8,0.897,51.2,43.0,-28.3,-30.0,43.0,100.1,-61.4,punto adelante de la componente
1511,45.375,HIGH,toca_abajo,59.8,0.897,51.2,43.0,-28.3,-30.0,43.0,100.1,-61.4,punto adelante de la componente
1512,45.405,HIGH,toca_abajo,58.8,0.883,50.9,44.7,-28.6,-23.2,44.7,100.1,-60.2,punto adelante de la componente
1513,45.435,HIGH,toca_abajo,57.1,0.857,53.1,47.1,-26.4,-22.4,47.1,100.1,-58.4,punto adelante de la componente
1514,45.465,HIGH,toca_abajo,53.1,0.796,58.1,52.0,-21.4,-22.8,52.0,100.1,-54.1,punto adelante de la componente
1515,45.495,HIGH,toca_abajo,53.1,0.796,58.1,52.0,-21.4,-22.8,52.0,100.1,-54.1,punto adelante de la componente
1516,45.526,HIGH,toca_abajo,46.3,0.695,64.4,58.1,-15.1,-23.5,58.1,100.1,-47.1,punto adelante de la componente
1517,45.556,HIGH,toca_abajo,39.7,0.596,69.5,63.0,-10.0,-24.1,63.0,100.1,-39.7,punto adelante de la componente
1518,45.586,HIGH,toca_abajo,39.7,0.596,69.5,63.0,-10.0,-24.1,63.0,100.1,-39.7,punto adelante de la componente
1519,45.616,HIGH,toca_abajo,31.5,0.472,73.6,67.2,-5.9,-23.9,67.2,100.1,-31.8,punto adelante de la componente
1520,45.646,HIGH,toca_abajo,31.5,0.472,73.6,67.2,-5.9,-23.9,67.2,100.1,-31.8,punto adelante de la componente
1521,45.676,HIGH,toca_abajo,18.9,0.283,79.5,72.9,-0.0,-24.6,72.9,100.1,-18.4,punto adelante de la componente
1522,45.706,HIGH,toca_abajo,7.6,0.115,84.1,77.2,4.6,-25.4,77.2,100.1,-6.5,punto adelante de la componente
1523,45.736,HIGH,toca_abajo,7.6,0.115,84.1,77.2,4.6,-25.4,77.2,100.1,-6.5,punto adelante de la componente
1524,45.766,HIGH,toca_abajo,-2.9,-0.043,87.8,81.0,8.3,-25.1,81.0,100.1,4.3,punto adelante de la componente
1525,45.796,HIGH,toca_abajo,-11.8,-0.177,91.6,84.4,12.1,-26.7,84.4,100.1,13.8,punto adelante de la componente
1526,45.826,HIGH,toca_abajo,-11.8,-0.177,91.6,84.4,12.1,-26.7,84.4,100.1,13.8,punto adelante de la componente
1527,45.856,HIGH,toca_abajo,-5.6,-0.085,88.3,81.5,8.8,-25.0,81.5,100.1,5.7,punto adelante de la componente
1528,45.886,HIGH,toca_abajo,-3.3,-0.050,86.2,80.5,6.7,-21.5,80.5,100.1,2.9,punto adelante de la componente
1529,45.916,HIGH,toca_abajo,8.0,0.120,80.6,76.0,1.1,-17.7,76.0,100.1,-9.9,punto adelante de la componente
1530,45.946,HIGH,toca_abajo,8.0,0.120,80.6,76.0,1.1,-17.7,76.0,100.1,-9.9,punto adelante de la componente
1531,45.976,HIGH,toca_abajo,6.6,0.098,79.7,76.4,0.2,-12.9,76.4,100.1,-8.8,punto adelante de la componente
1532,46.006,HIGH,toca_abajo,7.5,0.112,78.8,75.9,-0.7,-11.3,75.9,100.1,-10.2,punto adelante de la componente
1533,46.036,HIGH,toca_abajo,7.5,0.112,78.8,75.9,-0.7,-11.3,75.9,100.1,-10.2,punto adelante de la componente
1534,46.066,HIGH,toca_abajo,11.5,0.172,75.7,74.2,-3.8,-6.0,74.2,100.1,-14.8,punto adelante de la componente
1535,46.096,HIGH,toca_abajo,8.2,0.123,76.2,75.8,-3.3,-1.5,75.8,100.1,-10.5,punto adelante de la componente
1536,46.126,HIGH,toca_abajo,7.0,0.105,76.8,76.6,-2.7,-0.6,76.6,100.1,-8.3,punto adelante de la componente
1537,46.156,HIGH,toca_abajo,7.0,0.105,76.8,76.6,-2.7,-0.6,76.6,100.1,-8.3,punto adelante de la componente
1538,46.186,HIGH,toca_abajo,3.1,0.047,77.9,77.4,-1.6,-2.0,77.4,100.1,-6.0,punto adelante de la componente
1539,46.216,HIGH,toca_abajo,-4.4,-0.066,81.0,78.4,1.5,-10.2,78.4,100.1,-3.0,punto adelante de la componente
1540,46.246,HIGH,toca_abajo,-4.4,-0.066,81.0,78.4,1.5,-10.2,78.4,100.1,-3.0,punto adelante de la componente
1541,46.276,HIGH,toca_abajo,-10.2,-0.153,80.2,82.3,0.7,7.9,82.3,100.1,7.9,punto adelante de la componente
1542,46.306,HIGH,toca_abajo,-16.9,-0.253,83.4,85.0,3.9,6.1,85.0,100.1,15.4,punto adelante de la componente
1543,46.336,HIGH,toca_abajo,-16.9,-0.253,83.4,85.0,3.9,6.1,85.0,100.1,15.4,punto adelante de la componente
1544,46.366,HIGH,toca_abajo,-18.1,-0.271,83.9,85.7,4.4,7.0,85.7,100.1,17.2,punto adelante de la componente
1545,46.396,HIGH,toca_abajo,-19.1,-0.287,85.0,86.3,5.5,5.0,86.3,100.1,18.8,punto adelante de la componente
1546,46.426,HIGH,toca_abajo,-19.1,-0.287,85.0,86.3,5.5,5.0,86.3,100.1,18.8,punto adelante de la componente
1547,46.456,HIGH,toca_abajo,-21.2,-0.318,85.9,87.1,6.4,5.1,87.1,100.1,21.0,punto adelante de la componente
1548,46.486,HIGH,toca_abajo,-25.2,-0.378,88.3,88.9,8.8,2.4,88.9,100.1,25.4,punto adelante de la componente
1549,46.517,HIGH,toca_abajo,-25.2,-0.378,88.3,88.9,8.8,2.4,88.9,100.1,25.4,punto adelante de la componente
1550,46.547,HIGH,toca_abajo,-23.1,-0.347,87.6,88.0,8.1,1.6,88.0,100.1,23.3,punto adelante de la componente
1551,46.577,HIGH,toca_abajo,-23.3,-0.350,88.1,88.2,8.6,0.6,88.2,100.1,23.7,punto adelante de la componente
1552,46.607,HIGH,toca_abajo,-23.3,-0.350,88.1,88.2,8.6,0.6,88.2,100.1,23.7,punto adelante de la componente
1553,46.637,HIGH,toca_abajo,-19.9,-0.299,87.2,86.9,7.7,-1.4,86.9,100.1,20.3,punto adelante de la componente
1554,46.667,HIGH,toca_abajo,-14.2,-0.213,85.0,84.7,5.5,-1.1,84.7,100.1,14.7,punto adelante de la componente
1555,46.697,HIGH,toca_abajo,-14.2,-0.213,85.0,84.7,5.5,-1.1,84.7,100.1,14.7,punto adelante de la componente
1556,46.727,HIGH,toca_abajo,-8.0,-0.120,83.3,82.9,3.8,-1.5,82.9,100.1,9.7,punto adelante de la componente
1557,46.757,HIGH,toca_abajo,4.4,0.066,80.3,79.9,0.8,-1.6,79.9,100.1,1.2,punto adelante de la componente
1558,46.787,HIGH,toca_abajo,4.4,0.066,80.3,79.9,0.8,-1.6,79.9,100.1,1.2,punto adelante de la componente
1559,46.817,HIGH,toca_abajo,10.2,0.153,78.6,78.5,-0.9,-0.8,78.5,100.1,-3.0,punto adelante de la componente
1560,46.847,HIGH,toca_abajo,13.6,0.204,78.6,78.0,-0.9,-2.3,78.0,100.1,-4.2,punto adelante de la componente
1561,46.877,HIGH,toca_abajo,13.6,0.204,78.6,78.0,-0.9,-2.3,78.0,100.1,-4.2,punto adelante de la componente
1562,46.907,HIGH,toca_abajo,19.2,0.288,77.5,77.0,-2.0,-2.2,77.0,100.1,-7.3,punto adelante de la componente
1563,46.937,HIGH,toca_abajo,23.3,0.350,77.2,77.0,-2.3,-0.8,77.0,100.1,-7.2,punto adelante de la componente
1564,46.967,HIGH,toca_abajo,25.5,0.382,80.0,79.6,0.5,-1.6,79.6,100.1,0.3,punto adelante de la componente
1565,46.997,HIGH,toca_abajo,25.5,0.382,80.0,79.6,0.5,-1.6,79.6,100.1,0.3,punto adelante de la componente
1566,47.027,HIGH,toca_abajo,31.6,0.473,79.3,79.3,-0.2,-0.3,79.3,100.1,-0.6,punto adelante de la componente
1567,47.057,HIGH,toca_abajo,32.4,0.486,83.0,77.1,3.5,-21.6,77.1,99.6,-6.6,punto adelante de la componente
1568,47.087,HIGH,toca_abajo,39.7,0.596,84.4,62.8,4.9,-55.6,62.8,99.7,-39.3,punto adelante de la componente
1569,47.117,HIGH,toca_abajo,48.9,0.733,80.1,58.8,0.6,-56.5,58.8,100.0,-46.0,punto adelante de la componente
1570,47.147,HIGH,toca_abajo,48.9,0.733,80.1,58.8,0.6,-56.5,58.8,100.0,-46.0,punto adelante de la componente
1571,47.177,HIGH,toca_abajo,59.0,0.885,66.6,60.3,-12.9,-23.8,60.3,100.0,-43.9,punto adelante de la componente
1572,47.207,HIGH,toca_abajo,61.2,0.918,65.3,62.7,-14.2,-10.4,62.7,100.0,-40.1,punto adelante de la componente
1573,47.237,HIGH,toca_abajo,61.2,0.918,65.3,62.7,-14.2,-10.4,62.7,100.0,-40.1,punto adelante de la componente
1574,47.267,HIGH,toca_abajo,61.4,0.921,67.1,61.5,-12.4,-21.5,61.5,100.4,-42.5,punto adelante de la componente
1575,47.297,HIGH,toca_abajo,59.2,0.888,70.3,61.4,-9.2,-32.8,61.4,100.8,-43.2,punto adelante de la componente
1576,47.327,HIGH,toca_abajo,59.2,0.888,70.3,61.4,-9.2,-32.8,61.4,100.8,-43.2,punto adelante de la componente
1577,47.357,HIGH,toca_abajo,59.5,0.893,74.5,53.0,-5.0,-58.3,53.0,101.3,-54.8,punto adelante de la componente
1578,47.387,HIGH,toca_abajo,64.6,0.969,76.6,31.5,-2.9,-73.2,31.5,100.9,-68.3,punto adelante de la componente
1579,47.417,HIGH,toca_abajo,64.0,0.959,79.2,31.0,-0.3,-74.1,31.0,100.8,-68.4,punto adelante de la componente
1580,47.447,HIGH,toca_abajo,64.0,0.959,79.2,31.0,-0.3,-74.1,31.0,100.8,-68.4,punto adelante de la componente
1581,47.477,HIGH,toca_abajo,62.4,0.936,79.5,35.8,-0.0,-72.4,35.8,100.7,-66.1,punto adelante de la componente
1582,47.508,HIGH,toca_abajo,50.5,0.758,82.1,56.5,2.6,-62.0,56.5,100.8,-50.2,punto adelante de la componente
1583,47.538,HIGH,toca_abajo,50.5,0.758,82.1,56.5,2.6,-62.0,56.5,100.8,-50.2,punto adelante de la componente
1584,47.568,HIGH,toca_abajo,42.4,0.636,86.0,64.1,6.5,-57.8,64.1,100.7,-38.5,punto adelante de la componente
1585,47.598,HIGH,toca_abajo,44.6,0.669,87.5,58.8,8.0,-64.3,58.8,100.6,-46.9,punto adelante de la componente
1586,47.628,HIGH,toca_abajo,52.4,0.785,86.1,48.8,6.6,-69.4,48.8,100.4,-57.5,punto adelante de la componente
1587,47.658,HIGH,toca_abajo,55.8,0.836,84.6,45.4,5.1,-70.2,45.4,100.4,-60.1,punto adelante de la componente
1588,47.688,HIGH,toca_abajo,55.8,0.836,84.6,45.4,5.1,-70.2,45.4,100.4,-60.1,punto adelante de la componente
1589,47.718,HIGH,toca_abajo,56.6,0.848,83.2,45.3,3.7,-69.4,45.3,100.3,-60.1,punto adelante de la componente
1590,47.748,HIGH,toca_abajo,49.1,0.736,88.3,53.6,8.8,-67.7,53.6,100.3,-52.7,punto adelante de la componente
1591,47.778,HIGH,toca_abajo,39.6,0.595,92.7,61.7,13.2,-65.4,61.7,100.3,-42.0,punto adelante de la componente
1592,47.808,HIGH,toca_abajo,39.6,0.595,92.7,61.7,13.2,-65.4,61.7,100.3,-42.0,punto adelante de la componente
1593,47.838,HIGH,toca_abajo,33.5,0.502,95.4,65.5,15.9,-64.5,65.5,100.2,-35.3,punto adelante de la componente
1594,47.868,HIGH,toca_abajo,21.3,0.320,99.9,72.4,20.4,-62.8,72.4,100.2,-19.8,punto adelante de la componente
1595,47.898,HIGH,toca_abajo,21.5,0.322,99.8,71.7,20.3,-63.1,71.7,100.2,-21.4,punto adelante de la componente
1596,47.928,HIGH,toca_abajo,21.5,0.322,99.8,71.7,20.3,-63.1,71.7,100.2,-21.4,punto adelante de la componente
1597,47.958,HIGH,toca_abajo,23.4,0.352,98.5,70.8,19.0,-62.7,70.8,100.2,-23.8,punto adelante de la componente
1598,47.988,HIGH,toca_abajo,29.0,0.435,95.7,67.6,16.2,-62.9,67.6,100.2,-31.1,punto adelante de la componente
1599,48.018,HIGH,toca_abajo,29.0,0.435,95.7,67.6,16.2,-62.9,67.6,100.2,-31.1,punto adelante de la componente
1600,48.048,HIGH,toca_abajo,48.1,0.722,76.6,53.6,-2.9,-57.9,53.6,100.2,-52.6,punto adelante de la componente
1601,48.078,HIGH,toca_abajo,52.8,0.792,64.3,45.3,-15.2,-52.7,45.3,100.2,-59.9,punto adelante de la componente
1602,48.108,HIGH,toca_abajo,53.8,0.807,55.5,38.9,-24.0,-48.9,38.9,100.1,-63.9,punto adelante de la componente
1603,48.138,HIGH,toca_abajo,53.8,0.807,55.5,38.9,-24.0,-48.9,38.9,100.1,-63.9,punto adelante de la componente
1604,48.168,HIGH,toca_abajo,53.8,0.807,53.7,38.3,-25.8,-46.8,38.3,100.1,-64.3,punto adelante de la componente
1605,48.198,HIGH,toca_abajo,51.4,0.771,55.0,39.7,-24.5,-46.7,39.7,100.1,-63.5,punto adelante de la componente
1606,48.228,HIGH,toca_abajo,51.4,0.771,55.0,39.7,-24.5,-46.7,39.7,100.1,-63.5,punto adelante de la componente
1607,48.258,HIGH,toca_abajo,47.1,0.706,51.9,38.5,-27.6,-42.9,38.5,100.1,-64.2,punto adelante de la componente
1608,48.288,HIGH,toca_abajo,41.1,0.616,51.3,40.0,-28.2,-37.9,40.0,100.0,-63.2,punto adelante de la componente
1609,48.318,HIGH,toca_abajo,41.1,0.616,51.3,40.0,-28.2,-37.9,40.0,100.0,-63.2,punto adelante de la componente
1610,48.348,HIGH,toca_abajo,34.4,0.516,50.7,44.0,-28.8,-24.5,44.0,99.8,-60.4,punto adelante de la componente
1611,48.378,HIGH,toca_abajo,27.7,0.416,51.1,49.4,-28.4,-6.6,49.4,99.8,-56.1,punto adelante de la componente
1612,48.408,HIGH,toca_abajo,27.7,0.416,51.1,49.4,-28.4,-6.6,49.4,99.8,-56.1,punto adelante de la componente
1613,48.438,HIGH,toca_abajo,17.2,0.258,52.2,56.5,-27.3,16.3,56.5,99.8,-48.8,punto adelante de la componente
1614,48.468,HIGH,toca_abajo,-3.3,-0.049,55.3,69.3,-24.2,44.7,69.3,100.2,-27.2,punto adelante de la componente
1615,48.498,HIGH,toca_abajo,-35.9,-0.539,63.4,93.4,-16.1,64.8,93.4,100.3,35.2,punto adelante de la componente
1616,48.529,HIGH,toca_abajo,-35.9,-0.539,63.4,93.4,-16.1,64.8,93.4,100.3,35.2,punto adelante de la componente
1617,48.559,HIGH,toca_abajo,-61.7,-0.926,84.5,114.1,5.0,63.9,114.1,100.3,60.3,punto adelante de la componente
1618,48.589,HIGH,toca_abajo,-69.2,-1.000,103.6,123.8,24.1,54.5,123.8,100.3,66.0,punto adelante de la componente
1619,48.619,HIGH,toca_abajo,-69.2,-1.000,103.6,123.8,24.1,54.5,123.8,100.3,66.0,punto adelante de la componente
1620,48.649,HIGH,toca_abajo,-70.0,-1.000,108.1,124.6,28.6,48.9,124.6,100.3,66.4,punto adelante de la componente
1621,48.679,HIGH,toca_abajo,-69.7,-1.000,109.3,124.4,29.8,46.5,124.4,100.3,66.3,punto adelante de la componente
1622,48.709,HIGH,toca_abajo,-67.5,-1.000,105.1,120.7,25.6,47.5,120.7,100.3,64.5,punto adelante de la componente
1623,48.739,HIGH,toca_abajo,-67.5,-1.000,105.1,120.7,25.6,47.5,120.7,100.3,64.5,punto adelante de la componente
1624,48.769,HIGH,toca_abajo,-64.0,-0.959,98.7,115.8,19.2,49.9,115.8,100.3,61.5,punto adelante de la componente
1625,48.799,HIGH,toca_abajo,-64.0,-0.959,98.7,115.8,19.2,49.9,115.8,100.3,61.5,punto adelante de la componente
1626,48.829,HIGH,toca_abajo,-59.3,-0.889,91.8,110.2,12.3,51.9,110.2,100.2,57.2,punto adelante de la componente
1627,48.859,HIGH,toca_abajo,-53.0,-0.795,84.9,103.7,5.4,52.4,103.7,100.2,50.7,punto adelante de la componente
1628,48.889,HIGH,toca_abajo,-53.0,-0.795,84.9,103.7,5.4,52.4,103.7,100.2,50.7,punto adelante de la componente
1629,48.919,HIGH,toca_abajo,-39.5,-0.593,73.4,93.3,-6.1,53.9,93.3,100.2,34.8,punto adelante de la componente
1630,48.949,HIGH,toca_abajo,-15.5,-0.233,58.9,81.0,-20.6,56.7,81.0,100.2,4.3,punto adelante de la componente
1631,48.979,HIGH,toca_abajo,1.0,0.015,50.6,72.0,-28.9,56.2,72.0,100.2,-20.6,punto adelante de la componente
1632,49.009,HIGH,toca_abajo,1.0,0.015,50.6,72.0,-28.9,56.2,72.0,100.2,-20.6,punto adelante de la componente
1633,49.039,HIGH,toca_abajo,13.1,0.196,44.6,64.3,-34.9,54.1,64.3,100.2,-37.4,punto adelante de la componente
1634,49.069,HIGH,toca_abajo,15.7,0.235,42.4,61.0,-37.1,52.4,61.0,100.1,-43.0,punto adelante de la componente
1635,49.099,HIGH,toca_abajo,15.7,0.235,42.4,61.0,-37.1,52.4,61.0,100.1,-43.0,punto adelante de la componente
1636,49.129,HIGH,toca_abajo,8.9,0.134,44.4,65.6,-35.1,55.9,65.6,100.2,-35.0,punto adelante de la componente
1637,49.159,HIGH,toca_abajo,-14.2,-0.213,56.4,76.1,-23.1,53.7,76.1,100.2,-9.6,punto adelante de la componente
1638,49.189,HIGH,toca_abajo,-14.2,-0.213,56.4,76.1,-23.1,53.7,76.1,100.2,-9.6,punto adelante de la componente
1639,49.219,HIGH,toca_abajo,-40.5,-0.607,72.6,92.5,-6.9,53.6,92.5,99.9,33.0,punto adelante de la componente
1640,49.249,HIGH,toca_abajo,-56.8,-0.852,85.4,111.4,5.9,60.5,111.4,99.8,57.7,punto adelante de la componente
1641,49.279,HIGH,toca_abajo,-65.6,-0.984,94.8,117.1,15.3,57.2,117.1,100.2,62.2,punto adelante de la componente
1642,49.309,HIGH,toca_abajo,-65.6,-0.984,94.8,117.1,15.3,57.2,117.1,100.2,62.2,punto adelante de la componente
1643,49.339,HIGH,toca_abajo,-73.4,-1.000,114.3,121.7,34.8,27.5,121.7,100.2,64.8,punto adelante de la componente
1644,49.369,HIGH,toca_abajo,-74.2,-1.000,113.7,120.2,34.2,24.2,120.2,100.2,64.0,punto adelante de la componente
1645,49.399,HIGH,toca_abajo,-74.2,-1.000,113.7,120.2,34.2,24.2,120.2,100.2,64.0,punto adelante de la componente
1646,49.429,HIGH,toca_abajo,-73.3,-1.000,112.2,118.1,32.7,22.4,118.1,100.2,62.8,punto adelante de la componente
1647,49.459,HIGH,toca_abajo,-71.4,-1.000,108.7,114.0,29.2,20.4,114.0,100.2,60.2,punto adelante de la componente
1648,49.489,HIGH,toca_abajo,-71.4,-1.000,108.7,114.0,29.2,20.4,114.0,100.2,60.2,punto adelante de la componente
1649,49.520,HIGH,toca_abajo,-67.7,-1.000,103.8,108.9,24.3,19.6,108.9,100.2,56.1,punto adelante de la componente
1650,49.550,HIGH,toca_abajo,-61.2,-0.918,97.7,103.1,18.2,20.5,103.1,100.2,50.0,punto adelante de la componente
1651,49.580,HIGH,toca_abajo,-61.2,-0.918,97.7,103.1,18.2,20.5,103.1,100.2,50.0,punto adelante de la componente
1652,49.610,HIGH,toca_abajo,-54.3,-0.814,93.2,96.8,13.7,14.4,96.8,100.4,41.5,punto adelante de la componente
1653,49.640,MEDIUM,toca_abajo,-40.9,-0.614,88.7,88.1,9.2,-2.6,88.1,100.7,24.0,punto adelante de la componente
1654,49.670,MEDIUM,toca_abajo,-40.9,-0.614,88.7,88.1,9.2,-2.6,88.1,100.7,24.0,punto adelante de la componente
1655,49.700,MEDIUM,toca_abajo,-13.2,-0.198,84.2,79.9,4.7,-17.5,79.9,100.8,1.2,punto adelante de la componente
1656,49.730,MEDIUM,toca_abajo,23.1,0.346,79.8,72.2,0.3,-29.1,72.2,100.9,-20.9,punto adelante de la componente
1657,49.760,MEDIUM,toca_abajo,44.1,0.661,79.5,57.9,0.0,-58.1,57.9,101.1,-48.8,punto adelante de la componente
1658,49.790,MEDIUM,toca_abajo,44.1,0.661,79.5,57.9,0.0,-58.1,57.9,101.1,-48.8,punto adelante de la componente
1659,49.820,MEDIUM,toca_abajo,67.1,1.000,79.1,30.1,-0.4,-74.7,30.1,101.1,-69.1,punto adelante de la componente
1660,49.850,MEDIUM,toca_abajo,82.0,1.000,54.9,18.6,-24.6,-70.4,18.6,102.5,-74.0,punto adelante de la componente
1661,49.880,MEDIUM,toca_abajo,82.0,1.000,54.9,18.6,-24.6,-70.4,18.6,102.5,-74.0,punto adelante de la componente
1662,49.910,MEDIUM,toca_abajo,85.8,1.000,28.8,14.4,-50.7,-52.6,14.4,104.1,-76.3,punto adelante de la componente
1663,49.940,LOW,toca_abajo,86.8,1.000,22.0,,-57.5,,14.4,104.1,-76.3,ultimo objetivo confiable (memoria)
1664,49.970,LOW,toca_abajo,86.7,1.000,28.7,,-50.8,,14.4,104.1,-76.3,ultimo objetivo confiable (memoria)
1665,50.000,LOW,toca_abajo,86.7,1.000,28.7,,-50.8,,14.4,104.1,-76.3,ultimo objetivo confiable (memoria)
1666,50.030,LOW,toca_abajo,85.9,1.000,37.6,,-41.9,,14.4,104.1,-76.3,ultimo objetivo confiable (memoria)
1667,50.060,LOW,toca_abajo,84.9,1.000,47.5,,-32.0,,14.4,104.1,-76.3,ultimo objetivo confiable (memoria)
1668,50.090,LOW,toca_abajo,84.9,1.000,47.5,,-32.0,,14.4,104.1,-76.3,ultimo objetivo confiable (memoria)
1669,50.120,LOW,toca_abajo,84.3,1.000,56.0,,-23.5,,14.4,104.1,-76.3,ultimo objetivo confiable (memoria)
1670,50.150,LOW,toca_abajo,83.1,1.000,64.1,,-15.4,,14.4,104.1,-76.3,ultimo objetivo confiable (memoria)
1671,50.180,LOW,toca_abajo,83.1,1.000,64.1,,-15.4,,14.4,104.1,-76.3,ultimo objetivo confiable (memoria)
1672,50.210,LOW,toca_abajo,71.2,1.000,74.4,,-5.1,,14.4,104.1,-76.3,ultimo objetivo confiable (memoria)
1673,50.240,LOW,toca_abajo,-77.0,1.000,85.5,,6.0,,14.4,104.1,-76.3,ultimo objetivo confiable (memoria)
1674,50.270,LOW,toca_abajo,-77.0,1.000,85.5,,6.0,,14.4,104.1,-76.3,ultimo objetivo confiable (memoria)
1675,50.300,LOW,toca_abajo,-85.4,1.000,98.0,,18.5,,14.4,104.1,-76.3,ultimo objetivo confiable (memoria)
1676,50.330,LOW,toca_abajo,-86.7,1.000,110.9,,31.4,,14.4,104.1,-76.3,ultimo objetivo confiable (memoria)
1677,50.360,LOW,toca_abajo,-86.7,1.000,110.9,,31.4,,14.4,104.1,-76.3,ultimo objetivo confiable (memoria)
1678,50.390,LOW,toca_abajo,-84.5,1.000,96.9,,17.4,,14.4,104.1,-76.3,ultimo objetivo confiable (memoria)
1679,50.420,LOW,toca_abajo,-79.4,1.000,90.3,,10.8,,14.4,104.1,-76.3,ultimo objetivo confiable (memoria)
1680,50.450,LOW,toca_abajo,-56.5,0.847,82.3,,2.8,,14.4,104.1,-76.3,ultimo objetivo confiable (memoria)
1681,50.480,LOW,toca_abajo,-56.5,0.847,82.3,,2.8,,14.4,104.1,-76.3,ultimo objetivo confiable (memoria)
1682,50.511,LOW,toca_abajo,70.4,1.000,73.7,,-5.8,,14.4,104.1,-76.3,ultimo objetivo confiable (memoria)
1683,50.541,LOW,toca_abajo,70.4,1.000,73.7,,-5.8,,14.4,104.1,-76.3,ultimo objetivo confiable (memoria)
1684,50.571,LOW,toca_abajo,83.4,1.000,65.4,,-14.1,,14.4,104.1,-76.3,ultimo objetivo confiable (memoria)
1685,50.601,LOW,toca_abajo,86.9,1.000,55.5,,-24.0,,14.4,104.1,-76.3,ultimo objetivo confiable (memoria)
1686,50.631,LOW,toca_abajo,86.9,1.000,55.5,,-24.0,,14.4,104.1,-76.3,ultimo objetivo confiable (memoria)
1687,50.661,LOW,toca_abajo,86.8,1.000,61.7,,-17.8,,14.4,104.1,-76.3,ultimo objetivo confiable (memoria)
1688,50.691,LOW,toca_abajo,76.1,1.000,75.2,,-4.3,,14.4,104.1,-76.3,ultimo objetivo confiable (memoria)
1689,50.721,LOW,toca_abajo,76.1,1.000,75.2,,-4.3,,14.4,104.1,-76.3,ultimo objetivo confiable (memoria)
1690,50.751,LOW,toca_abajo,-40.3,-0.604,79.6,,0.1,,14.4,104.1,-76.3,ultimo objetivo confiable (memoria)
1691,50.781,LOW,toca_abajo,-86.0,-1.000,90.0,,10.5,,14.4,104.1,-76.3,ultimo objetivo confiable (memoria)
1692,50.811,LOW,toca_abajo,-87.0,-1.000,100.4,,20.9,,14.4,104.1,-76.3,ultimo objetivo confiable (memoria)
1693,50.841,LOW,toca_abajo,-87.0,-1.000,100.4,,20.9,,14.4,104.1,-76.3,ultimo objetivo confiable (memoria)
1694,50.871,LOW,toca_abajo,-88.9,-1.000,102.7,,23.2,,14.4,104.1,-76.3,ultimo objetivo confiable (memoria)
1695,50.901,PERDIDA,sin_componente,0.0,0.000,,,,,,,0.0,sin objetivo
1696,50.931,PERDIDA,sin_componente,0.0,0.000,,,,,,,0.0,sin objetivo
1697,50.961,PERDIDA,sin_componente,0.0,0.000,,,,,,,0.0,sin objetivo
1698,50.991,PERDIDA,sin_componente,0.0,0.000,,,,,,,0.0,sin objetivo
1699,51.021,PERDIDA,sin_componente,0.0,0.000,,,,,,,0.0,sin objetivo
1700,51.051,PERDIDA,sin_componente,0.0,0.000,,,,,,,0.0,sin objetivo
1701,51.081,PERDIDA,sin_componente,39.6,0.000,,,,,,,0.0,sin objetivo
1702,51.111,PERDIDA,sin_componente,38.3,0.000,,,,,,,0.0,sin objetivo
1703,51.141,PERDIDA,sin_componente,38.3,0.000,,,,,,,0.0,sin objetivo
1704,51.171,PERDIDA,sin_componente,0.0,0.000,,,,,,,0.0,sin objetivo
1705,51.201,PERDIDA,sin_componente,0.0,0.000,,,,,,,0.0,sin objetivo
1706,51.231,PERDIDA,sin_componente,0.0,0.000,,,,,,,0.0,sin objetivo
1707,51.261,PERDIDA,sin_componente,32.3,0.000,,,,,,,0.0,sin objetivo
1708,51.291,PERDIDA,sin_componente,35.8,0.000,,,,,,,0.0,sin objetivo
1709,51.321,PERDIDA,sin_componente,35.8,0.000,,,,,,,0.0,sin objetivo
1710,51.351,PERDIDA,sin_componente,33.5,0.000,,,,,,,0.0,sin objetivo
1711,51.381,PERDIDA,sin_componente,32.2,0.000,,,,,,,0.0,sin objetivo
1712,51.411,PERDIDA,sin_componente,32.2,0.000,,,,,,,0.0,sin objetivo
1713,51.441,PERDIDA,sin_componente,24.9,0.000,,,,,,,0.0,sin objetivo
1714,51.471,PERDIDA,sin_componente,17.7,0.000,,,,,,,0.0,sin objetivo
1715,51.502,PERDIDA,sin_componente,17.7,0.000,,,,,,,0.0,sin objetivo
1716,51.532,PERDIDA,sin_componente,10.9,0.000,,,,,,,0.0,sin objetivo
1717,51.562,PERDIDA,sin_componente,9.1,0.000,,,,,,,0.0,sin objetivo
1718,51.592,PERDIDA,sin_componente,9.1,0.000,,,,,,,0.0,sin objetivo
1719,51.622,PERDIDA,sin_componente,4.0,0.000,,,,,,,0.0,sin objetivo
1720,51.652,PERDIDA,sin_componente,-3.3,0.000,,,,,,,0.0,sin objetivo
1721,51.682,PERDIDA,sin_componente,-3.3,0.000,,,,,,,0.0,sin objetivo
1722,51.712,PERDIDA,sin_componente,-12.9,0.000,,,,,,,0.0,sin objetivo
1723,51.742,SIN_CERCA,continuidad,-19.4,-0.600,,91.1,,,91.1,76.8,15.0,componente visible arriba
1724,51.772,SIN_CERCA,continuidad,-25.5,-0.600,,97.1,,,97.1,79.1,23.3,componente visible arriba
1725,51.802,SIN_CERCA,continuidad,-25.5,-0.600,,97.1,,,97.1,79.1,23.3,componente visible arriba
1726,51.832,SIN_CERCA,continuidad,-34.2,-0.600,,108.4,,,108.4,78.2,34.7,componente visible arriba
1727,51.862,SIN_CERCA,continuidad,-41.5,-0.600,,95.6,,,95.6,99.5,38.2,componente visible arriba
1728,51.892,SIN_CERCA,continuidad,-41.5,-0.600,,95.6,,,95.6,99.5,38.2,componente visible arriba
1729,51.922,HIGH,toca_abajo,-45.3,-0.680,84.5,100.0,5.0,46.9,100.0,100.0,45.7,punto adelante de la componente
1730,51.952,HIGH,toca_abajo,-45.2,-0.678,86.0,100.1,6.5,43.9,100.1,99.9,45.8,punto adelante de la componente
1731,51.982,HIGH,toca_abajo,-45.2,-0.678,86.0,100.1,6.5,43.9,100.1,99.9,45.8,punto adelante de la componente
1732,52.012,HIGH,toca_abajo,-44.8,-0.671,85.7,99.3,6.2,43.4,99.3,100.1,44.9,punto adelante de la componente
1733,52.042,HIGH,toca_abajo,-43.2,-0.648,84.7,98.1,5.2,42.6,98.1,99.9,42.8,punto adelante de la componente
1734,52.072,HIGH,toca_abajo,-43.2,-0.648,84.7,98.1,5.2,42.6,98.1,99.9,42.8,punto adelante de la componente
1735,52.102,HIGH,toca_abajo,-40.9,-0.613,83.3,96.2,3.8,42.0,96.2,100.1,40.1,punto adelante de la componente
1736,52.132,HIGH,toca_abajo,-40.7,-0.611,83.6,96.4,4.1,41.7,96.4,99.9,40.1,punto adelante de la componente
1737,52.162,HIGH,toca_abajo,-40.7,-0.611,83.6,96.4,4.1,41.7,96.4,99.9,40.1,punto adelante de la componente
1738,52.192,HIGH,toca_abajo,-39.0,-0.586,82.4,95.1,2.9,41.6,95.1,100.0,37.9,punto adelante de la componente
1739,52.222,HIGH,toca_abajo,-36.8,-0.552,81.1,93.5,1.6,40.9,93.5,100.0,35.0,punto adelante de la componente
1740,52.252,HIGH,toca_abajo,-36.8,-0.552,81.1,93.5,1.6,40.9,93.5,100.0,35.0,punto adelante de la componente
1741,52.282,HIGH,toca_abajo,-31.3,-0.469,77.3,89.8,-2.2,40.9,89.8,100.0,27.3,punto adelante de la componente
1742,52.312,HIGH,toca_abajo,-27.4,-0.411,75.2,87.5,-4.3,40.2,87.5,100.0,21.8,punto adelante de la componente
1743,52.342,HIGH,toca_abajo,-21.4,-0.321,71.8,83.9,-7.7,39.9,83.9,100.1,12.5,punto adelante de la componente
1744,52.372,HIGH,toca_abajo,-21.4,-0.321,71.8,83.9,-7.7,39.9,83.9,100.1,12.5,punto adelante de la componente
1745,52.402,HIGH,toca_abajo,-17.7,-0.265,69.7,82.2,-9.8,40.2,82.2,99.9,7.7,punto adelante de la componente
1746,52.432,HIGH,toca_abajo,-17.5,-0.263,70.9,82.4,-8.6,38.9,82.4,100.0,8.3,punto adelante de la componente
1747,52.462,HIGH,toca_abajo,-17.5,-0.263,70.9,82.4,-8.6,38.9,82.4,100.0,8.3,punto adelante de la componente
1748,52.492,HIGH,toca_abajo,-18.3,-0.274,71.9,83.5,-7.6,38.2,83.5,99.8,11.3,punto adelante de la componente
1749,52.523,HIGH,toca_abajo,-23.5,-0.353,75.4,86.1,-4.1,36.2,86.1,100.1,18.3,punto adelante de la componente
1750,52.553,HIGH,toca_abajo,-23.5,-0.353,75.4,86.1,-4.1,36.2,86.1,100.1,18.3,punto adelante de la componente
1751,52.583,HIGH,toca_abajo,-28.7,-0.431,79.2,88.4,-0.3,32.7,88.4,100.2,24.2,punto adelante de la componente
1752,52.613,HIGH,toca_abajo,-33.8,-0.507,81.6,90.3,2.1,30.5,90.3,99.9,28.2,punto adelante de la componente
1753,52.643,HIGH,toca_abajo,-33.8,-0.507,81.6,90.3,2.1,30.5,90.3,99.9,28.2,punto adelante de la componente
1754,52.673,HIGH,toca_abajo,-33.5,-0.502,81.7,89.7,2.2,29.1,89.7,100.2,27.3,punto adelante de la componente
1755,52.703,HIGH,toca_abajo,-29.1,-0.437,80.5,88.2,1.0,27.8,88.2,100.0,23.5,punto adelante de la componente
1756,52.733,HIGH,toca_abajo,-29.1,-0.437,80.5,88.2,1.0,27.8,88.2,100.0,23.5,punto adelante de la componente
1757,52.763,MEDIUM,toca_abajo,-13.8,-0.207,76.7,84.1,-2.8,27.2,84.1,100.1,12.9,punto adelante de la componente
1758,52.793,MEDIUM,toca_abajo,-13.8,-0.207,76.7,84.1,-2.8,27.2,84.1,100.1,12.9,punto adelante de la componente
1759,52.823,MEDIUM,toca_abajo,26.2,0.393,68.2,76.1,-11.3,28.7,76.1,100.0,-9.5,punto adelante de la componente
1760,52.853,MEDIUM,toca_abajo,56.0,0.840,61.8,70.0,-17.8,30.2,70.0,100.2,-25.5,punto adelante de la componente
1761,52.883,MEDIUM,toca_abajo,75.4,1.000,48.9,56.1,-30.6,33.5,56.1,103.6,-55.0,punto adelante de la componente
1762,52.913,MEDIUM,toca_abajo,75.4,1.000,48.9,56.1,-30.6,33.5,56.1,103.6,-55.0,punto adelante de la componente
1763,52.943,SIN_CERCA,continuidad,47.8,0.600,,,,,56.1,103.6,-55.0,memoria
1764,52.973,SIN_CERCA,continuidad,47.8,0.600,,,,,56.1,103.6,-55.0,memoria
1765,53.003,SIN_CERCA,continuidad,39.1,0.600,,3.8,,,3.8,78.0,-60.9,componente visible arriba
1766,53.033,SIN_CERCA,continuidad,31.4,0.600,,9.1,,,9.1,79.3,-60.0,componente visible arriba
1767,53.063,SIN_CERCA,continuidad,31.4,0.600,,9.1,,,9.1,79.3,-60.0,componente visible arriba
1768,53.093,SIN_CERCA,continuidad,36.7,0.600,,2.6,,,2.6,96.5,-73.0,componente visible arriba
1769,53.123,SIN_CERCA,continuidad,36.5,0.600,,1.6,,,1.6,95.8,-72.8,componente visible arriba
1770,53.153,SIN_CERCA,continuidad,36.5,0.600,,1.6,,,1.6,95.8,-72.8,componente visible arriba
1771,53.183,SIN_CERCA,continuidad,48.6,0.600,,7.3,,,7.3,77.6,-59.6,componente visible arriba
1772,53.213,SIN_CERCA,continuidad,44.3,0.600,,,,,7.3,77.6,-59.6,memoria
1773,53.243,SIN_CERCA,continuidad,44.3,0.600,,,,,7.3,77.6,-59.6,memoria
1774,53.273,PERDIDA,sin_componente,0.0,0.000,,,,,,,0.0,sin objetivo
1775,53.303,PERDIDA,sin_componente,0.0,0.000,,,,,,,0.0,sin objetivo
1776,53.333,PERDIDA,sin_componente,0.0,0.000,,,,,,,0.0,sin objetivo
1777,53.363,PERDIDA,sin_componente,0.0,0.000,,,,,,,0.0,sin objetivo
1778,53.393,PERDIDA,sin_componente,0.0,0.000,,,,,,,0.0,sin objetivo
1779,53.423,HIGH,toca_abajo,21.7,0.325,31.8,34.4,-47.7,10.4,34.4,100.0,-66.1,punto adelante de la componente
1780,53.453,HIGH,toca_abajo,21.7,0.325,31.8,34.4,-47.7,10.4,34.4,100.0,-66.1,punto adelante de la componente
1781,53.483,HIGH,toca_abajo,31.9,0.479,19.8,22.4,-59.7,10.2,22.4,99.9,-70.6,punto adelante de la componente
1782,53.514,HIGH,toca_abajo,36.6,0.549,16.5,20.2,-63.0,14.1,20.2,99.9,-71.3,punto adelante de la componente
1783,53.544,HIGH,toca_abajo,36.6,0.549,16.5,20.2,-63.0,14.1,20.2,99.9,-71.3,punto adelante de la componente
1784,53.574,HIGH,toca_abajo,28.2,0.422,19.1,30.4,-60.4,37.3,30.4,99.5,-67.3,punto adelante de la componente
1785,53.604,HIGH,toca_abajo,22.3,0.334,25.0,60.4,-54.5,66.1,60.4,98.7,-41.9,punto adelante de la componente
1786,53.634,HIGH,toca_abajo,22.3,0.334,25.0,60.4,-54.5,66.1,60.4,98.7,-41.9,punto adelante de la componente
1787,53.664,HIGH,toca_abajo,24.9,0.374,29.3,60.9,-50.2,63.9,60.9,98.9,-41.4,punto adelante de la componente
1788,53.694,HIGH,toca_abajo,7.8,0.117,34.2,86.2,-45.3,74.5,86.2,100.1,18.7,punto adelante de la componente
1789,53.724,HIGH,toca_abajo,-17.7,-0.266,71.0,89.7,-8.5,54.1,89.7,100.1,27.2,punto adelante de la componente
1790,53.754,HIGH,toca_abajo,-17.7,-0.266,71.0,89.7,-8.5,54.1,89.7,100.1,27.2,punto adelante de la componente
1791,53.784,HIGH,toca_abajo,-40.5,-0.608,86.8,92.7,7.3,22.1,92.7,100.1,33.4,punto adelante de la componente
1792,53.814,MEDIUM,toca_abajo,-50.7,-0.761,89.9,93.2,10.4,13.3,93.2,100.4,35.0,punto adelante de la componente
1793,53.844,MEDIUM,toca_abajo,-50.7,-0.761,89.9,93.2,10.4,13.3,93.2,100.4,35.0,punto adelante de la componente
1794,53.874,MEDIUM,toca_abajo,-50.0,-0.750,89.3,81.3,9.8,-32.3,81.3,101.7,5.5,punto adelante de la componente
1795,53.904,MEDIUM,toca_abajo,-40.9,-0.613,87.8,61.6,8.3,-65.5,61.6,102.6,-45.9,punto adelante de la componente
1796,53.934,MEDIUM,toca_abajo,-40.9,-0.613,87.8,61.6,8.3,-65.5,61.6,102.6,-45.9,punto adelante de la componente
1797,53.964,MEDIUM,toca_abajo,-23.9,-0.359,85.9,44.7,6.4,-74.1,44.7,102.8,-63.7,punto adelante de la componente
1798,53.994,MEDIUM,toca_abajo,28.8,0.431,83.1,29.2,3.6,-78.1,29.2,103.2,-71.5,punto adelante de la componente
1799,54.024,MEDIUM,toca_abajo,73.2,1.000,74.0,16.0,-5.5,-79.3,16.0,104.5,-76.3,punto adelante de la componente
1800,54.054,MEDIUM,toca_abajo,73.2,1.000,74.0,16.0,-5.5,-79.3,16.0,104.5,-76.3,punto adelante de la componente
1801,54.084,LOW,toca_abajo,85.2,1.000,27.2,,-52.3,,16.0,104.5,-76.3,ultimo objetivo confiable (memoria)
1802,54.114,LOW,toca_abajo,88.3,1.000,15.1,,-64.4,,16.0,104.5,-76.3,ultimo objetivo confiable (memoria)
1803,54.144,LOW,toca_abajo,88.3,1.000,15.1,,-64.4,,16.0,104.5,-76.3,ultimo objetivo confiable (memoria)
1804,54.174,PERDIDA,sin_componente,89.8,0.000,,,,,,,0.0,sin objetivo
1805,54.204,PERDIDA,sin_componente,0.0,0.000,,,,,,,0.0,sin objetivo
1806,54.234,PERDIDA,sin_componente,0.0,0.000,,,,,,,0.0,sin objetivo
1807,54.264,PERDIDA,sin_componente,0.0,0.000,,,,,,,0.0,sin objetivo
1808,54.294,PERDIDA,sin_componente,0.0,0.000,,,,,,,0.0,sin objetivo
1809,54.324,PERDIDA,sin_componente,0.0,0.000,,,,,,,0.0,sin objetivo
1810,54.354,PERDIDA,sin_componente,0.0,0.000,,,,,,,0.0,sin objetivo
1811,54.384,PERDIDA,sin_componente,0.0,0.000,,,,,,,0.0,sin objetivo
1812,54.414,PERDIDA,sin_componente,0.0,0.000,,,,,,,0.0,sin objetivo
1813,54.444,PERDIDA,sin_componente,0.0,0.000,,,,,,,0.0,sin objetivo
1814,54.474,PERDIDA,sin_componente,0.0,0.000,,,,,,,0.0,sin objetivo
1815,54.505,PERDIDA,sin_componente,0.0,0.000,,,,,,,0.0,sin objetivo
1816,54.535,PERDIDA,sin_componente,0.0,0.000,,,,,,,0.0,sin objetivo
1817,54.565,PERDIDA,sin_componente,0.0,0.000,,,,,,,0.0,sin objetivo
1818,54.595,PERDIDA,sin_componente,0.0,0.000,,,,,,,0.0,sin objetivo
1819,54.625,PERDIDA,sin_componente,0.0,0.000,,,,,,,0.0,sin objetivo
1820,54.655,PERDIDA,sin_componente,41.7,0.000,,,,,,,0.0,sin objetivo
1821,54.685,PERDIDA,sin_componente,41.7,0.000,,,,,,,0.0,sin objetivo
1822,54.715,PERDIDA,sin_componente,43.9,0.000,,,,,,,0.0,sin objetivo
1823,54.745,PERDIDA,sin_componente,40.8,0.000,,,,,,,0.0,sin objetivo
1824,54.775,PERDIDA,sin_componente,40.8,0.000,,,,,,,0.0,sin objetivo
1825,54.805,PERDIDA,sin_componente,32.1,0.000,,,,,,,0.0,sin objetivo
1826,54.835,PERDIDA,sin_componente,31.2,0.000,,,,,,,0.0,sin objetivo
1827,54.865,SIN_CERCA,continuidad,45.4,0.600,,,,,16.0,104.5,-76.3,memoria
1828,54.895,SIN_CERCA,continuidad,45.4,0.600,,,,,16.0,104.5,-76.3,memoria
1829,54.925,SIN_CERCA,continuidad,47.6,0.600,,39.8,,,39.8,76.3,-42.3,componente visible arriba
1830,54.955,SIN_CERCA,continuidad,50.9,0.600,,5.8,,,5.8,98.7,-73.9,componente visible arriba
1831,54.985,SIN_CERCA,continuidad,50.9,0.600,,5.8,,,5.8,98.7,-73.9,componente visible arriba
1832,55.015,SIN_CERCA,salto_grande,46.9,0.600,,45.8,,,45.8,76.7,-37.9,componente visible arriba
1833,55.045,SIN_CERCA,continuidad,52.6,0.600,,42.7,,,42.7,80.0,-42.6,componente visible arriba
1834,55.075,SIN_CERCA,continuidad,52.6,0.600,,42.7,,,42.7,80.0,-42.6,componente visible arriba
1835,55.105,PERDIDA,sin_componente,53.1,0.000,,,,,,,0.0,sin objetivo
1836,55.135,PERDIDA,sin_componente,-11.7,0.000,,,,,,,0.0,sin objetivo
1837,55.165,PERDIDA,sin_componente,-11.7,0.000,,,,,,,0.0,sin objetivo
1838,55.195,MEDIUM,toca_abajo,-80.5,-1.000,150.0,149.3,70.5,-3.0,149.3,102.2,75.7,punto adelante de la componente
1839,55.225,HIGH,toca_abajo,-74.7,-1.000,153.3,151.5,73.8,-7.1,151.5,99.8,74.3,punto adelante de la componente
1840,55.255,HIGH,toca_abajo,-74.7,-1.000,153.3,151.5,73.8,-7.1,151.5,99.8,74.3,punto adelante de la componente
1841,55.285,HIGH,toca_abajo,-73.9,-1.000,154.6,152.3,75.1,-8.8,152.3,99.8,74.5,punto adelante de la componente
1842,55.315,HIGH,toca_abajo,-70.1,-1.000,158.0,156.1,78.5,-7.6,156.1,99.5,75.0,punto adelante de la componente
1843,55.345,HIGH,toca_abajo,-70.1,-1.000,158.0,156.1,78.5,-7.6,156.1,99.5,75.0,punto adelante de la componente
1844,55.375,SIN_CERCA,continuidad,-57.6,-0.600,,155.9,,,155.9,79.1,61.9,componente visible arriba
1845,55.405,SIN_CERCA,continuidad,-60.8,-0.600,,158.1,,,158.1,97.1,73.8,componente visible arriba
1846,55.435,SIN_CERCA,continuidad,-60.8,-0.600,,158.1,,,158.1,97.1,73.8,componente visible arriba
1847,55.465,HIGH,toca_abajo,-64.9,-0.973,157.3,154.4,77.8,-11.5,154.4,99.6,74.8,punto adelante de la componente
1848,55.495,HIGH,toca_abajo,-66.9,-1.000,153.4,150.7,73.9,-10.5,150.7,99.8,74.1,punto adelante de la componente
1849,55.526,HIGH,toca_abajo,-66.6,-0.999,150.3,147.8,70.8,-9.7,147.8,99.8,73.5,punto adelante de la componente
1850,55.556,HIGH,toca_abajo,-66.6,-0.999,150.3,147.8,70.8,-9.7,147.8,99.8,73.5,punto adelante de la componente
1851,55.586,HIGH,toca_abajo,-66.6,-0.999,146.6,144.2,67.1,-9.7,144.2,99.9,72.7,punto adelante de la componente
1852,55.616,HIGH,toca_abajo,-66.6,-0.999,146.6,144.2,67.1,-9.7,144.2,99.9,72.7,punto adelante de la componente
1853,55.646,HIGH,toca_abajo,-65.7,-0.986,142.4,140.0,62.9,-9.4,140.0,99.9,71.6,punto adelante de la componente
1854,55.676,HIGH,toca_abajo,-63.9,-0.959,138.3,135.8,58.8,-10.1,135.8,100.0,70.5,punto adelante de la componente
1855,55.706,HIGH,toca_abajo,-63.9,-0.959,138.3,135.8,58.8,-10.1,135.8,100.0,70.5,punto adelante de la componente
1856,55.736,HIGH,toca_abajo,-61.4,-0.922,134.0,128.9,54.5,-19.8,128.9,100.1,68.0,punto adelante de la componente
1857,55.766,HIGH,toca_abajo,-55.5,-0.832,124.6,118.0,45.1,-24.4,118.0,100.1,62.7,punto adelante de la componente
1858,55.796,HIGH,toca_abajo,-55.5,-0.832,124.6,118.0,45.1,-24.4,118.0,100.1,62.7,punto adelante de la componente
1859,55.826,HIGH,toca_abajo,-49.1,-0.737,112.9,107.1,33.4,-21.7,107.1,100.1,54.2,punto adelante de la componente
1860,55.856,HIGH,toca_abajo,-42.1,-0.632,103.7,98.4,24.2,-20.0,98.4,100.1,43.6,punto adelante de la componente
1861,55.886,HIGH,toca_abajo,-42.1,-0.632,103.7,98.4,24.2,-20.0,98.4,100.1,43.6,punto adelante de la componente
1862,55.916,HIGH,toca_abajo,-32.0,-0.480,94.9,89.9,15.4,-19.0,89.9,100.1,27.6,punto adelante de la componente
1863,55.946,HIGH,toca_abajo,-19.3,-0.289,85.2,80.5,5.7,-17.9,80.5,100.1,3.0,punto adelante de la componente
1864,55.976,HIGH,toca_abajo,-19.3,-0.289,85.2,80.5,5.7,-17.9,80.5,100.1,3.0,punto adelante de la componente
1865,56.006,HIGH,toca_abajo,-7.9,-0.119,77.6,73.8,-1.9,-14.4,73.8,100.1,-15.9,punto adelante de la componente
1866,56.036,HIGH,toca_abajo,-7.9,-0.119,77.6,73.8,-1.9,-14.4,73.8,100.1,-15.9,punto adelante de la componente
1867,56.066,HIGH,toca_abajo,4.3,0.065,68.5,65.1,-11.0,-13.4,65.1,100.1,-35.9,punto adelante de la componente
1868,56.096,HIGH,toca_abajo,6.8,0.102,62.1,58.9,-17.4,-12.2,58.9,100.1,-45.9,punto adelante de la componente
1869,56.126,HIGH,toca_abajo,6.4,0.096,55.0,54.3,-24.5,-2.6,54.3,99.9,-51.4,punto adelante de la componente
1870,56.156,HIGH,toca_abajo,6.4,0.096,55.0,54.3,-24.5,-2.6,54.3,99.9,-51.4,punto adelante de la componente
1871,56.186,HIGH,toca_abajo,-0.4,-0.006,50.0,67.6,-29.5,48.9,67.6,99.5,-30.2,punto adelante de la componente
1872,56.216,HIGH,toca_abajo,-5.7,-0.086,50.5,77.2,-29.0,61.8,77.2,99.8,-6.5,punto adelante de la componente
1873,56.246,HIGH,toca_abajo,-5.7,-0.086,50.5,77.2,-29.0,61.8,77.2,99.8,-6.5,punto adelante de la componente
1874,56.276,HIGH,toca_abajo,-24.8,-0.371,68.3,84.4,-11.2,48.4,84.4,100.0,13.8,punto adelante de la componente
1875,56.306,HIGH,toca_abajo,-57.3,-0.859,81.6,104.1,2.1,59.3,104.1,101.1,52.5,punto adelante de la componente
1876,56.336,HIGH,toca_abajo,-57.3,-0.859,81.6,104.1,2.1,59.3,104.1,101.1,52.5,punto adelante de la componente
1877,56.366,MEDIUM,toca_abajo,-78.4,-1.000,92.9,142.0,13.4,73.8,142.0,101.0,73.1,punto adelante de la componente
1878,56.396,MEDIUM,toca_abajo,-84.7,-1.000,132.6,151.4,53.1,54.3,151.4,101.6,75.6,punto adelante de la componente
1879,56.426,MEDIUM,toca_abajo,-84.7,-1.000,132.6,151.4,53.1,54.3,151.4,101.6,75.6,punto adelante de la componente
1880,56.456,MEDIUM,toca_abajo,-85.5,-1.000,139.2,153.7,59.7,48.3,153.7,102.2,76.5,punto adelante de la componente
1881,56.486,MEDIUM,toca_abajo,-85.6,-1.000,141.6,154.3,62.1,44.6,154.3,102.2,76.6,punto adelante de la componente
1882,56.517,MEDIUM,toca_abajo,-85.6,-1.000,141.6,154.3,62.1,44.6,154.3,102.2,76.6,punto adelante de la componente
1883,56.547,MEDIUM,toca_abajo,-85.3,-1.000,141.8,153.8,62.3,42.3,153.8,101.7,76.2,punto adelante de la componente
1884,56.577,MEDIUM,toca_abajo,-84.1,-1.000,137.8,150.9,58.3,43.2,150.9,101.0,75.1,punto adelante de la componente
1885,56.607,MEDIUM,toca_abajo,-84.1,-1.000,137.8,150.9,58.3,43.2,150.9,101.0,75.1,punto adelante de la componente
1886,56.637,MEDIUM,toca_abajo,-82.9,-1.000,133.5,147.9,54.0,45.5,147.9,100.8,74.3,punto adelante de la componente
1887,56.667,HIGH,toca_abajo,-81.6,-1.000,130.7,145.0,51.2,45.2,145.0,100.6,73.5,punto adelante de la componente
1888,56.697,HIGH,toca_abajo,-81.6,-1.000,130.7,145.0,51.2,45.2,145.0,100.6,73.5,punto adelante de la componente
1889,56.727,HIGH,toca_abajo,-79.2,-1.000,123.8,139.8,44.3,48.1,139.8,100.5,72.1,punto adelante de la componente
1890,56.757,HIGH,toca_abajo,-76.6,-1.000,117.0,134.5,37.5,50.6,134.5,100.4,70.4,punto adelante de la componente
1891,56.787,HIGH,toca_abajo,-76.6,-1.000,117.0,134.5,37.5,50.6,134.5,100.4,70.4,punto adelante de la componente
1892,56.817,HIGH,toca_abajo,-74.1,-1.000,112.8,130.6,33.3,51.0,130.6,100.4,69.0,punto adelante de la componente
1893,56.847,HIGH,toca_abajo,-69.0,-1.000,101.3,123.7,21.8,57.3,123.7,100.3,66.0,punto adelante de la componente
1894,56.877,HIGH,toca_abajo,-64.5,-0.967,92.9,117.6,13.4,59.6,117.6,100.2,62.6,punto adelante de la componente
1895,56.907,HIGH,toca_abajo,-64.5,-0.967,92.9,117.6,13.4,59.6,117.6,100.2,62.6,punto adelante de la componente
1896,56.937,HIGH,toca_abajo,-57.8,-0.866,85.1,109.5,5.6,59.2,109.5,100.2,56.6,punto adelante de la componente
1897,56.967,HIGH,toca_abajo,-42.7,-0.641,71.0,97.4,-8.5,61.1,97.4,100.2,42.1,punto adelante de la componente
1898,56.997,HIGH,toca_abajo,-42.7,-0.641,71.0,97.4,-8.5,61.1,97.4,100.2,42.1,punto adelante de la componente
1899,57.027,HIGH,toca_abajo,-26.9,-0.403,63.1,88.7,-16.4,60.7,88.7,100.2,25.0,punto adelante de la componente
1900,57.057,HIGH,toca_abajo,-5.6,-0.084,56.0,79.1,-23.5,58.3,79.1,100.2,-1.2,punto adelante de la componente
1901,57.087,HIGH,toca_abajo,-5.6,-0.084,56.0,79.1,-23.5,58.3,79.1,100.2,-1.2,punto adelante de la componente
1902,57.117,HIGH,toca_abajo,9.4,0.141,51.9,72.1,-27.6,54.8,72.1,100.2,-20.4,punto adelante de la componente
1903,57.147,HIGH,toca_abajo,16.5,0.248,49.3,68.4,-30.2,53.3,68.4,100.2,-29.3,punto adelante de la componente
1904,57.177,HIGH,toca_abajo,4.8,0.072,52.2,75.0,-27.3,57.9,75.0,100.2,-12.8,punto adelante de la componente
1905,57.207,HIGH,toca_abajo,4.8,0.072,52.2,75.0,-27.3,57.9,75.0,100.2,-12.8,punto adelante de la componente
1906,57.237,HIGH,toca_abajo,-35.9,-0.538,71.8,92.3,-7.7,54.9,92.3,100.2,32.9,punto adelante de la componente
1907,57.267,HIGH,toca_abajo,-54.1,-0.812,88.8,105.7,9.3,49.5,105.7,100.2,52.9,punto adelante de la componente
1908,57.297,HIGH,toca_abajo,-54.1,-0.812,88.8,105.7,9.3,49.5,105.7,100.2,52.9,punto adelante de la componente
1909,57.327,HIGH,toca_abajo,-61.9,-0.928,102.7,115.9,23.2,42.4,115.9,100.2,61.4,punto adelante de la componente
1910,57.357,HIGH,toca_abajo,-62.6,-0.939,106.6,117.3,27.1,36.5,117.3,100.2,62.3,punto adelante de la componente
1911,57.387,HIGH,toca_abajo,-62.6,-0.939,106.6,117.3,27.1,36.5,117.3,100.2,62.3,punto adelante de la componente
1912,57.417,HIGH,toca_abajo,-62.4,-0.935,106.7,117.2,27.2,36.0,117.2,100.2,62.2,punto adelante de la componente
1913,57.447,HIGH,toca_abajo,-61.6,-0.923,106.3,116.1,26.8,34.2,116.1,100.1,61.6,punto adelante de la componente
1914,57.477,HIGH,toca_abajo,-61.6,-0.923,106.3,116.1,26.8,34.2,116.1,100.1,61.6,punto adelante de la componente
1915,57.508,HIGH,toca_abajo,-59.1,-0.887,102.9,112.4,23.4,33.4,112.4,100.2,58.9,punto adelante de la componente
1916,57.538,HIGH,toca_abajo,-55.4,-0.831,98.5,108.0,19.0,33.2,108.0,100.1,55.1,punto adelante de la componente
1917,57.568,HIGH,toca_abajo,-55.4,-0.831,98.5,108.0,19.0,33.2,108.0,100.1,55.1,punto adelante de la componente
1918,57.598,HIGH,toca_abajo,-48.2,-0.723,91.8,101.1,12.3,32.9,101.1,100.1,47.5,punto adelante de la componente
1919,57.628,HIGH,toca_abajo,-32.2,-0.483,81.0,90.7,1.5,33.9,90.7,100.1,29.5,punto adelante de la componente
1920,57.658,HIGH,toca_abajo,-32.2,-0.483,81.0,90.7,1.5,33.9,90.7,100.1,29.5,punto adelante de la componente
1921,57.688,HIGH,toca_abajo,-7.4,-0.111,69.3,79.8,-10.2,36.0,79.8,100.1,0.9,punto adelante de la componente
1922,57.718,HIGH,toca_abajo,13.9,0.208,59.8,71.3,-19.7,38.4,71.3,100.1,-22.4,punto adelante de la componente
1923,57.748,HIGH,toca_abajo,16.3,0.245,58.7,70.4,-20.8,38.9,70.4,100.1,-24.6,punto adelante de la componente
1924,57.778,HIGH,toca_abajo,13.9,0.208,59.5,71.5,-20.0,39.6,71.5,100.1,-22.0,punto adelante de la componente
1925,57.808,HIGH,toca_abajo,13.9,0.208,59.5,71.5,-20.0,39.6,71.5,100.1,-22.0,punto adelante de la componente
1926,57.838,HIGH,toca_abajo,-6.3,-0.094,68.5,79.3,-11.0,36.7,79.3,100.1,-0.5,punto adelante de la componente
1927,57.868,HIGH,toca_abajo,-20.2,-0.302,75.6,85.0,-3.9,33.0,85.0,100.1,15.4,punto adelante de la componente
1928,57.898,HIGH,toca_abajo,-20.2,-0.302,75.6,85.0,-3.9,33.0,85.0,100.1,15.4,punto adelante de la componente
1929,57.928,HIGH,toca_abajo,-31.7,-0.476,81.7,90.5,2.2,31.4,90.5,100.1,29.0,punto adelante de la componente
1930,57.958,HIGH,toca_abajo,-41.8,-0.627,89.4,96.9,9.9,27.4,96.9,100.1,41.3,punto adelante de la componente
1931,57.988,HIGH,toca_abajo,-44.4,-0.666,92.2,98.9,12.7,24.7,98.9,100.1,44.3,punto adelante de la componente
1932,58.018,HIGH,toca_abajo,-44.4,-0.666,92.2,98.9,12.7,24.7,98.9,100.1,44.3,punto adelante de la componente
1933,58.048,HIGH,toca_abajo,-45.0,-0.676,93.8,99.3,14.3,21.0,99.3,100.1,44.9,punto adelante de la componente
1934,58.078,HIGH,toca_abajo,-39.6,-0.594,90.7,95.8,11.2,19.5,95.8,100.1,39.3,punto adelante de la componente
1935,58.108,HIGH,toca_abajo,-39.6,-0.594,90.7,95.8,11.2,19.5,95.8,100.1,39.3,punto adelante de la componente
1936,58.138,HIGH,toca_abajo,-32.6,-0.488,86.0,91.6,6.5,21.1,91.6,100.1,31.3,punto adelante de la componente
1937,58.168,HIGH,toca_abajo,-32.6,-0.488,86.0,91.6,6.5,21.1,91.6,100.1,31.3,punto adelante de la componente
1938,58.198,HIGH,toca_abajo,-27.0,-0.404,83.5,89.0,4.0,20.9,89.0,100.1,25.7,punto adelante de la componente
1939,58.228,HIGH,toca_abajo,-19.7,-0.295,80.3,86.2,0.8,22.2,86.2,100.1,18.7,punto adelante de la componente
1940,58.258,HIGH,toca_abajo,-19.7,-0.295,80.3,86.2,0.8,22.2,86.2,100.1,18.7,punto adelante de la componente
1941,58.288,HIGH,toca_abajo,-14.4,-0.216,78.4,84.4,-1.1,22.4,84.4,100.1,13.8,punto adelante de la componente
1942,58.318,HIGH,toca_abajo,-8.6,-0.129,77.0,82.8,-2.5,21.9,82.8,100.1,9.5,punto adelante de la componente
1943,58.348,HIGH,toca_abajo,-0.6,-0.008,73.8,79.5,-5.7,21.6,79.5,100.1,0.0,punto adelante de la componente
1944,58.378,HIGH,toca_abajo,-0.6,-0.008,73.8,79.5,-5.7,21.6,79.5,100.1,0.0,punto adelante de la componente
1945,58.408,HIGH,toca_abajo,5.1,0.077,71.8,78.0,-7.7,23.0,78.0,100.1,-4.4,punto adelante de la componente
1946,58.438,HIGH,toca_abajo,5.1,0.077,71.8,78.0,-7.7,23.0,78.0,100.1,-4.4,punto adelante de la componente
1947,58.468,HIGH,toca_abajo,9.5,0.143,76.3,81.8,-3.2,20.9,81.8,100.1,6.5,punto adelante de la componente
1948,58.498,HIGH,toca_abajo,17.8,0.267,77.1,82.2,-2.4,19.5,82.2,100.1,7.8,punto adelante de la componente
1949,58.529,HIGH,toca_abajo,17.8,0.267,77.1,82.2,-2.4,19.5,82.2,100.1,7.8,punto adelante de la componente
1950,58.559,HIGH,toca_abajo,18.1,0.271,81.8,86.2,2.3,16.7,86.2,100.1,18.5,punto adelante de la componente
1951,58.589,HIGH,toca_abajo,23.6,0.354,84.7,83.5,5.2,-4.6,83.5,99.7,11.1,punto adelante de la componente
1952,58.619,HIGH,toca_abajo,23.6,0.354,84.7,83.5,5.2,-4.6,83.5,99.7,11.1,punto adelante de la componente
1953,58.649,HIGH,toca_abajo,29.6,0.444,91.1,74.2,11.6,-48.8,74.2,99.8,-14.6,punto adelante de la componente
1954,58.679,HIGH,toca_abajo,52.1,0.782,78.6,63.0,-0.9,-47.9,63.0,100.2,-39.8,punto adelante de la componente
1955,58.709,HIGH,toca_abajo,64.6,0.968,69.2,50.6,-10.3,-53.7,50.6,100.7,-56.3,punto adelante de la componente
1956,58.739,HIGH,toca_abajo,64.6,0.968,69.2,50.6,-10.3,-53.7,50.6,100.7,-56.3,punto adelante de la componente
1957,58.769,HIGH,toca_abajo,70.2,1.000,68.8,35.6,-10.7,-67.4,35.6,100.7,-66.2,punto adelante de la componente
1958,58.799,HIGH,toca_abajo,76.4,1.000,62.7,24.4,-16.8,-69.6,24.4,100.7,-70.7,punto adelante de la componente
1959,58.829,HIGH,toca_abajo,76.4,1.000,62.7,24.4,-16.8,-69.6,24.4,100.7,-70.7,punto adelante de la componente
1960,58.859,HIGH,toca_abajo,78.3,1.000,55.2,21.8,-24.3,-66.6,21.8,100.7,-71.5,punto adelante de la componente
1961,58.889,HIGH,toca_abajo,78.5,1.000,49.4,22.5,-30.1,-61.9,22.5,100.6,-71.2,punto adelante de la componente
1962,58.919,HIGH,toca_abajo,78.5,1.000,49.4,22.5,-30.1,-61.9,22.5,100.6,-71.2,punto adelante de la componente
1963,58.949,HIGH,toca_abajo,77.4,1.000,50.8,24.7,-28.7,-61.2,24.7,100.6,-70.5,punto adelante de la componente
1964,58.979,HIGH,toca_abajo,74.5,1.000,56.6,29.2,-22.9,-62.2,29.2,100.5,-68.8,punto adelante de la componente
1965,59.009,HIGH,toca_abajo,69.1,1.000,68.5,35.5,-11.0,-66.3,35.5,100.4,-66.0,punto adelante de la componente
1966,59.039,HIGH,toca_abajo,69.1,1.000,68.5,35.5,-11.0,-66.3,35.5,100.4,-66.0,punto adelante de la componente
1967,59.069,HIGH,toca_abajo,63.9,0.959,75.9,40.1,-3.6,-68.0,40.1,100.3,-63.5,punto adelante de la componente
1968,59.099,HIGH,toca_abajo,53.1,0.796,86.7,50.2,7.2,-68.5,50.2,100.3,-56.0,punto adelante de la componente
1969,59.129,HIGH,toca_abajo,40.4,0.606,93.9,60.7,14.4,-66.8,60.7,100.3,-43.7,punto adelante de la componente
1970,59.159,HIGH,toca_abajo,36.1,0.541,95.6,64.0,16.1,-65.7,64.0,100.2,-38.1,punto adelante de la componente
1971,59.189,HIGH,toca_abajo,36.1,0.541,95.6,64.0,16.1,-65.7,64.0,100.2,-38.1,punto adelante de la componente
1972,59.219,HIGH,toca_abajo,22.7,0.340,101.0,71.8,21.5,-64.0,71.8,100.2,-21.2,punto adelante de la componente
1973,59.249,HIGH,toca_abajo,16.0,0.239,103.6,75.2,24.1,-63.4,75.2,100.2,-12.3,punto adelante de la componente
1974,59.279,HIGH,toca_abajo,16.0,0.239,103.6,75.2,24.1,-63.4,75.2,100.2,-12.3,punto adelante de la componente
1975,59.309,HIGH,toca_abajo,15.1,0.226,104.1,75.8,24.6,-63.3,75.8,100.2,-10.7,punto adelante de la componente
1976,59.339,HIGH,toca_abajo,20.8,0.312,101.4,73.2,21.9,-63.1,73.2,100.2,-17.8,punto adelante de la componente
1977,59.369,HIGH,toca_abajo,20.8,0.312,101.4,73.2,21.9,-63.1,73.2,100.2,-17.8,punto adelante de la componente
1978,59.399,HIGH,toca_abajo,41.9,0.628,89.9,61.5,10.4,-63.0,61.5,100.2,-42.3,punto adelante de la componente
1979,59.429,HIGH,toca_abajo,59.5,0.893,70.3,47.6,-9.2,-57.5,47.6,100.2,-58.2,punto adelante de la componente
1980,59.459,HIGH,toca_abajo,66.8,1.000,55.4,37.1,-24.1,-51.7,37.1,100.2,-65.0,punto adelante de la componente
1981,59.489,HIGH,toca_abajo,66.8,1.000,55.4,37.1,-24.1,-51.7,37.1,100.2,-65.0,punto adelante de la componente
1982,59.520,HIGH,toca_abajo,69.2,1.000,48.5,33.3,-31.0,-46.6,33.3,100.2,-66.8,punto adelante de la componente
1983,59.550,HIGH,toca_abajo,69.8,1.000,46.8,32.9,-32.7,-44.1,32.9,100.2,-67.0,punto adelante de la componente
1984,59.580,HIGH,toca_abajo,69.8,1.000,46.8,32.9,-32.7,-44.1,32.9,100.2,-67.0,punto adelante de la componente
1985,59.610,HIGH,toca_abajo,70.6,1.000,43.6,31.2,-35.9,-40.7,31.2,100.2,-67.7,punto adelante de la componente
1986,59.640,HIGH,toca_abajo,69.1,1.000,46.6,33.7,-32.9,-41.7,33.7,100.2,-66.6,punto adelante de la componente
1987,59.670,HIGH,toca_abajo,69.1,1.000,46.6,33.7,-32.9,-41.7,33.7,100.2,-66.6,punto adelante de la componente
1988,59.700,HIGH,toca_abajo,65.3,0.979,54.8,38.5,-24.7,-48.5,38.5,100.1,-64.1,punto adelante de la componente
1989,59.730,HIGH,toca_abajo,60.3,0.905,65.9,44.0,-13.6,-56.3,44.0,100.1,-60.7,punto adelante de la componente
1990,59.760,HIGH,toca_abajo,60.3,0.905,65.9,44.0,-13.6,-56.3,44.0,100.1,-60.7,punto adelante de la componente
1991,59.790,HIGH,toca_abajo,55.7,0.836,76.7,48.4,-2.8,-62.8,48.4,100.1,-57.4,punto adelante de la componente
1992,59.820,HIGH,toca_abajo,52.6,0.789,77.3,52.3,-2.2,-60.5,52.3,100.1,-53.8,punto adelante de la componente
1993,59.850,HIGH,toca_abajo,52.6,0.789,77.3,52.3,-2.2,-60.5,52.3,100.1,-53.8,punto adelante de la componente
1994,59.880,HIGH,toca_abajo,56.6,0.850,67.0,53.0,-12.5,-44.6,53.0,100.1,-53.1,punto adelante de la componente
1995,59.910,HIGH,toca_abajo,56.1,0.842,65.5,55.2,-14.0,-35.4,55.2,100.1,-50.7,punto adelante de la componente
1996,59.940,HIGH,toca_abajo,56.1,0.842,65.5,55.2,-14.0,-35.4,55.2,100.1,-50.7,punto adelante de la componente
1997,59.970,HIGH,toca_abajo,50.4,0.755,68.5,58.8,-11.0,-33.9,58.8,100.1,-46.1,punto adelante de la componente
1998,60.000,HIGH,toca_abajo,37.7,0.566,73.3,64.1,-6.2,-32.6,64.1,100.1,-37.7,punto adelante de la componente
1999,60.030,HIGH,toca_abajo,37.7,0.566,73.3,64.1,-6.2,-32.6,64.1,100.1,-37.7,punto adelante de la componente
2000,60.060,HIGH,toca_abajo,11.1,0.167,78.7,71.6,-0.8,-26.3,71.6,100.1,-21.7,punto adelante de la componente
2001,60.090,HIGH,toca_abajo,-4.9,-0.073,78.9,73.8,-0.6,-19.6,73.8,100.1,-16.0,punto adelante de la componente
2002,60.120,HIGH,toca_abajo,-23.6,-0.354,79.2,82.9,-0.3,15.1,82.9,100.7,10.1,punto adelante de la componente
2003,60.150,HIGH,toca_abajo,-23.6,-0.354,79.2,82.9,-0.3,15.1,82.9,100.7,10.1,punto adelante de la componente
2004,60.180,MEDIUM,toca_abajo,-46.3,-0.695,79.5,102.1,-0.0,59.6,102.1,101.2,50.2,punto adelante de la componente
2005,60.210,MEDIUM,toca_abajo,-72.2,-1.000,84.4,127.7,4.9,72.5,127.7,101.2,68.7,punto adelante de la componente
2006,60.240,MEDIUM,toca_abajo,-72.2,-1.000,84.4,127.7,4.9,72.5,127.7,101.2,68.7,punto adelante de la componente
2007,60.270,MEDIUM,toca_abajo,-85.1,-1.000,127.5,137.5,48.0,41.0,137.5,103.6,74.2,punto adelante de la componente
2008,60.300,MEDIUM,toca_abajo,-86.1,-1.000,134.1,139.5,54.6,26.7,139.5,104.4,75.5,punto adelante de la componente
2009,60.330,MEDIUM,toca_abajo,-86.1,-1.000,134.1,139.5,54.6,26.7,139.5,104.4,75.5,punto adelante de la componente
2010,60.360,LOW,toca_abajo,-86.8,-1.000,130.3,,50.8,,139.5,104.4,75.5,ultimo objetivo confiable (memoria)
2011,60.390,LOW,toca_abajo,-86.9,-1.000,125.9,,46.4,,139.5,104.4,75.5,ultimo objetivo confiable (memoria)
2012,60.420,LOW,toca_abajo,-86.9,-1.000,125.9,,46.4,,139.5,104.4,75.5,ultimo objetivo confiable (memoria)
2013,60.450,LOW,toca_abajo,-85.9,-1.000,115.8,,36.3,,139.5,104.4,75.5,ultimo objetivo confiable (memoria)
2014,60.480,LOW,toca_abajo,-83.7,-1.000,106.1,,26.6,,139.5,104.4,75.5,ultimo objetivo confiable (memoria)
2015,60.511,LOW,toca_abajo,-83.7,-1.000,106.1,,26.6,,139.5,104.4,75.5,ultimo objetivo confiable (memoria)
2016,60.541,LOW,toca_abajo,-77.2,-1.000,96.1,,16.6,,139.5,104.4,75.5,ultimo objetivo confiable (memoria)
2017,60.571,LOW,toca_abajo,-63.6,-0.954,85.9,,6.4,,139.5,104.4,75.5,ultimo objetivo confiable (memoria)
2018,60.601,MEDIUM,toca_abajo,46.7,0.701,72.3,82.3,-7.2,42.2,82.3,104.1,10.0,punto adelante de la componente
2019,60.631,MEDIUM,toca_abajo,46.7,0.701,72.3,82.3,-7.2,42.2,82.3,104.1,10.0,punto adelante de la componente
2020,60.661,MEDIUM,toca_abajo,65.9,0.988,60.5,72.1,-19.0,46.9,72.1,104.4,-25.5,punto adelante de la componente
2021,60.691,MEDIUM,toca_abajo,69.5,1.000,50.5,62.0,-29.0,47.3,62.0,104.7,-48.8,punto adelante de la componente
2022,60.721,LOW,toca_abajo,61.7,0.925,42.5,,-37.0,,62.0,104.7,-48.8,ultimo objetivo confiable (memoria)
2023,60.751,LOW,toca_abajo,61.7,0.925,42.5,,-37.0,,62.0,104.7,-48.8,ultimo objetivo confiable (memoria)
2024,60.781,LOW,toca_abajo,-13.6,0.204,44.8,,-34.7,,62.0,104.7,-48.8,ultimo objetivo confiable (memoria)
2025,60.811,SIN_CERCA,salto_grande,-45.8,-0.600,,,,,62.0,104.7,-48.8,memoria
2026,60.841,SIN_CERCA,salto_grande,-45.8,-0.600,,,,,62.0,104.7,-48.8,memoria
2027,60.871,SIN_CERCA,salto_grande,-45.8,-0.600,,,,,62.0,104.7,-48.8,memoria
2028,60.901,SIN_CERCA,salto_grande,-45.7,-0.600,,,,,62.0,104.7,-48.8,memoria
2029,60.931,SIN_CERCA,salto_grande,-45.7,-0.600,,,,,62.0,104.7,-48.8,memoria
2030,60.961,SIN_CERCA,salto_grande,-45.7,-0.600,,,,,62.0,104.7,-48.8,memoria
2031,60.991,SIN_CERCA,salto_grande,-45.6,-0.600,,,,,62.0,104.7,-48.8,memoria
2032,61.021,SIN_CERCA,salto_grande,-45.6,-0.600,,,,,62.0,104.7,-48.8,memoria
2033,61.051,SIN_CERCA,salto_grande,-45.5,-0.600,,,,,62.0,104.7,-48.8,memoria
2034,61.081,SIN_CERCA,salto_grande,-45.4,-0.600,,,,,62.0,104.7,-48.8,memoria
2035,61.111,SIN_CERCA,salto_grande,-45.4,-0.600,,,,,62.0,104.7,-48.8,memoria
2036,61.141,SIN_CERCA,salto_grande,-45.5,-0.600,,,,,62.0,104.7,-48.8,memoria
2037,61.171,SIN_CERCA,salto_grande,-45.2,-0.600,,,,,62.0,104.7,-48.8,memoria
2038,61.201,SIN_CERCA,salto_grande,-45.2,-0.600,,,,,62.0,104.7,-48.8,memoria
2039,61.231,SIN_CERCA,salto_grande,-44.9,-0.600,,,,,62.0,104.7,-48.8,memoria
2040,61.261,SIN_CERCA,salto_grande,-44.5,-0.600,,155.4,,,155.4,75.9,59.9,componente visible arriba
2041,61.291,SIN_CERCA,continuidad,-44.5,-0.600,,152.9,,,152.9,76.7,59.4,componente visible arriba
2042,61.321,SIN_CERCA,continuidad,-44.5,-0.668,,152.9,,,152.9,76.7,59.4,componente visible arriba
2043,61.351,SIN_CERCA,continuidad,-44.6,-0.669,,150.7,,,150.7,77.4,59.1,componente visible arriba
2044,61.381,SIN_CERCA,continuidad,-45.7,-0.686,,148.0,,,148.0,78.4,58.7,componente visible arriba
2045,61.411,SIN_CERCA,continuidad,-45.7,-0.686,,148.0,,,148.0,78.4,58.7,componente visible arriba
2046,61.441,SIN_CERCA,continuidad,-46.1,-0.692,,148.5,,,148.5,79.7,59.7,componente visible arriba
2047,61.471,SIN_CERCA,continuidad,-47.4,-0.711,,147.4,,,147.4,80.2,59.6,componente visible arriba
2048,61.502,SIN_CERCA,continuidad,-47.4,-0.711,,147.4,,,147.4,80.2,59.6,componente visible arriba
2049,61.532,SIN_CERCA,continuidad,-48.1,-0.722,,149.3,,,149.3,80.6,60.5,componente visible arriba
2050,61.562,SIN_CERCA,continuidad,-50.1,-0.752,,151.0,,,151.0,80.0,60.8,componente visible arriba
2051,61.592,SIN_CERCA,continuidad,-50.1,-0.752,,151.0,,,151.0,80.0,60.8,componente visible arriba
2052,61.622,SIN_CERCA,continuidad,-49.4,-0.741,,151.8,,,151.8,79.8,60.9,componente visible arriba
2053,61.652,SIN_CERCA,continuidad,-41.3,-0.619,,153.4,,,153.4,95.5,71.7,componente visible arriba
2054,61.682,SIN_CERCA,continuidad,-41.3,-0.619,,153.4,,,153.4,95.5,71.7,componente visible arriba
2055,61.712,SIN_CERCA,continuidad,-39.5,-0.592,,150.1,,,150.1,95.8,71.1,componente visible arriba
2056,61.742,SIN_CERCA,continuidad,-26.9,-0.403,,147.6,,,147.6,96.8,71.1,componente visible arriba
2057,61.772,SIN_CERCA,continuidad,-26.9,-0.403,,147.6,,,147.6,96.8,71.1,componente visible arriba
2058,61.802,SIN_CERCA,continuidad,-10.7,-0.160,,149.1,,,149.1,100.1,74.0,componente visible arriba
2059,61.832,SIN_CERCA,continuidad,6.9,0.103,,150.9,,,150.9,104.0,77.4,componente visible arriba
2060,61.862,SIN_CERCA,continuidad,6.9,0.103,,150.9,,,150.9,104.0,77.4,componente visible arriba
2061,61.892,SIN_CERCA,continuidad,25.7,0.386,152.4,,72.9,,152.4,110.5,82.6,solo el punto cercano
2062,61.922,SIN_CERCA,continuidad,32.8,0.491,,,,,152.4,110.5,82.6,memoria
2063,61.952,SIN_CERCA,salto_grande,53.9,0.809,,27.7,,,27.7,75.7,-49.5,componente visible arriba
2064,61.982,SIN_CERCA,continuidad,53.9,0.809,,27.7,,,27.7,75.7,-49.5,componente visible arriba
2065,62.012,SIN_CERCA,continuidad,57.1,0.857,,12.8,,,12.8,76.9,-57.1,componente visible arriba
2066,62.042,SIN_CERCA,continuidad,57.1,0.857,,12.8,,,12.8,76.9,-57.1,componente visible arriba
2067,62.072,HIGH,toca_abajo,64.9,0.974,13.5,3.7,-66.0,-34.9,3.7,99.8,-75.1,punto adelante de la componente
2068,62.102,SIN_CERCA,continuidad,57.5,0.600,,,,,3.7,99.8,-75.1,memoria
2069,62.132,SIN_CERCA,continuidad,58.4,0.600,,,,,3.7,99.8,-75.1,memoria
2070,62.162,SIN_CERCA,continuidad,58.4,0.600,,,,,3.7,99.8,-75.1,memoria
2071,62.192,SIN_CERCA,continuidad,58.2,0.600,,0.8,,,0.8,77.8,-61.8,componente visible arriba
2072,62.222,SIN_CERCA,continuidad,56.7,0.600,,8.6,,,8.6,100.0,-74.3,componente visible arriba
2073,62.252,SIN_CERCA,continuidad,56.7,0.600,,8.6,,,8.6,100.0,-74.3,componente visible arriba
2074,62.282,SIN_CERCA,continuidad,53.7,0.600,,2.0,,,2.0,80.0,-62.7,componente visible arriba
2075,62.312,SIN_CERCA,continuidad,51.2,0.600,,3.1,,,3.1,79.7,-62.2,componente visible arriba
2076,62.342,SIN_CERCA,continuidad,51.2,0.600,,3.1,,,3.1,79.7,-62.2,componente visible arriba
2077,62.372,SIN_CERCA,continuidad,46.7,0.600,,4.0,,,4.0,79.2,-61.6,componente visible arriba
2078,62.402,SIN_CERCA,continuidad,30.5,0.600,,,,,4.0,79.2,-61.6,memoria
2079,62.432,SIN_CERCA,continuidad,30.5,0.600,,,,,4.0,79.2,-61.6,memoria
2080,62.462,SIN_CERCA,continuidad,24.6,0.600,,50.3,,,50.3,76.8,-34.0,componente visible arriba
2081,62.492,SIN_CERCA,continuidad,14.8,-0.600,,30.4,,,30.4,77.4,-49.0,componente visible arriba
2082,62.523,SIN_CERCA,continuidad,14.8,-0.600,,30.4,,,30.4,77.4,-49.0,componente visible arriba
2083,62.553,SIN_CERCA,continuidad,11.9,-0.600,,19.3,,,19.3,79.2,-55.8,componente visible arriba
2084,62.583,SIN_CERCA,continuidad,4.4,-0.600,,45.8,,,45.8,99.8,-59.0,componente visible arriba
2085,62.613,SIN_CERCA,continuidad,4.4,-0.600,,45.8,,,45.8,99.8,-59.0,componente visible arriba
2086,62.643,HIGH,toca_abajo,2.6,0.039,110.5,93.4,31.0,-50.4,93.4,99.5,34.0,punto adelante de la componente
2087,62.673,HIGH,toca_abajo,14.8,0.222,108.0,85.3,28.5,-57.5,85.3,99.6,15.8,punto adelante de la componente
2088,62.703,HIGH,toca_abajo,26.3,0.394,109.7,118.8,30.2,35.7,118.8,100.5,63.6,punto adelante de la componente
2089,62.733,HIGH,toca_abajo,26.3,0.394,109.7,118.8,30.2,35.7,118.8,100.5,63.6,punto adelante de la componente
2090,62.763,SIN_CERCA,salto_grande,39.3,0.600,,26.6,,,26.6,80.1,-53.0,componente visible arriba
2091,62.793,SIN_CERCA,continuidad,31.3,0.600,,,,,26.6,80.1,-53.0,memoria
2092,62.823,SIN_CERCA,continuidad,31.3,0.600,,,,,26.6,80.1,-53.0,memoria
2093,62.853,SIN_CERCA,salto_grande,-57.7,-0.600,,151.7,,,151.7,102.6,76.5,componente visible arriba
2094,62.883,SIN_CERCA,continuidad,-62.3,-0.600,,156.6,,,156.6,98.5,74.4,componente visible arriba
2095,62.913,SIN_CERCA,continuidad,-62.3,-0.600,,156.6,,,156.6,98.5,74.4,componente visible arriba
2096,62.943,MEDIUM,toca_abajo,60.8,0.911,21.6,12.8,-57.9,-31.5,12.8,100.2,-73.5,punto adelante de la componente
2097,62.973,HIGH,toca_abajo,65.3,0.980,38.1,25.7,-41.4,-40.6,25.7,100.1,-69.7,punto adelante de la componente
2098,63.003,HIGH,toca_abajo,65.3,0.980,38.1,25.7,-41.4,-40.6,25.7,100.1,-69.7,punto adelante de la componente
2099,63.033,HIGH,toca_abajo,59.6,0.894,56.1,45.4,-23.4,-37.1,45.4,100.1,-59.8,punto adelante de la componente
2100,63.063,SIN_CERCA,continuidad,50.5,0.600,,1.7,,,1.7,95.9,-72.8,componente visible arriba
2101,63.093,SIN_CERCA,continuidad,50.5,0.600,,1.7,,,1.7,95.9,-72.8,componente visible arriba
2102,63.123,SIN_CERCA,continuidad,46.4,0.600,,5.2,,,5.2,77.3,-60.1,componente visible arriba
2103,63.153,SIN_CERCA,continuidad,47.6,0.600,,16.6,,,16.6,79.3,-57.1,componente visible arriba
2104,63.183,SIN_CERCA,continuidad,50.3,0.600,,5.5,,,5.5,96.9,-72.7,componente visible arriba
2105,63.213,SIN_CERCA,continuidad,50.3,0.600,,5.5,,,5.5,96.9,-72.7,componente visible arriba
2106,63.243,SIN_CERCA,continuidad,50.8,0.600,,8.8,,,8.8,98.4,-73.0,componente visible arriba
2107,63.273,SIN_CERCA,continuidad,53.4,0.600,2.2,14.9,-77.2,48.4,14.9,99.3,-72.2,componente visible arriba
2108,63.303,SIN_CERCA,continuidad,54.8,0.600,4.8,18.5,-74.7,48.1,18.5,99.4,-71.4,componente visible arriba
2109,63.333,HIGH,toca_abajo,56.3,0.844,8.7,23.2,-70.8,47.1,23.2,99.6,-70.1,punto adelante de la componente
2110,63.363,HIGH,toca_abajo,56.3,0.844,8.7,23.2,-70.8,47.1,23.2,99.6,-70.1,punto adelante de la componente
2111,63.393,HIGH,toca_abajo,56.8,0.851,13.6,28.0,-65.9,45.7,28.0,99.7,-68.5,punto adelante de la componente
2112,63.423,HIGH,toca_abajo,55.9,0.839,19.5,33.0,-60.0,43.4,33.0,99.8,-66.5,punto adelante de la componente
2113,63.453,HIGH,toca_abajo,55.9,0.839,19.5,33.0,-60.0,43.4,33.0,99.8,-66.5,punto adelante de la componente
2114,63.483,HIGH,toca_abajo,53.5,0.802,26.4,38.9,-53.1,41.1,38.9,99.8,-63.5,punto adelante de la componente
2115,63.514,HIGH,toca_abajo,50.1,0.752,34.2,46.9,-45.3,41.5,46.9,100.0,-58.5,punto adelante de la componente
2116,63.544,HIGH,toca_abajo,50.1,0.752,34.2,46.9,-45.3,41.5,46.9,100.0,-58.5,punto adelante de la componente
2117,63.574,HIGH,toca_abajo,43.7,0.655,41.6,54.9,-37.9,43.2,54.9,100.1,-51.0,punto adelante de la componente
2118,63.604,HIGH,toca_abajo,35.3,0.529,47.1,62.0,-32.4,46.4,62.0,100.2,-41.5,punto adelante de la componente
2119,63.634,HIGH,toca_abajo,35.3,0.529,47.1,62.0,-32.4,46.4,62.0,100.2,-41.5,punto adelante de la componente
2120,63.664,HIGH,toca_abajo,22.3,0.335,51.9,67.9,-27.6,48.6,67.9,100.3,-30.4,punto adelante de la componente
2121,63.694,HIGH,toca_abajo,22.3,0.335,51.9,67.9,-27.6,48.6,67.9,100.3,-30.4,punto adelante de la componente
2122,63.724,HIGH,toca_abajo,-6.3,-0.094,59.5,85.5,-20.0,61.4,85.5,100.3,16.8,punto adelante de la componente
2123,63.754,HIGH,toca_abajo,-38.5,-0.578,71.9,106.9,-7.6,67.7,106.9,100.3,54.3,punto adelante de la componente
2124,63.784,HIGH,toca_abajo,-57.8,-0.866,100.0,125.8,20.5,60.8,125.8,100.3,67.0,punto adelante de la componente
2125,63.814,HIGH,toca_abajo,-57.8,-0.866,100.0,125.8,20.5,60.8,125.8,100.3,67.0,punto adelante de la componente
2126,63.844,HIGH,toca_abajo,-59.7,-0.895,122.3,131.2,42.8,31.1,131.2,100.0,68.8,punto adelante de la componente
2127,63.874,HIGH,toca_abajo,-55.1,-0.826,128.9,122.5,49.4,-23.5,122.5,100.1,65.2,punto adelante de la componente
2128,63.904,HIGH,toca_abajo,-55.1,-0.826,128.9,122.5,49.4,-23.5,122.5,100.1,65.2,punto adelante de la componente
2129,63.934,HIGH,toca_abajo,-51.5,-0.773,128.4,115.6,48.9,-41.6,115.6,100.1,61.2,punto adelante de la componente
2130,63.964,HIGH,toca_abajo,-47.9,-0.718,125.9,110.6,46.4,-46.8,110.6,100.1,57.4,punto adelante de la componente
2131,63.994,HIGH,toca_abajo,-43.0,-0.646,122.2,105.5,42.7,-49.4,105.5,100.1,52.6,punto adelante de la componente
2132,64.024,HIGH,toca_abajo,-43.0,-0.646,122.2,105.5,42.7,-49.4,105.5,100.1,52.6,punto adelante de la componente
2133,64.054,HIGH,toca_abajo,-33.9,-0.508,116.9,98.7,37.4,-51.8,98.7,100.1,44.0,punto adelante de la componente
2134,64.084,HIGH,toca_abajo,-19.3,-0.290,110.2,90.7,30.7,-53.5,90.7,100.1,29.4,punto adelante de la componente
2135,64.114,HIGH,toca_abajo,-19.3,-0.290,110.2,90.7,30.7,-53.5,90.7,100.1,29.4,punto adelante de la componente
2136,64.144,HIGH,toca_abajo,8.8,0.132,99.0,78.5,19.5,-54.7,78.5,100.1,-2.9,punto adelante de la componente
2137,64.174,HIGH,toca_abajo,33.7,0.506,86.1,67.4,6.6,-52.2,67.4,100.2,-31.3,punto adelante de la componente
2138,64.204,HIGH,toca_abajo,47.5,0.712,74.8,57.4,-4.7,-50.2,57.4,100.2,-48.1,punto adelante de la componente
2139,64.234,HIGH,toca_abajo,47.5,0.712,74.8,57.4,-4.7,-50.2,57.4,100.2,-48.1,punto adelante de la componente
2140,64.264,HIGH,toca_abajo,55.4,0.831,65.2,49.3,-14.3,-47.7,49.3,100.1,-56.7,punto adelante de la componente
2141,64.294,HIGH,toca_abajo,59.6,0.893,56.6,43.5,-22.9,-42.3,43.5,100.2,-61.2,punto adelante de la componente
2142,64.324,HIGH,toca_abajo,59.6,0.893,56.6,43.5,-22.9,-42.3,43.5,100.2,-61.2,punto adelante de la componente
2143,64.354,HIGH,toca_abajo,59.4,0.891,55.9,44.0,-23.6,-39.6,44.0,100.2,-60.8,punto adelante de la componente
2144,64.384,HIGH,toca_abajo,58.6,0.879,56.8,45.0,-22.7,-39.4,45.0,100.1,-60.1,punto adelante de la componente
2145,64.414,HIGH,toca_abajo,58.6,0.879,56.8,45.0,-22.7,-39.4,45.0,100.1,-60.1,punto adelante de la componente
2146,64.444,HIGH,toca_abajo,55.6,0.834,61.4,49.4,-18.1,-39.6,49.4,100.1,-56.6,punto adelante de la componente
2147,64.474,HIGH,toca_abajo,53.1,0.797,64.6,52.2,-14.9,-40.7,52.2,100.1,-54.0,punto adelante de la componente
2148,64.505,HIGH,toca_abajo,52.0,0.780,64.5,52.7,-15.0,-39.3,52.7,100.1,-53.5,punto adelante de la componente
2149,64.535,HIGH,toca_abajo,52.0,0.780,64.5,52.7,-15.0,-39.3,52.7,100.1,-53.5,punto adelante de la componente
2150,64.565,HIGH,toca_abajo,48.8,0.733,67.2,55.6,-12.3,-38.7,55.6,100.1,-50.2,punto adelante de la componente
2151,64.595,HIGH,toca_abajo,44.4,0.666,70.7,59.6,-8.8,-37.5,59.6,100.1,-45.1,punto adelante de la componente
2152,64.625,HIGH,toca_abajo,34.7,0.520,77.3,66.1,-2.2,-37.6,66.1,100.1,-33.9,punto adelante de la componente
2153,64.655,HIGH,toca_abajo,15.6,0.233,86.9,75.6,7.4,-38.1,75.6,100.1,-11.1,punto adelante de la componente
2154,64.685,HIGH,toca_abajo,15.6,0.233,86.9,75.6,7.4,-38.1,75.6,100.1,-11.1,punto adelante de la componente
2155,64.715,HIGH,toca_abajo,-0.4,-0.006,93.9,82.0,14.4,-39.6,82.0,100.1,7.1,punto adelante de la componente
2156,64.745,HIGH,toca_abajo,-13.5,-0.203,100.8,88.4,21.3,-40.6,88.4,100.1,24.0,punto adelante de la componente
2157,64.775,HIGH,toca_abajo,-13.5,-0.203,100.8,88.4,21.3,-40.6,88.4,100.1,24.0,punto adelante de la componente
2158,64.805,HIGH,toca_abajo,-15.8,-0.238,103.7,90.9,24.2,-41.6,90.9,100.1,29.8,punto adelante de la componente
2159,64.835,HIGH,toca_abajo,2.7,0.040,97.5,84.4,18.0,-42.2,84.4,100.1,13.7,punto adelante de la componente
2160,64.865,HIGH,toca_abajo,2.7,0.040,97.5,84.4,18.0,-42.2,84.4,100.1,13.7,punto adelante de la componente
2161,64.895,HIGH,toca_abajo,24.1,0.361,86.1,74.2,6.6,-39.4,74.2,100.1,-15.0,punto adelante de la componente
2162,64.925,HIGH,toca_abajo,32.3,0.484,79.6,69.2,0.1,-35.8,69.2,100.1,-27.5,punto adelante de la componente
2163,64.955,HIGH,toca_abajo,32.3,0.484,79.6,69.2,0.1,-35.8,69.2,100.1,-27.5,punto adelante de la componente
2164,64.985,HIGH,toca_abajo,45.1,0.676,69.2,60.2,-10.3,-31.9,60.2,100.1,-44.1,punto adelante de la componente
2165,65.015,HIGH,toca_abajo,49.7,0.745,66.3,58.0,-13.2,-29.8,58.0,100.1,-47.3,punto adelante de la componente
2166,65.045,HIGH,toca_abajo,49.7,0.745,66.3,58.0,-13.2,-29.8,58.0,100.1,-47.3,punto adelante de la componente
2167,65.075,HIGH,toca_abajo,52.4,0.786,63.9,56.9,-15.6,-25.9,56.9,100.1,-48.7,punto adelante de la componente
2168,65.105,HIGH,toca_abajo,50.8,0.762,66.3,59.9,-13.2,-24.1,59.9,100.1,-44.6,punto adelante de la componente
2169,65.135,HIGH,toca_abajo,50.8,0.762,66.3,59.9,-13.2,-24.1,59.9,100.1,-44.6,punto adelante de la componente
2170,65.165,HIGH,toca_abajo,50.0,0.750,69.9,59.4,-9.6,-35.2,59.4,99.8,-44.8,punto adelante de la componente
2171,65.195,HIGH,toca_abajo,52.3,0.785,70.8,53.2,-8.7,-49.7,53.2,99.6,-52.3,punto adelante de la componente
2172,65.225,HIGH,toca_abajo,52.3,0.785,70.8,53.2,-8.7,-49.7,53.2,99.6,-52.3,punto adelante de la componente
2173,65.255,HIGH,toca_abajo,53.2,0.797,74.3,50.3,-5.2,-58.7,50.3,100.0,-55.6,punto adelante de la componente
2174,65.285,HIGH,toca_abajo,53.6,0.804,75.4,51.5,-4.1,-59.1,51.5,100.0,-54.5,punto adelante de la componente
2175,65.315,HIGH,toca_abajo,53.6,0.804,75.4,51.5,-4.1,-59.1,51.5,100.0,-54.5,punto adelante de la componente
2176,65.345,HIGH,toca_abajo,53.1,0.796,73.3,53.6,-6.2,-54.4,53.6,100.0,-52.3,punto adelante de la componente
2177,65.375,HIGH,toca_abajo,52.3,0.785,70.0,56.6,-9.5,-43.4,56.6,100.0,-48.9,punto adelante de la componente
2178,65.405,HIGH,toca_abajo,50.9,0.764,66.9,60.7,-12.6,-23.2,60.7,100.1,-43.2,punto adelante de la componente
2179,65.435,HIGH,toca_abajo,50.9,0.764,66.9,60.7,-12.6,-23.2,60.7,100.1,-43.2,punto adelante de la componente
2180,65.465,MEDIUM,toca_abajo,50.1,0.752,69.0,63.0,-10.5,-22.6,63.0,100.1,-39.6,punto adelante de la componente
2181,65.495,MEDIUM,toca_abajo,49.7,0.746,69.9,64.4,-9.6,-21.0,64.4,100.1,-37.2,punto adelante de la componente
2182,65.526,MEDIUM,toca_abajo,49.7,0.746,69.9,64.4,-9.6,-21.0,64.4,100.1,-37.2,punto adelante de la componente
2183,65.556,MEDIUM,toca_abajo,46.4,0.696,71.8,66.4,-7.7,-20.5,66.4,100.1,-33.3,punto adelante de la componente
2184,65.586,MEDIUM,toca_abajo,39.1,0.586,74.4,69.3,-5.1,-19.4,69.3,100.1,-27.1,punto adelante de la componente
2185,65.616,MEDIUM,toca_abajo,24.5,0.367,78.2,72.7,-1.3,-21.2,72.7,100.4,-19.0,punto adelante de la componente
2186,65.646,MEDIUM,toca_abajo,24.5,0.367,78.2,72.7,-1.3,-21.2,72.7,100.4,-19.0,punto adelante de la componente
2187,65.676,MEDIUM,toca_abajo,18.6,0.278,79.5,71.7,-0.0,-31.5,71.7,101.8,-23.3,punto adelante de la componente
2188,65.706,MEDIUM,toca_abajo,26.5,0.398,79.5,58.7,0.0,-59.9,58.7,102.4,-49.9,punto adelante de la componente
2189,65.736,MEDIUM,toca_abajo,26.5,0.398,79.5,58.7,0.0,-59.9,58.7,102.4,-49.9,punto adelante de la componente
2190,65.766,MEDIUM,toca_abajo,49.7,0.745,78.4,27.7,-1.1,-77.2,27.7,103.5,-72.3,punto adelante de la componente
2191,65.796,LOW,toca_abajo,71.9,1.000,20.9,,-58.6,,27.7,103.5,-72.3,ultimo objetivo confiable (memoria)
2192,65.826,LOW,toca_abajo,70.8,1.000,8.2,,-71.3,,27.7,103.5,-72.3,ultimo objetivo confiable (memoria)
2193,65.856,LOW,toca_abajo,70.8,1.000,8.2,,-71.3,,27.7,103.5,-72.3,ultimo objetivo confiable (memoria)
2194,65.886,SIN_CERCA,continuidad,49.2,0.600,,,,,27.7,103.5,-72.3,memoria
2195,65.916,SIN_CERCA,continuidad,47.0,0.600,,1.8,,,1.8,76.3,-60.6,componente visible arriba
2196,65.946,SIN_CERCA,continuidad,47.0,0.600,,1.8,,,1.8,76.3,-60.6,componente visible arriba
2197,65.976,SIN_CERCA,continuidad,47.9,0.600,,4.0,,,4.0,78.0,-60.9,componente visible arriba
2198,66.006,SIN_CERCA,continuidad,48.6,0.600,,5.6,,,5.6,78.8,-60.9,componente visible arriba
2199,66.036,SIN_CERCA,continuidad,48.6,0.600,,5.6,,,5.6,78.8,-60.9,componente visible arriba
2200,66.066,SIN_CERCA,continuidad,49.2,0.600,,7.8,,,7.8,79.2,-60.3,componente visible arriba
2201,66.096,SIN_CERCA,continuidad,50.2,0.600,,1.0,,,1.0,96.0,-73.0,componente visible arriba
2202,66.126,SIN_CERCA,continuidad,50.2,0.600,,1.0,,,1.0,96.0,-73.0,componente visible arriba
2203,66.156,SIN_CERCA,continuidad,52.0,0.600,,4.4,,,4.4,98.5,-74.0,componente visible arriba
2204,66.186,SIN_CERCA,continuidad,54.1,0.600,1.3,8.6,-78.2,31.0,8.6,99.3,-73.7,componente visible arriba
2205,66.216,SIN_CERCA,continuidad,54.1,0.600,1.3,8.6,-78.2,31.0,8.6,99.3,-73.7,componente visible arriba
2206,66.246,HIGH,toca_abajo,56.3,0.845,5.0,13.4,-74.5,30.9,13.4,99.6,-72.8,punto adelante de la componente
2207,66.276,HIGH,toca_abajo,56.3,0.845,5.0,13.4,-74.5,30.9,13.4,99.6,-72.8,punto adelante de la componente
2208,66.306,HIGH,toca_abajo,57.1,0.856,10.0,18.4,-69.5,30.3,18.4,99.7,-71.6,punto adelante de la componente
2209,66.336,HIGH,toca_abajo,56.7,0.850,16.1,24.4,-63.4,29.7,24.4,99.8,-69.9,punto adelante de la componente
2210,66.366,HIGH,toca_abajo,56.7,0.850,16.1,24.4,-63.4,29.7,24.4,99.8,-69.9,punto adelante de la componente
2211,66.396,HIGH,toca_abajo,54.4,0.817,23.3,31.3,-56.2,29.0,31.3,99.9,-67.3,punto adelante de la componente
2212,66.426,HIGH,toca_abajo,50.9,0.764,29.4,38.7,-50.1,33.0,38.7,100.1,-63.9,punto adelante de la componente
2213,66.456,HIGH,toca_abajo,50.9,0.764,29.4,38.7,-50.1,33.0,38.7,100.1,-63.9,punto adelante de la componente
2214,66.486,HIGH,toca_abajo,45.9,0.689,34.3,45.6,-45.2,38.4,45.6,100.1,-59.6,punto adelante de la componente
2215,66.517,HIGH,toca_abajo,38.0,0.570,39.8,53.8,-39.7,44.4,53.8,100.1,-52.3,punto adelante de la componente
2216,66.547,HIGH,toca_abajo,21.9,0.329,46.9,65.8,-32.6,52.9,65.8,100.1,-34.6,punto adelante de la componente
2217,66.577,HIGH,toca_abajo,21.9,0.329,46.9,65.8,-32.6,52.9,65.8,100.1,-34.6,punto adelante de la componente
2218,66.607,HIGH,toca_abajo,-11.7,-0.176,60.3,80.7,-19.2,54.6,80.7,100.1,3.5,punto adelante de la componente
2219,66.637,HIGH,toca_abajo,-11.7,-0.176,60.3,80.7,-19.2,54.6,80.7,100.1,3.5,punto adelante de la componente
2220,66.667,HIGH,toca_abajo,-37.0,-0.554,75.0,91.5,-4.5,48.7,91.5,100.2,31.1,punto adelante de la componente
2221,66.697,HIGH,toca_abajo,-53.0,-0.795,88.2,103.2,8.7,45.9,103.2,100.1,50.0,punto adelante de la componente
2222,66.727,HIGH,toca_abajo,-53.0,-0.795,88.2,103.2,8.7,45.9,103.2,100.1,50.0,punto adelante de la componente
2223,66.757,HIGH,toca_abajo,-61.7,-0.925,100.1,113.2,20.6,42.2,113.2,100.2,59.5,punto adelante de la componente
2224,66.787,HIGH,toca_abajo,-67.1,-1.000,113.2,123.9,33.7,36.4,123.9,100.1,65.8,punto adelante de la componente
2225,66.817,HIGH,toca_abajo,-67.1,-1.000,113.2,123.9,33.7,36.4,123.9,100.1,65.8,punto adelante de la componente
2226,66.847,HIGH,toca_abajo,-67.3,-1.000,114.8,124.3,35.3,33.1,124.3,100.0,66.0,punto adelante de la componente
2227,66.877,HIGH,toca_abajo,-66.9,-1.000,113.6,124.0,34.1,35.4,124.0,100.0,65.8,punto adelante de la componente
2228,66.907,HIGH,toca_abajo,-64.3,-0.964,107.5,120.1,28.0,40.8,120.1,100.0,63.8,punto adelante de la componente
2229,66.937,HIGH,toca_abajo,-64.3,-0.964,107.5,120.1,28.0,40.8,120.1,100.0,63.8,punto adelante de la componente
2230,66.967,HIGH,toca_abajo,-60.5,-0.907,100.0,114.5,20.5,44.8,114.5,100.1,60.3,punto adelante de la componente
2231,66.997,HIGH,toca_abajo,-55.1,-0.827,92.8,108.2,13.3,46.6,108.2,100.1,55.2,punto adelante de la componente
2232,67.027,HIGH,toca_abajo,-55.1,-0.827,92.8,108.2,13.3,46.6,108.2,100.1,55.2,punto adelante de la componente
2233,67.057,HIGH,toca_abajo,-48.6,-0.729,86.0,102.6,6.5,49.0,102.6,100.2,49.4,punto adelante de la componente
2234,67.087,HIGH,toca_abajo,-35.5,-0.532,77.4,94.6,-2.1,50.0,94.6,100.2,37.3,punto adelante de la componente
2235,67.117,HIGH,toca_abajo,-35.5,-0.532,77.4,94.6,-2.1,50.0,94.6,100.2,37.3,punto adelante de la componente
2236,67.147,HIGH,toca_abajo,-11.3,-0.170,66.6,84.8,-12.9,51.6,84.8,100.1,15.0,punto adelante de la componente
2237,67.177,HIGH,toca_abajo,15.9,0.239,56.0,75.4,-23.5,53.2,75.4,100.1,-11.8,punto adelante de la componente
2238,67.207,HIGH,toca_abajo,15.9,0.239,56.0,75.4,-23.5,53.2,75.4,100.1,-11.8,punto adelante de la componente
2239,67.237,HIGH,toca_abajo,29.0,0.434,48.8,69.0,-30.7,54.4,69.0,100.2,-28.0,punto adelante de la componente
2240,67.267,HIGH,toca_abajo,34.1,0.511,48.1,65.3,-31.4,51.0,65.3,100.3,-35.8,punto adelante de la componente
2241,67.297,HIGH,toca_abajo,34.1,0.511,48.1,65.3,-31.4,51.0,65.3,100.3,-35.8,punto adelante de la componente
2242,67.327,HIGH,toca_abajo,9.3,0.139,62.5,79.7,-17.0,49.9,79.7,100.2,0.6,punto adelante de la componente
2243,67.357,HIGH,toca_abajo,-21.0,-0.316,81.5,86.6,2.0,19.4,86.6,100.1,19.7,punto adelante de la componente
2244,67.387,HIGH,toca_abajo,-21.0,-0.316,81.5,86.6,2.0,19.4,86.6,100.1,19.7,punto adelante de la componente
2245,67.417,HIGH,toca_abajo,-35.7,-0.536,88.2,93.4,8.7,19.8,93.4,100.1,34.9,punto adelante de la componente
2246,67.447,HIGH,toca_abajo,-40.8,-0.612,91.7,97.1,12.2,20.4,97.1,100.1,41.5,punto adelante de la componente
2247,67.477,HIGH,toca_abajo,-40.8,-0.612,91.7,97.1,12.2,20.4,97.1,100.1,41.5,punto adelante de la componente
2248,67.508,HIGH,toca_abajo,-37.2,-0.557,89.7,94.5,10.2,18.1,94.5,100.1,37.0,punto adelante de la componente
2249,67.538,HIGH,toca_abajo,-36.9,-0.554,88.9,94.0,9.4,19.6,94.0,100.1,36.1,punto adelante de la componente
2250,67.568,HIGH,toca_abajo,-32.7,-0.491,87.3,91.3,7.8,15.5,91.3,100.1,30.8,punto adelante de la componente
2251,67.598,HIGH,toca_abajo,-32.7,-0.491,87.3,91.3,7.8,15.5,91.3,100.1,30.8,punto adelante de la componente
2252,67.628,HIGH,toca_abajo,-28.3,-0.424,83.6,88.0,4.1,17.1,88.0,100.1,23.2,punto adelante de la componente
2253,67.658,HIGH,toca_abajo,-24.6,-0.369,81.2,85.5,1.7,16.7,85.5,100.1,16.8,punto adelante de la componente
2254,67.688,HIGH,toca_abajo,-24.6,-0.369,81.2,85.5,1.7,16.7,85.5,100.1,16.8,punto adelante de la componente
2255,67.718,HIGH,toca_abajo,-18.4,-0.275,77.5,81.2,-2.0,14.5,81.2,100.2,4.9,punto adelante de la componente
2256,67.748,HIGH,toca_abajo,-13.3,-0.199,73.7,78.0,-5.8,16.7,78.0,100.1,-4.3,punto adelante de la componente
2257,67.778,HIGH,toca_abajo,-11.9,-0.178,72.2,76.1,-7.3,15.2,76.1,100.1,-9.7,punto adelante de la componente
2258,67.808,HIGH,toca_abajo,-11.9,-0.178,72.2,76.1,-7.3,15.2,76.1,100.1,-9.7,punto adelante de la componente
2259,67.838,HIGH,toca_abajo,-6.9,-0.103,68.5,72.3,-11.0,14.8,72.3,100.2,-19.9,punto adelante de la componente
2260,67.868,HIGH,toca_abajo,-8.5,-0.127,66.3,70.1,-13.2,14.8,70.1,100.2,-25.4,punto adelante de la componente
2261,67.898,HIGH,toca_abajo,-8.5,-0.127,66.3,70.1,-13.2,14.8,70.1,100.2,-25.4,punto adelante de la componente
2262,67.928,HIGH,toca_abajo,-17.0,-0.255,65.7,75.3,-13.8,33.3,75.3,99.9,-11.7,punto adelante de la componente
2263,67.958,HIGH,toca_abajo,-29.8,-0.447,66.8,81.4,-12.7,45.0,81.4,99.9,5.3,punto adelante de la componente
2264,67.988,HIGH,toca_abajo,-29.8,-0.447,66.8,81.4,-12.7,45.0,81.4,99.9,5.3,punto adelante de la componente
2265,68.018,HIGH,toca_abajo,-47.5,-0.712,75.8,95.4,-3.7,54.3,95.4,100.3,39.0,punto adelante de la componente
2266,68.048,HIGH,toca_abajo,-57.3,-0.860,82.3,108.7,2.8,61.5,108.7,100.2,55.9,punto adelante de la componente
2267,68.078,HIGH,toca_abajo,-62.7,-0.940,90.6,115.5,11.1,59.8,115.5,100.2,61.2,punto adelante de la componente
2268,68.108,HIGH,toca_abajo,-62.7,-0.940,90.6,115.5,11.1,59.8,115.5,100.2,61.2,punto adelante de la componente
2269,68.138,HIGH,toca_abajo,-64.4,-0.966,97.0,117.7,17.5,55.0,117.7,100.2,62.6,punto adelante de la componente
2270,68.168,HIGH,toca_abajo,-62.1,-0.932,94.3,114.6,14.8,54.6,114.6,100.2,60.6,punto adelante de la componente
2271,68.198,HIGH,toca_abajo,-62.1,-0.932,94.3,114.6,14.8,54.6,114.6,100.2,60.6,punto adelante de la componente
2272,68.228,HIGH,toca_abajo,-60.6,-0.908,92.6,112.7,13.1,54.2,112.7,100.2,59.2,punto adelante de la componente
2273,68.258,HIGH,toca_abajo,-60.1,-0.902,94.6,112.4,15.1,51.0,112.4,100.2,59.0,punto adelante de la componente
2274,68.288,HIGH,toca_abajo,-60.1,-0.902,94.6,112.4,15.1,51.0,112.4,100.2,59.0,punto adelante de la componente
2275,68.318,HIGH,toca_abajo,-54.6,-0.820,89.1,106.0,9.6,49.5,106.0,100.2,53.2,punto adelante de la componente
2276,68.348,HIGH,toca_abajo,-44.2,-0.662,80.4,97.2,0.9,49.4,97.2,100.2,41.8,punto adelante de la componente
2277,68.378,HIGH,toca_abajo,-29.0,-0.435,70.4,88.6,-9.1,51.6,88.6,100.2,24.7,punto adelante de la componente
2278,68.408,HIGH,toca_abajo,-29.0,-0.435,70.4,88.6,-9.1,51.6,88.6,100.2,24.7,punto adelante de la componente
2279,68.438,HIGH,toca_abajo,-18.5,-0.278,66.0,84.1,-13.5,51.5,84.1,100.2,13.1,punto adelante de la componente
2280,68.468,HIGH,toca_abajo,-4.5,-0.067,59.3,79.3,-20.2,54.2,79.3,100.2,-0.6,punto adelante de la componente
2281,68.498,HIGH,toca_abajo,-4.5,-0.067,59.3,79.3,-20.2,54.2,79.3,100.2,-0.6,punto adelante de la componente
2282,68.529,HIGH,toca_abajo,-31.2,-0.468,74.0,92.2,-5.5,51.7,92.2,100.2,32.8,punto adelante de la componente
2283,68.559,HIGH,toca_abajo,-27.1,-0.406,87.1,102.0,7.6,45.8,102.0,100.2,48.6,punto adelante de la componente
2284,68.589,HIGH,toca_abajo,-16.8,-0.252,91.6,97.2,12.1,20.3,97.2,99.6,40.8,punto adelante de la componente
2285,68.619,HIGH,toca_abajo,-16.8,-0.252,91.6,97.2,12.1,20.3,97.2,99.6,40.8,punto adelante de la componente
2286,68.649,HIGH,toca_abajo,-11.2,-0.168,86.1,94.2,6.6,28.3,94.2,99.6,35.7,punto adelante de la componente
2287,68.679,HIGH,toca_abajo,-14.6,-0.219,72.1,103.1,-7.4,63.2,103.1,99.0,48.4,punto adelante de la componente
2288,68.709,HIGH,toca_abajo,11.0,0.164,54.2,71.9,-25.3,50.5,71.9,100.2,-21.0,punto adelante de la componente
2289,68.739,HIGH,toca_abajo,11.0,0.164,54.2,71.9,-25.3,50.5,71.9,100.2,-21.0,punto adelante de la componente
2290,68.769,MEDIUM,toca_abajo,37.6,0.565,36.7,44.7,-42.8,34.8,44.7,103.1,-64.1,punto adelante de la componente
2291,68.799,HIGH,toca_abajo,50.6,0.760,50.3,48.0,-29.2,-9.8,48.0,101.0,-59.0,punto adelante de la componente
2292,68.829,HIGH,toca_abajo,50.6,0.760,50.3,48.0,-29.2,-9.8,48.0,101.0,-59.0,punto adelante de la componente
2293,68.859,HIGH,toca_abajo,-14.0,-0.210,60.4,60.2,-19.1,-0.9,60.2,100.1,-44.1,punto adelante de la componente
2294,68.889,SIN_CERCA,continuidad,-25.3,-0.600,,75.8,,,75.8,96.2,-8.9,componente visible arriba
2295,68.919,SIN_CERCA,continuidad,-25.3,-0.600,,75.8,,,75.8,96.2,-8.9,componente visible arriba
2296,68.949,SIN_CERCA,continuidad,-30.9,-0.600,,,,,75.8,96.2,-8.9,memoria
2297,68.979,HIGH,toca_abajo,-69.9,-1.000,119.5,138.9,40.0,53.0,138.9,99.9,71.3,punto adelante de la componente
2298,69.009,HIGH,toca_abajo,58.5,0.877,3.7,11.5,-75.8,26.5,11.5,98.6,-72.5,punto adelante de la componente
2299,69.039,HIGH,toca_abajo,58.5,0.877,3.7,11.5,-75.8,26.5,11.5,98.6,-72.5,punto adelante de la componente
2300,69.069,HIGH,toca_abajo,61.1,0.917,2.8,3.7,-76.7,3.7,3.7,99.8,-75.1,punto adelante de la componente
2301,69.099,HIGH,toca_abajo,-21.6,-0.323,132.3,98.5,52.8,-66.1,98.5,99.3,42.5,punto adelante de la componente
2302,69.129,HIGH,toca_abajo,-21.6,-0.323,132.3,98.5,52.8,-66.1,98.5,99.3,42.5,punto adelante de la componente
2303,69.159,HIGH,toca_abajo,-50.8,-0.762,131.6,117.6,52.1,-43.7,117.6,100.0,62.4,punto adelante de la componente
2304,69.189,HIGH,toca_abajo,-46.9,-0.704,121.7,108.4,42.2,-43.1,108.4,100.1,55.5,punto adelante de la componente
2305,69.219,HIGH,toca_abajo,-46.9,-0.704,121.7,108.4,42.2,-43.1,108.4,100.1,55.5,punto adelante de la componente
2306,69.249,HIGH,toca_abajo,-37.0,-0.555,112.6,100.7,33.1,-39.8,100.7,100.0,46.7,punto adelante de la componente
2307,69.279,HIGH,toca_abajo,-36.2,-0.543,119.9,101.0,40.4,-52.6,101.0,100.1,47.1,punto adelante de la componente
2308,69.309,HIGH,toca_abajo,-36.2,-0.543,119.9,101.0,40.4,-52.6,101.0,100.1,47.1,punto adelante de la componente
2309,69.339,HIGH,toca_abajo,-54.9,-0.824,131.5,119.5,52.0,-39.8,119.5,100.0,63.5,punto adelante de la componente
2310,69.369,HIGH,toca_abajo,-57.4,-0.861,142.2,133.6,62.7,-30.6,133.6,99.8,69.5,punto adelante de la componente
2311,69.399,HIGH,toca_abajo,-57.4,-0.861,142.2,133.6,62.7,-30.6,133.6,99.8,69.5,punto adelante de la componente
2312,69.429,HIGH,toca_abajo,-57.1,-0.857,142.4,133.4,62.9,-31.7,133.4,99.8,69.4,punto adelante de la componente
2313,69.459,HIGH,toca_abajo,-57.0,-0.855,153.2,144.2,73.7,-33.3,144.2,99.6,72.5,punto adelante de la componente
2314,69.489,SIN_CERCA,continuidad,-52.3,-0.600,,155.5,,,155.5,97.3,73.4,componente visible arriba
2315,69.520,SIN_CERCA,continuidad,-52.3,-0.600,,155.5,,,155.5,97.3,73.4,componente visible arriba
2316,69.550,SIN_CERCA,continuidad,-51.7,-0.600,,148.6,,,148.6,79.4,59.5,componente visible arriba
2317,69.580,SIN_CERCA,continuidad,-52.3,-0.600,,149.9,,,149.9,79.4,60.0,componente visible arriba
2318,69.610,SIN_CERCA,continuidad,-52.3,-0.600,,149.9,,,149.9,79.4,60.0,componente visible arriba
2319,69.640,SIN_CERCA,continuidad,-54.4,-0.600,,155.9,,,155.9,97.6,73.7,componente visible arriba
2320,69.670,HIGH,toca_abajo,-60.8,-0.912,155.1,147.4,75.6,-28.7,147.4,99.4,73.2,punto adelante de la componente
2321,69.700,HIGH,toca_abajo,-60.8,-0.912,155.1,147.4,75.6,-28.7,147.4,99.4,73.2,punto adelante de la componente
2322,69.730,HIGH,toca_abajo,-63.7,-0.956,144.7,139.3,65.2,-20.3,139.3,99.8,71.4,punto adelante de la componente
2323,69.760,HIGH,toca_abajo,-62.5,-0.937,137.6,129.0,58.1,-31.0,129.0,100.1,68.1,punto adelante de la componente
2324,69.790,HIGH,toca_abajo,-62.5,-0.937,137.6,129.0,58.1,-31.0,129.0,100.1,68.1,punto adelante de la componente
2325,69.820,HIGH,toca_abajo,-37.0,-0.554,133.0,123.6,53.5,-33.0,123.6,100.1,65.7,punto adelante de la componente
2326,69.850,HIGH,toca_abajo,-30.1,-0.452,136.5,127.6,57.0,-31.4,127.6,100.1,67.5,punto adelante de la componente
2327,69.880,HIGH,toca_abajo,-20.4,-0.306,145.9,80.4,66.4,-77.4,80.4,99.8,2.6,punto adelante de la componente
2328,69.910,HIGH,toca_abajo,-20.4,-0.306,145.9,80.4,66.4,-77.4,80.4,99.8,2.6,punto adelante de la componente
2329,69.940,HIGH,toca_abajo,-5.8,-0.087,75.6,79.5,-3.9,15.3,79.5,100.0,0.0,punto adelante de la componente
2330,69.970,MEDIUM,toca_abajo,-26.3,-0.394,79.5,84.1,0.0,18.7,84.1,101.0,13.6,punto adelante de la componente
2331,70.000,MEDIUM,toca_abajo,-26.3,-0.394,79.5,84.1,0.0,18.7,84.1,101.0,13.6,punto adelante de la componente
2332,70.030,MEDIUM,toca_abajo,-33.3,-0.500,79.7,89.4,0.2,36.8,89.4,101.6,28.1,punto adelante de la componente
2333,70.060,MEDIUM,toca_abajo,-60.5,-0.908,79.8,133.9,0.3,76.9,133.9,101.8,71.5,punto adelante de la componente
2334,70.090,MEDIUM,toca_abajo,-60.5,-0.908,79.8,133.9,0.3,76.9,133.9,101.8,71.5,punto adelante de la componente
2335,70.120,MEDIUM,toca_abajo,-78.0,-1.000,126.0,152.8,46.5,65.7,152.8,103.1,77.0,punto adelante de la componente
2336,70.150,LOW,toca_abajo,-59.4,-0.891,142.8,,63.3,,152.8,103.1,77.0,ultimo objetivo confiable (memoria)
2337,70.180,LOW,toca_abajo,45.7,-0.685,152.3,,72.8,,152.8,103.1,77.0,ultimo objetivo confiable (memoria)
2338,70.210,LOW,toca_abajo,45.7,-0.685,152.3,,72.8,,152.8,103.1,77.0,ultimo objetivo confiable (memoria)
2339,70.240,HIGH,toca_abajo,63.1,0.947,7.6,12.6,-71.9,19.2,12.6,99.7,-73.1,punto adelante de la componente
2340,70.270,HIGH,toca_abajo,64.2,0.963,22.2,24.4,-57.3,8.5,24.4,99.9,-70.0,punto adelante de la componente
2341,70.300,HIGH,toca_abajo,64.5,0.968,24.7,25.6,-54.8,3.7,25.6,100.0,-69.6,punto adelante de la componente
2342,70.330,HIGH,toca_abajo,64.5,0.968,24.7,25.6,-54.8,3.7,25.6,100.0,-69.6,punto adelante de la componente
2343,70.360,HIGH,toca_abajo,63.7,0.956,27.1,28.7,-52.4,6.6,28.7,100.0,-68.6,punto adelante de la componente
2344,70.390,HIGH,toca_abajo,63.7,0.956,27.1,28.7,-52.4,6.6,28.7,100.0,-68.6,punto adelante de la componente
2345,70.420,HIGH,toca_abajo,62.6,0.939,30.3,33.8,-49.2,13.8,33.8,100.1,-66.4,punto adelante de la componente
2346,70.450,HIGH,toca_abajo,61.0,0.916,33.4,37.9,-46.1,17.4,37.9,100.1,-64.4,punto adelante de la componente
2347,70.480,HIGH,toca_abajo,61.0,0.916,33.4,37.9,-46.1,17.4,37.9,100.1,-64.4,punto adelante de la componente
2348,70.511,HIGH,toca_abajo,55.5,0.833,38.7,46.1,-40.8,27.5,46.1,100.1,-59.2,punto adelante de la componente
2349,70.541,HIGH,toca_abajo,33.3,0.499,57.0,62.5,-22.5,21.1,62.5,100.1,-40.5,punto adelante de la componente
2350,70.571,HIGH,toca_abajo,-47.2,-0.708,115.3,98.3,35.8,-50.6,98.3,100.4,43.7,punto adelante de la componente
2351,70.601,HIGH,toca_abajo,-47.2,-0.708,115.3,98.3,35.8,-50.6,98.3,100.4,43.7,punto adelante de la componente
2352,70.631,HIGH,toca_abajo,-50.3,-0.755,120.7,102.9,41.2,-51.4,102.9,100.2,49.8,punto adelante de la componente
2353,70.661,HIGH,toca_abajo,-38.8,-0.582,106.4,96.7,26.9,-34.3,96.7,100.1,40.8,punto adelante de la componente
2354,70.691,HIGH,toca_abajo,-38.8,-0.582,106.4,96.7,26.9,-34.3,96.7,100.1,40.8,punto adelante de la componente
2355,70.721,HIGH,toca_abajo,-23.8,-0.356,95.4,89.0,15.9,-24.0,89.0,100.1,25.6,punto adelante de la componente
2356,70.751,HIGH,toca_abajo,-23.8,-0.356,95.4,89.0,15.9,-24.0,89.0,100.1,25.6,punto adelante de la componente
2357,70.781,HIGH,toca_abajo,-6.8,-0.102,85.9,82.1,6.4,-15.0,82.1,100.1,7.4,punto adelante de la componente
2358,70.811,HIGH,toca_abajo,0.7,0.010,83.3,79.3,3.8,-15.3,79.3,100.1,-0.4,punto adelante de la componente
2359,70.841,HIGH,toca_abajo,12.9,0.194,78.3,74.5,-1.2,-14.5,74.5,100.1,-14.0,punto adelante de la componente
2360,70.871,HIGH,toca_abajo,12.9,0.194,78.3,74.5,-1.2,-14.5,74.5,100.1,-14.0,punto adelante de la componente
2361,70.901,HIGH,toca_abajo,15.3,0.229,73.2,70.3,-6.3,-11.2,70.3,100.1,-24.7,punto adelante de la componente
2362,70.931,HIGH,toca_abajo,12.1,0.182,71.4,68.5,-8.1,-11.3,68.5,100.1,-28.9,punto adelante de la componente
2363,70.961,HIGH,toca_abajo,12.1,0.182,71.4,68.5,-8.1,-11.3,68.5,100.1,-28.9,punto adelante de la componente
2364,70.991,HIGH,toca_abajo,7.7,0.115,71.3,68.8,-8.2,-9.9,68.8,100.1,-28.3,punto adelante de la componente
2365,71.021,HIGH,toca_abajo,6.6,0.099,70.4,67.7,-9.1,-10.5,67.7,100.1,-30.6,punto adelante de la componente
2366,71.051,HIGH,toca_abajo,6.6,0.099,70.4,67.7,-9.1,-10.5,67.7,100.1,-30.6,punto adelante de la componente
2367,71.081,HIGH,toca_abajo,4.9,0.073,69.1,66.7,-10.4,-9.5,66.7,100.1,-32.8,punto adelante de la componente
2368,71.111,HIGH,toca_abajo,4.4,0.067,64.7,62.3,-14.8,-9.4,62.3,100.1,-40.8,punto adelante de la componente
2369,71.141,HIGH,toca_abajo,0.6,0.008,61.1,59.1,-18.4,-8.1,59.1,100.1,-45.8,punto adelante de la componente
2370,71.171,HIGH,toca_abajo,0.6,0.008,61.1,59.1,-18.4,-8.1,59.1,100.1,-45.8,punto adelante de la componente
2371,71.201,HIGH,toca_abajo,-8.5,-0.127,57.6,69.3,-21.9,37.2,69.3,99.4,-26.4,punto adelante de la componente
2372,71.231,HIGH,toca_abajo,-21.3,-0.320,58.0,84.3,-21.5,61.2,84.3,99.7,13.2,punto adelante de la componente
2373,71.261,HIGH,toca_abajo,-21.3,-0.320,58.0,84.3,-21.5,61.2,84.3,99.7,13.2,punto adelante de la componente
2374,71.291,HIGH,toca_abajo,-40.2,-0.603,74.6,90.9,-4.9,48.8,90.9,100.0,29.7,punto adelante de la componente
2375,71.321,HIGH,toca_abajo,-58.0,-0.869,85.5,97.5,6.0,41.1,97.5,100.7,43.0,punto adelante de la componente
2376,71.351,HIGH,toca_abajo,-58.0,-0.869,85.5,97.5,6.0,41.1,97.5,100.7,43.0,punto adelante de la componente
2377,71.381,MEDIUM,toca_abajo,-75.6,-1.000,87.5,139.1,8.0,75.2,139.1,101.1,72.4,punto adelante de la componente
2378,71.411,MEDIUM,toca_abajo,-84.1,-1.000,124.3,149.2,44.8,61.3,149.2,101.5,75.1,punto adelante de la componente
2379,71.441,MEDIUM,toca_abajo,-84.1,-1.000,124.3,149.2,44.8,61.3,149.2,101.5,75.1,punto adelante de la componente
2380,71.471,MEDIUM,toca_abajo,-84.6,-1.000,130.4,150.9,50.9,56.7,150.9,101.6,75.6,punto adelante de la componente
2381,71.502,MEDIUM,toca_abajo,-84.1,-1.000,129.4,149.6,49.9,55.8,149.6,101.3,75.1,punto adelante de la componente
2382,71.532,MEDIUM,toca_abajo,-83.5,-1.000,127.7,148.0,48.2,55.6,148.0,101.1,74.5,punto adelante de la componente
2383,71.562,MEDIUM,toca_abajo,-83.5,-1.000,127.7,148.0,48.2,55.6,148.0,101.1,74.5,punto adelante de la componente
2384,71.592,MEDIUM,toca_abajo,-82.7,-1.000,125.7,145.9,46.2,55.1,145.9,100.9,73.9,punto adelante de la componente
2385,71.622,MEDIUM,toca_abajo,-82.7,-1.000,125.7,145.9,46.2,55.1,145.9,100.9,73.9,punto adelante de la componente
2386,71.652,MEDIUM,toca_abajo,-82.3,-1.000,125.6,145.1,46.1,54.0,145.1,100.8,73.7,punto adelante de la componente
2387,71.682,MEDIUM,toca_abajo,-82.4,-1.000,129.3,146.1,49.8,49.7,146.1,100.7,73.8,punto adelante de la componente
2388,71.712,HIGH,toca_abajo,-81.0,-1.000,127.3,143.3,47.8,48.2,143.3,100.6,73.1,punto adelante de la componente
2389,71.742,HIGH,toca_abajo,-81.0,-1.000,127.3,143.3,47.8,48.2,143.3,100.6,73.1,punto adelante de la componente
2390,71.772,HIGH,toca_abajo,-78.5,-1.000,120.6,137.8,41.1,50.2,137.8,100.5,71.5,punto adelante de la componente
2391,71.802,HIGH,toca_abajo,-74.8,-1.000,111.3,130.9,31.8,53.7,130.9,100.4,69.1,punto adelante de la componente
2392,71.832,HIGH,toca_abajo,-74.8,-1.000,111.3,130.9,31.8,53.7,130.9,100.4,69.1,punto adelante de la componente
2393,71.862,HIGH,toca_abajo,-68.6,-1.000,96.9,122.5,17.4,60.6,122.5,100.3,65.4,punto adelante de la componente
2394,71.892,HIGH,toca_abajo,-59.7,-0.895,80.8,113.2,1.3,65.9,113.2,100.3,59.6,punto adelante de la componente
2395,71.922,HIGH,toca_abajo,-59.7,-0.895,80.8,113.2,1.3,65.9,113.2,100.3,59.6,punto adelante de la componente
2396,71.952,HIGH,toca_abajo,-54.4,-0.815,76.5,107.3,-3.0,64.8,107.3,100.2,54.6,punto adelante de la componente
2397,71.982,HIGH,toca_abajo,-38.5,-0.577,66.2,95.4,-13.3,63.8,95.4,100.2,38.8,punto adelante de la componente
2398,72.012,HIGH,toca_abajo,-38.5,-0.577,66.2,95.4,-13.3,63.8,95.4,100.2,38.8,punto adelante de la componente
2399,72.042,HIGH,toca_abajo,-7.1,-0.107,55.6,78.8,-23.9,58.5,78.8,100.2,-1.9,punto adelante de la componente
2400,72.072,HIGH,toca_abajo,20.3,0.304,48.3,62.2,-31.2,44.4,62.2,100.2,-41.1,punto adelante de la componente
2401,72.102,HIGH,toca_abajo,20.3,0.304,48.3,62.2,-31.2,44.4,62.2,100.2,-41.1,punto adelante de la componente
2402,72.132,HIGH,toca_abajo,28.7,0.431,44.3,56.4,-35.2,40.4,56.4,100.1,-49.2,punto adelante de la componente
2403,72.162,HIGH,toca_abajo,27.0,0.405,44.4,58.7,-35.1,45.2,58.7,100.2,-46.4,punto adelante de la componente
2404,72.192,HIGH,toca_abajo,27.0,0.405,44.4,58.7,-35.1,45.2,58.7,100.2,-46.4,punto adelante de la componente
2405,72.222,HIGH,toca_abajo,3.3,0.050,50.5,75.2,-29.0,60.2,75.2,100.2,-12.2,punto adelante de la componente
2406,72.252,HIGH,toca_abajo,-30.5,-0.458,64.6,90.4,-14.9,60.7,90.4,100.2,28.9,punto adelante de la componente
2407,72.282,HIGH,toca_abajo,-30.5,-0.458,64.6,90.4,-14.9,60.7,90.4,100.2,28.9,punto adelante de la componente
2408,72.312,HIGH,toca_abajo,-50.9,-0.763,81.1,102.5,1.6,56.0,102.5,100.2,49.3,punto adelante de la componente
2409,72.342,HIGH,toca_abajo,-58.8,-0.882,92.9,111.0,13.4,51.3,111.0,100.2,57.8,punto adelante de la componente
2410,72.372,HIGH,toca_abajo,-62.6,-0.939,101.6,116.8,22.1,46.2,116.8,100.2,62.0,punto adelante de la componente
2411,72.402,HIGH,toca_abajo,-62.6,-0.939,101.6,116.8,22.1,46.2,116.8,100.2,62.0,punto adelante de la componente
2412,72.432,HIGH,toca_abajo,-63.9,-0.958,105.6,118.8,26.1,42.3,118.8,100.2,63.2,punto adelante de la componente
2413,72.462,HIGH,toca_abajo,-63.3,-0.950,106.0,118.0,26.5,39.7,118.0,100.2,62.7,punto adelante de la componente
2414,72.492,HIGH,toca_abajo,-63.3,-0.950,106.0,118.0,26.5,39.7,118.0,100.2,62.7,punto adelante de la componente
2415,72.523,HIGH,toca_abajo,-60.0,-0.899,101.0,112.9,21.5,39.4,112.9,100.2,59.3,punto adelante de la componente
2416,72.553,HIGH,toca_abajo,-54.9,-0.823,94.5,106.7,15.0,39.9,106.7,100.2,53.8,punto adelante de la componente
2417,72.583,HIGH,toca_abajo,-54.9,-0.823,94.5,106.7,15.0,39.9,106.7,100.2,53.8,punto adelante de la componente
2418,72.613,HIGH,toca_abajo,-45.7,-0.686,86.0,98.5,6.5,40.9,98.5,100.1,43.8,punto adelante de la componente
2419,72.643,HIGH,toca_abajo,-25.0,-0.374,73.3,86.8,-6.2,42.9,86.8,100.1,20.1,punto adelante de la componente
2420,72.673,HIGH,toca_abajo,-25.0,-0.374,73.3,86.8,-6.2,42.9,86.8,100.1,20.1,punto adelante de la componente
2421,72.703,HIGH,toca_abajo,8.5,0.128,58.4,73.4,-21.1,46.1,73.4,100.1,-17.1,punto adelante de la componente
2422,72.733,HIGH,toca_abajo,20.2,0.303,53.2,68.7,-26.3,47.0,68.7,100.1,-28.5,punto adelante de la componente
2423,72.763,HIGH,toca_abajo,24.0,0.360,51.7,67.0,-27.8,46.4,67.0,100.1,-32.3,punto adelante de la componente
2424,72.793,HIGH,toca_abajo,24.0,0.360,51.7,67.0,-27.8,46.4,67.0,100.1,-32.3,punto adelante de la componente
2425,72.823,HIGH,toca_abajo,17.8,0.267,53.7,69.8,-25.8,48.2,69.8,100.1,-26.0,punto adelante de la componente
2426,72.853,HIGH,toca_abajo,-5.0,-0.075,64.3,78.7,-15.2,44.9,78.7,100.1,-2.2,punto adelante de la componente
2427,72.883,HIGH,toca_abajo,-5.0,-0.075,64.3,78.7,-15.2,44.9,78.7,100.1,-2.2,punto adelante de la componente
2428,72.913,HIGH,toca_abajo,-21.4,-0.321,72.7,85.3,-6.8,41.2,85.3,100.1,16.3,punto adelante de la componente
2429,72.943,HIGH,toca_abajo,-37.4,-0.561,82.4,93.5,2.9,37.6,93.5,100.1,35.2,punto adelante de la componente
2430,72.973,HIGH,toca_abajo,-37.4,-0.561,82.4,93.5,2.9,37.6,93.5,100.1,35.2,punto adelante de la componente
2431,73.003,HIGH,toca_abajo,-44.6,-0.669,88.5,98.3,9.0,34.1,98.3,100.1,43.4,punto adelante de la componente
2432,73.033,HIGH,toca_abajo,-50.4,-0.757,94.9,103.6,15.4,30.9,103.6,100.1,50.5,punto adelante de la componente
2433,73.063,HIGH,toca_abajo,-50.4,-0.757,94.9,103.6,15.4,30.9,103.6,100.1,50.5,punto adelante de la componente
2434,73.093,HIGH,toca_abajo,-50.1,-0.751,96.2,103.3,16.7,26.2,103.3,100.1,50.2,punto adelante de la componente
2435,73.123,HIGH,toca_abajo,-46.1,-0.691,92.8,100.0,13.3,26.6,100.0,100.1,45.9,punto adelante de la componente
2436,73.153,HIGH,toca_abajo,-41.9,-0.629,89.6,97.0,10.1,27.0,97.0,100.1,41.3,punto adelante de la componente
2437,73.183,HIGH,toca_abajo,-41.9,-0.629,89.6,97.0,10.1,27.0,97.0,100.1,41.3,punto adelante de la componente
2438,73.213,HIGH,toca_abajo,-38.4,-0.577,87.6,94.7,8.1,26.2,94.7,100.1,37.3,punto adelante de la componente
2439,73.243,HIGH,toca_abajo,-35.3,-0.530,85.9,92.9,6.4,26.0,92.9,100.1,34.0,punto adelante de la componente
2440,73.273,HIGH,toca_abajo,-35.3,-0.530,85.9,92.9,6.4,26.0,92.9,100.1,34.0,punto adelante de la componente
2441,73.303,HIGH,toca_abajo,-30.5,-0.458,83.5,90.4,4.0,25.3,90.4,100.1,28.6,punto adelante de la componente
2442,73.333,HIGH,toca_abajo,-23.8,-0.357,80.6,87.2,1.1,24.6,87.2,100.1,21.1,punto adelante de la componente
2443,73.363,HIGH,toca_abajo,-14.2,-0.212,76.4,83.1,-3.1,24.9,83.1,100.1,10.2,punto adelante de la componente
2444,73.393,HIGH,toca_abajo,-14.2,-0.212,76.4,83.1,-3.1,24.9,83.1,100.1,10.2,punto adelante de la componente
2445,73.423,HIGH,toca_abajo,-6.1,-0.092,73.5,80.3,-6.0,25.2,80.3,100.1,2.3,punto adelante de la componente
2446,73.453,HIGH,toca_abajo,-0.9,-0.014,72.3,79.1,-7.2,25.3,79.1,100.1,-1.1,punto adelante de la componente
2447,73.483,HIGH,toca_abajo,4.8,0.071,71.1,78.0,-8.4,25.4,78.0,100.1,-4.3,punto adelante de la componente
2448,73.514,HIGH,toca_abajo,4.8,0.071,71.1,78.0,-8.4,25.4,78.0,100.1,-4.3,punto adelante de la componente
2449,73.544,HIGH,toca_abajo,9.3,0.139,72.8,79.4,-6.7,24.5,79.4,100.1,-0.3,punto adelante de la componente
2450,73.574,HIGH,toca_abajo,9.3,0.139,72.8,79.4,-6.7,24.5,79.4,100.1,-0.3,punto adelante de la componente
2451,73.604,HIGH,toca_abajo,14.0,0.210,75.5,81.8,-4.0,23.5,81.8,100.1,6.6,punto adelante de la componente
2452,73.634,HIGH,toca_abajo,16.7,0.251,81.9,87.1,2.4,19.9,87.1,100.1,21.0,punto adelante de la componente
2453,73.664,HIGH,toca_abajo,24.6,0.369,86.5,82.5,7.0,-14.9,82.5,99.6,8.5,punto adelante de la componente
2454,73.694,HIGH,toca_abajo,24.6,0.369,86.5,82.5,7.0,-14.9,82.5,99.6,8.5,punto adelante de la componente
2455,73.724,HIGH,toca_abajo,33.5,0.502,89.7,73.3,10.2,-48.1,73.3,99.8,-17.0,punto adelante de la componente
2456,73.754,HIGH,toca_abajo,33.5,0.502,89.7,73.3,10.2,-48.1,73.3,99.8,-17.0,punto adelante de la componente
2457,73.784,HIGH,toca_abajo,49.7,0.746,81.4,64.1,1.9,-50.5,64.1,100.1,-37.7,punto adelante de la componente
2458,73.814,HIGH,toca_abajo,64.0,0.960,70.6,48.9,-8.9,-57.7,48.9,100.7,-57.7,punto adelante de la componente
2459,73.844,HIGH,toca_abajo,64.0,0.960,70.6,48.9,-8.9,-57.7,48.9,100.7,-57.7,punto adelante de la componente
2460,73.874,HIGH,toca_abajo,66.8,1.000,72.0,39.9,-7.5,-66.6,39.9,100.6,-63.8,punto adelante de la componente
2461,73.904,HIGH,toca_abajo,69.2,1.000,71.9,35.5,-7.6,-68.9,35.5,100.5,-66.2,punto adelante de la componente
2462,73.934,HIGH,toca_abajo,70.5,1.000,70.1,33.5,-9.4,-68.6,33.5,100.5,-67.1,punto adelante de la componente
2463,73.964,HIGH,toca_abajo,70.5,1.000,70.1,33.5,-9.4,-68.6,33.5,100.5,-67.1,punto adelante de la componente
2464,73.994,HIGH,toca_abajo,70.6,1.000,69.3,33.5,-10.2,-68.0,33.5,100.5,-67.0,punto adelante de la componente
2465,74.024,HIGH,toca_abajo,73.4,1.000,59.6,30.9,-19.9,-63.2,30.9,100.5,-68.1,punto adelante de la componente
2466,74.054,HIGH,toca_abajo,73.4,1.000,59.6,30.9,-19.9,-63.2,30.9,100.5,-68.1,punto adelante de la componente
2467,74.084,HIGH,toca_abajo,72.5,1.000,57.3,31.4,-22.2,-61.0,31.4,100.4,-67.8,punto adelante de la componente
2468,74.114,HIGH,toca_abajo,67.8,1.000,65.9,36.5,-13.6,-63.9,36.5,100.3,-65.4,punto adelante de la componente
2469,74.144,HIGH,toca_abajo,67.8,1.000,65.9,36.5,-13.6,-63.9,36.5,100.3,-65.4,punto adelante de la componente
2470,74.174,HIGH,toca_abajo,53.9,0.808,84.1,50.7,4.6,-66.6,50.7,100.2,-55.5,punto adelante de la componente
2471,74.204,HIGH,toca_abajo,33.1,0.497,96.6,66.2,17.1,-64.9,66.2,100.2,-34.0,punto adelante de la componente
2472,74.234,HIGH,toca_abajo,33.1,0.497,96.6,66.2,17.1,-64.9,66.2,100.2,-34.0,punto adelante de la componente
2473,74.264,HIGH,toca_abajo,16.7,0.251,102.1,76.2,22.6,-61.3,76.2,100.2,-9.4,punto adelante de la componente
2474,74.294,HIGH,toca_abajo,18.8,0.282,102.4,73.9,22.9,-63.4,73.9,100.2,-15.8,punto adelante de la componente
2475,74.324,HIGH,toca_abajo,28.2,0.423,98.6,68.9,19.1,-64.1,68.9,100.2,-28.1,punto adelante de la componente
2476,74.354,HIGH,toca_abajo,28.2,0.423,98.6,68.9,19.1,-64.1,68.9,100.2,-28.1,punto adelante de la componente
2477,74.384,HIGH,toca_abajo,35.9,0.538,94.1,65.2,14.6,-63.4,65.2,100.2,-35.9,punto adelante de la componente
2478,74.414,HIGH,toca_abajo,47.3,0.710,84.1,58.2,4.6,-60.8,58.2,100.2,-47.0,punto adelante de la componente
2479,74.444,HIGH,toca_abajo,47.3,0.710,84.1,58.2,4.6,-60.8,58.2,100.2,-47.0,punto adelante de la componente
2480,74.474,HIGH,toca_abajo,60.3,0.904,68.5,45.7,-11.0,-57.6,45.7,100.2,-59.6,punto adelante de la componente
2481,74.505,HIGH,toca_abajo,67.4,1.000,52.6,35.6,-26.9,-49.6,35.6,100.2,-65.7,punto adelante de la componente
2482,74.535,HIGH,toca_abajo,67.4,1.000,52.6,35.6,-26.9,-49.6,35.6,100.2,-65.7,punto adelante de la componente
2483,74.565,HIGH,toca_abajo,68.8,1.000,47.8,33.1,-31.7,-45.5,33.1,100.2,-66.9,punto adelante de la componente
2484,74.595,HIGH,toca_abajo,67.9,1.000,48.3,34.4,-31.2,-44.0,34.4,100.2,-66.3,punto adelante de la componente
2485,74.625,HIGH,toca_abajo,64.2,0.964,54.6,40.9,-24.9,-43.5,40.9,100.2,-62.8,punto adelante de la componente
2486,74.655,HIGH,toca_abajo,64.2,0.964,54.6,40.9,-24.9,-43.5,40.9,100.2,-62.8,punto adelante de la componente
2487,74.685,HIGH,toca_abajo,60.3,0.905,62.8,48.0,-16.7,-45.6,48.0,100.1,-57.8,punto adelante de la componente
2488,74.715,HIGH,toca_abajo,60.4,0.905,64.6,46.9,-14.9,-50.3,46.9,99.9,-58.4,punto adelante de la componente
2489,74.745,HIGH,toca_abajo,60.4,0.905,64.6,46.9,-14.9,-50.3,46.9,99.9,-58.4,punto adelante de la componente
2490,74.775,HIGH,toca_abajo,58.2,0.873,68.8,47.0,-10.7,-56.0,47.0,99.9,-58.3,punto adelante de la componente
2491,74.805,HIGH,toca_abajo,50.7,0.761,78.0,52.8,-1.5,-59.5,52.8,99.8,-52.9,punto adelante de la componente
2492,74.835,HIGH,toca_abajo,50.7,0.761,78.0,52.8,-1.5,-59.5,52.8,99.8,-52.9,punto adelante de la componente
2493,74.865,HIGH,toca_abajo,37.3,0.559,90.5,60.2,11.0,-63.8,60.2,99.7,-43.5,punto adelante de la componente
2494,74.895,HIGH,toca_abajo,21.4,0.321,102.9,65.1,23.4,-68.6,65.1,99.7,-35.4,punto adelante de la componente
2495,74.925,HIGH,toca_abajo,21.4,0.321,102.9,65.1,23.4,-68.6,65.1,99.7,-35.4,punto adelante de la componente
2496,74.955,HIGH,toca_abajo,18.2,0.273,106.8,64.4,27.3,-71.2,64.4,100.1,-37.2,punto adelante de la componente
2497,74.985,HIGH,toca_abajo,17.6,0.263,97.5,66.6,18.0,-65.6,66.6,100.1,-33.0,punto adelante de la componente
2498,75.015,HIGH,toca_abajo,33.8,0.507,77.3,64.6,-2.2,-41.8,64.6,100.1,-36.8,punto adelante de la componente
2499,75.045,HIGH,toca_abajo,33.8,0.507,77.3,64.6,-2.2,-41.8,64.6,100.1,-36.8,punto adelante de la componente
2500,75.075,HIGH,toca_abajo,37.1,0.557,74.1,63.4,-5.4,-36.6,63.4,100.1,-39.1,punto adelante de la componente
2501,75.105,MEDIUM,toca_abajo,36.4,0.546,71.8,71.0,-7.7,-3.4,71.0,100.8,-23.8,punto adelante de la componente
2502,75.135,MEDIUM,toca_abajo,36.4,0.546,71.8,71.0,-7.7,-3.4,71.0,100.8,-23.8,punto adelante de la componente
2503,75.165,MEDIUM,toca_abajo,26.5,0.398,68.6,96.0,-10.9,64.1,96.0,101.3,41.4,punto adelante de la componente
2504,75.195,MEDIUM,toca_abajo,-78.2,-1.000,96.0,108.8,16.5,48.9,108.8,104.1,61.5,punto adelante de la componente
2505,75.225,MEDIUM,toca_abajo,-78.2,-1.000,96.0,108.8,16.5,48.9,108.8,104.1,61.5,punto adelante de la componente
2506,75.255,LOW,toca_abajo,-85.4,-1.000,108.9,,29.4,,108.8,104.1,61.5,ultimo objetivo confiable (memoria)
2507,75.285,PERDIDA,sin_componente,-89.2,0.000,,,,,,,0.0,sin objetivo
2508,75.315,PERDIDA,sin_componente,-89.2,0.000,,,,,,,0.0,sin objetivo
2509,75.345,PERDIDA,sin_componente,0.0,0.000,,,,,,,0.0,sin objetivo
2510,75.375,PERDIDA,sin_componente,-46.0,0.000,,,,,,,0.0,sin objetivo
2511,75.405,PERDIDA,sin_componente,-46.0,0.000,,,,,,,0.0,sin objetivo
2512,75.435,PERDIDA,sin_componente,-45.9,0.000,,,,,,,0.0,sin objetivo
2513,75.465,PERDIDA,sin_componente,-45.9,0.000,,,,,,,0.0,sin objetivo
2514,75.495,PERDIDA,sin_componente,-45.9,0.000,,,,,,,0.0,sin objetivo
2515,75.526,SIN_CERCA,salto_grande,-45.8,-0.600,,,,,108.8,104.1,61.5,memoria
2516,75.556,SIN_CERCA,continuidad,-45.3,-0.600,,,,,108.8,104.1,61.5,memoria
2517,75.586,SIN_CERCA,continuidad,-45.8,-0.600,,,,,108.8,104.1,61.5,memoria
2518,75.616,SIN_CERCA,continuidad,-45.8,-0.600,,,,,108.8,104.1,61.5,memoria
2519,75.646,SIN_CERCA,continuidad,-45.8,-0.600,,,,,108.8,104.1,61.5,memoria
2520,75.676,SIN_CERCA,continuidad,-45.8,-0.600,,,,,108.8,104.1,61.5,memoria
2521,75.706,SIN_CERCA,continuidad,-45.6,-0.600,,,,,108.8,104.1,61.5,memoria
2522,75.736,SIN_CERCA,continuidad,-45.2,-0.600,,,,,108.8,104.1,61.5,memoria
2523,75.766,SIN_CERCA,continuidad,-45.2,-0.600,,,,,108.8,104.1,61.5,memoria
2524,75.796,SIN_CERCA,continuidad,-45.0,-0.600,,,,,108.8,104.1,61.5,memoria
2525,75.826,SIN_CERCA,continuidad,-45.0,-0.600,,,,,108.8,104.1,61.5,memoria
2526,75.856,SIN_CERCA,continuidad,-45.2,-0.600,,,,,108.8,104.1,61.5,memoria
2527,75.886,SIN_CERCA,continuidad,-45.2,-0.600,,,,,108.8,104.1,61.5,memoria
2528,75.916,SIN_CERCA,continuidad,-44.8,-0.600,,157.4,,,157.4,75.4,60.2,componente visible arriba
2529,75.946,SIN_CERCA,continuidad,-44.8,-0.600,,157.4,,,157.4,75.4,60.2,componente visible arriba
2530,75.976,SIN_CERCA,continuidad,-44.4,-0.600,,154.9,,,154.9,76.2,59.8,componente visible arriba
2531,76.006,SIN_CERCA,continuidad,-44.4,-0.600,,153.7,,,153.7,76.6,59.7,componente visible arriba
2532,76.036,SIN_CERCA,continuidad,-44.4,-0.600,,153.7,,,153.7,76.6,59.7,componente visible arriba
2533,76.066,SIN_CERCA,continuidad,-44.6,-0.600,,153.8,,,153.8,76.6,59.7,componente visible arriba
2534,76.096,SIN_CERCA,continuidad,-44.2,-0.600,,151.2,,,151.2,77.2,59.2,componente visible arriba
2535,76.126,SIN_CERCA,continuidad,-45.5,-0.682,,149.3,,,149.3,77.9,58.9,componente visible arriba
2536,76.156,SIN_CERCA,continuidad,-45.5,-0.682,,149.3,,,149.3,77.9,58.9,componente visible arriba
2537,76.186,SIN_CERCA,continuidad,-47.3,-0.710,,148.7,,,148.7,80.1,60.0,componente visible arriba
2538,76.216,SIN_CERCA,continuidad,-47.3,-0.710,,148.7,,,148.7,80.1,60.0,componente visible arriba
2539,76.246,SIN_CERCA,continuidad,-48.1,-0.722,,152.9,,,152.9,80.0,61.4,componente visible arriba
2540,76.276,SIN_CERCA,continuidad,-49.0,-0.735,,151.4,,,151.4,80.3,61.1,componente visible arriba
2541,76.306,SIN_CERCA,continuidad,-49.0,-0.735,,151.4,,,151.4,80.3,61.1,componente visible arriba
2542,76.336,SIN_CERCA,continuidad,-47.8,-0.718,,152.2,,,152.2,79.6,60.9,componente visible arriba
2543,76.366,SIN_CERCA,continuidad,-50.4,-0.756,,156.0,,,156.0,95.4,72.2,componente visible arriba
2544,76.396,SIN_CERCA,continuidad,-50.4,-0.756,,156.0,,,156.0,95.4,72.2,componente visible arriba
2545,76.426,SIN_CERCA,continuidad,-51.0,-0.764,,153.3,,,153.3,96.0,72.0,componente visible arriba
2546,76.456,SIN_CERCA,continuidad,26.6,0.399,,,,,153.3,96.0,72.0,memoria
2547,76.486,SIN_CERCA,continuidad,26.6,0.399,,,,,153.3,96.0,72.0,memoria
2548,76.517,SIN_CERCA,continuidad,37.9,0.568,,151.3,,,151.3,99.5,74.1,componente visible arriba
2549,76.547,SIN_CERCA,continuidad,54.4,0.817,152.6,151.4,73.1,-9.0,151.4,103.2,76.8,componente visible arriba
2550,76.577,SIN_CERCA,continuidad,54.4,0.817,152.6,151.4,73.1,-9.0,151.4,103.2,76.8,componente visible arriba
2551,76.607,HIGH,toca_abajo,55.5,0.832,26.6,10.6,-52.9,-54.6,10.6,101.9,-75.3,punto adelante de la componente
2552,76.637,HIGH,toca_abajo,55.7,0.836,33.8,5.4,-45.7,-63.3,5.4,100.2,-75.0,punto adelante de la componente
2553,76.667,HIGH,toca_abajo,55.7,0.836,33.8,5.4,-45.7,-63.3,5.4,100.2,-75.0,punto adelante de la componente
2554,76.697,SIN_CERCA,continuidad,53.6,0.600,,5.7,,,5.7,98.5,-73.8,componente visible arriba
2555,76.727,SIN_CERCA,continuidad,42.5,0.600,,,,,5.7,98.5,-73.8,memoria
2556,76.757,SIN_CERCA,continuidad,42.5,0.600,,,,,5.7,98.5,-73.8,memoria
2557,76.787,SIN_CERCA,continuidad,-16.5,-0.600,,,,,5.7,98.5,-73.8,memoria
2558,76.817,SIN_CERCA,continuidad,-16.5,-0.600,,,,,5.7,98.5,-73.8,memoria
2559,76.847,SIN_CERCA,salto_grande,-53.2,-0.600,,153.8,,,153.8,79.2,61.3,componente visible arriba
2560,76.877,SIN_CERCA,continuidad,-43.1,-0.600,,,,,153.8,79.2,61.3,memoria
2561,76.907,HIGH,toca_abajo,68.0,1.000,47.5,34.1,-32.0,-42.9,34.1,100.2,-66.4,punto adelante de la componente
2562,76.937,HIGH,toca_abajo,68.0,1.000,47.5,34.1,-32.0,-42.9,34.1,100.2,-66.4,punto adelante de la componente
2563,76.967,HIGH,toca_abajo,27.5,0.412,62.1,72.3,-17.4,35.3,72.3,100.1,-19.9,punto adelante de la componente
2564,76.997,HIGH,toca_abajo,41.6,0.623,66.7,78.0,-12.8,37.5,78.0,99.9,-4.4,punto adelante de la componente
2565,77.027,HIGH,toca_abajo,41.6,0.623,66.7,78.0,-12.8,37.5,78.0,99.9,-4.4,punto adelante de la componente
2566,77.057,HIGH,toca_abajo,52.2,0.784,69.5,59.7,-10.0,-34.5,59.7,100.2,-45.1,punto adelante de la componente
2567,77.087,HIGH,toca_abajo,44.0,0.660,76.1,63.4,-3.4,-41.8,63.4,100.3,-39.1,punto adelante de la componente
2568,77.117,HIGH,toca_abajo,44.0,0.660,76.1,63.4,-3.4,-41.8,63.4,100.3,-39.1,punto adelante de la componente
2569,77.147,HIGH,toca_abajo,10.2,0.153,98.0,82.1,18.5,-48.9,82.1,100.3,7.4,punto adelante de la componente
2570,77.177,HIGH,toca_abajo,-57.9,-0.869,132.6,126.4,53.1,-23.0,126.4,100.1,67.0,punto adelante de la componente
2571,77.207,HIGH,toca_abajo,-57.9,-0.869,132.6,126.4,53.1,-23.0,126.4,100.1,67.0,punto adelante de la componente
2572,77.237,HIGH,toca_abajo,-63.5,-0.953,150.4,155.1,70.9,18.4,155.1,100.7,75.6,punto adelante de la componente
2573,77.267,MEDIUM,toca_abajo,-53.3,-0.800,155.4,158.2,75.9,11.7,158.2,101.7,76.9,punto adelante de la componente
2574,77.297,MEDIUM,toca_abajo,-53.3,-0.800,155.4,158.2,75.9,11.7,158.2,101.7,76.9,punto adelante de la componente
2575,77.327,LOW,toca_abajo,-48.5,-0.728,156.9,,77.4,,158.2,101.7,76.9,ultimo objetivo confiable (memoria)
2576,77.357,MEDIUM,toca_abajo,-48.3,-0.725,157.0,158.8,77.5,8.3,158.8,103.0,77.9,punto adelante de la componente
2577,77.387,HIGH,toca_abajo,-50.6,-0.759,155.4,157.4,75.9,7.9,157.4,100.4,75.9,punto adelante de la componente
2578,77.417,HIGH,toca_abajo,-50.6,-0.759,155.4,157.4,75.9,7.9,157.4,100.4,75.9,punto adelante de la componente
2579,77.447,HIGH,toca_abajo,-51.1,-0.767,153.9,155.2,74.4,5.3,155.2,99.6,75.0,punto adelante de la componente
2580,77.477,HIGH,toca_abajo,-51.1,-0.767,153.9,155.2,74.4,5.3,155.2,99.6,75.0,punto adelante de la componente
2581,77.508,HIGH,toca_abajo,-50.5,-0.757,153.2,152.1,73.7,-3.9,152.1,98.9,73.8,punto adelante de la componente
2582,77.538,HIGH,toca_abajo,-49.6,-0.743,152.7,148.3,73.2,-15.5,148.3,98.8,72.9,punto adelante de la componente
2583,77.568,HIGH,toca_abajo,-49.6,-0.743,152.7,148.3,73.2,-15.5,148.3,98.8,72.9,punto adelante de la componente
2584,77.598,HIGH,toca_abajo,-48.7,-0.731,151.9,144.0,72.4,-26.7,144.0,99.1,72.0,punto adelante de la componente
2585,77.628,HIGH,toca_abajo,-47.5,-0.713,149.0,138.6,69.5,-34.4,138.6,99.3,70.7,punto adelante de la componente
2586,77.658,HIGH,toca_abajo,-47.5,-0.713,149.0,138.6,69.5,-34.4,138.6,99.3,70.7,punto adelante de la componente
2587,77.688,HIGH,toca_abajo,-45.7,-0.686,146.0,132.1,66.5,-42.7,132.1,99.5,68.7,punto adelante de la componente
2588,77.718,HIGH,toca_abajo,-43.0,-0.645,142.1,125.5,62.6,-48.3,125.5,99.6,66.1,punto adelante de la componente
2589,77.748,HIGH,toca_abajo,-43.0,-0.645,142.1,125.5,62.6,-48.3,125.5,99.6,66.1,punto adelante de la componente
2590,77.778,HIGH,toca_abajo,-35.9,-0.539,133.7,115.9,54.2,-51.2,115.9,99.7,60.9,punto adelante de la componente
2591,77.808,HIGH,toca_abajo,-35.9,-0.539,133.7,115.9,54.2,-51.2,115.9,99.7,60.9,punto adelante de la componente
2592,77.838,HIGH,toca_abajo,-27.6,-0.414,124.2,107.8,44.7,-48.9,107.8,99.9,54.5,punto adelante de la componente
2593,77.868,HIGH,toca_abajo,-19.6,-0.295,117.9,102.0,38.4,-48.1,102.0,99.9,48.2,punto adelante de la componente
2594,77.898,HIGH,toca_abajo,-11.0,-0.165,113.1,96.1,33.6,-49.9,96.1,100.0,39.8,punto adelante de la componente
2595,77.928,HIGH,toca_abajo,-11.0,-0.165,113.1,96.1,33.6,-49.9,96.1,100.0,39.8,punto adelante de la componente
2596,77.958,HIGH,toca_abajo,8.2,0.123,104.5,83.8,25.0,-55.7,83.8,100.3,12.3,punto adelante de la componente
2597,77.988,HIGH,toca_abajo,41.8,0.626,94.4,57.2,14.9,-69.3,57.2,100.3,-48.6,punto adelante de la componente
2598,78.018,HIGH,toca_abajo,67.9,1.000,73.1,35.6,-6.4,-69.0,35.6,100.4,-66.0,punto adelante de la componente
2599,78.048,HIGH,toca_abajo,67.9,1.000,73.1,35.6,-6.4,-69.0,35.6,100.4,-66.0,punto adelante de la componente
2600,78.078,HIGH,toca_abajo,78.0,1.000,41.6,22.3,-37.9,-53.5,22.3,100.5,-71.2,punto adelante de la componente
2601,78.108,HIGH,toca_abajo,78.0,1.000,41.6,22.3,-37.9,-53.5,22.3,100.5,-71.2,punto adelante de la componente
2602,78.138,HIGH,toca_abajo,79.3,1.000,34.8,19.1,-44.7,-47.8,19.1,100.5,-72.1,punto adelante de la componente
2603,78.168,HIGH,toca_abajo,78.4,1.000,35.5,20.1,-44.0,-47.0,20.1,100.5,-71.8,punto adelante de la componente
2604,78.198,HIGH,toca_abajo,78.4,1.000,35.5,20.1,-44.0,-47.0,20.1,100.5,-71.8,punto adelante de la componente
2605,78.228,HIGH,toca_abajo,76.7,1.000,38.9,23.4,-40.6,-47.2,23.4,100.4,-70.7,punto adelante de la componente
2606,78.258,HIGH,toca_abajo,74.5,1.000,44.0,27.4,-35.5,-49.0,27.4,100.3,-69.3,punto adelante de la componente
2607,78.288,HIGH,toca_abajo,71.6,1.000,50.3,31.6,-29.2,-52.5,31.6,100.3,-67.7,punto adelante de la componente
2608,78.318,HIGH,toca_abajo,71.6,1.000,50.3,31.6,-29.2,-52.5,31.6,100.3,-67.7,punto adelante de la componente
2609,78.348,HIGH,toca_abajo,67.0,1.000,59.7,37.1,-19.8,-57.5,37.1,100.3,-65.0,punto adelante de la componente
2610,78.378,HIGH,toca_abajo,59.9,0.898,71.2,46.5,-8.3,-59.6,46.5,100.2,-59.0,punto adelante de la componente
2611,78.408,HIGH,toca_abajo,53.0,0.796,79.1,53.4,-0.4,-60.6,53.4,100.2,-52.8,punto adelante de la componente
2612,78.438,HIGH,toca_abajo,53.0,0.796,79.1,53.4,-0.4,-60.6,53.4,100.2,-52.8,punto adelante de la componente
2613,78.468,HIGH,toca_abajo,41.8,0.628,87.5,62.0,8.0,-60.3,62.0,100.2,-41.4,punto adelante de la componente
2614,78.498,HIGH,toca_abajo,16.7,0.251,100.8,75.2,21.3,-60.7,75.2,100.2,-12.4,punto adelante de la componente
2615,78.529,HIGH,toca_abajo,3.7,0.055,106.2,81.8,26.7,-59.5,81.8,100.2,6.7,punto adelante de la componente
2616,78.559,HIGH,toca_abajo,3.7,0.055,106.2,81.8,26.7,-59.5,81.8,100.2,6.7,punto adelante de la componente
2617,78.589,HIGH,toca_abajo,3.3,0.049,106.9,82.4,27.4,-59.5,82.4,100.2,8.4,punto adelante de la componente
2618,78.619,HIGH,toca_abajo,23.4,0.351,98.7,73.1,19.2,-60.5,73.1,100.2,-17.8,punto adelante de la componente
2619,78.649,HIGH,toca_abajo,23.4,0.351,98.7,73.1,19.2,-60.5,73.1,100.2,-17.8,punto adelante de la componente
2620,78.679,HIGH,toca_abajo,45.2,0.679,81.8,61.0,2.3,-55.1,61.0,100.2,-43.0,punto adelante de la componente
2621,78.709,HIGH,toca_abajo,45.2,0.679,81.8,61.0,2.3,-55.1,61.0,100.2,-43.0,punto adelante de la componente
2622,78.739,HIGH,toca_abajo,59.4,0.891,66.1,47.7,-13.4,-51.8,47.7,100.2,-58.0,punto adelante de la componente
2623,78.769,HIGH,toca_abajo,65.8,0.988,53.9,39.9,-25.6,-44.2,39.9,100.2,-63.4,punto adelante de la componente
2624,78.799,HIGH,toca_abajo,68.4,1.000,47.9,35.7,-31.6,-40.2,35.7,100.1,-65.6,punto adelante de la componente
2625,78.829,HIGH,toca_abajo,68.4,1.000,47.9,35.7,-31.6,-40.2,35.7,100.1,-65.6,punto adelante de la componente
2626,78.859,HIGH,toca_abajo,69.4,1.000,47.3,34.7,-32.2,-41.0,34.7,100.1,-66.0,punto adelante de la componente
2627,78.889,HIGH,toca_abajo,67.2,1.000,52.3,37.7,-27.2,-45.2,37.7,100.1,-64.6,punto adelante de la componente
2628,78.919,HIGH,toca_abajo,67.2,1.000,52.3,37.7,-27.2,-45.2,37.7,100.1,-64.6,punto adelante de la componente
2629,78.949,HIGH,toca_abajo,67.0,1.000,54.6,38.9,-24.9,-47.5,38.9,100.1,-63.9,punto adelante de la componente
2630,78.979,HIGH,toca_abajo,66.9,1.000,54.3,41.0,-25.2,-42.9,41.0,100.1,-62.6,punto adelante de la componente
2631,79.009,HIGH,toca_abajo,66.9,1.000,54.3,41.0,-25.2,-42.9,41.0,100.1,-62.6,punto adelante de la componente
2632,79.039,HIGH,toca_abajo,65.3,0.979,56.1,44.6,-23.4,-38.9,44.6,100.1,-60.3,punto adelante de la componente
2633,79.069,HIGH,toca_abajo,60.7,0.910,60.9,50.3,-18.6,-36.4,50.3,100.1,-55.7,punto adelante de la componente
2634,79.099,HIGH,toca_abajo,60.7,0.910,60.9,50.3,-18.6,-36.4,50.3,100.1,-55.7,punto adelante de la componente
2635,79.129,HIGH,toca_abajo,49.0,0.735,70.6,57.3,-8.9,-43.3,57.3,100.0,-48.1,punto adelante de la componente
2636,79.159,HIGH,toca_abajo,36.5,0.548,76.9,63.8,-2.6,-42.7,63.8,100.0,-38.2,punto adelante de la componente
2637,79.189,HIGH,toca_abajo,36.5,0.548,76.9,63.8,-2.6,-42.7,63.8,100.0,-38.2,punto adelante de la componente
2638,79.219,HIGH,toca_abajo,32.6,0.489,75.0,66.1,-4.5,-31.5,66.1,100.1,-33.9,punto adelante de la componente
2639,79.249,HIGH,toca_abajo,21.8,0.327,76.6,68.1,-2.9,-30.5,68.1,100.1,-29.8,punto adelante de la componente
2640,79.279,HIGH,toca_abajo,21.8,0.327,76.6,68.1,-2.9,-30.5,68.1,100.1,-29.8,punto adelante de la componente
2641,79.309,HIGH,toca_abajo,7.2,0.108,77.9,72.5,-1.6,-20.9,72.5,100.4,-19.7,punto adelante de la componente
2642,79.339,MEDIUM,toca_abajo,-23.4,-0.351,79.0,86.8,-0.5,30.5,86.8,101.2,21.3,punto adelante de la componente
2643,79.369,MEDIUM,toca_abajo,-23.4,-0.351,79.0,86.8,-0.5,30.5,86.8,101.2,21.3,punto adelante de la componente
2644,79.399,MEDIUM,toca_abajo,-53.4,-0.801,77.9,117.1,-1.6,71.3,117.1,101.3,63.6,punto adelante de la componente
2645,79.429,MEDIUM,toca_abajo,-82.5,-1.000,114.4,132.0,34.9,55.2,132.0,102.9,72.0,punto adelante de la componente
2646,79.459,MEDIUM,toca_abajo,-82.5,-1.000,114.4,132.0,34.9,55.2,132.0,102.9,72.0,punto adelante de la componente
2647,79.489,LOW,toca_abajo,-87.5,-1.000,135.5,,56.0,,132.0,102.9,72.0,ultimo objetivo confiable (memoria)
2648,79.520,LOW,toca_abajo,-89.1,-1.000,140.6,,61.1,,132.0,102.9,72.0,ultimo objetivo confiable (memoria)
2649,79.550,PERDIDA,sin_componente,-89.6,0.000,,,,,,,0.0,sin objetivo
2650,79.580,PERDIDA,sin_componente,-89.6,0.000,,,,,,,0.0,sin objetivo
2651,79.610,PERDIDA,sin_componente,-89.8,0.000,,,,,,,0.0,sin objetivo
2652,79.640,PERDIDA,sin_componente,0.0,0.000,,,,,,,0.0,sin objetivo
2653,79.670,PERDIDA,sin_componente,0.0,0.000,,,,,,,0.0,sin objetivo
2654,79.700,PERDIDA,sin_componente,0.0,0.000,,,,,,,0.0,sin objetivo
2655,79.730,PERDIDA,sin_componente,-46.0,0.000,,,,,,,0.0,sin objetivo
2656,79.760,PERDIDA,sin_componente,-46.0,0.000,,,,,,,0.0,sin objetivo
2657,79.790,PERDIDA,sin_componente,-45.8,0.000,,,,,,,0.0,sin objetivo
2658,79.820,PERDIDA,sin_componente,-45.9,0.000,,,,,,,0.0,sin objetivo
2659,79.850,SIN_CERCA,continuidad,-45.7,-0.600,,,,,132.0,102.9,72.0,memoria
2660,79.880,SIN_CERCA,continuidad,-45.7,-0.600,,,,,132.0,102.9,72.0,memoria
2661,79.910,SIN_CERCA,continuidad,-45.8,-0.600,,,,,132.0,102.9,72.0,memoria
2662,79.940,SIN_CERCA,continuidad,-45.8,-0.600,,,,,132.0,102.9,72.0,memoria
2663,79.970,SIN_CERCA,continuidad,-45.8,-0.600,,,,,132.0,102.9,72.0,memoria
2664,80.000,SIN_CERCA,continuidad,-45.7,-0.600,,,,,132.0,102.9,72.0,memoria
2665,80.030,SIN_CERCA,continuidad,-44.7,-0.600,,157.2,,,157.2,75.7,60.3,componente visible arriba
2666,80.060,SIN_CERCA,continuidad,-44.7,-0.600,,157.2,,,157.2,75.7,60.3,componente visible arriba
2667,80.090,SIN_CERCA,continuidad,-43.0,-0.600,,146.6,,,146.6,79.0,58.5,componente visible arriba
2668,80.120,SIN_CERCA,continuidad,-45.7,-0.600,,153.9,,,153.9,96.5,72.5,componente visible arriba
2669,80.150,SIN_CERCA,continuidad,-45.7,-0.600,,153.9,,,153.9,96.5,72.5,componente visible arriba
2670,80.180,SIN_CERCA,continuidad,-47.6,-0.600,,151.6,,,151.6,97.6,72.7,componente visible arriba
2671,80.210,SIN_CERCA,continuidad,-47.6,-0.600,,151.6,,,151.6,97.6,72.7,componente visible arriba
2672,80.240,SIN_CERCA,continuidad,-46.2,-0.600,,143.6,,,143.6,79.6,57.8,componente visible arriba
2673,80.270,SIN_CERCA,continuidad,-46.6,-0.600,,,,,143.6,79.6,57.8,memoria
2674,80.300,SIN_CERCA,continuidad,-46.6,-0.600,,,,,143.6,79.6,57.8,memoria
2675,80.330,HIGH,toca_abajo,57.5,0.862,59.9,62.8,-19.6,12.0,62.8,100.6,-40.7,punto adelante de la componente
2676,80.360,HIGH,toca_abajo,-10.1,-0.152,129.3,82.7,49.8,-72.3,82.7,99.5,9.0,punto adelante de la componente
2677,80.390,HIGH,toca_abajo,-10.1,-0.152,129.3,82.7,49.8,-72.3,82.7,99.5,9.0,punto adelante de la componente
2678,80.420,HIGH,toca_abajo,-13.7,-0.205,130.2,92.1,50.7,-68.7,92.1,99.5,31.7,punto adelante de la componente
2679,80.450,HIGH,toca_abajo,-15.2,-0.228,129.0,94.8,49.5,-66.4,94.8,99.5,36.8,punto adelante de la componente
2680,80.480,HIGH,toca_abajo,-15.2,-0.228,129.0,94.8,49.5,-66.4,94.8,99.5,36.8,punto adelante de la componente
2681,80.511,HIGH,toca_abajo,-17.7,-0.266,132.2,91.3,52.7,-69.8,91.3,99.3,29.7,punto adelante de la componente
2682,80.541,HIGH,toca_abajo,-13.8,-0.208,133.7,75.3,54.2,-75.7,75.3,99.4,-11.7,punto adelante de la componente
2683,80.571,HIGH,toca_abajo,-13.8,-0.208,133.7,75.3,54.2,-75.7,75.3,99.4,-11.7,punto adelante de la componente
2684,80.601,HIGH,toca_abajo,-1.7,-0.025,120.9,70.1,41.4,-74.4,70.1,99.8,-24.9,punto adelante de la componente
2685,80.631,HIGH,toca_abajo,5.8,0.087,96.3,71.6,16.8,-61.2,71.6,100.1,-21.7,punto adelante de la componente
2686,80.661,HIGH,toca_abajo,5.8,0.087,96.3,71.6,16.8,-61.2,71.6,100.1,-21.7,punto adelante de la componente
2687,80.691,HIGH,toca_abajo,11.1,0.166,85.3,71.9,5.8,-44.0,71.9,100.1,-20.9,punto adelante de la componente
2688,80.721,HIGH,toca_abajo,11.2,0.168,79.1,70.9,-0.4,-30.1,70.9,100.1,-23.5,punto adelante de la componente
2689,80.751,HIGH,toca_abajo,11.2,0.168,79.1,70.9,-0.4,-30.1,70.9,100.1,-23.5,punto adelante de la componente
2690,80.781,HIGH,toca_abajo,-5.7,-0.085,77.9,80.1,-1.6,9.0,80.1,100.8,1.8,punto adelante de la componente
2691,80.811,MEDIUM,toca_abajo,-36.9,-0.553,75.2,104.2,-4.3,65.1,104.2,101.1,52.6,punto adelante de la componente
2692,80.841,MEDIUM,toca_abajo,-79.0,-1.000,97.7,116.8,18.2,56.9,116.8,102.9,65.4,punto adelante de la componente
2693,80.871,MEDIUM,toca_abajo,-79.0,-1.000,97.7,116.8,18.2,56.9,116.8,102.9,65.4,punto adelante de la componente
2694,80.901,LOW,toca_abajo,-85.8,-1.000,120.6,,41.1,,116.8,102.9,65.4,ultimo objetivo confiable (memoria)
2695,80.931,PERDIDA,sin_componente,-71.5,0.000,,,,,,,0.0,sin objetivo
2696,80.961,PERDIDA,sin_componente,-71.5,0.000,,,,,,,0.0,sin objetivo
2697,80.991,PERDIDA,sin_componente,-46.1,0.000,,,,,,,0.0,sin objetivo
2698,81.021,SIN_CERCA,continuidad,-45.9,-0.600,,,,,116.8,102.9,65.4,memoria
2699,81.051,SIN_CERCA,continuidad,-45.9,-0.600,,,,,116.8,102.9,65.4,memoria
2700,81.081,SIN_CERCA,continuidad,-45.1,-0.600,,,,,116.8,102.9,65.4,memoria
2701,81.111,SIN_CERCA,continuidad,-46.0,-0.600,,,,,116.8,102.9,65.4,memoria
2702,81.141,SIN_CERCA,continuidad,-46.0,-0.600,,,,,116.8,102.9,65.4,memoria
2703,81.171,LOW,toca_abajo,-83.0,-1.000,103.6,,24.1,,116.8,102.9,65.4,ultimo objetivo confiable (memoria)
2704,81.201,HIGH,toca_abajo,-60.3,-0.905,82.6,110.1,3.1,62.9,110.1,100.6,57.7,punto adelante de la componente
2705,81.231,HIGH,toca_abajo,-60.3,-0.905,82.6,110.1,3.1,62.9,110.1,100.6,57.7,punto adelante de la componente
2706,81.261,HIGH,toca_abajo,-3.4,-0.052,67.2,78.2,-12.3,37.7,78.2,100.0,-3.7,punto adelante de la componente
2707,81.291,HIGH,toca_abajo,-8.1,-0.121,153.3,91.6,73.8,-75.8,91.6,98.2,29.1,punto adelante de la componente
2708,81.321,SIN_CERCA,salto_grande,-10.0,-0.600,,154.2,,,154.2,99.1,74.3,componente visible arriba
2709,81.351,SIN_CERCA,salto_grande,-11.7,-0.600,157.5,151.2,78.0,-28.5,151.2,99.3,73.9,componente visible arriba
2710,81.381,SIN_CERCA,salto_grande,-11.7,-0.600,157.5,151.2,78.0,-28.5,151.2,99.3,73.9,componente visible arriba
2711,81.411,HIGH,toca_abajo,-19.9,-0.299,155.2,148.8,75.7,-24.9,148.8,99.5,73.5,punto adelante de la componente
2712,81.441,SIN_CERCA,salto_grande,-16.5,-0.600,156.4,149.4,76.9,-28.6,149.4,99.4,73.6,componente visible arriba
2713,81.471,SIN_CERCA,salto_grande,-16.5,-0.600,156.4,149.4,76.9,-28.6,149.4,99.4,73.6,componente visible arriba
2714,81.502,HIGH,toca_abajo,-13.7,-0.205,156.0,149.2,76.5,-26.5,149.2,99.5,73.6,punto adelante de la componente
2715,81.532,HIGH,toca_abajo,-11.6,-0.174,155.2,147.8,75.7,-28.2,147.8,99.6,73.3,punto adelante de la componente
2716,81.562,HIGH,toca_abajo,-11.6,-0.174,155.2,147.8,75.7,-28.2,147.8,99.6,73.3,punto adelante de la componente
2717,81.592,HIGH,toca_abajo,-10.7,-0.161,153.9,99.5,74.4,-73.9,99.5,98.0,42.3,punto adelante de la componente
2718,81.622,HIGH,toca_abajo,-7.5,-0.113,152.4,70.9,72.9,-79.9,70.9,99.3,-22.7,punto adelante de la componente
2719,81.652,HIGH,toca_abajo,-7.5,-0.113,152.4,70.9,72.9,-79.9,70.9,99.3,-22.7,punto adelante de la componente
2720,81.682,HIGH,toca_abajo,0.4,0.005,68.8,78.4,-10.7,36.3,78.4,100.0,-3.1,punto adelante de la componente
2721,81.712,HIGH,toca_abajo,-9.8,-0.147,74.5,79.3,-5.0,18.7,79.3,100.0,-0.6,punto adelante de la componente
2722,81.742,HIGH,toca_abajo,-9.8,-0.147,74.5,79.3,-5.0,18.7,79.3,100.0,-0.6,punto adelante de la componente
2723,81.772,HIGH,toca_abajo,-35.4,-0.531,78.9,87.6,-0.6,32.3,87.6,100.7,22.7,punto adelante de la componente
2724,81.802,MEDIUM,toca_abajo,-58.8,-0.882,79.5,122.2,0.0,72.6,122.2,101.1,66.1,punto adelante de la componente
2725,81.832,MEDIUM,toca_abajo,-58.8,-0.882,79.5,122.2,0.0,72.6,122.2,101.1,66.1,punto adelante de la componente
2726,81.862,MEDIUM,toca_abajo,-77.5,-1.000,89.3,141.5,9.8,74.9,141.5,101.1,73.1,punto adelante de la componente
2727,81.892,MEDIUM,toca_abajo,-86.2,-1.000,140.3,152.9,60.8,48.8,152.9,104.1,77.7,punto adelante de la componente
2728,81.922,LOW,toca_abajo,-87.5,-1.000,148.5,,69.0,,152.9,104.1,77.7,ultimo objetivo confiable (memoria)
2729,81.952,LOW,toca_abajo,-87.5,-1.000,148.5,,69.0,,152.9,104.1,77.7,ultimo objetivo confiable (memoria)
2730,81.982,LOW,toca_abajo,-88.5,-1.000,148.0,,68.5,,152.9,104.1,77.7,ultimo objetivo confiable (memoria)
2731,82.012,LOW,toca_abajo,-88.6,-1.000,141.5,,62.0,,152.9,104.1,77.7,ultimo objetivo confiable (memoria)
2732,82.042,LOW,toca_abajo,-88.6,-1.000,141.5,,62.0,,152.9,104.1,77.7,ultimo objetivo confiable (memoria)
2733,82.072,LOW,toca_abajo,-88.1,-1.000,128.1,,48.6,,152.9,104.1,77.7,ultimo objetivo confiable (memoria)
2734,82.102,LOW,toca_abajo,-88.1,-1.000,128.1,,48.6,,152.9,104.1,77.7,ultimo objetivo confiable (memoria)
2735,82.132,LOW,toca_abajo,-58.9,-0.883,106.2,,26.7,,152.9,104.1,77.7,ultimo objetivo confiable (memoria)
2736,82.162,SIN_CERCA,continuidad,-46.7,-0.600,,,,,152.9,104.1,77.7,memoria
2737,82.192,SIN_CERCA,continuidad,-46.7,-0.600,,,,,152.9,104.1,77.7,memoria
2738,82.222,LOW,toca_abajo,-1.4,-0.022,71.3,,-8.2,,152.9,104.1,77.7,ultimo objetivo confiable (memoria)
2739,82.252,MEDIUM,toca_abajo,56.3,0.844,60.8,85.6,-18.7,61.1,85.6,101.0,17.8,punto adelante de la componente
2740,82.282,MEDIUM,toca_abajo,56.3,0.844,60.8,85.6,-18.7,61.1,85.6,101.0,17.8,punto adelante de la componente
2741,82.312,HIGH,toca_abajo,16.6,0.249,76.0,69.2,-3.5,-25.8,69.2,100.1,-27.4,punto adelante de la componente
2742,82.342,HIGH,toca_abajo,-15.5,-0.233,136.0,78.1,56.5,-75.4,78.1,99.3,-3.9,punto adelante de la componente
2743,82.372,HIGH,toca_abajo,-15.5,-0.233,136.0,78.1,56.5,-75.4,78.1,99.3,-3.9,punto adelante de la componente
2744,82.402,HIGH,toca_abajo,-23.3,-0.349,143.8,138.8,64.3,-19.2,138.8,99.9,71.3,punto adelante de la componente
2745,82.432,HIGH,toca_abajo,-18.5,-0.277,155.1,150.2,75.6,-19.0,150.2,99.6,73.9,punto adelante de la componente
2746,82.462,HIGH,toca_abajo,-18.5,-0.277,155.1,150.2,75.6,-19.0,150.2,99.6,73.9,punto adelante de la componente
2747,82.492,SIN_CERCA,salto_grande,-10.5,-0.600,,156.8,,,156.8,97.7,73.9,componente visible arriba
2748,82.523,SIN_CERCA,salto_grande,-10.9,-0.600,,153.1,,,153.1,79.2,61.0,componente visible arriba
2749,82.553,SIN_CERCA,salto_grande,-12.2,-0.600,,154.9,,,154.9,78.8,61.3,componente visible arriba
2750,82.583,SIN_CERCA,salto_grande,-12.2,-0.600,,154.9,,,154.9,78.8,61.3,componente visible arriba
2751,82.613,SIN_CERCA,salto_grande,-12.5,-0.600,,157.3,,,157.3,76.7,60.9,componente visible arriba
2752,82.643,SIN_CERCA,salto_grande,-11.9,-0.600,,157.6,,,157.6,75.9,60.6,componente visible arriba
2753,82.673,SIN_CERCA,salto_grande,-11.9,-0.600,,157.6,,,157.6,75.9,60.6,componente visible arriba
2754,82.703,SIN_CERCA,salto_grande,-12.0,-0.600,,90.5,,,90.5,76.2,14.1,componente visible arriba
2755,82.733,SIN_CERCA,continuidad,-13.6,-0.600,,90.3,,,90.3,79.0,14.7,componente visible arriba
2756,82.763,SIN_CERCA,continuidad,-13.6,-0.600,,90.3,,,90.3,79.0,14.7,componente visible arriba
2757,82.793,SIN_CERCA,continuidad,-15.9,-0.600,,122.1,,,122.1,79.7,46.6,componente visible arriba
2758,82.823,SIN_CERCA,continuidad,-16.8,-0.600,,98.8,,,98.8,80.1,25.8,componente visible arriba
2759,82.853,SIN_CERCA,continuidad,-16.8,-0.600,,98.8,,,98.8,80.1,25.8,componente visible arriba
2760,82.883,SIN_CERCA,continuidad,-16.8,-0.600,,101.3,,,101.3,80.4,28.9,componente visible arriba
2761,82.913,SIN_CERCA,continuidad,-14.3,-0.600,,44.7,,,44.7,95.0,-54.3,componente visible arriba
2762,82.943,SIN_CERCA,continuidad,-14.3,-0.600,,44.7,,,44.7,95.0,-54.3,componente visible arriba
2763,82.973,SIN_CERCA,salto_grande,-15.3,-0.600,,156.3,,,156.3,97.7,73.8,componente visible arriba
2764,83.003,SIN_CERCA,continuidad,-22.1,-0.600,157.1,150.7,77.6,-26.5,150.7,99.4,73.9,componente visible arriba
2765,83.033,SIN_CERCA,continuidad,-22.1,-0.600,157.1,150.7,77.6,-26.5,150.7,99.4,73.9,componente visible arriba
2766,83.063,HIGH,toca_abajo,-30.4,-0.456,150.0,143.2,70.5,-25.4,143.2,99.7,72.3,punto adelante de la componente
2767,83.093,HIGH,toca_abajo,-32.9,-0.494,143.4,135.1,63.9,-30.1,135.1,100.1,70.3,punto adelante de la componente
2768,83.123,HIGH,toca_abajo,-32.9,-0.494,143.4,135.1,63.9,-30.1,135.1,100.1,70.3,punto adelante de la componente
2769,83.153,HIGH,toca_abajo,-35.2,-0.528,141.3,133.1,61.8,-29.6,133.1,100.1,69.6,punto adelante de la componente
2770,83.183,HIGH,toca_abajo,-35.2,-0.528,141.3,133.1,61.8,-29.6,133.1,100.1,69.6,punto adelante de la componente
2771,83.213,HIGH,toca_abajo,-40.1,-0.601,143.5,137.5,64.0,-22.8,137.5,100.1,71.1,punto adelante de la componente
2772,83.243,HIGH,toca_abajo,-46.1,-0.691,147.0,143.3,67.5,-14.3,143.3,99.9,72.5,punto adelante de la componente
2773,83.273,HIGH,toca_abajo,-46.1,-0.691,147.0,143.3,67.5,-14.3,143.3,99.9,72.5,punto adelante de la componente
2774,83.303,HIGH,toca_abajo,-60.1,-0.901,149.1,145.8,69.6,-12.6,145.8,99.8,73.1,punto adelante de la componente
2775,83.333,HIGH,toca_abajo,-65.1,-0.976,150.6,147.3,71.1,-12.6,147.3,99.8,73.4,punto adelante de la componente
2776,83.363,HIGH,toca_abajo,-62.1,-0.932,150.4,146.7,70.9,-14.3,146.7,99.8,73.3,punto adelante de la componente
2777,83.393,HIGH,toca_abajo,-62.1,-0.932,150.4,146.7,70.9,-14.3,146.7,99.8,73.3,punto adelante de la componente
2778,83.423,HIGH,toca_abajo,-48.6,-0.730,146.6,142.0,67.1,-17.8,142.0,99.9,72.2,punto adelante de la componente
2779,83.453,HIGH,toca_abajo,-48.6,-0.730,146.6,142.0,67.1,-17.8,142.0,99.9,72.2,punto adelante de la componente
2780,83.483,HIGH,toca_abajo,-38.8,-0.582,136.4,126.2,56.9,-35.3,126.2,100.1,66.9,punto adelante de la componente
2781,83.514,HIGH,toca_abajo,-54.4,-0.817,124.7,116.0,45.2,-31.1,116.0,100.1,61.3,punto adelante de la componente
2782,83.544,HIGH,toca_abajo,-54.4,-0.817,124.7,116.0,45.2,-31.1,116.0,100.1,61.3,punto adelante de la componente
2783,83.574,HIGH,toca_abajo,-50.2,-0.753,115.6,108.5,36.1,-26.1,108.5,100.1,55.5,punto adelante de la componente
2784,83.604,HIGH,toca_abajo,-46.7,-0.700,111.4,105.0,31.9,-24.0,105.0,100.1,52.0,punto adelante de la componente
2785,83.634,HIGH,toca_abajo,-46.7,-0.700,111.4,105.0,31.9,-24.0,105.0,100.1,52.0,punto adelante de la componente
2786,83.664,HIGH,toca_abajo,-29.2,-0.438,100.2,92.4,20.7,-28.5,92.4,100.1,32.9,punto adelante de la componente
2787,83.694,HIGH,toca_abajo,-9.5,-0.143,89.7,83.2,10.2,-24.3,83.2,100.1,10.6,punto adelante de la componente
2788,83.724,HIGH,toca_abajo,-9.5,-0.143,89.7,83.2,10.2,-24.3,83.2,100.1,10.6,punto adelante de la componente
2789,83.754,HIGH,toca_abajo,12.7,0.190,79.9,74.8,0.4,-19.7,74.8,100.1,-13.3,punto adelante de la componente
2790,83.784,HIGH,toca_abajo,25.3,0.379,73.3,69.2,-6.2,-15.8,69.2,100.1,-27.4,punto adelante de la componente
2791,83.814,HIGH,toca_abajo,25.3,0.379,73.3,69.2,-6.2,-15.8,69.2,100.1,-27.4,punto adelante de la componente
2792,83.844,HIGH,toca_abajo,27.4,0.410,71.9,68.2,-7.6,-14.4,68.2,100.1,-29.6,punto adelante de la componente
2793,83.874,HIGH,toca_abajo,28.3,0.424,71.0,67.8,-8.5,-12.4,67.8,100.1,-30.5,punto adelante de la componente
2794,83.904,HIGH,toca_abajo,28.3,0.424,71.0,67.8,-8.5,-12.4,67.8,100.1,-30.5,punto adelante de la componente
2795,83.934,HIGH,toca_abajo,27.2,0.407,71.3,68.4,-8.2,-11.6,68.4,100.1,-29.2,punto adelante de la componente
2796,83.964,HIGH,toca_abajo,30.3,0.455,69.7,66.8,-9.8,-11.4,66.8,100.1,-32.6,punto adelante de la componente
2797,83.994,HIGH,toca_abajo,30.0,0.449,69.6,66.9,-9.9,-10.6,66.9,100.1,-32.3,punto adelante de la componente
2798,84.024,HIGH,toca_abajo,30.0,0.449,69.6,66.9,-9.9,-10.6,66.9,100.1,-32.3,punto adelante de la componente
2799,84.054,HIGH,toca_abajo,29.5,0.443,69.6,67.1,-9.9,-9.8,67.1,100.1,-31.9,punto adelante de la componente
2800,84.084,HIGH,toca_abajo,29.3,0.439,69.8,67.4,-9.7,-9.4,67.4,100.1,-31.3,punto adelante de la componente
2801,84.114,HIGH,toca_abajo,24.0,0.360,72.6,70.1,-6.9,-9.9,70.1,100.1,-25.3,punto adelante de la componente
2802,84.144,HIGH,toca_abajo,24.0,0.360,72.6,70.1,-6.9,-9.9,70.1,100.1,-25.3,punto adelante de la componente
2803,84.174,HIGH,toca_abajo,29.9,0.449,70.6,68.0,-8.9,-10.4,68.0,100.1,-30.1,punto adelante de la componente
2804,84.204,HIGH,toca_abajo,30.4,0.457,70.3,68.4,-9.2,-7.5,68.4,100.1,-29.2,punto adelante de la componente
2805,84.234,HIGH,toca_abajo,30.4,0.457,70.3,68.4,-9.2,-7.5,68.4,100.1,-29.2,punto adelante de la componente
2806,84.264,HIGH,toca_abajo,29.2,0.439,71.7,69.9,-7.8,-7.1,69.9,100.1,-25.7,punto adelante de la componente
2807,84.294,HIGH,toca_abajo,25.6,0.384,74.8,73.2,-4.7,-6.4,73.2,100.1,-17.6,punto adelante de la componente
2808,84.324,HIGH,toca_abajo,21.8,0.328,79.6,77.5,0.1,-8.2,77.5,100.1,-5.8,punto adelante de la componente
2809,84.354,HIGH,toca_abajo,21.8,0.328,79.6,77.5,0.1,-8.2,77.5,100.1,-5.8,punto adelante de la componente
2810,84.384,HIGH,toca_abajo,18.1,0.271,84.1,81.9,4.6,-8.6,81.9,100.1,7.0,punto adelante de la componente
2811,84.414,HIGH,toca_abajo,18.1,0.271,84.1,81.9,4.6,-8.6,81.9,100.1,7.0,punto adelante de la componente
2812,84.444,HIGH,toca_abajo,19.0,0.285,88.2,85.8,8.7,-9.3,85.8,100.1,17.5,punto adelante de la componente
2813,84.474,HIGH,toca_abajo,23.8,0.357,90.5,80.8,11.0,-33.1,80.8,99.6,3.6,punto adelante de la componente
2814,84.505,HIGH,toca_abajo,23.8,0.357,90.5,80.8,11.0,-33.1,80.8,99.6,3.6,punto adelante de la componente
2815,84.535,HIGH,toca_abajo,29.2,0.438,91.1,69.6,11.6,-55.1,69.6,99.6,-25.9,punto adelante de la componente
2816,84.565,HIGH,toca_abajo,35.6,0.534,89.2,62.4,9.7,-61.6,62.4,99.8,-40.3,punto adelante de la componente
2817,84.595,HIGH,toca_abajo,42.8,0.642,80.6,62.9,1.1,-51.1,62.9,100.0,-39.7,punto adelante de la componente
2818,84.625,HIGH,toca_abajo,42.8,0.642,80.6,62.9,1.1,-51.1,62.9,100.0,-39.7,punto adelante de la componente
2819,84.655,MEDIUM,toca_abajo,61.2,0.917,66.5,62.1,-13.0,-17.2,62.1,100.2,-41.3,punto adelante de la componente
2820,84.685,MEDIUM,toca_abajo,63.9,0.959,69.2,54.7,-10.3,-47.6,54.7,101.4,-53.0,punto adelante de la componente
2821,84.715,MEDIUM,toca_abajo,63.9,0.959,69.2,54.7,-10.3,-47.6,54.7,101.4,-53.0,punto adelante de la componente
2822,84.745,MEDIUM,toca_abajo,68.3,1.000,70.3,37.7,-9.2,-68.5,37.7,101.7,-66.3,punto adelante de la componente
2823,84.775,MEDIUM,toca_abajo,70.1,1.000,73.0,21.2,-6.5,-75.7,21.2,101.3,-72.2,punto adelante de la componente
2824,84.805,MEDIUM,toca_abajo,70.1,1.000,73.0,21.2,-6.5,-75.7,21.2,101.3,-72.2,punto adelante de la componente
2825,84.835,MEDIUM,toca_abajo,76.5,1.000,72.1,12.1,-7.4,-77.3,12.1,101.6,-74.7,punto adelante de la componente
2826,84.865,MEDIUM,toca_abajo,83.9,1.000,21.8,4.6,-57.7,-55.0,4.6,103.2,-77.3,punto adelante de la componente
2827,84.895,MEDIUM,toca_abajo,83.9,1.000,21.8,4.6,-57.7,-55.0,4.6,103.2,-77.3,punto adelante de la componente
2828,84.925,MEDIUM,toca_abajo,81.5,1.000,33.0,10.7,-46.5,-58.2,10.7,101.2,-74.7,punto adelante de la componente
2829,84.955,MEDIUM,toca_abajo,79.7,1.000,42.7,15.4,-36.8,-62.4,15.4,100.9,-73.4,punto adelante de la componente
2830,84.985,MEDIUM,toca_abajo,79.7,1.000,42.7,15.4,-36.8,-62.4,15.4,100.9,-73.4,punto adelante de la componente
2831,85.015,MEDIUM,toca_abajo,78.3,1.000,45.3,17.1,-34.2,-63.1,17.1,100.8,-72.9,punto adelante de la componente
2832,85.045,MEDIUM,toca_abajo,76.9,1.000,40.6,17.3,-38.9,-58.7,17.3,100.7,-72.8,punto adelante de la componente
2833,85.075,MEDIUM,toca_abajo,76.9,1.000,40.6,17.3,-38.9,-58.7,17.3,100.7,-72.8,punto adelante de la componente
2834,85.105,HIGH,toca_abajo,74.3,1.000,41.8,19.3,-37.7,-57.6,19.3,100.6,-72.2,punto adelante de la componente
2835,85.135,HIGH,toca_abajo,71.4,1.000,47.3,23.8,-32.2,-58.6,23.8,100.5,-70.7,punto adelante de la componente
2836,85.165,HIGH,toca_abajo,71.4,1.000,47.3,23.8,-32.2,-58.6,23.8,100.5,-70.7,punto adelante de la componente
2837,85.195,HIGH,toca_abajo,68.6,1.000,57.9,30.4,-21.6,-62.3,30.4,100.5,-68.3,punto adelante de la componente
2838,85.225,HIGH,toca_abajo,63.6,0.954,70.2,37.5,-9.3,-66.1,37.5,100.4,-65.0,punto adelante de la componente
2839,85.255,HIGH,toca_abajo,61.7,0.926,71.2,38.8,-8.3,-66.0,38.8,100.4,-64.3,punto adelante de la componente
2840,85.285,HIGH,toca_abajo,61.7,0.926,71.2,38.8,-8.3,-66.0,38.8,100.4,-64.3,punto adelante de la componente
2841,85.315,HIGH,toca_abajo,57.2,0.858,76.7,43.0,-2.8,-66.8,43.0,100.3,-61.7,punto adelante de la componente
2842,85.345,HIGH,toca_abajo,45.5,0.683,87.9,54.6,8.4,-66.7,54.6,100.2,-51.6,punto adelante de la componente
2843,85.375,HIGH,toca_abajo,45.5,0.683,87.9,54.6,8.4,-66.7,54.6,100.2,-51.6,punto adelante de la componente
2844,85.405,HIGH,toca_abajo,27.1,0.406,96.5,68.4,17.0,-63.2,68.4,100.2,-29.3,punto adelante de la componente
2845,85.435,HIGH,toca_abajo,4.3,0.064,103.6,80.6,24.1,-58.3,80.6,100.2,3.2,punto adelante de la componente
2846,85.465,HIGH,toca_abajo,4.3,0.064,103.6,80.6,24.1,-58.3,80.6,100.2,3.2,punto adelante de la componente
2847,85.495,HIGH,toca_abajo,-10.9,-0.163,109.0,89.0,29.5,-54.6,89.0,100.2,25.7,punto adelante de la componente
2848,85.526,HIGH,toca_abajo,-8.2,-0.124,108.6,86.8,29.1,-57.0,86.8,100.2,20.3,punto adelante de la componente
2849,85.556,HIGH,toca_abajo,-8.2,-0.124,108.6,86.8,29.1,-57.0,86.8,100.2,20.3,punto adelante de la componente
2850,85.586,HIGH,toca_abajo,7.3,0.109,104.1,76.9,24.6,-62.5,76.9,100.2,-7.5,punto adelante de la componente
2851,85.616,HIGH,toca_abajo,20.3,0.304,97.3,68.9,17.8,-63.3,68.9,100.2,-28.3,punto adelante de la componente
2852,85.646,HIGH,toca_abajo,20.3,0.304,97.3,68.9,17.8,-63.3,68.9,100.2,-28.3,punto adelante de la componente
2853,85.676,HIGH,toca_abajo,44.3,0.664,79.4,51.1,-0.1,-62.8,51.1,100.2,-55.1,punto adelante de la componente
2854,85.706,HIGH,toca_abajo,52.4,0.785,61.9,39.7,-17.6,-56.9,39.7,100.2,-63.5,punto adelante de la componente
2855,85.736,HIGH,toca_abajo,52.4,0.785,61.9,39.7,-17.6,-56.9,39.7,100.2,-63.5,punto adelante de la componente
2856,85.766,HIGH,toca_abajo,52.8,0.792,50.2,33.1,-29.3,-49.7,33.1,100.1,-66.8,punto adelante de la componente
2857,85.796,HIGH,toca_abajo,51.7,0.775,38.2,34.0,-41.3,-15.8,34.0,99.8,-66.1,punto adelante de la componente
2858,85.826,HIGH,toca_abajo,51.7,0.775,38.2,34.0,-41.3,-15.8,34.0,99.8,-66.1,punto adelante de la componente
2859,85.856,HIGH,toca_abajo,45.4,0.681,37.1,41.0,-42.4,14.9,41.0,99.8,-62.4,punto adelante de la componente
2860,85.886,HIGH,toca_abajo,38.2,0.573,38.0,48.9,-41.5,37.3,48.9,100.0,-56.8,punto adelante de la componente
2861,85.916,HIGH,toca_abajo,38.2,0.573,38.0,48.9,-41.5,37.3,48.9,100.0,-56.8,punto adelante de la componente
2862,85.946,HIGH,toca_abajo,17.9,0.268,45.7,65.9,-33.8,55.0,65.9,100.3,-34.5,punto adelante de la componente
2863,85.976,HIGH,toca_abajo,-8.2,-0.123,56.3,78.5,-23.2,57.3,78.5,100.2,-2.8,punto adelante de la componente
2864,86.006,HIGH,toca_abajo,-35.2,-0.528,66.4,92.5,-13.1,61.2,92.5,100.2,33.3,punto adelante de la componente
2865,86.036,HIGH,toca_abajo,-35.2,-0.528,66.4,92.5,-13.1,61.2,92.5,100.2,33.3,punto adelante de la componente
2866,86.066,HIGH,toca_abajo,-55.4,-0.831,83.5,106.6,4.0,57.9,106.6,100.2,53.8,punto adelante de la componente
2867,86.096,HIGH,toca_abajo,-62.9,-0.943,99.8,114.3,20.3,45.3,114.3,100.3,60.5,punto adelante de la componente
2868,86.126,HIGH,toca_abajo,-62.9,-0.943,99.8,114.3,20.3,45.3,114.3,100.3,60.5,punto adelante de la componente
2869,86.156,HIGH,toca_abajo,-64.4,-0.966,103.5,117.0,24.0,43.2,117.0,100.3,62.3,punto adelante de la componente
2870,86.186,HIGH,toca_abajo,-64.5,-0.967,104.2,116.9,24.7,41.5,116.9,100.3,62.2,punto adelante de la componente
2871,86.216,HIGH,toca_abajo,-64.5,-0.967,104.2,116.9,24.7,41.5,116.9,100.3,62.2,punto adelante de la componente
2872,86.246,HIGH,toca_abajo,-59.4,-0.891,95.8,109.7,16.3,44.0,109.7,100.2,56.8,punto adelante de la componente
2873,86.276,HIGH,toca_abajo,-53.3,-0.800,87.9,102.4,8.4,45.2,102.4,100.2,49.2,punto adelante de la componente
2874,86.306,HIGH,toca_abajo,-43.5,-0.652,78.8,94.7,-0.7,47.7,94.7,100.2,37.4,punto adelante de la componente
2875,86.336,HIGH,toca_abajo,-43.5,-0.652,78.8,94.7,-0.7,47.7,94.7,100.2,37.4,punto adelante de la componente
2876,86.366,HIGH,toca_abajo,-26.1,-0.391,68.5,85.3,-11.0,49.3,85.3,100.1,16.4,punto adelante de la componente
2877,86.396,HIGH,toca_abajo,-3.0,-0.044,58.1,76.2,-21.4,51.3,76.2,100.1,-9.5,punto adelante de la componente
2878,86.426,HIGH,toca_abajo,-3.0,-0.044,58.1,76.2,-21.4,51.3,76.2,100.1,-9.5,punto adelante de la componente
2879,86.456,HIGH,toca_abajo,16.1,0.242,50.1,68.4,-29.4,51.7,68.4,100.1,-29.3,punto adelante de la componente
2880,86.486,HIGH,toca_abajo,18.8,0.282,48.8,67.6,-30.7,52.4,67.6,100.1,-30.8,punto adelante de la componente
2881,86.517,HIGH,toca_abajo,18.8,0.282,48.8,67.6,-30.7,52.4,67.6,100.1,-30.8,punto adelante de la componente
2882,86.547,HIGH,toca_abajo,9.1,0.136,50.9,75.7,-28.6,59.3,75.7,99.9,-10.9,punto adelante de la componente
2883,86.577,HIGH,toca_abajo,-16.5,-0.247,61.1,85.4,-18.4,59.5,85.4,100.3,16.7,punto adelante de la componente
2884,86.607,HIGH,toca_abajo,-46.1,-0.691,83.5,101.0,4.0,51.3,101.0,100.6,47.9,punto adelante de la componente
2885,86.637,HIGH,toca_abajo,-52.7,-0.791,91.0,108.4,11.5,49.9,108.4,100.2,55.7,punto adelante de la componente
2886,86.667,HIGH,toca_abajo,-52.7,-0.791,91.0,108.4,11.5,49.9,108.4,100.2,55.7,punto adelante de la componente
2887,86.697,HIGH,toca_abajo,-58.4,-0.876,107.2,113.0,27.7,22.0,113.0,100.3,59.5,punto adelante de la componente
2888,86.727,HIGH,toca_abajo,-57.4,-0.860,107.3,112.5,27.8,19.8,112.5,100.1,59.0,punto adelante de la componente
2889,86.757,HIGH,toca_abajo,-57.4,-0.860,107.3,112.5,27.8,19.8,112.5,100.1,59.0,punto adelante de la componente
2890,86.787,HIGH,toca_abajo,-54.9,-0.823,103.8,109.1,24.3,20.4,109.1,100.1,56.2,punto adelante de la componente
2891,86.817,HIGH,toca_abajo,-50.3,-0.755,99.3,104.6,19.8,20.0,104.6,100.1,51.6,punto adelante de la componente
2892,86.847,HIGH,toca_abajo,-50.3,-0.755,99.3,104.6,19.8,20.0,104.6,100.1,51.6,punto adelante de la componente
2893,86.877,HIGH,toca_abajo,-39.2,-0.588,89.7,95.5,10.2,22.2,95.5,100.1,38.9,punto adelante de la componente
2894,86.907,HIGH,toca_abajo,-30.0,-0.450,82.2,89.0,2.7,25.0,89.0,100.1,25.4,punto adelante de la componente
2895,86.937,HIGH,toca_abajo,-21.7,-0.326,77.8,84.5,-1.7,24.7,84.5,100.1,14.0,punto adelante de la componente
2896,86.967,HIGH,toca_abajo,-13.6,-0.205,72.9,79.6,-6.6,24.9,79.6,100.1,0.3,punto adelante de la componente
2897,86.997,HIGH,toca_abajo,-13.6,-0.205,72.9,79.6,-6.6,24.9,79.6,100.1,0.3,punto adelante de la componente
2898,87.027,HIGH,toca_abajo,-8.4,-0.125,69.7,76.1,-9.8,24.1,76.1,100.1,-9.7,punto adelante de la componente
2899,87.057,HIGH,toca_abajo,-6.8,-0.101,67.7,73.9,-11.8,23.3,73.9,100.2,-15.7,punto adelante de la componente
2900,87.087,HIGH,toca_abajo,-6.8,-0.101,67.7,73.9,-11.8,23.3,73.9,100.2,-15.7,punto adelante de la componente
2901,87.117,HIGH,toca_abajo,-6.3,-0.095,66.3,72.3,-13.2,22.5,72.3,100.1,-20.0,punto adelante de la componente
2902,87.147,HIGH,toca_abajo,-11.5,-0.172,65.4,71.0,-14.1,21.2,71.0,100.1,-23.1,punto adelante de la componente
2903,87.177,HIGH,toca_abajo,-11.5,-0.172,65.4,71.0,-14.1,21.2,71.0,100.1,-23.1,punto adelante de la componente
2904,87.207,HIGH,toca_abajo,-12.9,-0.194,62.2,72.5,-17.3,35.1,72.5,99.8,-19.1,punto adelante de la componente
2905,87.237,HIGH,toca_abajo,-24.6,-0.369,62.8,79.1,-16.7,48.1,79.1,99.9,-1.1,punto adelante de la componente
2906,87.267,HIGH,toca_abajo,-44.6,-0.670,73.5,91.0,-6.0,50.9,91.0,100.2,30.2,punto adelante de la componente
2907,87.297,HIGH,toca_abajo,-44.6,-0.670,73.5,91.0,-6.0,50.9,91.0,100.2,30.2,punto adelante de la componente
2908,87.327,HIGH,toca_abajo,-60.3,-0.905,83.2,112.0,3.7,63.7,112.0,100.3,58.8,punto adelante de la componente
2909,87.357,HIGH,toca_abajo,-69.8,-1.000,101.6,125.7,22.1,59.0,125.7,100.2,66.9,punto adelante de la componente
2910,87.387,HIGH,toca_abajo,-69.8,-1.000,101.6,125.7,22.1,59.0,125.7,100.2,66.9,punto adelante de la componente
2911,87.417,HIGH,toca_abajo,-75.8,-1.000,121.8,137.8,42.3,48.1,137.8,100.4,71.4,punto adelante de la componente
2912,87.447,HIGH,toca_abajo,-76.8,-1.000,132.9,145.0,53.4,40.4,145.0,100.4,73.4,punto adelante de la componente
2913,87.477,HIGH,toca_abajo,-76.8,-1.000,132.9,145.0,53.4,40.4,145.0,100.4,73.4,punto adelante de la componente
2914,87.508,HIGH,toca_abajo,-71.6,-1.000,140.8,150.3,61.3,34.0,150.3,100.5,74.6,punto adelante de la componente
2915,87.538,HIGH,toca_abajo,-52.8,-0.791,141.1,148.1,61.6,24.8,148.1,99.5,73.4,punto adelante de la componente
2916,87.568,HIGH,toca_abajo,-43.5,-0.653,135.7,139.4,56.2,14.2,139.4,100.1,71.6,punto adelante de la componente
2917,87.598,HIGH,toca_abajo,-43.5,-0.653,135.7,139.4,56.2,14.2,139.4,100.1,71.6,punto adelante de la componente
2918,87.628,HIGH,toca_abajo,-41.3,-0.619,130.2,135.7,50.7,20.5,135.7,99.9,70.3,punto adelante de la componente
2919,87.658,HIGH,toca_abajo,-37.1,-0.557,122.4,134.9,42.9,38.7,134.9,99.0,69.2,punto adelante de la componente
2920,87.688,HIGH,toca_abajo,-37.1,-0.557,122.4,134.9,42.9,38.7,134.9,99.0,69.2,punto adelante de la componente
2921,87.718,HIGH,toca_abajo,-34.0,-0.511,114.9,128.7,35.4,43.7,128.7,100.2,68.1,punto adelante de la componente
2922,87.748,HIGH,toca_abajo,-35.2,-0.527,105.6,120.4,26.1,45.6,120.4,100.2,64.2,punto adelante de la componente
2923,87.778,HIGH,toca_abajo,-35.2,-0.527,105.6,120.4,26.1,45.6,120.4,100.2,64.2,punto adelante de la componente
2924,87.808,HIGH,toca_abajo,-60.7,-0.911,109.6,107.4,30.1,-8.8,107.4,100.0,54.4,punto adelante de la componente
2925,87.838,HIGH,toca_abajo,-60.7,-0.911,109.6,107.4,30.1,-8.8,107.4,100.0,54.4,punto adelante de la componente
2926,87.868,HIGH,toca_abajo,-61.8,-0.927,117.7,115.9,38.2,-7.1,115.9,100.1,61.3,punto adelante de la componente
2927,87.898,SIN_CERCA,continuidad,-35.0,-0.600,,117.5,,,117.5,79.1,42.9,componente visible arriba
2928,87.928,PERDIDA,sin_componente,0.0,0.000,,,,,,,0.0,sin objetivo
2929,87.958,PERDIDA,sin_componente,0.0,0.000,,,,,,,0.0,sin objetivo
2930,87.988,PERDIDA,sin_componente,-48.1,0.000,,,,,,,0.0,sin objetivo
2931,88.018,PERDIDA,sin_componente,0.0,0.000,,,,,,,0.0,sin objetivo
2932,88.048,PERDIDA,sin_componente,0.0,0.000,,,,,,,0.0,sin objetivo
2933,88.078,HIGH,toca_abajo,-8.2,-0.123,72.0,82.5,-7.5,36.3,82.5,100.1,8.5,punto adelante de la componente
2934,88.108,SIN_CERCA,continuidad,1.1,0.600,,74.3,,,74.3,78.1,-7.0,componente visible arriba
2935,88.138,SIN_CERCA,continuidad,1.1,0.600,,74.3,,,74.3,78.1,-7.0,componente visible arriba
2936,88.168,SIN_CERCA,continuidad,0.9,0.600,,156.4,,,156.4,78.4,61.6,componente visible arriba
2937,88.198,SIN_CERCA,salto_grande,7.7,0.600,,41.5,,,41.5,75.6,-40.6,componente visible arriba
2938,88.228,SIN_CERCA,continuidad,8.2,0.600,,49.5,,,49.5,78.6,-35.9,componente visible arriba
2939,88.258,SIN_CERCA,continuidad,8.2,0.600,,49.5,,,49.5,78.6,-35.9,componente visible arriba
2940,88.288,SIN_CERCA,continuidad,-9.4,-0.600,,76.2,,,76.2,79.4,-4.6,componente visible arriba
2941,88.318,SIN_CERCA,continuidad,-33.8,-0.600,,109.5,,,109.5,79.4,36.5,componente visible arriba
2942,88.348,SIN_CERCA,continuidad,-33.8,-0.600,,109.5,,,109.5,79.4,36.5,componente visible arriba
2943,88.378,SIN_CERCA,continuidad,-49.2,-0.600,,139.8,,,139.8,79.7,56.3,componente visible arriba
2944,88.408,SIN_CERCA,continuidad,-49.2,-0.600,,139.8,,,139.8,79.7,56.3,componente visible arriba
2945,88.438,SIN_CERCA,continuidad,-52.6,-0.600,,140.1,,,140.1,96.2,68.6,componente visible arriba
2946,88.468,SIN_CERCA,continuidad,-55.2,-0.600,,138.7,,,138.7,99.3,70.7,componente visible arriba
2947,88.498,SIN_CERCA,continuidad,-55.2,-0.600,,138.7,,,138.7,99.3,70.7,componente visible arriba
2948,88.529,HIGH,toca_abajo,-61.4,-0.921,137.6,133.9,58.1,-14.6,133.9,99.9,69.7,punto adelante de la componente
2949,88.559,HIGH,toca_abajo,-61.1,-0.917,133.6,128.8,54.1,-18.4,128.8,99.9,67.8,punto adelante de la componente
2950,88.589,HIGH,toca_abajo,-61.1,-0.917,133.6,128.8,54.1,-18.4,128.8,99.9,67.8,punto adelante de la componente
2951,88.619,HIGH,toca_abajo,-60.7,-0.911,131.6,127.4,52.1,-16.3,127.4,99.9,67.2,punto adelante de la componente
2952,88.649,HIGH,toca_abajo,-59.4,-0.892,130.3,125.3,50.8,-18.8,125.3,99.9,66.3,punto adelante de la componente
2953,88.679,HIGH,toca_abajo,-59.4,-0.892,130.3,125.3,50.8,-18.8,125.3,99.9,66.3,punto adelante de la componente
2954,88.709,HIGH,toca_abajo,-56.7,-0.850,123.8,119.1,44.3,-18.2,119.1,99.9,63.1,punto adelante de la componente
2955,88.739,HIGH,toca_abajo,-53.5,-0.802,118.5,114.2,39.0,-16.6,114.2,99.9,60.0,punto adelante de la componente
2956,88.769,HIGH,toca_abajo,-53.5,-0.802,118.5,114.2,39.0,-16.6,114.2,99.9,60.0,punto adelante de la componente
2957,88.799,HIGH,toca_abajo,-48.2,-0.723,113.0,108.2,33.5,-18.6,108.2,100.1,55.3,punto adelante de la componente
2958,88.829,HIGH,toca_abajo,-45.6,-0.684,109.2,105.2,29.7,-15.7,105.2,100.0,52.1,punto adelante de la componente
2959,88.859,HIGH,toca_abajo,-45.6,-0.684,109.2,105.2,29.7,-15.7,105.2,100.0,52.1,punto adelante de la componente
2960,88.889,HIGH,toca_abajo,-39.0,-0.585,101.8,99.9,22.3,-7.3,99.9,100.0,45.6,punto adelante de la componente
2961,88.919,HIGH,toca_abajo,-30.7,-0.461,94.1,94.5,14.6,1.9,94.5,100.0,36.9,punto adelante de la componente
2962,88.949,HIGH,toca_abajo,-30.7,-0.461,94.1,94.5,14.6,1.9,94.5,100.0,36.9,punto adelante de la componente
2963,88.979,HIGH,toca_abajo,-26.2,-0.393,89.4,91.5,9.9,8.3,91.5,100.0,30.9,punto adelante de la componente
2964,89.009,HIGH,toca_abajo,-16.3,-0.245,83.9,87.5,4.4,14.0,87.5,100.2,21.9,punto adelante de la componente
2965,89.039,HIGH,toca_abajo,-7.0,-0.105,79.8,84.5,0.3,18.6,84.5,100.3,14.3,punto adelante de la componente
2966,89.069,HIGH,toca_abajo,-7.0,-0.105,79.8,84.5,0.3,18.6,84.5,100.3,14.3,punto adelante de la componente
2967,89.099,HIGH,toca_abajo,2.1,0.031,76.2,82.3,-3.3,23.2,82.3,100.2,8.1,punto adelante de la componente
2968,89.129,HIGH,toca_abajo,-7.0,-0.106,80.7,84.8,1.2,15.9,84.8,100.3,15.0,punto adelante de la componente
2969,89.159,HIGH,toca_abajo,-7.0,-0.106,80.7,84.8,1.2,15.9,84.8,100.3,15.0,punto adelante de la componente
2970,89.189,HIGH,toca_abajo,-17.8,-0.267,128.6,140.2,49.1,38.8,140.2,100.4,72.1,punto adelante de la componente
2971,89.219,HIGH,toca_abajo,-16.3,-0.244,137.2,146.0,57.7,31.8,146.0,100.4,73.6,punto adelante de la componente
2972,89.249,HIGH,toca_abajo,-16.3,-0.244,137.2,146.0,57.7,31.8,146.0,100.4,73.6,punto adelante de la componente
2973,89.279,HIGH,toca_abajo,-19.3,-0.290,143.9,150.6,64.4,25.2,150.6,100.5,74.7,punto adelante de la componente
2974,89.309,MEDIUM,toca_abajo,-26.5,-0.398,150.6,155.6,71.1,20.0,155.6,100.8,75.9,punto adelante de la componente
2975,89.339,LOW,toca_abajo,27.6,-0.414,156.5,,77.0,,155.6,100.8,75.9,ultimo objetivo confiable (memoria)
2976,89.369,LOW,toca_abajo,27.6,-0.414,156.5,,77.0,,155.6,100.8,75.9,ultimo objetivo confiable (memoria)
2977,89.399,SIN_CERCA,salto_grande,39.5,0.600,,2.0,,,2.0,75.2,-60.0,componente visible arriba
2978,89.429,SIN_CERCA,continuidad,38.4,0.600,,5.4,,,5.4,76.3,-59.5,componente visible arriba
2979,89.459,SIN_CERCA,continuidad,38.4,0.600,,5.4,,,5.4,76.3,-59.5,componente visible arriba
2980,89.489,SIN_CERCA,continuidad,36.3,0.600,,14.7,,,14.7,77.7,-56.9,componente visible arriba
2981,89.520,SIN_CERCA,continuidad,34.7,0.600,,23.3,,,23.3,78.6,-53.6,componente visible arriba
2982,89.550,SIN_CERCA,continuidad,34.7,0.600,,23.3,,,23.3,78.6,-53.6,componente visible arriba
2983,89.580,SIN_CERCA,continuidad,33.3,0.600,,31.0,,,31.0,79.1,-49.9,componente visible arriba
2984,89.610,SIN_CERCA,continuidad,33.9,0.600,,7.3,,,7.3,96.3,-71.8,componente visible arriba
2985,89.640,SIN_CERCA,continuidad,33.9,0.600,,7.3,,,7.3,96.3,-71.8,componente visible arriba
2986,89.670,SIN_CERCA,salto_grande,33.2,0.600,,13.9,,,13.9,97.7,-71.3,componente visible arriba
2987,89.700,SIN_CERCA,salto_grande,32.5,0.600,,23.5,,,23.5,99.1,-69.6,componente visible arriba
2988,89.730,SIN_CERCA,continuidad,32.5,0.600,,23.5,,,23.5,99.1,-69.6,componente visible arriba
2989,89.760,SIN_CERCA,continuidad,33.4,0.600,10.6,33.1,-68.9,62.1,33.1,99.5,-66.2,componente visible arriba
2990,89.790,HIGH,toca_abajo,33.5,0.502,17.7,40.4,-61.8,59.4,40.4,99.7,-62.5,punto adelante de la componente
2991,89.820,HIGH,toca_abajo,33.5,0.502,17.7,40.4,-61.8,59.4,40.4,99.7,-62.5,punto adelante de la componente
2992,89.850,HIGH,toca_abajo,30.1,0.452,28.7,48.6,-50.8,54.5,48.6,99.8,-56.7,punto adelante de la componente
2993,89.880,HIGH,toca_abajo,20.5,0.308,40.7,56.7,-38.8,48.1,56.7,99.8,-48.5,punto adelante de la componente
2994,89.910,HIGH,toca_abajo,20.5,0.308,40.7,56.7,-38.8,48.1,56.7,99.8,-48.5,punto adelante de la componente
2995,89.940,HIGH,toca_abajo,5.5,0.082,50.6,64.3,-28.9,43.7,64.3,99.9,-37.0,punto adelante de la componente
2996,89.970,HIGH,toca_abajo,-26.0,-0.390,61.6,84.4,-17.9,58.6,84.4,100.5,14.1,punto adelante de la componente
2997,90.000,HIGH,toca_abajo,-26.0,-0.390,61.6,84.4,-17.9,58.6,84.4,100.5,14.1,punto adelante de la componente
2998,90.030,HIGH,toca_abajo,-52.6,-0.789,69.1,109.9,-10.4,71.0,109.9,100.3,57.1,punto adelante de la componente
2999,90.060,HIGH,toca_abajo,-71.8,-1.000,94.0,127.5,14.5,66.6,127.5,100.4,67.8,punto adelante de la componente
3000,90.090,HIGH,toca_abajo,-71.8,-1.000,94.0,127.5,14.5,66.6,127.5,100.4,67.8,punto adelante de la componente
3001,90.120,HIGH,toca_abajo,-78.3,-1.000,120.2,137.6,40.7,50.4,137.6,100.5,71.4,punto adelante de la componente
3002,90.150,HIGH,toca_abajo,-79.3,-1.000,128.0,141.3,48.5,42.7,141.3,100.4,72.4,punto adelante de la componente
3003,90.180,HIGH,toca_abajo,-79.3,-1.000,128.0,141.3,48.5,42.7,141.3,100.4,72.4,punto adelante de la componente
3004,90.210,HIGH,toca_abajo,-78.6,-1.000,128.6,140.9,49.1,40.6,140.9,100.4,72.3,punto adelante de la componente
3005,90.240,HIGH,toca_abajo,-77.6,-1.000,127.1,139.3,47.6,40.4,139.3,100.4,71.8,punto adelante de la componente
3006,90.270,HIGH,toca_abajo,-77.6,-1.000,127.1,139.3,47.6,40.4,139.3,100.4,71.8,punto adelante de la componente
3007,90.300,HIGH,toca_abajo,-74.7,-1.000,121.2,134.2,41.7,42.1,134.2,100.3,70.2,punto adelante de la componente
3008,90.330,HIGH,toca_abajo,-71.4,-1.000,113.2,129.3,33.7,48.2,129.3,100.3,68.4,punto adelante de la componente
3009,90.360,HIGH,toca_abajo,-71.4,-1.000,113.2,129.3,33.7,48.2,129.3,100.3,68.4,punto adelante de la componente
3010,90.390,HIGH,toca_abajo,-65.3,-0.979,99.7,119.1,20.2,53.3,119.1,100.2,63.4,punto adelante de la componente
3011,90.420,HIGH,toca_abajo,-56.3,-0.844,85.7,107.6,6.2,56.5,107.6,100.2,54.8,punto adelante de la componente
3012,90.450,HIGH,toca_abajo,-43.0,-0.645,73.3,97.1,-6.2,58.6,97.1,100.2,41.6,punto adelante de la componente
3013,90.480,HIGH,toca_abajo,-43.0,-0.645,73.3,97.1,-6.2,58.6,97.1,100.2,41.6,punto adelante de la componente
3014,90.511,HIGH,toca_abajo,-25.4,-0.382,63.6,87.9,-15.9,59.2,87.9,100.2,23.0,punto adelante de la componente
3015,90.541,HIGH,toca_abajo,-21.5,-0.323,62.5,86.3,-17.0,58.8,86.3,100.2,19.0,punto adelante de la componente
3016,90.571,HIGH,toca_abajo,-21.5,-0.323,62.5,86.3,-17.0,58.8,86.3,100.2,19.0,punto adelante de la componente
3017,90.601,HIGH,toca_abajo,-17.2,-0.258,61.8,84.2,-17.7,57.1,84.2,100.2,13.3,punto adelante de la componente
3018,90.631,HIGH,toca_abajo,-20.7,-0.311,63.9,85.3,-15.6,55.9,85.3,100.2,16.4,punto adelante de la componente
3019,90.661,HIGH,toca_abajo,-20.7,-0.311,63.9,85.3,-15.6,55.9,85.3,100.2,16.4,punto adelante de la componente
3020,90.691,HIGH,toca_abajo,-27.7,-0.416,68.3,88.1,-11.2,53.9,88.1,100.2,23.6,punto adelante de la componente
3021,90.721,HIGH,toca_abajo,-36.3,-0.545,74.4,92.4,-5.1,51.3,92.4,100.2,33.1,punto adelante de la componente
3022,90.751,HIGH,toca_abajo,-47.3,-0.709,83.7,99.7,4.2,48.0,99.7,100.1,45.5,punto adelante de la componente
3023,90.781,HIGH,toca_abajo,-51.5,-0.773,89.7,103.3,10.2,43.1,103.3,100.1,50.1,punto adelante de la componente
3024,90.811,HIGH,toca_abajo,-52.5,-0.787,91.6,104.3,12.1,41.3,104.3,100.1,51.4,punto adelante de la componente
3025,90.841,HIGH,toca_abajo,-52.5,-0.787,91.6,104.3,12.1,41.3,104.3,100.1,51.4,punto adelante de la componente
3026,90.871,HIGH,toca_abajo,-52.3,-0.784,92.6,104.3,13.1,38.8,104.3,100.1,51.3,punto adelante de la componente
3027,90.901,HIGH,toca_abajo,-50.4,-0.756,91.6,102.6,12.1,37.3,102.6,100.2,49.4,punto adelante de la componente
3028,90.931,HIGH,toca_abajo,-50.4,-0.756,91.6,102.6,12.1,37.3,102.6,100.2,49.4,punto adelante de la componente
3029,90.961,HIGH,toca_abajo,-48.0,-0.721,89.8,100.6,10.3,36.7,100.6,100.1,46.7,punto adelante de la componente
3030,90.991,HIGH,toca_abajo,-43.8,-0.657,86.8,97.3,7.3,36.0,97.3,100.1,41.9,punto adelante de la componente
3031,91.021,HIGH,toca_abajo,-43.8,-0.657,86.8,97.3,7.3,36.0,97.3,100.1,41.9,punto adelante de la componente
3032,91.051,HIGH,toca_abajo,-35.2,-0.529,81.6,91.9,2.1,35.4,91.9,100.1,32.0,punto adelante de la componente
3033,91.081,HIGH,toca_abajo,-24.4,-0.367,75.9,86.7,-3.6,36.8,86.7,100.1,19.9,punto adelante de la componente
3034,91.111,HIGH,toca_abajo,-10.2,-0.153,69.9,80.8,-9.6,37.1,80.8,100.1,3.8,punto adelante de la componente
3035,91.141,HIGH,toca_abajo,-10.2,-0.153,69.9,80.8,-9.6,37.1,80.8,100.1,3.8,punto adelante de la componente
3036,91.171,HIGH,toca_abajo,5.3,0.080,63.4,74.8,-16.1,38.2,74.8,100.1,-13.4,punto adelante de la componente
3037,91.201,HIGH,toca_abajo,8.9,0.133,62.0,73.6,-17.5,38.7,73.6,100.1,-16.5,punto adelante de la componente
3038,91.231,HIGH,toca_abajo,8.9,0.133,62.0,73.6,-17.5,38.7,73.6,100.1,-16.5,punto adelante de la componente
3039,91.261,HIGH,toca_abajo,3.6,0.055,64.2,75.5,-15.3,37.9,75.5,100.1,-11.4,punto adelante de la componente
3040,91.291,HIGH,toca_abajo,3.6,0.055,64.2,75.5,-15.3,37.9,75.5,100.1,-11.4,punto adelante de la componente
3041,91.321,HIGH,toca_abajo,-7.7,-0.116,68.8,79.9,-10.7,37.6,79.9,100.1,1.2,punto adelante de la componente
3042,91.351,HIGH,toca_abajo,-25.9,-0.389,79.4,88.5,-0.1,32.4,88.5,100.1,24.4,punto adelante de la componente
3043,91.381,HIGH,toca_abajo,-25.9,-0.389,79.4,88.5,-0.1,32.4,88.5,100.1,24.4,punto adelante de la componente
3044,91.411,HIGH,toca_abajo,-33.5,-0.502,87.3,95.8,7.8,30.6,95.8,100.1,39.4,punto adelante de la componente
3045,91.441,HIGH,toca_abajo,-35.7,-0.536,94.3,100.6,14.8,23.5,100.6,100.1,46.7,punto adelante de la componente
3046,91.471,HIGH,toca_abajo,-35.7,-0.536,94.3,100.6,14.8,23.5,100.6,100.1,46.7,punto adelante de la componente
3047,91.502,HIGH,toca_abajo,-32.6,-0.490,96.4,102.4,16.9,22.4,102.4,100.1,49.0,punto adelante de la componente
3048,91.532,HIGH,toca_abajo,-25.4,-0.382,95.5,100.6,16.0,19.7,100.6,100.1,46.8,punto adelante de la componente
3049,91.562,HIGH,toca_abajo,-25.4,-0.382,95.5,100.6,16.0,19.7,100.6,100.1,46.8,punto adelante de la componente
3050,91.592,HIGH,toca_abajo,-15.2,-0.229,92.2,97.1,12.7,18.8,97.1,100.1,41.5,punto adelante de la componente
3051,91.622,HIGH,toca_abajo,-4.4,-0.067,88.1,93.1,8.6,19.1,93.1,100.1,34.5,punto adelante de la componente
3052,91.652,HIGH,toca_abajo,-4.4,-0.067,88.1,93.1,8.6,19.1,93.1,100.1,34.5,punto adelante de la componente
3053,91.682,HIGH,toca_abajo,7.2,0.109,86.4,90.9,6.9,17.3,90.9,100.1,29.8,punto adelante de la componente
3054,91.712,HIGH,toca_abajo,14.7,0.220,85.9,89.4,6.4,13.5,89.4,100.0,26.3,punto adelante de la componente
3055,91.742,HIGH,toca_abajo,21.8,0.327,88.1,83.5,8.6,-17.2,83.5,99.6,11.1,punto adelante de la componente
3056,91.772,HIGH,toca_abajo,21.8,0.327,88.1,83.5,8.6,-17.2,83.5,99.6,11.1,punto adelante de la componente
3057,91.802,HIGH,toca_abajo,35.1,0.527,90.2,73.5,10.7,-49.0,73.5,99.8,-16.5,punto adelante de la componente
3058,91.832,HIGH,toca_abajo,61.5,0.923,73.9,50.9,-5.6,-59.1,50.9,100.6,-55.9,punto adelante de la componente
3059,91.862,HIGH,toca_abajo,61.5,0.923,73.9,50.9,-5.6,-59.1,50.9,100.6,-55.9,punto adelante de la componente
3060,91.892,HIGH,toca_abajo,71.0,1.000,67.6,34.6,-11.9,-67.0,34.6,100.6,-66.6,punto adelante de la componente
3061,91.922,HIGH,toca_abajo,74.5,1.000,62.4,28.8,-17.1,-66.9,28.8,100.6,-69.0,punto adelante de la componente
3062,91.952,HIGH,toca_abajo,74.5,1.000,62.4,28.8,-17.1,-66.9,28.8,100.6,-69.0,punto adelante de la componente
3063,91.982,HIGH,toca_abajo,73.9,1.000,62.2,29.5,-17.3,-66.1,29.5,100.5,-68.7,punto adelante de la componente
3064,92.012,HIGH,toca_abajo,70.4,1.000,67.9,34.2,-11.6,-66.7,34.2,100.4,-66.6,punto adelante de la componente
3065,92.042,HIGH,toca_abajo,67.9,1.000,71.1,37.3,-8.4,-66.9,37.3,100.4,-65.1,punto adelante de la componente
3066,92.072,HIGH,toca_abajo,67.9,1.000,71.1,37.3,-8.4,-66.9,37.3,100.4,-65.1,punto adelante de la componente
3067,92.102,HIGH,toca_abajo,70.0,1.000,65.5,35.4,-14.0,-64.3,35.4,100.4,-66.0,punto adelante de la componente
3068,92.132,HIGH,toca_abajo,69.9,1.000,62.6,35.4,-16.9,-62.1,35.4,100.4,-66.0,punto adelante de la componente
3069,92.162,HIGH,toca_abajo,69.9,1.000,62.6,35.4,-16.9,-62.1,35.4,100.4,-66.0,punto adelante de la componente
3070,92.192,HIGH,toca_abajo,65.9,0.988,68.6,39.0,-10.9,-64.0,39.0,100.3,-64.1,punto adelante de la componente
3071,92.222,HIGH,toca_abajo,55.6,0.834,81.1,49.6,1.6,-65.2,49.6,100.2,-56.5,punto adelante de la componente
3072,92.252,HIGH,toca_abajo,55.6,0.834,81.1,49.6,1.6,-65.2,49.6,100.2,-56.5,punto adelante de la componente
3073,92.282,HIGH,toca_abajo,25.4,0.382,98.6,71.5,19.1,-62.3,71.5,100.2,-22.0,punto adelante de la componente
3074,92.312,HIGH,toca_abajo,8.1,0.121,103.5,81.8,24.0,-56.9,81.8,100.2,6.6,punto adelante de la componente
3075,92.342,HIGH,toca_abajo,8.1,0.121,103.5,81.8,24.0,-56.9,81.8,100.2,6.6,punto adelante de la componente
3076,92.372,HIGH,toca_abajo,2.1,0.031,106.4,83.7,26.9,-57.9,83.7,100.2,12.1,punto adelante de la componente
3077,92.402,HIGH,toca_abajo,2.1,0.031,106.4,83.7,26.9,-57.9,83.7,100.2,12.1,punto adelante de la componente
3078,92.432,HIGH,toca_abajo,6.5,0.098,106.7,80.3,27.2,-61.7,80.3,100.2,2.3,punto adelante de la componente
3079,92.462,HIGH,toca_abajo,23.7,0.356,100.1,71.7,20.6,-63.1,71.7,100.2,-21.4,punto adelante de la componente
3080,92.492,HIGH,toca_abajo,45.9,0.689,86.3,59.1,6.8,-62.0,59.1,100.2,-45.8,punto adelante de la componente
3081,92.523,HIGH,toca_abajo,64.8,0.972,60.9,39.7,-18.6,-55.7,39.7,100.2,-63.5,punto adelante de la componente
3082,92.553,HIGH,toca_abajo,64.8,0.972,60.9,39.7,-18.6,-55.7,39.7,100.2,-63.5,punto adelante de la componente
3083,92.583,HIGH,toca_abajo,71.5,1.000,43.3,29.1,-36.2,-44.7,29.1,100.3,-68.6,punto adelante de la componente
3084,92.613,HIGH,toca_abajo,72.8,1.000,37.5,27.1,-42.0,-36.0,27.1,100.3,-69.4,punto adelante de la componente
3085,92.643,HIGH,toca_abajo,72.0,1.000,37.4,27.6,-42.1,-34.5,27.6,100.3,-69.2,punto adelante de la componente
3086,92.673,HIGH,toca_abajo,72.0,1.000,37.4,27.6,-42.1,-34.5,27.6,100.3,-69.2,punto adelante de la componente
3087,92.703,HIGH,toca_abajo,69.5,1.000,42.8,31.2,-36.7,-38.9,31.2,100.2,-67.7,punto adelante de la componente
3088,92.733,HIGH,toca_abajo,66.7,1.000,49.2,36.7,-30.3,-40.6,36.7,100.1,-65.1,punto adelante de la componente
3089,92.763,HIGH,toca_abajo,66.7,1.000,49.2,36.7,-30.3,-40.6,36.7,100.1,-65.1,punto adelante de la componente
3090,92.793,HIGH,toca_abajo,61.8,0.927,58.2,45.4,-21.3,-41.4,45.4,100.2,-59.8,punto adelante de la componente
3091,92.823,HIGH,toca_abajo,56.8,0.852,67.8,52.5,-11.7,-46.5,52.5,100.1,-53.6,punto adelante de la componente
3092,92.853,HIGH,toca_abajo,56.8,0.852,67.8,52.5,-11.7,-46.5,52.5,100.1,-53.6,punto adelante de la componente
3093,92.883,HIGH,toca_abajo,50.5,0.758,75.4,58.5,-4.1,-48.9,58.5,99.9,-46.3,punto adelante de la componente
3094,92.913,HIGH,toca_abajo,39.8,0.597,86.1,66.1,6.6,-53.4,66.1,99.7,-33.5,punto adelante de la componente
3095,92.943,HIGH,toca_abajo,39.8,0.597,86.1,66.1,6.6,-53.4,66.1,99.7,-33.5,punto adelante de la componente
3096,92.973,HIGH,toca_abajo,25.6,0.383,97.5,71.5,18.0,-59.9,71.5,99.5,-21.2,punto adelante de la componente
3097,93.003,HIGH,toca_abajo,10.9,0.163,108.4,73.3,28.9,-66.7,73.3,99.4,-16.9,punto adelante de la componente
3098,93.033,HIGH,toca_abajo,10.9,0.163,108.4,73.3,28.9,-66.7,73.3,99.4,-16.9,punto adelante de la componente
3099,93.063,HIGH,toca_abajo,10.5,0.157,112.2,66.9,32.7,-71.8,66.9,99.7,-31.9,punto adelante de la componente
3100,93.093,HIGH,toca_abajo,20.3,0.304,101.1,64.5,21.6,-68.9,64.5,100.1,-37.0,punto adelante de la componente
3101,93.123,HIGH,toca_abajo,20.3,0.304,101.1,64.5,21.6,-68.9,64.5,100.1,-37.0,punto adelante de la componente
3102,93.153,HIGH,toca_abajo,38.0,0.570,77.1,62.4,-2.4,-46.2,62.4,100.1,-40.6,punto adelante de la componente
3103,93.183,HIGH,toca_abajo,44.0,0.660,71.4,61.7,-8.1,-34.0,61.7,100.1,-41.9,punto adelante de la componente
3104,93.213,MEDIUM,toca_abajo,45.9,0.688,69.3,74.1,-10.2,19.4,74.1,101.1,-16.1,punto adelante de la componente
3105,93.243,MEDIUM,toca_abajo,45.9,0.688,69.3,74.1,-10.2,19.4,74.1,101.1,-16.1,punto adelante de la componente
3106,93.273,MEDIUM,toca_abajo,19.3,0.290,70.0,100.1,-9.5,66.8,100.1,102.0,48.9,punto adelante de la componente
3107,93.303,MEDIUM,toca_abajo,-72.3,-1.000,87.2,110.3,7.7,62.6,110.3,103.5,61.8,punto adelante de la componente
3108,93.333,MEDIUM,toca_abajo,-72.3,-1.000,87.2,110.3,7.7,62.6,110.3,103.5,61.8,punto adelante de la componente
3109,93.363,MEDIUM,toca_abajo,-83.9,-1.000,110.4,121.0,30.9,45.2,121.0,104.7,69.8,punto adelante de la componente
3110,93.393,LOW,toca_abajo,-87.1,-1.000,123.0,,43.5,,121.0,104.7,69.8,ultimo objetivo confiable (memoria)
3111,93.423,LOW,toca_abajo,-87.1,-1.000,123.0,,43.5,,121.0,104.7,69.8,ultimo objetivo confiable (memoria)
3112,93.453,LOW,toca_abajo,-88.4,-1.000,119.7,,40.2,,121.0,104.7,69.8,ultimo objetivo confiable (memoria)
3113,93.483,LOW,toca_abajo,-88.8,-1.000,116.3,,36.8,,121.0,104.7,69.8,ultimo objetivo confiable (memoria)
3114,93.514,LOW,toca_abajo,-88.8,-1.000,116.3,,36.8,,121.0,104.7,69.8,ultimo objetivo confiable (memoria)
3115,93.544,PERDIDA,sin_componente,-90.0,0.000,,,,,,,0.0,sin objetivo
3116,93.574,PERDIDA,sin_componente,0.0,0.000,,,,,,,0.0,sin objetivo
3117,93.604,PERDIDA,sin_componente,0.0,0.000,,,,,,,0.0,sin objetivo
3118,93.634,PERDIDA,sin_componente,0.0,0.000,,,,,,,0.0,sin objetivo
3119,93.664,PERDIDA,sin_componente,0.0,0.000,,,,,,,0.0,sin objetivo
3120,93.694,PERDIDA,sin_componente,0.0,0.000,,,,,,,0.0,sin objetivo
3121,93.724,PERDIDA,sin_componente,0.0,0.000,,,,,,,0.0,sin objetivo
3122,93.754,PERDIDA,sin_componente,0.0,0.000,,,,,,,0.0,sin objetivo
3123,93.784,PERDIDA,sin_componente,0.0,0.000,,,,,,,0.0,sin objetivo
3124,93.814,PERDIDA,sin_componente,0.0,0.000,,,,,,,0.0,sin objetivo
3125,93.844,PERDIDA,sin_componente,0.0,0.000,,,,,,,0.0,sin objetivo
3126,93.874,PERDIDA,sin_componente,0.0,0.000,,,,,,,0.0,sin objetivo
3127,93.904,PERDIDA,sin_componente,0.0,0.000,,,,,,,0.0,sin objetivo
3128,93.934,PERDIDA,sin_componente,-35.7,0.000,,,,,,,0.0,sin objetivo
3129,93.964,PERDIDA,sin_componente,-41.1,0.000,,,,,,,0.0,sin objetivo
3130,93.994,PERDIDA,sin_componente,-41.1,0.000,,,,,,,0.0,sin objetivo
3131,94.024,PERDIDA,sin_componente,-43.5,0.000,,,,,,,0.0,sin objetivo
3132,94.054,PERDIDA,sin_componente,-29.4,0.000,,,,,,,0.0,sin objetivo
3133,94.084,PERDIDA,sin_componente,-29.4,0.000,,,,,,,0.0,sin objetivo
3134,94.114,PERDIDA,sin_componente,-27.8,0.000,,,,,,,0.0,sin objetivo
3135,94.144,PERDIDA,sin_componente,-26.7,0.000,,,,,,,0.0,sin objetivo
3136,94.174,PERDIDA,sin_componente,-26.7,0.000,,,,,,,0.0,sin objetivo
3137,94.204,PERDIDA,sin_componente,-22.7,0.000,,,,,,,0.0,sin objetivo
3138,94.234,SIN_CERCA,continuidad,-22.3,-0.600,,,,,121.0,104.7,69.8,memoria
3139,94.264,SIN_CERCA,continuidad,-22.3,-0.600,,,,,121.0,104.7,69.8,memoria
3140,94.294,SIN_CERCA,continuidad,-23.9,-0.600,,,,,121.0,104.7,69.8,memoria
3141,94.324,SIN_CERCA,continuidad,-26.8,-0.600,,,,,121.0,104.7,69.8,memoria
3142,94.354,SIN_CERCA,continuidad,-27.4,-0.600,,,,,121.0,104.7,69.8,memoria
3143,94.384,SIN_CERCA,continuidad,-27.4,-0.600,,,,,121.0,104.7,69.8,memoria
3144,94.414,SIN_CERCA,continuidad,-28.0,-0.600,,,,,121.0,104.7,69.8,memoria
3145,94.444,SIN_CERCA,continuidad,-28.0,-0.600,,,,,121.0,104.7,69.8,memoria
3146,94.474,SIN_CERCA,continuidad,-30.1,-0.600,,97.6,,,97.6,77.5,23.0,componente visible arriba
3147,94.505,SIN_CERCA,continuidad,-32.2,-0.600,,98.7,,,98.7,80.0,25.6,componente visible arriba
3148,94.535,SIN_CERCA,continuidad,-34.5,-0.600,,103.2,,,103.2,80.0,30.7,componente visible arriba
3149,94.565,SIN_CERCA,continuidad,-34.5,-0.600,,103.2,,,103.2,80.0,30.7,componente visible arriba
3150,94.595,SIN_CERCA,continuidad,-33.5,-0.600,,104.6,,,104.6,79.8,32.1,componente visible arriba
3151,94.625,SIN_CERCA,continuidad,-30.4,-0.600,,80.5,,,80.5,96.6,2.4,componente visible arriba
3152,94.655,SIN_CERCA,continuidad,-30.4,-0.600,,80.5,,,80.5,96.6,2.4,componente visible arriba
3153,94.685,SIN_CERCA,continuidad,-27.8,-0.600,,76.3,,,76.3,99.0,-8.6,componente visible arriba
3154,94.715,SIN_CERCA,continuidad,-27.8,-0.600,,76.3,,,76.3,99.0,-8.6,componente visible arriba
3155,94.745,SIN_CERCA,continuidad,-26.0,-0.600,,76.7,,,76.7,100.2,-8.0,componente visible arriba
3156,94.775,SIN_CERCA,continuidad,-22.9,-0.600,60.9,,-18.6,,60.9,112.6,-68.4,solo el punto cercano
3157,94.805,SIN_CERCA,continuidad,-22.9,-0.600,60.9,,-18.6,,60.9,112.6,-68.4,solo el punto cercano
3158,94.835,LOW,toca_abajo,-23.0,-0.346,55.1,,-24.4,,60.9,112.6,-68.4,ultimo objetivo confiable (memoria)
3159,94.865,SIN_CERCA,salto_grande,-27.8,-0.417,,103.5,,,103.5,80.1,31.0,componente visible arriba
3160,94.895,SIN_CERCA,continuidad,-33.5,-0.503,,106.3,,,106.3,79.7,33.6,componente visible arriba
3161,94.925,SIN_CERCA,continuidad,-33.5,-0.503,,106.3,,,106.3,79.7,33.6,componente visible arriba
3162,94.955,SIN_CERCA,continuidad,-37.7,-0.566,,111.4,,,111.4,80.1,38.6,componente visible arriba
3163,94.985,SIN_CERCA,continuidad,-29.7,-0.446,,102.5,,,102.5,79.8,29.8,componente visible arriba
3164,95.015,SIN_CERCA,continuidad,-29.7,-0.446,,102.5,,,102.5,79.8,29.8,componente visible arriba
3165,95.045,SIN_CERCA,continuidad,-10.5,-0.157,,84.6,,,84.6,79.9,7.3,componente visible arriba
3166,95.075,SIN_CERCA,continuidad,-10.5,-0.157,,84.6,,,84.6,79.9,7.3,componente visible arriba
3167,95.105,HIGH,toca_abajo,37.3,0.560,23.0,47.9,-56.5,57.3,47.9,99.4,-56.9,punto adelante de la componente
3168,95.135,HIGH,toca_abajo,34.9,0.524,26.4,51.2,-53.1,58.5,51.2,99.9,-54.7,punto adelante de la componente
3169,95.165,HIGH,toca_abajo,34.9,0.524,26.4,51.2,-53.1,58.5,51.2,99.9,-54.7,punto adelante de la componente
3170,95.195,HIGH,toca_abajo,26.2,0.393,45.3,65.7,-34.2,54.5,65.7,100.1,-34.7,punto adelante de la componente
3171,95.225,HIGH,toca_abajo,23.7,0.355,57.6,74.7,-21.9,49.4,74.7,100.1,-13.7,punto adelante de la componente
3172,95.255,HIGH,toca_abajo,23.7,0.355,57.6,74.7,-21.9,49.4,74.7,100.1,-13.7,punto adelante de la componente
3173,95.285,HIGH,toca_abajo,12.2,0.183,69.8,86.4,-9.7,48.7,86.4,100.1,19.0,punto adelante de la componente
3174,95.315,HIGH,toca_abajo,8.6,0.129,87.3,26.5,7.8,-75.7,26.5,99.3,-68.6,punto adelante de la componente
3175,95.345,HIGH,toca_abajo,8.6,0.129,87.3,26.5,7.8,-75.7,26.5,99.3,-68.6,punto adelante de la componente
3176,95.375,HIGH,toca_abajo,8.6,0.128,27.9,79.3,-51.6,75.0,79.3,98.5,-0.6,punto adelante de la componente
3177,95.405,HIGH,toca_abajo,8.6,0.128,27.9,79.3,-51.6,75.0,79.3,98.5,-0.6,punto adelante de la componente
3178,95.435,LOW,toca_abajo,10.0,0.149,24.3,,-55.2,,79.3,98.5,-0.6,ultimo objetivo confiable (memoria)
3179,95.465,HIGH,toca_abajo,10.7,0.161,58.0,88.1,-21.5,61.1,88.1,98.3,21.6,punto adelante de la componente
3180,95.495,HIGH,toca_abajo,22.8,0.342,27.2,64.1,-52.3,67.5,64.1,100.5,-38.4,punto adelante de la componente
3181,95.526,HIGH,toca_abajo,22.8,0.342,27.2,64.1,-52.3,67.5,64.1,100.5,-38.4,punto adelante de la componente
3182,95.556,SIN_CERCA,continuidad,36.4,0.600,,,,,64.1,100.5,-38.4,memoria
3183,95.586,SIN_CERCA,continuidad,36.1,0.600,,,,,64.1,100.5,-38.4,memoria
3184,95.616,SIN_CERCA,continuidad,36.1,0.600,,,,,64.1,100.5,-38.4,memoria
3185,95.646,PERDIDA,sin_componente,42.1,0.000,,,,,,,0.0,sin objetivo
3186,95.676,PERDIDA,sin_componente,47.8,0.000,,,,,,,0.0,sin objetivo
3187,95.706,PERDIDA,sin_componente,47.8,0.000,,,,,,,0.0,sin objetivo
3188,95.736,LOW,toca_abajo,83.8,1.000,63.3,,-16.2,,64.1,100.5,-38.4,ultimo objetivo confiable (memoria)
3189,95.766,LOW,toca_abajo,83.8,1.000,63.3,,-16.2,,64.1,100.5,-38.4,ultimo objetivo confiable (memoria)
3190,95.796,MEDIUM,toca_abajo,-55.8,-0.837,104.9,62.9,25.4,-72.2,62.9,101.1,-41.3,punto adelante de la componente
3191,95.826,HIGH,toca_abajo,-2.8,-0.042,76.5,89.4,-3.0,42.2,89.4,99.9,26.3,punto adelante de la componente
3192,95.856,HIGH,toca_abajo,29.5,0.442,65.7,76.3,-13.8,35.3,76.3,99.2,-8.7,punto adelante de la componente
3193,95.886,HIGH,toca_abajo,29.5,0.442,65.7,76.3,-13.8,35.3,76.3,99.2,-8.7,punto adelante de la componente
3194,95.916,HIGH,toca_abajo,40.8,0.612,73.2,58.7,-6.3,-45.4,58.7,99.8,-45.8,punto adelante de la componente
3195,95.946,HIGH,toca_abajo,48.9,0.733,73.2,49.6,-6.3,-58.7,49.6,100.0,-56.3,punto adelante de la componente
3196,95.976,HIGH,toca_abajo,48.9,0.733,73.2,49.6,-6.3,-58.7,49.6,100.0,-56.3,punto adelante de la componente
3197,96.006,HIGH,toca_abajo,56.0,0.840,62.4,43.7,-17.1,-51.8,43.7,99.8,-60.6,punto adelante de la componente
3198,96.036,HIGH,toca_abajo,61.2,0.919,46.3,43.7,-33.2,-10.0,43.7,99.5,-60.2,punto adelante de la componente
3199,96.066,HIGH,toca_abajo,63.4,0.952,28.5,36.7,-51.0,29.5,36.7,100.1,-65.1,punto adelante de la componente
3200,96.096,MEDIUM,toca_abajo,-52.0,-0.780,109.3,153.4,29.8,74.8,153.4,103.0,77.0,punto adelante de la componente
3201,96.126,MEDIUM,toca_abajo,-52.0,-0.780,109.3,153.4,29.8,74.8,153.4,103.0,77.0,punto adelante de la componente
3202,96.156,HIGH,toca_abajo,-16.9,-0.254,43.8,84.5,-35.7,70.9,84.5,100.3,14.3,punto adelante de la componente
3203,96.186,HIGH,toca_abajo,29.8,0.448,17.5,21.5,-62.0,15.4,21.5,100.2,-71.2,punto adelante de la componente
3204,96.216,HIGH,toca_abajo,50.4,0.756,0.5,2.6,-79.0,8.8,2.6,99.6,-75.1,punto adelante de la componente
3205,96.246,HIGH,toca_abajo,50.4,0.756,0.5,2.6,-79.0,8.8,2.6,99.6,-75.1,punto adelante de la componente
3206,96.276,SIN_CERCA,continuidad,46.7,0.600,,,,,2.6,99.6,-75.1,memoria
3207,96.306,PERDIDA,sin_componente,0.0,0.000,,,,,,,0.0,sin objetivo
3208,96.336,PERDIDA,sin_componente,0.0,0.000,,,,,,,0.0,sin objetivo
3209,96.366,PERDIDA,sin_componente,0.0,0.000,,,,,,,0.0,sin objetivo
3210,96.396,PERDIDA,sin_componente,0.0,0.000,,,,,,,0.0,sin objetivo
3211,96.426,PERDIDA,sin_componente,0.0,0.000,,,,,,,0.0,sin objetivo
3212,96.456,PERDIDA,sin_componente,0.0,0.000,,,,,,,0.0,sin objetivo
3213,96.486,PERDIDA,sin_componente,0.0,0.000,,,,,,,0.0,sin objetivo
3214,96.517,PERDIDA,sin_componente,0.0,0.000,,,,,,,0.0,sin objetivo
3215,96.547,PERDIDA,sin_componente,0.0,0.000,,,,,,,0.0,sin objetivo
3216,96.577,PERDIDA,sin_componente,0.0,0.000,,,,,,,0.0,sin objetivo
3217,96.607,PERDIDA,sin_componente,0.0,0.000,,,,,,,0.0,sin objetivo
3218,96.637,PERDIDA,sin_componente,0.0,0.000,,,,,,,0.0,sin objetivo
3219,96.667,PERDIDA,sin_componente,0.0,0.000,,,,,,,0.0,sin objetivo
3220,96.697,PERDIDA,sin_componente,0.0,0.000,,,,,,,0.0,sin objetivo
