source_frame,source_time_s,estado,origen_componente,ang_actual,ang_estados,x_near,x_mid,e_lat,e_head,target_x,target_y,ang_lookahead,motivo_target
0,0.000,HIGH,toca_abajo,-46.2,-0.694,97.7,94.7,18.2,-11.7,94.7,99.9,37.2,punto adelante de la componente
1,0.030,HIGH,toca_abajo,69.9,1.000,4.7,4.5,-74.8,-0.7,4.5,100.0,-75.1,punto adelante de la componente
2,0.060,PERDIDA,sin_componente,42.4,0.000,,,,,,,0.0,sin objetivo
3,0.090,PERDIDA,sin_componente,0.0,0.000,,,,,,,0.0,sin objetivo
4,0.120,PERDIDA,sin_componente,-25.2,0.000,,,,,,,0.0,sin objetivo
5,0.150,PERDIDA,sin_componente,-42.2,0.000,,,,,,,0.0,sin objetivo
6,0.180,PERDIDA,sin_componente,-44.7,0.000,,,,,,,0.0,sin objetivo
7,0.210,PERDIDA,sin_componente,-49.5,0.000,,,,,,,0.0,sin objetivo
8,0.240,PERDIDA,sin_componente,-18.6,0.000,,,,,,,0.0,sin objetivo
9,0.270,SIN_CERCA,continuidad,50.7,0.600,,0.5,,,0.5,76.9,-61.4,componente visible arriba
10,0.300,SIN_CERCA,continuidad,50.7,0.600,,0.5,,,0.5,76.9,-61.4,componente visible arriba
11,0.330,SIN_CERCA,continuidad,59.9,0.600,,2.6,,,2.6,98.8,-74.6,componente visible arriba
12,0.360,HIGH,toca_abajo,66.3,0.995,9.5,11.2,-70.0,6.4,11.2,99.8,-73.5,punto adelante de la componente
13,0.390,HIGH,toca_abajo,60.6,0.909,13.6,18.6,-65.9,18.9,18.6,100.0,-71.9,punto adelante de la componente
14,0.420,HIGH,toca_abajo,55.9,0.838,29.0,29.8,-50.5,3.4,29.8,100.1,-68.2,punto adelante de la componente
15,0.450,HIGH,toca_abajo,55.9,0.838,29.0,29.8,-50.5,3.4,29.8,100.1,-68.2,punto adelante de la componente
16,0.480,HIGH,toca_abajo,62.8,0.942,37.8,38.8,-41.7,3.9,38.8,100.2,-64.0,punto adelante de la componente
17,0.511,HIGH,toca_abajo,56.9,0.853,55.3,54.0,-24.2,-5.3,54.0,100.1,-52.1,punto adelante de la componente
18,0.541,HIGH,toca_abajo,48.2,0.723,48.1,48.0,-31.4,-0.2,48.0,100.0,-57.6,punto adelante de la componente
19,0.571,HIGH,toca_abajo,31.9,0.478,58.3,57.8,-21.2,-2.1,57.8,99.9,-47.3,punto adelante de la componente
20,0.601,HIGH,toca_abajo,31.9,0.478,58.3,57.8,-21.2,-2.1,57.8,99.9,-47.3,punto adelante de la componente
21,0.631,HIGH,toca_abajo,-5.4,-0.081,72.4,71.8,-7.1,-2.7,71.8,100.0,-21.1,punto adelante de la componente
22,0.661,HIGH,toca_abajo,-44.4,-0.666,94.2,92.6,14.7,-6.3,92.6,99.9,33.2,punto adelante de la componente
23,0.691,HIGH,toca_abajo,-43.7,-0.656,93.9,91.5,14.4,-9.4,91.5,99.9,30.8,punto adelante de la componente
24,0.721,HIGH,toca_abajo,-35.1,-0.527,89.7,87.6,10.2,-8.5,87.6,99.9,21.9,punto adelante de la componente
25,0.751,HIGH,toca_abajo,-35.1,-0.527,89.7,87.6,10.2,-8.5,87.6,99.9,21.9,punto adelante de la componente
26,0.781,HIGH,toca_abajo,-37.2,-0.558,90.7,88.5,11.2,-8.6,88.5,99.9,24.2,punto adelante de la componente
27,0.811,HIGH,toca_abajo,-29.0,-0.435,86.2,83.7,6.7,-9.9,83.7,99.9,11.8,punto adelante de la componente
28,0.841,HIGH,toca_abajo,-14.9,-0.223,80.8,78.4,1.3,-9.4,78.4,99.9,-3.0,punto adelante de la componente
29,0.871,HIGH,toca_abajo,-1.0,-0.015,73.5,71.7,-6.0,-7.3,71.7,99.9,-21.3,punto adelante de la componente
30,0.901,HIGH,toca_abajo,-1.0,-0.015,73.5,71.7,-6.0,-7.3,71.7,99.9,-21.3,punto adelante de la componente
31,0.931,HIGH,toca_abajo,10.8,0.162,68.5,66.9,-11.0,-6.5,66.9,99.9,-32.1,punto adelante de la componente
32,0.961,HIGH,toca_abajo,21.3,0.320,63.6,62.3,-15.9,-5.2,62.3,100.0,-40.7,punto adelante de la componente
33,0.991,HIGH,toca_abajo,29.2,0.438,58.8,57.7,-20.7,-4.4,57.7,100.0,-47.4,punto adelante de la componente
34,1.021,HIGH,toca_abajo,37.8,0.567,53.7,52.8,-25.8,-3.7,52.8,100.0,-53.1,punto adelante de la componente
35,1.051,HIGH,toca_abajo,48.5,0.728,45.2,45.0,-34.3,-1.0,45.0,100.0,-59.9,punto adelante de la componente
36,1.081,HIGH,toca_abajo,48.5,0.728,45.2,45.0,-34.3,-1.0,45.0,100.0,-59.9,punto adelante de la componente
37,1.111,HIGH,toca_abajo,53.7,0.805,38.1,38.4,-41.4,1.4,38.4,100.0,-64.1,punto adelante de la componente
38,1.141,HIGH,toca_abajo,55.6,0.833,35.6,35.6,-43.9,0.1,35.6,100.0,-65.5,punto adelante de la componente
39,1.171,HIGH,toca_abajo,57.9,0.869,31.6,31.9,-47.9,1.4,31.9,100.0,-67.2,punto adelante de la componente
40,1.201,HIGH,toca_abajo,60.4,0.907,26.4,27.2,-53.1,3.1,27.2,100.0,-69.1,punto adelante de la componente
41,1.231,HIGH,toca_abajo,60.4,0.907,26.4,27.2,-53.1,3.1,27.2,100.0,-69.1,punto adelante de la componente
42,1.261,HIGH,toca_abajo,60.6,0.909,24.8,26.1,-54.7,4.9,26.1,100.1,-69.5,punto adelante de la componente
43,1.291,HIGH,toca_abajo,60.0,0.900,25.4,26.9,-54.1,5.8,26.9,100.1,-69.3,punto adelante de la componente
44,1.321,HIGH,toca_abajo,57.7,0.865,28.6,30.0,-50.9,5.7,30.0,100.1,-68.1,punto adelante de la componente
45,1.351,HIGH,toca_abajo,55.6,0.835,31.3,32.7,-48.2,5.4,32.7,100.1,-66.9,punto adelante de la componente
46,1.381,HIGH,toca_abajo,55.6,0.835,31.3,32.7,-48.2,5.4,32.7,100.1,-66.9,punto adelante de la componente
47,1.411,HIGH,toca_abajo,53.2,0.798,33.5,35.0,-46.0,5.9,35.0,100.1,-65.9,punto adelante de la componente
48,1.441,HIGH,toca_abajo,49.9,0.749,54.3,53.1,-25.2,-4.6,53.1,100.1,-53.0,punto adelante de la componente
49,1.471,HIGH,toca_abajo,48.3,0.725,38.1,39.8,-41.4,6.6,39.8,100.1,-63.4,punto adelante de la componente
50,1.502,HIGH,toca_abajo,48.3,0.725,38.1,39.8,-41.4,6.6,39.8,100.1,-63.4,punto adelante de la componente
51,1.532,HIGH,toca_abajo,43.5,0.652,41.8,43.7,-37.7,7.2,43.7,100.1,-61.0,punto adelante de la componente
52,1.562,HIGH,toca_abajo,36.8,0.552,46.7,48.4,-32.8,6.5,48.4,100.1,-57.3,punto adelante de la componente
53,1.592,HIGH,toca_abajo,34.3,0.515,48.0,49.5,-31.5,5.8,49.5,100.1,-56.4,punto adelante de la componente
54,1.622,HIGH,toca_abajo,34.3,0.515,48.0,49.5,-31.5,5.8,49.5,100.1,-56.4,punto adelante de la componente
55,1.652,HIGH,toca_abajo,31.1,0.467,48.8,50.7,-30.7,7.2,50.7,100.1,-55.4,punto adelante de la componente
56,1.682,HIGH,toca_abajo,30.6,0.459,49.0,51.1,-30.5,8.3,51.1,100.1,-55.0,punto adelante de la componente
57,1.712,HIGH,toca_abajo,26.2,0.392,85.9,83.2,6.4,-10.4,83.2,100.1,10.6,punto adelante de la componente
58,1.742,HIGH,toca_abajo,26.2,0.392,85.9,83.2,6.4,-10.4,83.2,100.1,10.6,punto adelante de la componente
59,1.772,HIGH,toca_abajo,17.0,0.255,89.8,87.0,10.3,-11.1,87.0,100.1,20.7,punto adelante de la componente
60,1.802,HIGH,toca_abajo,12.8,0.193,59.2,60.8,-20.3,6.2,60.8,100.0,-43.0,punto adelante de la componente
61,1.832,HIGH,toca_abajo,4.8,0.071,63.6,63.3,-15.9,-1.3,63.3,100.1,-39.1,punto adelante de la componente
62,1.862,HIGH,toca_abajo,2.9,0.044,63.8,65.7,-15.7,7.6,65.7,100.1,-34.7,punto adelante de la componente
63,1.892,HIGH,toca_abajo,2.9,0.044,63.8,65.7,-15.7,7.6,65.7,100.1,-34.7,punto adelante de la componente
64,1.922,HIGH,toca_abajo,0.4,0.007,65.2,66.9,-14.3,6.5,66.9,99.9,-32.2,punto adelante de la componente
65,1.952,HIGH,toca_abajo,-1.6,-0.024,67.2,67.4,-12.3,0.8,67.4,100.1,-31.4,punto adelante de la componente
66,1.982,HIGH,toca_abajo,-1.4,-0.021,65.9,69.3,-13.6,13.0,69.3,100.2,-27.3,punto adelante de la componente
67,2.012,HIGH,toca_abajo,-1.4,-0.021,65.9,69.3,-13.6,13.0,69.3,100.2,-27.3,punto adelante de la componente
68,2.042,HIGH,toca_abajo,-3.2,-0.048,69.6,70.3,-9.9,2.4,70.3,99.7,-24.4,punto adelante de la componente
69,2.072,HIGH,toca_abajo,3.9,0.059,68.4,65.2,-11.1,-12.6,65.2,100.1,-35.7,punto adelante de la componente
70,2.102,HIGH,toca_abajo,3.3,0.049,63.8,64.9,-15.7,4.5,64.9,100.1,-36.1,punto adelante de la componente
71,2.132,HIGH,toca_abajo,1.7,0.026,64.7,65.9,-14.8,4.4,65.9,100.1,-34.4,punto adelante de la componente
72,2.162,HIGH,toca_abajo,0.4,0.006,65.2,66.4,-14.3,4.8,66.4,100.1,-33.3,punto adelante de la componente
73,2.192,HIGH,toca_abajo,0.4,0.006,65.2,66.4,-14.3,4.8,66.4,100.1,-33.3,punto adelante de la componente
74,2.222,HIGH,toca_abajo,3.0,0.045,64.0,65.2,-15.5,4.7,65.2,100.1,-35.7,punto adelante de la componente
75,2.252,HIGH,toca_abajo,7.0,0.106,61.3,62.7,-18.2,5.4,62.7,100.1,-40.2,punto adelante de la componente
76,2.282,HIGH,toca_abajo,6.6,0.099,62.4,63.9,-17.1,5.7,63.9,100.1,-38.1,punto adelante de la componente
77,2.312,HIGH,toca_abajo,6.6,0.099,62.4,63.9,-17.1,5.7,63.9,100.1,-38.1,punto adelante de la componente
78,2.342,HIGH,toca_abajo,6.2,0.093,62.5,64.0,-17.0,5.7,64.0,100.1,-37.9,punto adelante de la componente
79,2.372,HIGH,toca_abajo,4.6,0.069,62.7,64.1,-16.8,5.3,64.1,100.1,-37.7,punto adelante de la componente
80,2.402,HIGH,toca_abajo,5.5,0.082,62.2,63.5,-17.3,4.9,63.5,100.1,-38.8,punto adelante de la componente
81,2.432,HIGH,toca_abajo,5.5,0.082,62.2,63.5,-17.3,4.9,63.5,100.1,-38.8,punto adelante de la componente
82,2.462,HIGH,toca_abajo,10.6,0.159,58.8,60.4,-20.7,6.3,60.4,100.1,-43.7,punto adelante de la componente
83,2.492,HIGH,toca_abajo,0.1,0.002,92.3,89.7,12.8,-9.9,89.7,100.1,27.3,punto adelante de la componente
84,2.523,HIGH,toca_abajo,-4.0,-0.060,91.9,89.9,12.4,-8.0,89.9,100.1,27.5,punto adelante de la componente
85,2.553,HIGH,toca_abajo,-4.0,-0.060,91.9,89.9,12.4,-8.0,89.9,100.1,27.5,punto adelante de la componente
86,2.583,HIGH,toca_abajo,-7.0,-0.105,93.4,91.4,13.9,-7.6,91.4,100.1,31.0,punto adelante de la componente
87,2.613,HIGH,toca_abajo,-5.5,-0.083,93.4,90.6,13.9,-10.9,90.6,100.1,29.1,punto adelante de la componente
88,2.643,HIGH,toca_abajo,-7.4,-0.111,91.6,88.9,12.1,-10.5,88.9,100.1,25.3,punto adelante de la componente
89,2.673,HIGH,toca_abajo,-15.6,-0.233,91.7,89.0,12.2,-10.5,89.0,100.1,25.5,punto adelante de la componente
90,2.703,HIGH,toca_abajo,-21.9,-0.329,91.6,88.7,12.1,-11.4,88.7,100.1,24.8,punto adelante de la componente
91,2.733,HIGH,toca_abajo,-26.5,-0.397,91.2,93.2,11.7,7.5,93.2,99.4,33.6,punto adelante de la componente
92,2.763,HIGH,toca_abajo,-26.5,-0.397,91.2,93.2,11.7,7.5,93.2,99.4,33.6,punto adelante de la componente
93,2.793,HIGH,toca_abajo,-35.4,-0.531,91.8,110.0,12.3,49.7,110.0,99.1,55.6,punto adelante de la componente
94,2.823,HIGH,toca_abajo,-44.9,-0.673,96.9,115.5,17.4,53.4,115.5,100.0,60.9,punto adelante de la componente
95,2.853,MEDIUM,toca_abajo,-64.1,-0.961,113.7,113.7,34.2,0.2,113.7,100.0,59.7,punto adelante de la componente
96,2.883,MEDIUM,toca_abajo,-71.3,-1.000,110.5,110.7,31.0,1.0,110.7,102.0,60.1,punto adelante de la componente
97,2.913,MEDIUM,toca_abajo,-78.2,-1.000,100.4,93.7,20.9,-33.3,93.7,104.3,42.1,punto adelante de la componente
98,2.943,MEDIUM,toca_abajo,-78.2,-1.000,100.4,93.7,20.9,-33.3,93.7,104.3,42.1,punto adelante de la componente
99,2.973,LOW,toca_abajo,-84.2,-1.000,133.2,,53.7,,93.7,104.3,42.1,ultimo objetivo confiable (memoria)
100,3.003,PERDIDA,sin_componente,-88.9,0.000,,,,,,,0.0,sin objetivo
101,3.033,PERDIDA,sin_componente,0.0,0.000,,,,,,,0.0,sin objetivo
102,3.063,PERDIDA,sin_componente,0.0,0.000,,,,,,,0.0,sin objetivo
103,3.093,PERDIDA,sin_componente,0.0,0.000,,,,,,,0.0,sin objetivo
104,3.123,PERDIDA,sin_componente,0.0,0.000,,,,,,,0.0,sin objetivo
105,3.153,PERDIDA,sin_componente,0.0,0.000,,,,,,,0.0,sin objetivo
106,3.183,PERDIDA,sin_componente,0.0,0.000,,,,,,,0.0,sin objetivo
107,3.213,PERDIDA,sin_componente,0.0,0.000,,,,,,,0.0,sin objetivo
108,3.243,PERDIDA,sin_componente,0.0,0.000,,,,,,,0.0,sin objetivo
109,3.273,PERDIDA,sin_componente,0.0,0.000,,,,,,,0.0,sin objetivo
110,3.303,PERDIDA,sin_componente,0.0,0.000,,,,,,,0.0,sin objetivo
111,3.333,PERDIDA,sin_componente,0.0,0.000,,,,,,,0.0,sin objetivo
112,3.363,PERDIDA,sin_componente,0.0,0.000,,,,,,,0.0,sin objetivo
113,3.393,PERDIDA,sin_componente,0.0,0.000,,,,,,,0.0,sin objetivo
114,3.423,PERDIDA,sin_componente,0.0,0.000,,,,,,,0.0,sin objetivo
115,3.453,PERDIDA,sin_componente,0.0,0.000,,,,,,,0.0,sin objetivo
116,3.483,PERDIDA,sin_componente,0.0,0.000,,,,,,,0.0,sin objetivo
117,3.514,PERDIDA,sin_componente,0.0,0.000,,,,,,,0.0,sin objetivo
118,3.544,PERDIDA,sin_componente,0.0,0.000,,,,,,,0.0,sin objetivo
119,3.574,PERDIDA,sin_componente,0.0,0.000,,,,,,,0.0,sin objetivo
120,3.604,PERDIDA,sin_componente,0.0,0.000,,,,,,,0.0,sin objetivo
121,3.634,PERDIDA,sin_componente,0.0,0.000,,,,,,,0.0,sin objetivo
122,3.664,PERDIDA,sin_componente,0.0,0.000,,,,,,,0.0,sin objetivo
123,3.694,PERDIDA,sin_componente,0.0,0.000,,,,,,,0.0,sin objetivo
124,3.724,PERDIDA,sin_componente,0.0,0.000,,,,,,,0.0,sin objetivo
125,3.754,PERDIDA,sin_componente,0.0,0.000,,,,,,,0.0,sin objetivo
126,3.784,PERDIDA,sin_componente,0.0,0.000,,,,,,,0.0,sin objetivo
127,3.814,PERDIDA,sin_componente,0.0,0.000,,,,,,,0.0,sin objetivo
128,3.844,PERDIDA,sin_componente,0.0,0.000,,,,,,,0.0,sin objetivo
129,3.874,PERDIDA,sin_componente,0.0,0.000,,,,,,,0.0,sin objetivo
130,3.904,PERDIDA,sin_componente,0.0,0.000,,,,,,,0.0,sin objetivo
131,3.934,SIN_CERCA,continuidad,-7.0,-0.600,,,,,93.7,104.3,42.1,memoria
132,3.964,SIN_CERCA,continuidad,-7.0,-0.600,,,,,93.7,104.3,42.1,memoria
133,3.994,SIN_CERCA,continuidad,-4.0,-0.600,,,,,93.7,104.3,42.1,memoria
134,4.024,SIN_CERCA,continuidad,-7.2,-0.600,,,,,93.7,104.3,42.1,memoria
135,4.054,SIN_CERCA,continuidad,-7.2,-0.600,,,,,93.7,104.3,42.1,memoria
136,4.084,SIN_CERCA,continuidad,-11.7,-0.600,,95.0,,,95.0,75.8,19.3,componente visible arriba
137,4.114,SIN_CERCA,continuidad,-14.2,-0.600,,84.5,,,84.5,79.0,6.9,componente visible arriba
138,4.144,SIN_CERCA,continuidad,-21.3,-0.600,,,,,84.5,79.0,6.9,memoria
139,4.174,SIN_CERCA,continuidad,-22.3,-0.600,,91.2,,,91.2,79.4,16.1,componente visible arriba
140,4.204,SIN_CERCA,continuidad,-20.7,-0.600,,97.7,,,97.7,100.9,43.7,componente visible arriba
141,4.234,SIN_CERCA,continuidad,-31.2,-0.600,139.7,,60.2,,139.7,111.2,81.7,solo el punto cercano
142,4.264,SIN_CERCA,continuidad,-31.2,-0.600,139.7,,60.2,,139.7,111.2,81.7,solo el punto cercano
143,4.294,SIN_CERCA,continuidad,-22.9,-0.600,,152.6,,,152.6,77.4,59.7,componente visible arriba
144,4.324,SIN_CERCA,continuidad,-19.4,-0.600,,148.6,,,148.6,79.3,59.5,componente visible arriba
145,4.354,PERDIDA,sin_componente,23.2,0.000,,,,,,,0.0,sin objetivo
146,4.384,PERDIDA,sin_componente,24.7,0.000,,,,,,,0.0,sin objetivo
147,4.414,PERDIDA,sin_componente,24.7,0.000,,,,,,,0.0,sin objetivo
148,4.444,PERDIDA,sin_componente,21.8,0.000,,,,,,,0.0,sin objetivo
149,4.474,PERDIDA,sin_componente,-58.1,0.000,,,,,,,0.0,sin objetivo
150,4.505,PERDIDA,sin_componente,-53.2,0.000,,,,,,,0.0,sin objetivo
151,4.535,PERDIDA,sin_componente,-53.2,0.000,,,,,,,0.0,sin objetivo
152,4.565,PERDIDA,sin_componente,-56.5,0.000,,,,,,,0.0,sin objetivo
153,4.595,PERDIDA,sin_componente,-70.1,0.000,,,,,,,0.0,sin objetivo
154,4.625,PERDIDA,sin_componente,-73.6,0.000,,,,,,,0.0,sin objetivo
155,4.655,PERDIDA,sin_componente,0.0,0.000,,,,,,,0.0,sin objetivo
156,4.685,PERDIDA,sin_componente,0.0,0.000,,,,,,,0.0,sin objetivo
157,4.715,PERDIDA,sin_componente,0.0,0.000,,,,,,,0.0,sin objetivo
158,4.745,PERDIDA,sin_componente,0.0,0.000,,,,,,,0.0,sin objetivo
159,4.775,PERDIDA,sin_componente,0.0,0.000,,,,,,,0.0,sin objetivo
160,4.805,PERDIDA,sin_componente,0.0,0.000,,,,,,,0.0,sin objetivo
161,4.835,PERDIDA,sin_componente,0.0,0.000,,,,,,,0.0,sin objetivo
162,4.865,PERDIDA,sin_componente,0.0,0.000,,,,,,,0.0,sin objetivo
163,4.895,PERDIDA,sin_componente,0.0,0.000,,,,,,,0.0,sin objetivo
164,4.925,PERDIDA,sin_componente,0.0,0.000,,,,,,,0.0,sin objetivo
165,4.955,SIN_CERCA,salto_grande,0.5,-0.600,,,,,148.6,79.3,59.5,memoria
166,4.985,SIN_CERCA,salto_grande,1.2,0.600,,89.6,,,89.6,75.7,12.8,componente visible arriba
167,5.015,SIN_CERCA,continuidad,1.2,0.600,,89.6,,,89.6,75.7,12.8,componente visible arriba
168,5.045,SIN_CERCA,continuidad,-1.4,-0.600,,88.3,,,88.3,78.0,11.8,componente visible arriba
169,5.075,SIN_CERCA,continuidad,-3.0,-0.600,,83.3,,,83.3,78.2,5.2,componente visible arriba
170,5.105,SIN_CERCA,continuidad,1.5,-0.600,,83.8,,,83.8,77.7,5.8,componente visible arriba
171,5.135,SIN_CERCA,continuidad,1.5,-0.600,,83.8,,,83.8,77.7,5.8,componente visible arriba
172,5.165,SIN_CERCA,continuidad,9.7,0.600,,86.0,,,86.0,76.0,8.4,componente visible arriba
173,5.195,SIN_CERCA,continuidad,29.6,0.600,,,,,86.0,76.0,8.4,memoria
174,5.225,PERDIDA,sin_componente,67.2,0.000,,,,,,,0.0,sin objetivo
175,5.255,PERDIDA,sin_componente,49.4,0.000,,,,,,,0.0,sin objetivo
176,5.285,PERDIDA,sin_componente,49.4,0.000,,,,,,,0.0,sin objetivo
177,5.315,PERDIDA,sin_componente,0.0,0.000,,,,,,,0.0,sin objetivo
178,5.345,PERDIDA,sin_componente,0.0,0.000,,,,,,,0.0,sin objetivo
179,5.375,PERDIDA,sin_componente,0.0,0.000,,,,,,,0.0,sin objetivo
180,5.405,HIGH,toca_abajo,-35.0,-0.525,93.1,91.8,13.6,-5.3,91.8,99.5,31.0,punto adelante de la componente
181,5.435,HIGH,toca_abajo,-54.6,-0.820,110.7,109.3,31.2,-5.5,109.3,99.9,56.0,punto adelante de la componente
182,5.465,HIGH,toca_abajo,-54.6,-0.820,110.7,109.3,31.2,-5.5,109.3,99.9,56.0,punto adelante de la componente
183,5.495,HIGH,toca_abajo,-64.3,-0.964,120.7,119.0,41.2,-6.7,119.0,99.9,63.1,punto adelante de la componente
184,5.526,HIGH,toca_abajo,-66.4,-0.995,130.8,128.4,51.3,-9.4,128.4,99.8,67.6,punto adelante de la componente
185,5.556,HIGH,toca_abajo,-66.0,-0.990,142.6,139.8,63.1,-11.1,139.8,99.7,71.4,punto adelante de la componente
186,5.586,HIGH,toca_abajo,-64.4,-0.966,152.1,150.0,72.6,-8.5,150.0,99.5,73.8,punto adelante de la componente
187,5.616,HIGH,toca_abajo,-64.4,-0.966,152.1,150.0,72.6,-8.5,150.0,99.5,73.8,punto adelante de la componente
188,5.646,SIN_CERCA,continuidad,-58.8,-0.600,,154.3,,,154.3,98.5,74.0,componente visible arriba
189,5.676,HIGH,toca_abajo,-65.7,-0.985,151.2,147.6,71.8,-14.7,147.6,99.5,73.3,punto adelante de la componente
190,5.706,HIGH,toca_abajo,-66.7,-1.000,143.9,140.7,64.4,-12.5,140.7,99.7,71.7,punto adelante de la componente
191,5.736,HIGH,toca_abajo,-66.7,-1.000,142.1,138.4,62.6,-14.4,138.4,99.7,71.0,punto adelante de la componente
192,5.766,HIGH,toca_abajo,-66.7,-1.000,142.1,138.4,62.6,-14.4,138.4,99.7,71.0,punto adelante de la componente
193,5.796,HIGH,toca_abajo,-66.5,-0.997,136.2,133.1,56.7,-12.2,133.1,99.8,69.3,punto adelante de la componente
194,5.826,HIGH,toca_abajo,-66.4,-0.996,133.1,129.8,53.6,-12.6,129.8,99.8,68.1,punto adelante de la componente
195,5.856,HIGH,toca_abajo,-65.3,-0.980,128.0,124.6,48.5,-13.1,124.6,99.8,65.9,punto adelante de la componente
196,5.886,HIGH,toca_abajo,-63.5,-0.952,121.2,118.2,41.7,-11.8,118.2,99.9,62.5,punto adelante de la componente
197,5.916,HIGH,toca_abajo,-63.5,-0.952,121.2,118.2,41.7,-11.8,118.2,99.9,62.5,punto adelante de la componente
198,5.946,HIGH,toca_abajo,-61.4,-0.921,115.6,112.9,36.1,-10.7,112.9,99.9,58.9,punto adelante de la componente
199,5.976,HIGH,toca_abajo,-57.0,-0.855,109.3,106.6,29.8,-10.6,106.6,99.9,53.4,punto adelante de la componente
200,6.006,HIGH,toca_abajo,-48.4,-0.726,99.3,96.7,19.8,-10.0,96.7,99.9,40.6,punto adelante de la componente
201,6.036,HIGH,toca_abajo,-34.1,-0.511,88.8,86.5,9.3,-8.9,86.5,99.9,19.3,punto adelante de la componente
202,6.066,HIGH,toca_abajo,-34.1,-0.511,88.8,86.5,9.3,-8.9,86.5,99.9,19.3,punto adelante de la componente
203,6.096,HIGH,toca_abajo,-12.8,-0.192,92.8,85.5,13.3,-27.0,85.5,100.1,16.7,punto adelante de la componente
204,6.126,HIGH,toca_abajo,10.3,0.155,66.4,65.6,-13.1,-3.2,65.6,100.0,-34.8,punto adelante de la componente
205,6.156,HIGH,toca_abajo,27.8,0.416,58.2,57.8,-21.3,-1.9,57.8,100.0,-47.3,punto adelante de la componente
206,6.186,HIGH,toca_abajo,39.1,0.586,52.6,51.7,-26.9,-3.6,51.7,100.0,-54.3,punto adelante de la componente
207,6.216,HIGH,toca_abajo,50.6,0.759,40.6,40.8,-38.9,1.0,40.8,100.0,-62.7,punto adelante de la componente
208,6.246,HIGH,toca_abajo,50.6,0.759,40.6,40.8,-38.9,1.0,40.8,100.0,-62.7,punto adelante de la componente
209,6.276,HIGH,toca_abajo,56.2,0.842,34.0,34.6,-45.5,2.5,34.6,100.0,-66.0,punto adelante de la componente
210,6.306,HIGH,toca_abajo,60.5,0.907,26.8,27.9,-52.7,4.2,27.9,100.1,-68.9,punto adelante de la componente
211,6.336,HIGH,toca_abajo,62.3,0.935,23.2,24.6,-56.3,5.3,24.6,100.1,-70.1,punto adelante de la componente
212,6.366,HIGH,toca_abajo,63.7,0.955,19.7,21.2,-59.8,5.8,21.2,100.1,-71.2,punto adelante de la componente
213,6.396,HIGH,toca_abajo,63.9,0.958,49.9,47.8,-29.6,-8.0,47.8,100.1,-57.9,punto adelante de la componente
214,6.426,HIGH,toca_abajo,63.9,0.958,49.9,47.8,-29.6,-8.0,47.8,100.1,-57.9,punto adelante de la componente
215,6.456,HIGH,toca_abajo,63.1,0.947,51.1,49.3,-28.4,-7.2,49.3,100.1,-56.6,punto adelante de la componente
216,6.486,HIGH,toca_abajo,61.6,0.924,54.4,52.5,-25.1,-7.6,52.5,100.1,-53.6,punto adelante de la componente
217,6.517,HIGH,toca_abajo,59.6,0.894,57.4,55.5,-22.1,-7.5,55.5,100.1,-50.3,punto adelante de la componente
218,6.547,HIGH,toca_abajo,59.6,0.894,57.4,55.5,-22.1,-7.5,55.5,100.1,-50.3,punto adelante de la componente
219,6.577,HIGH,toca_abajo,56.3,0.844,61.6,59.5,-17.9,-8.2,59.5,100.1,-45.2,punto adelante de la componente
220,6.607,HIGH,toca_abajo,53.8,0.807,64.6,62.5,-14.9,-8.2,62.5,100.1,-40.5,punto adelante de la componente
221,6.637,HIGH,toca_abajo,50.3,0.755,68.6,66.7,-10.9,-7.7,66.7,100.1,-32.8,punto adelante de la componente
222,6.667,HIGH,toca_abajo,44.4,0.666,74.1,72.1,-5.4,-8.1,72.1,100.1,-20.5,punto adelante de la componente
223,6.697,HIGH,toca_abajo,44.4,0.666,74.1,72.1,-5.4,-8.1,72.1,100.1,-20.5,punto adelante de la componente
224,6.727,HIGH,toca_abajo,36.4,0.546,80.8,78.3,1.3,-9.5,78.3,100.1,-3.3,punto adelante de la componente
225,6.757,HIGH,toca_abajo,27.4,0.411,51.1,53.0,-28.4,7.5,53.0,100.1,-53.1,punto adelante de la componente
226,6.787,HIGH,toca_abajo,27.4,0.411,51.1,53.0,-28.4,7.5,53.0,100.1,-53.1,punto adelante de la componente
227,6.817,HIGH,toca_abajo,19.9,0.298,55.4,56.9,-24.1,5.9,56.9,100.1,-48.6,punto adelante de la componente
228,6.847,HIGH,toca_abajo,12.0,0.180,58.3,59.9,-21.2,6.3,59.9,100.1,-44.5,punto adelante de la componente
229,6.877,HIGH,toca_abajo,2.2,0.033,62.3,64.0,-17.2,6.6,64.0,100.1,-37.9,punto adelante de la componente
230,6.907,HIGH,toca_abajo,-4.9,-0.073,65.0,66.5,-14.5,5.9,66.5,100.1,-33.1,punto adelante de la componente
231,6.937,HIGH,toca_abajo,-10.7,-0.161,67.3,69.0,-12.2,6.7,69.0,100.1,-27.7,punto adelante de la componente
232,6.967,HIGH,toca_abajo,-10.7,-0.161,67.3,69.0,-12.2,6.7,69.0,100.1,-27.7,punto adelante de la componente
233,6.997,HIGH,toca_abajo,-20.0,-0.300,71.2,73.2,-8.3,8.0,73.2,100.3,-17.6,punto adelante de la componente
234,7.027,HIGH,toca_abajo,-21.3,-0.320,71.3,75.2,-8.2,15.0,75.2,100.1,-12.1,punto adelante de la componente
235,7.057,HIGH,toca_abajo,-23.6,-0.354,74.8,76.2,-4.7,5.3,76.2,100.0,-9.4,punto adelante de la componente
236,7.087,HIGH,toca_abajo,-23.6,-0.354,74.8,76.2,-4.7,5.3,76.2,100.0,-9.4,punto adelante de la componente
237,7.117,HIGH,toca_abajo,-22.0,-0.330,76.4,76.0,-3.1,-1.8,76.0,100.1,-10.0,punto adelante de la componente
238,7.147,HIGH,toca_abajo,-22.6,-0.339,76.7,77.4,-2.8,3.0,77.4,100.0,-5.9,punto adelante de la componente
239,7.177,HIGH,toca_abajo,-18.7,-0.281,74.0,75.6,-5.5,6.2,75.6,100.1,-11.0,punto adelante de la componente
240,7.207,HIGH,toca_abajo,-18.7,-0.281,74.0,75.6,-5.5,6.2,75.6,100.1,-11.0,punto adelante de la componente
241,7.237,HIGH,toca_abajo,-15.0,-0.225,72.5,72.9,-7.0,1.4,72.9,100.0,-18.2,punto adelante de la componente
242,7.267,HIGH,toca_abajo,-11.8,-0.178,71.9,72.2,-7.6,0.9,72.2,100.2,-20.3,punto adelante de la componente
243,7.297,HIGH,toca_abajo,-9.8,-0.147,69.8,73.0,-9.7,12.6,73.0,100.1,-18.0,punto adelante de la componente
244,7.327,HIGH,toca_abajo,-9.8,-0.147,69.8,73.0,-9.7,12.6,73.0,100.1,-18.0,punto adelante de la componente
245,7.357,HIGH,toca_abajo,-1.4,-0.021,69.3,68.7,-10.2,-2.5,68.7,99.7,-28.1,punto adelante de la componente
246,7.387,HIGH,toca_abajo,3.9,0.059,69.6,66.1,-9.9,-13.5,66.1,100.1,-33.8,punto adelante de la componente
247,7.417,HIGH,toca_abajo,13.2,0.198,60.5,61.2,-19.0,3.1,61.2,100.0,-42.5,punto adelante de la componente
248,7.447,HIGH,toca_abajo,13.2,0.198,60.5,61.2,-19.0,3.1,61.2,100.0,-42.5,punto adelante de la componente
249,7.477,HIGH,toca_abajo,17.7,0.265,57.5,58.8,-22.0,5.0,58.8,100.1,-46.1,punto adelante de la componente
250,7.508,HIGH,toca_abajo,22.0,0.330,55.8,57.1,-23.7,5.1,57.1,100.1,-48.4,punto adelante de la componente
251,7.538,HIGH,toca_abajo,26.8,0.401,52.1,53.6,-27.4,5.8,53.6,100.1,-52.4,punto adelante de la componente
252,7.568,HIGH,toca_abajo,28.0,0.420,51.6,53.4,-27.9,7.3,53.4,100.1,-52.6,punto adelante de la componente
253,7.598,HIGH,toca_abajo,28.0,0.420,51.6,53.4,-27.9,7.3,53.4,100.1,-52.6,punto adelante de la componente
254,7.628,HIGH,toca_abajo,32.1,0.482,49.7,51.4,-29.8,6.9,51.4,100.1,-54.6,punto adelante de la componente
255,7.658,HIGH,toca_abajo,34.7,0.521,80.7,78.6,1.2,-8.5,78.6,100.1,-2.7,punto adelante de la componente
256,7.688,HIGH,toca_abajo,33.5,0.503,80.9,78.8,1.4,-8.2,78.8,100.1,-2.0,punto adelante de la componente
257,7.718,HIGH,toca_abajo,33.5,0.503,80.9,78.8,1.4,-8.2,78.8,100.1,-2.0,punto adelante de la componente
258,7.748,HIGH,toca_abajo,30.8,0.462,82.5,80.4,3.0,-8.2,80.4,100.1,2.7,punto adelante de la componente
259,7.778,HIGH,toca_abajo,28.5,0.428,83.9,81.7,4.4,-8.5,81.7,100.1,6.4,punto adelante de la componente
260,7.808,HIGH,toca_abajo,30.2,0.452,82.5,80.4,3.0,-8.2,80.4,100.1,2.5,punto adelante de la componente
261,7.838,HIGH,toca_abajo,30.2,0.452,82.5,80.4,3.0,-8.2,80.4,100.1,2.5,punto adelante de la componente
262,7.868,HIGH,toca_abajo,25.4,0.381,83.7,81.7,4.2,-7.9,81.7,100.1,6.2,punto adelante de la componente
263,7.898,HIGH,toca_abajo,19.3,0.290,84.9,83.0,5.4,-7.5,83.0,100.1,9.9,punto adelante de la componente
264,7.928,HIGH,toca_abajo,12.7,0.190,87.2,85.4,7.7,-6.9,85.4,100.1,16.5,punto adelante de la componente
265,7.958,HIGH,toca_abajo,12.7,0.190,87.2,85.4,7.7,-6.9,85.4,100.1,16.5,punto adelante de la componente
266,7.988,HIGH,toca_abajo,0.8,0.012,90.4,88.9,10.9,-6.0,88.9,100.1,25.2,punto adelante de la componente
267,8.018,HIGH,toca_abajo,-8.1,-0.121,92.2,89.8,12.7,-9.3,89.8,100.1,27.5,punto adelante de la componente
268,8.048,HIGH,toca_abajo,-13.7,-0.205,94.1,91.6,14.6,-9.8,91.6,100.1,31.3,punto adelante de la componente
269,8.078,HIGH,toca_abajo,-13.7,-0.205,94.1,91.6,14.6,-9.8,91.6,100.1,31.3,punto adelante de la componente
270,8.108,HIGH,toca_abajo,-18.0,-0.270,94.8,92.3,15.3,-9.5,92.3,100.1,32.9,punto adelante de la componente
271,8.138,HIGH,toca_abajo,-24.1,-0.361,96.1,93.6,16.6,-10.0,93.6,100.1,35.3,punto adelante de la componente
272,8.168,HIGH,toca_abajo,-31.0,-0.465,97.3,94.8,17.8,-9.5,94.8,100.1,37.6,punto adelante de la componente
273,8.198,HIGH,toca_abajo,-44.3,-0.665,97.7,114.4,18.2,47.2,114.4,99.1,59.1,punto adelante de la componente
274,8.228,HIGH,toca_abajo,-44.3,-0.665,97.7,114.4,18.2,47.2,114.4,99.1,59.1,punto adelante de la componente
275,8.258,MEDIUM,toca_abajo,-60.2,-0.903,113.6,122.5,34.1,33.0,122.5,100.0,65.1,punto adelante de la componente
276,8.288,MEDIUM,toca_abajo,-70.7,-1.000,132.5,132.5,53.0,0.0,132.5,100.0,69.3,punto adelante de la componente
277,8.318,MEDIUM,toca_abajo,-76.2,-1.000,132.5,134.9,53.0,11.6,134.9,102.6,72.5,punto adelante de la componente
278,8.348,LOW,toca_abajo,-83.8,-1.000,134.3,,54.8,,134.9,102.6,72.5,ultimo objetivo confiable (memoria)
279,8.378,LOW,toca_abajo,-83.8,-1.000,134.3,,54.8,,134.9,102.6,72.5,ultimo objetivo confiable (memoria)
280,8.408,PERDIDA,sin_componente,-90.0,0.000,,,,,,,0.0,sin objetivo
281,8.438,PERDIDA,sin_componente,0.0,0.000,,,,,,,0.0,sin objetivo
282,8.468,PERDIDA,sin_componente,0.0,0.000,,,,,,,0.0,sin objetivo
283,8.498,PERDIDA,sin_componente,0.0,0.000,,,,,,,0.0,sin objetivo
284,8.529,PERDIDA,sin_componente,0.0,0.000,,,,,,,0.0,sin objetivo
285,8.559,PERDIDA,sin_componente,0.0,0.000,,,,,,,0.0,sin objetivo
286,8.589,PERDIDA,sin_componente,0.0,0.000,,,,,,,0.0,sin objetivo
287,8.619,PERDIDA,sin_componente,0.0,0.000,,,,,,,0.0,sin objetivo
288,8.649,PERDIDA,sin_componente,0.0,0.000,,,,,,,0.0,sin objetivo
289,8.679,PERDIDA,sin_componente,0.0,0.000,,,,,,,0.0,sin objetivo
290,8.709,PERDIDA,sin_componente,0.0,0.000,,,,,,,0.0,sin objetivo
291,8.739,PERDIDA,sin_componente,0.0,0.000,,,,,,,0.0,sin objetivo
292,8.769,PERDIDA,sin_componente,0.0,0.000,,,,,,,0.0,sin objetivo
293,8.799,PERDIDA,sin_componente,0.0,0.000,,,,,,,0.0,sin objetivo
294,8.829,PERDIDA,sin_componente,0.0,0.000,,,,,,,0.0,sin objetivo
295,8.859,PERDIDA,sin_componente,0.0,0.000,,,,,,,0.0,sin objetivo
296,8.889,PERDIDA,sin_componente,0.0,0.000,,,,,,,0.0,sin objetivo
297,8.919,PERDIDA,sin_componente,0.0,0.000,,,,,,,0.0,sin objetivo
298,8.949,PERDIDA,sin_componente,0.0,0.000,,,,,,,0.0,sin objetivo
299,8.979,PERDIDA,sin_componente,0.0,0.000,,,,,,,0.0,sin objetivo
300,9.009,PERDIDA,sin_componente,0.0,0.000,,,,,,,0.0,sin objetivo
301,9.039,PERDIDA,sin_componente,0.0,0.000,,,,,,,0.0,sin objetivo
302,9.069,PERDIDA,sin_componente,0.0,0.000,,,,,,,0.0,sin objetivo
303,9.099,SIN_CERCA,continuidad,-40.6,-0.600,,,,,134.9,102.6,72.5,memoria
304,9.129,SIN_CERCA,continuidad,-31.5,-0.600,,,,,134.9,102.6,72.5,memoria
305,9.159,SIN_CERCA,continuidad,-23.2,-0.600,,,,,134.9,102.6,72.5,memoria
306,9.189,SIN_CERCA,continuidad,-27.7,-0.600,,,,,134.9,102.6,72.5,memoria
307,9.219,SIN_CERCA,continuidad,-40.6,-0.600,,145.8,,,145.8,79.6,58.7,componente visible arriba
308,9.249,SIN_CERCA,continuidad,-40.6,-0.600,,145.8,,,145.8,79.6,58.7,componente visible arriba
309,9.279,SIN_CERCA,continuidad,-46.2,-0.600,,,,,145.8,79.6,58.7,memoria
310,9.309,PERDIDA,sin_componente,-49.3,0.000,,,,,,,0.0,sin objetivo
311,9.339,PERDIDA,sin_componente,-47.7,0.000,,,,,,,0.0,sin objetivo
312,9.369,MEDIUM,toca_abajo,-73.5,-1.000,89.7,80.1,10.2,-42.8,80.1,104.8,2.2,punto adelante de la componente
313,9.399,HIGH,toca_abajo,-42.4,-0.636,89.0,110.5,9.5,53.3,110.5,98.5,55.2,punto adelante de la componente
314,9.429,HIGH,toca_abajo,-42.4,-0.636,89.0,110.5,9.5,53.3,110.5,98.5,55.2,punto adelante de la componente
315,9.459,HIGH,toca_abajo,-5.9,-0.088,81.0,80.8,1.5,-0.9,80.8,99.9,3.6,punto adelante de la componente
316,9.489,HIGH,toca_abajo,26.9,0.404,75.0,74.7,-4.5,-1.2,74.7,100.1,-13.6,punto adelante de la componente
317,9.520,HIGH,toca_abajo,26.9,0.404,75.0,74.7,-4.5,-1.2,74.7,100.1,-13.6,punto adelante de la componente
318,9.550,HIGH,toca_abajo,32.9,0.494,73.0,72.6,-6.5,-1.6,72.6,100.0,-19.1,punto adelante de la componente
319,9.580,HIGH,toca_abajo,28.7,0.430,76.0,75.5,-3.5,-2.0,75.5,100.0,-11.3,punto adelante de la componente
320,9.610,HIGH,toca_abajo,14.3,0.215,63.7,62.2,-15.8,-5.8,62.2,100.1,-41.0,punto adelante de la componente
321,9.640,HIGH,toca_abajo,-2.2,-0.034,69.6,71.9,-9.9,8.7,71.9,100.0,-20.9,punto adelante de la componente
322,9.670,HIGH,toca_abajo,-2.2,-0.034,69.6,71.9,-9.9,8.7,71.9,100.0,-20.9,punto adelante de la componente
323,9.700,HIGH,toca_abajo,-14.0,-0.210,75.9,76.1,-3.6,0.8,76.1,100.2,-9.6,punto adelante de la componente
324,9.730,HIGH,toca_abajo,-20.6,-0.310,78.4,78.5,-1.1,0.3,78.5,99.8,-2.8,punto adelante de la componente
325,9.760,HIGH,toca_abajo,-21.4,-0.322,78.7,79.3,-0.8,2.0,79.3,100.1,-0.7,punto adelante de la componente
326,9.790,HIGH,toca_abajo,-22.3,-0.334,78.7,79.2,-0.8,1.9,79.2,100.1,-0.9,punto adelante de la componente
327,9.820,HIGH,toca_abajo,-22.3,-0.334,78.7,79.2,-0.8,1.9,79.2,100.1,-0.9,punto adelante de la componente
328,9.850,HIGH,toca_abajo,-23.1,-0.347,79.2,78.9,-0.3,-1.3,78.9,100.0,-1.8,punto adelante de la componente
329,9.880,HIGH,toca_abajo,-24.8,-0.372,80.1,78.8,0.6,-5.3,78.8,100.0,-2.0,punto adelante de la componente
330,9.910,HIGH,toca_abajo,-28.0,-0.420,80.3,78.6,0.8,-6.7,78.6,100.0,-2.6,punto adelante de la componente
331,9.940,HIGH,toca_abajo,-28.0,-0.420,80.3,78.6,0.8,-6.7,78.6,100.0,-2.6,punto adelante de la componente
332,9.970,HIGH,toca_abajo,-13.3,-0.200,74.4,74.5,-5.1,0.4,74.5,100.0,-13.9,punto adelante de la componente
333,10.000,HIGH,toca_abajo,1.5,0.022,67.9,68.1,-11.6,0.6,68.1,99.9,-29.5,punto adelante de la componente
334,10.030,HIGH,toca_abajo,6.8,0.102,66.7,66.4,-12.8,-1.2,66.4,100.1,-33.4,punto adelante de la componente
335,10.060,HIGH,toca_abajo,6.8,0.102,66.7,66.4,-12.8,-1.2,66.4,100.1,-33.4,punto adelante de la componente
336,10.090,HIGH,toca_abajo,12.0,0.180,64.4,66.1,-15.1,6.8,66.1,100.2,-34.0,punto adelante de la componente
337,10.120,HIGH,toca_abajo,22.2,0.334,59.6,61.6,-19.9,7.6,61.6,99.9,-41.7,punto adelante de la componente
338,10.150,HIGH,toca_abajo,29.6,0.444,58.5,56.1,-21.0,-9.2,56.1,99.9,-49.2,punto adelante de la componente
339,10.180,HIGH,toca_abajo,34.3,0.515,55.7,53.8,-23.8,-7.9,53.8,100.0,-52.2,punto adelante de la componente
340,10.210,HIGH,toca_abajo,34.3,0.515,55.7,53.8,-23.8,-7.9,53.8,100.0,-52.2,punto adelante de la componente
341,10.240,HIGH,toca_abajo,32.2,0.483,53.4,54.1,-26.1,2.7,54.1,100.1,-51.9,punto adelante de la componente
342,10.270,HIGH,toca_abajo,29.7,0.445,53.6,54.4,-25.9,3.2,54.4,100.0,-51.5,punto adelante de la componente
343,10.300,HIGH,toca_abajo,29.5,0.442,54.1,55.0,-25.4,3.5,55.0,100.1,-50.8,punto adelante de la componente
344,10.330,HIGH,toca_abajo,30.8,0.462,53.2,54.2,-26.3,3.7,54.2,100.1,-51.8,punto adelante de la componente
345,10.360,HIGH,toca_abajo,30.8,0.462,53.2,54.2,-26.3,3.7,54.2,100.1,-51.8,punto adelante de la componente
346,10.390,HIGH,toca_abajo,32.6,0.489,51.7,52.9,-27.8,4.7,52.9,100.1,-53.1,punto adelante de la componente
347,10.420,HIGH,toca_abajo,30.5,0.457,52.3,53.6,-27.2,5.1,53.6,100.1,-52.4,punto adelante de la componente
348,10.450,HIGH,toca_abajo,30.0,0.450,52.1,53.6,-27.4,5.8,53.6,100.1,-52.4,punto adelante de la componente
349,10.480,HIGH,toca_abajo,28.4,0.426,52.8,54.1,-26.7,5.1,54.1,100.1,-51.9,punto adelante de la componente
350,10.511,HIGH,toca_abajo,28.4,0.426,52.8,54.1,-26.7,5.1,54.1,100.1,-51.9,punto adelante de la componente
351,10.541,HIGH,toca_abajo,27.4,0.411,52.8,54.3,-26.7,5.8,54.3,100.1,-51.7,punto adelante de la componente
352,10.571,HIGH,toca_abajo,25.4,0.381,53.6,55.2,-25.9,6.0,55.2,100.1,-50.7,punto adelante de la componente
353,10.601,HIGH,toca_abajo,23.0,0.345,54.5,56.1,-25.0,6.1,56.1,100.1,-49.6,punto adelante de la componente
354,10.631,HIGH,toca_abajo,17.6,0.264,55.0,56.8,-24.5,6.9,56.8,100.1,-48.8,punto adelante de la componente
355,10.661,HIGH,toca_abajo,9.3,0.140,89.1,86.5,9.6,-10.2,86.5,100.1,19.5,punto adelante de la componente
356,10.691,HIGH,toca_abajo,6.6,0.099,89.3,87.1,9.8,-8.7,87.1,100.1,20.9,punto adelante de la componente
357,10.721,HIGH,toca_abajo,1.4,0.020,91.7,89.8,12.2,-7.4,89.8,100.1,27.3,punto adelante de la componente
358,10.751,HIGH,toca_abajo,1.4,0.020,91.7,89.8,12.2,-7.4,89.8,100.1,27.3,punto adelante de la componente
359,10.781,HIGH,toca_abajo,-5.8,-0.086,94.5,92.0,15.0,-9.8,92.0,100.1,32.3,punto adelante de la componente
360,10.811,HIGH,toca_abajo,-14.4,-0.215,95.0,92.0,15.5,-11.7,92.0,100.2,32.3,punto adelante de la componente
361,10.841,HIGH,toca_abajo,-20.2,-0.303,95.6,92.7,16.1,-11.2,92.7,100.2,33.7,punto adelante de la componente
362,10.871,HIGH,toca_abajo,-21.5,-0.323,96.1,93.3,16.6,-11.0,93.3,100.1,34.8,punto adelante de la componente
363,10.901,HIGH,toca_abajo,-21.5,-0.323,96.1,93.3,16.6,-11.0,93.3,100.1,34.8,punto adelante de la componente
364,10.931,HIGH,toca_abajo,-28.3,-0.425,96.5,93.9,17.0,-10.3,93.9,100.1,35.9,punto adelante de la componente
365,10.961,HIGH,toca_abajo,-29.5,-0.442,96.2,99.5,16.7,12.4,99.5,99.2,44.0,punto adelante de la componente
366,10.991,HIGH,toca_abajo,-51.4,-0.771,98.2,118.5,18.7,55.1,118.5,100.0,62.8,punto adelante de la componente
367,11.021,MEDIUM,toca_abajo,-64.3,-0.964,128.2,128.5,48.7,1.3,128.5,100.0,67.8,punto adelante de la componente
368,11.051,MEDIUM,toca_abajo,-64.3,-0.964,128.2,128.5,48.7,1.3,128.5,100.0,67.8,punto adelante de la componente
369,11.081,MEDIUM,toca_abajo,-70.8,-1.000,115.4,115.6,35.9,1.0,115.6,101.0,62.2,punto adelante de la componente
370,11.111,MEDIUM,toca_abajo,-77.4,-1.000,114.0,126.7,34.5,50.3,126.7,104.0,71.2,punto adelante de la componente
371,11.141,MEDIUM,toca_abajo,-77.4,-1.000,114.0,126.7,34.5,50.3,126.7,104.0,71.2,punto adelante de la componente
372,11.171,LOW,toca_abajo,-85.9,-1.000,147.3,,67.8,,126.7,104.0,71.2,ultimo objetivo confiable (memoria)
373,11.201,PERDIDA,sin_componente,0.0,0.000,,,,,,,0.0,sin objetivo
374,11.231,PERDIDA,sin_componente,0.0,0.000,,,,,,,0.0,sin objetivo
375,11.261,PERDIDA,sin_componente,0.0,0.000,,,,,,,0.0,sin objetivo
376,11.291,PERDIDA,sin_componente,0.0,0.000,,,,,,,0.0,sin objetivo
377,11.321,PERDIDA,sin_componente,0.0,0.000,,,,,,,0.0,sin objetivo
378,11.351,PERDIDA,sin_componente,0.0,0.000,,,,,,,0.0,sin objetivo
379,11.381,PERDIDA,sin_componente,0.0,0.000,,,,,,,0.0,sin objetivo
380,11.411,PERDIDA,sin_componente,0.0,0.000,,,,,,,0.0,sin objetivo
381,11.441,PERDIDA,sin_componente,0.0,0.000,,,,,,,0.0,sin objetivo
382,11.471,PERDIDA,sin_componente,0.0,0.000,,,,,,,0.0,sin objetivo
383,11.502,PERDIDA,sin_componente,0.0,0.000,,,,,,,0.0,sin objetivo
384,11.532,PERDIDA,sin_componente,0.0,0.000,,,,,,,0.0,sin objetivo
385,11.562,PERDIDA,sin_componente,0.0,0.000,,,,,,,0.0,sin objetivo
386,11.592,PERDIDA,sin_componente,0.0,0.000,,,,,,,0.0,sin objetivo
387,11.622,PERDIDA,sin_componente,0.0,0.000,,,,,,,0.0,sin objetivo
388,11.652,PERDIDA,sin_componente,0.0,0.000,,,,,,,0.0,sin objetivo
389,11.682,PERDIDA,sin_componente,0.0,0.000,,,,,,,0.0,sin objetivo
390,11.712,PERDIDA,sin_componente,0.0,0.000,,,,,,,0.0,sin objetivo
391,11.742,PERDIDA,sin_componente,0.0,0.000,,,,,,,0.0,sin objetivo
392,11.772,PERDIDA,sin_componente,0.0,0.000,,,,,,,0.0,sin objetivo
393,11.802,PERDIDA,sin_componente,0.0,0.000,,,,,,,0.0,sin objetivo
394,11.832,PERDIDA,sin_componente,0.0,0.000,,,,,,,0.0,sin objetivo
395,11.862,PERDIDA,sin_componente,0.0,0.000,,,,,,,0.0,sin objetivo
396,11.892,PERDIDA,sin_componente,0.0,0.000,,,,,,,0.0,sin objetivo
397,11.922,PERDIDA,sin_componente,0.0,0.000,,,,,,,0.0,sin objetivo
398,11.952,PERDIDA,sin_componente,0.0,0.000,,,,,,,0.0,sin objetivo
399,11.982,PERDIDA,sin_componente,0.0,0.000,,,,,,,0.0,sin objetivo
400,12.012,PERDIDA,sin_componente,0.0,0.000,,,,,,,0.0,sin objetivo
401,12.042,PERDIDA,sin_componente,0.0,0.000,,,,,,,0.0,sin objetivo
402,12.072,PERDIDA,sin_componente,0.0,0.000,,,,,,,0.0,sin objetivo
403,12.102,PERDIDA,sin_componente,0.0,0.000,,,,,,,0.0,sin objetivo
404,12.132,PERDIDA,sin_componente,0.0,0.000,,,,,,,0.0,sin objetivo
405,12.162,PERDIDA,sin_componente,-45.2,0.000,,,,,,,0.0,sin objetivo
406,12.192,PERDIDA,sin_componente,-45.2,0.000,,,,,,,0.0,sin objetivo
407,12.222,SIN_CERCA,continuidad,-41.0,-0.600,,,,,126.7,104.0,71.2,memoria
408,12.252,SIN_CERCA,salto_grande,-20.8,-0.600,,145.6,,,145.6,76.1,56.4,componente visible arriba
409,12.282,SIN_CERCA,salto_grande,-14.7,-0.600,,115.0,,,115.0,78.6,40.6,componente visible arriba
410,12.312,SIN_CERCA,continuidad,-14.7,-0.600,,115.0,,,115.0,78.6,40.6,componente visible arriba
411,12.342,SIN_CERCA,continuidad,0.4,0.600,,,,,115.0,78.6,40.6,memoria
412,12.372,SIN_CERCA,continuidad,-7.7,0.600,,148.0,,,148.0,96.7,71.2,componente visible arriba
413,12.402,SIN_CERCA,continuidad,-11.4,0.600,,147.0,,,147.0,79.8,59.2,componente visible arriba
414,12.432,SIN_CERCA,continuidad,-20.5,-0.600,,,,,147.0,79.8,59.2,memoria
415,12.462,SIN_CERCA,continuidad,-20.5,-0.600,,,,,147.0,79.8,59.2,memoria
416,12.492,SIN_CERCA,continuidad,-44.8,-0.600,,,,,147.0,79.8,59.2,memoria
417,12.523,PERDIDA,sin_componente,-46.6,0.000,,,,,,,0.0,sin objetivo
418,12.553,PERDIDA,sin_componente,-46.6,0.000,,,,,,,0.0,sin objetivo
419,12.583,PERDIDA,sin_componente,0.0,0.000,,,,,,,0.0,sin objetivo
420,12.613,PERDIDA,sin_componente,0.0,0.000,,,,,,,0.0,sin objetivo
421,12.643,MEDIUM,toca_abajo,-80.0,-1.000,125.2,138.0,45.7,48.1,138.0,103.1,73.9,punto adelante de la componente
422,12.673,HIGH,toca_abajo,-65.0,-0.975,111.9,110.9,32.4,-4.1,110.9,99.9,57.4,punto adelante de la componente
423,12.703,HIGH,toca_abajo,-65.0,-0.975,111.9,110.9,32.4,-4.1,110.9,99.9,57.4,punto adelante de la componente
424,12.733,HIGH,toca_abajo,-53.3,-0.800,108.6,107.4,29.1,-4.7,107.4,99.9,54.2,punto adelante de la componente
425,12.763,HIGH,toca_abajo,-47.9,-0.719,101.6,100.3,22.1,-5.2,100.3,99.9,45.9,punto adelante de la componente
426,12.793,HIGH,toca_abajo,-35.5,-0.532,94.1,92.8,14.6,-4.6,92.8,99.7,33.3,punto adelante de la componente
427,12.823,HIGH,toca_abajo,-35.5,-0.532,94.1,92.8,14.6,-4.6,92.8,99.7,33.3,punto adelante de la componente
428,12.853,HIGH,toca_abajo,-22.5,-0.337,84.1,83.1,4.6,-3.8,83.1,99.9,10.1,punto adelante de la componente
429,12.883,HIGH,toca_abajo,-3.9,-0.059,73.9,73.5,-5.6,-1.8,73.5,100.0,-16.7,punto adelante de la componente
430,12.913,HIGH,toca_abajo,3.2,0.048,69.8,69.5,-9.7,-1.4,69.5,100.0,-26.6,punto adelante de la componente
431,12.943,HIGH,toca_abajo,2.0,0.030,69.5,69.5,-10.0,0.0,69.5,100.0,-26.6,punto adelante de la componente
432,12.973,HIGH,toca_abajo,2.0,0.030,69.5,69.5,-10.0,0.0,69.5,100.0,-26.6,punto adelante de la componente
433,13.003,HIGH,toca_abajo,-0.0,-0.000,69.6,69.5,-9.9,-0.2,69.5,100.0,-26.6,punto adelante de la componente
434,13.033,HIGH,toca_abajo,3.7,0.055,67.1,67.0,-12.4,-0.2,67.0,100.0,-32.0,punto adelante de la componente
435,13.063,HIGH,toca_abajo,12.5,0.188,60.6,61.0,-18.9,1.9,61.0,100.0,-42.7,punto adelante de la componente
436,13.093,HIGH,toca_abajo,12.5,0.188,60.6,61.0,-18.9,1.9,61.0,100.0,-42.7,punto adelante de la componente
437,13.123,HIGH,toca_abajo,24.3,0.365,52.6,53.4,-26.9,2.8,53.4,100.0,-52.6,punto adelante de la componente
438,13.153,HIGH,toca_abajo,42.2,0.633,78.8,76.9,-0.7,-7.4,76.9,100.1,-7.4,punto adelante de la componente
439,13.183,HIGH,toca_abajo,43.9,0.659,74.9,73.2,-4.6,-6.6,73.2,100.1,-17.4,punto adelante de la componente
440,13.213,HIGH,toca_abajo,43.9,0.659,74.9,73.2,-4.6,-6.6,73.2,100.1,-17.4,punto adelante de la componente
441,13.243,HIGH,toca_abajo,48.1,0.721,69.6,68.6,-9.9,-3.8,68.6,100.1,-28.7,punto adelante de la componente
442,13.273,HIGH,toca_abajo,48.2,0.724,68.8,67.9,-10.7,-3.5,67.9,100.0,-30.2,punto adelante de la componente
443,13.303,HIGH,toca_abajo,48.2,0.724,68.8,67.9,-10.7,-3.5,67.9,100.0,-30.2,punto adelante de la componente
444,13.333,HIGH,toca_abajo,42.3,0.635,73.4,72.3,-6.1,-4.3,72.3,100.1,-19.8,punto adelante de la componente
445,13.363,HIGH,toca_abajo,36.7,0.551,77.9,76.2,-1.6,-6.6,76.2,100.1,-9.4,punto adelante de la componente
446,13.393,HIGH,toca_abajo,31.3,0.469,81.2,79.7,1.7,-6.0,79.7,100.1,0.5,punto adelante de la componente
447,13.423,HIGH,toca_abajo,31.3,0.469,81.2,79.7,1.7,-6.0,79.7,100.1,0.5,punto adelante de la componente
448,13.453,HIGH,toca_abajo,23.5,0.352,85.5,83.8,6.0,-6.4,83.8,100.1,12.3,punto adelante de la componente
449,13.483,HIGH,toca_abajo,14.8,0.222,89.0,87.2,9.5,-6.9,87.2,100.1,21.1,punto adelante de la componente
450,13.514,HIGH,toca_abajo,8.3,0.124,92.3,90.2,12.8,-8.1,90.2,100.1,28.3,punto adelante de la componente
451,13.544,HIGH,toca_abajo,8.3,0.124,92.3,90.2,12.8,-8.1,90.2,100.1,28.3,punto adelante de la componente
452,13.574,HIGH,toca_abajo,8.7,0.131,92.0,89.9,12.5,-8.2,89.9,100.1,27.6,punto adelante de la componente
453,13.604,HIGH,toca_abajo,6.1,0.091,92.9,90.9,13.4,-8.0,90.9,100.1,29.8,punto adelante de la componente
454,13.634,HIGH,toca_abajo,-0.2,-0.004,95.2,93.3,15.7,-7.6,93.3,100.1,34.7,punto adelante de la componente
455,13.664,HIGH,toca_abajo,-0.2,-0.004,95.2,93.3,15.7,-7.6,93.3,100.1,34.7,punto adelante de la componente
456,13.694,HIGH,toca_abajo,-5.3,-0.080,64.0,66.0,-15.5,7.9,66.0,100.1,-34.2,punto adelante de la componente
457,13.724,HIGH,toca_abajo,-10.6,-0.159,66.6,68.5,-12.9,7.6,68.5,100.1,-28.8,punto adelante de la componente
458,13.754,HIGH,toca_abajo,-14.4,-0.215,68.9,70.6,-10.6,6.5,70.6,100.1,-24.1,punto adelante de la componente
459,13.784,HIGH,toca_abajo,-16.5,-0.248,70.3,71.7,-9.2,5.6,71.7,100.1,-21.3,punto adelante de la componente
460,13.814,HIGH,toca_abajo,-16.5,-0.248,70.3,71.7,-9.2,5.6,71.7,100.1,-21.3,punto adelante de la componente
461,13.844,HIGH,toca_abajo,-19.1,-0.286,71.2,72.6,-8.3,5.5,72.6,100.1,-19.1,punto adelante de la componente
462,13.874,HIGH,toca_abajo,-20.9,-0.314,72.5,73.9,-7.0,5.4,73.9,100.1,-15.8,punto adelante de la componente
463,13.904,HIGH,toca_abajo,-21.0,-0.315,72.0,73.3,-7.5,5.0,73.3,100.1,-17.2,punto adelante de la componente
464,13.934,HIGH,toca_abajo,-21.0,-0.315,72.0,73.3,-7.5,5.0,73.3,100.1,-17.2,punto adelante de la componente
465,13.964,HIGH,toca_abajo,-22.6,-0.340,73.6,74.8,-5.9,4.8,74.8,100.1,-13.2,punto adelante de la componente
466,13.994,HIGH,toca_abajo,-20.5,-0.307,72.0,73.3,-7.5,5.0,73.3,100.1,-17.2,punto adelante de la componente
467,14.024,HIGH,toca_abajo,-22.0,-0.330,72.0,73.4,-7.5,5.5,73.4,100.1,-17.0,punto adelante de la componente
468,14.054,HIGH,toca_abajo,-22.0,-0.330,72.0,73.4,-7.5,5.5,73.4,100.1,-17.0,punto adelante de la componente
469,14.084,HIGH,toca_abajo,-23.0,-0.346,72.5,73.7,-7.0,4.8,73.7,100.0,-16.1,punto adelante de la componente
470,14.114,HIGH,toca_abajo,-18.8,-0.283,70.0,71.8,-9.5,7.0,71.8,100.1,-21.1,punto adelante de la componente
471,14.144,HIGH,toca_abajo,-17.3,-0.259,70.0,71.5,-9.5,6.0,71.5,100.1,-21.8,punto adelante de la componente
472,14.174,HIGH,toca_abajo,-15.2,-0.228,68.1,69.9,-11.4,7.3,69.9,100.1,-25.6,punto adelante de la componente
473,14.204,HIGH,toca_abajo,-15.4,-0.230,68.1,71.0,-11.4,11.2,71.0,100.4,-23.5,punto adelante de la componente
474,14.234,HIGH,toca_abajo,-14.4,-0.216,67.4,71.9,-12.1,16.9,71.9,100.1,-21.0,punto adelante de la componente
475,14.264,HIGH,toca_abajo,-14.0,-0.210,101.2,98.3,21.7,-11.4,98.3,100.2,43.5,punto adelante de la componente
476,14.294,HIGH,toca_abajo,-14.0,-0.210,101.2,98.3,21.7,-11.4,98.3,100.2,43.5,punto adelante de la componente
477,14.324,HIGH,toca_abajo,-10.5,-0.157,69.9,70.7,-9.6,2.9,70.7,100.0,-23.8,punto adelante de la componente
478,14.354,HIGH,toca_abajo,-2.4,-0.036,67.2,68.2,-12.3,3.9,68.2,100.1,-29.6,punto adelante de la componente
479,14.384,HIGH,toca_abajo,-2.4,-0.036,67.2,68.2,-12.3,3.9,68.2,100.1,-29.6,punto adelante de la componente
480,14.414,HIGH,toca_abajo,1.2,0.018,64.4,66.6,-15.1,8.6,66.6,100.1,-32.9,punto adelante de la componente
481,14.444,HIGH,toca_abajo,2.6,0.039,63.8,64.8,-15.7,3.7,64.8,100.0,-36.4,punto adelante de la componente
482,14.474,HIGH,toca_abajo,4.7,0.070,63.3,64.7,-16.2,5.3,64.7,100.2,-36.9,punto adelante de la componente
483,14.505,HIGH,toca_abajo,8.2,0.124,61.2,64.9,-18.3,14.2,64.9,100.1,-36.3,punto adelante de la componente
484,14.535,HIGH,toca_abajo,8.2,0.124,61.2,64.9,-18.3,14.2,64.9,100.1,-36.3,punto adelante de la componente
485,14.565,HIGH,toca_abajo,12.7,0.191,62.9,61.3,-16.6,-6.1,61.3,99.8,-42.0,punto adelante de la componente
486,14.595,HIGH,toca_abajo,16.8,0.252,60.8,60.5,-18.7,-1.3,60.5,100.1,-43.6,punto adelante de la componente
487,14.625,HIGH,toca_abajo,18.8,0.281,56.3,57.9,-23.2,6.5,57.9,100.1,-47.3,punto adelante de la componente
488,14.655,HIGH,toca_abajo,18.8,0.281,56.3,57.9,-23.2,6.5,57.9,100.1,-47.3,punto adelante de la componente
489,14.685,HIGH,toca_abajo,19.0,0.285,55.6,57.4,-23.9,7.3,57.4,100.1,-47.9,punto adelante de la componente
490,14.715,HIGH,toca_abajo,17.9,0.269,55.9,57.7,-23.6,6.8,57.7,100.1,-47.6,punto adelante de la componente
491,14.745,HIGH,toca_abajo,20.9,0.313,55.1,56.9,-24.4,7.3,56.9,100.1,-48.6,punto adelante de la componente
492,14.775,HIGH,toca_abajo,22.9,0.343,54.1,56.1,-25.4,7.8,56.1,100.1,-49.7,punto adelante de la componente
493,14.805,HIGH,toca_abajo,22.9,0.343,54.1,56.1,-25.4,7.8,56.1,100.1,-49.7,punto adelante de la componente
494,14.835,HIGH,toca_abajo,20.3,0.304,54.7,56.7,-24.8,8.0,56.7,100.1,-48.9,punto adelante de la componente
495,14.865,HIGH,toca_abajo,17.7,0.265,88.7,86.7,9.2,-8.1,86.7,100.1,19.8,punto adelante de la componente
496,14.895,HIGH,toca_abajo,17.7,0.265,88.7,86.7,9.2,-8.1,86.7,100.1,19.8,punto adelante de la componente
497,14.925,HIGH,toca_abajo,10.4,0.156,92.2,89.9,12.7,-9.2,89.9,100.1,27.5,punto adelante de la componente
498,14.955,HIGH,toca_abajo,9.5,0.142,59.0,60.9,-20.5,7.3,60.9,100.1,-43.1,punto adelante de la componente
499,14.985,HIGH,toca_abajo,10.0,0.150,58.9,60.8,-20.6,7.3,60.8,100.1,-43.3,punto adelante de la componente
500,15.015,HIGH,toca_abajo,10.0,0.150,58.9,60.8,-20.6,7.3,60.8,100.1,-43.3,punto adelante de la componente
501,15.045,HIGH,toca_abajo,6.3,0.094,91.5,89.4,12.0,-8.4,89.4,100.1,26.4,punto adelante de la componente
502,15.075,HIGH,toca_abajo,1.3,0.019,93.1,90.9,13.6,-8.4,90.9,100.1,29.8,punto adelante de la componente
503,15.105,HIGH,toca_abajo,-3.7,-0.056,95.4,93.6,15.9,-7.1,93.6,100.1,35.2,punto adelante de la componente
504,15.135,HIGH,toca_abajo,-12.2,-0.183,96.6,94.1,17.1,-9.8,94.1,100.1,36.3,punto adelante de la componente
505,15.165,HIGH,toca_abajo,-12.2,-0.183,96.6,94.1,17.1,-9.8,94.1,100.1,36.3,punto adelante de la componente
506,15.195,HIGH,toca_abajo,-16.3,-0.244,97.3,94.7,17.8,-10.0,94.7,100.1,37.4,punto adelante de la componente
507,15.225,HIGH,toca_abajo,-22.3,-0.334,97.9,95.3,18.4,-10.4,95.3,100.1,38.4,punto adelante de la componente
508,15.255,HIGH,toca_abajo,-26.7,-0.400,98.1,95.6,18.6,-10.0,95.6,100.1,39.0,punto adelante de la componente
509,15.285,HIGH,toca_abajo,-30.2,-0.453,99.8,97.2,20.3,-10.0,97.2,100.1,41.7,punto adelante de la componente
510,15.315,HIGH,toca_abajo,-30.2,-0.453,99.8,97.2,20.3,-10.0,97.2,100.1,41.7,punto adelante de la componente
511,15.345,HIGH,toca_abajo,-43.1,-0.647,98.6,112.3,19.1,41.1,112.3,98.9,57.2,punto adelante de la componente
512,15.375,HIGH,toca_abajo,-56.8,-0.853,105.1,121.0,25.6,49.1,121.0,100.0,64.3,punto adelante de la componente
513,15.405,MEDIUM,toca_abajo,-68.0,-1.000,129.3,130.0,49.8,2.7,130.0,100.0,68.4,punto adelante de la componente
514,15.435,MEDIUM,toca_abajo,-73.8,-1.000,131.5,133.8,52.0,10.3,133.8,101.8,71.4,punto adelante de la componente
515,15.465,MEDIUM,toca_abajo,-73.8,-1.000,131.5,133.8,52.0,10.3,133.8,101.8,71.4,punto adelante de la componente
516,15.495,MEDIUM,toca_abajo,-79.9,-1.000,121.5,156.2,42.0,74.2,156.2,104.7,78.7,punto adelante de la componente
517,15.526,LOW,toca_abajo,-85.9,-1.000,58.8,,-20.7,,156.2,104.7,78.7,ultimo objetivo confiable (memoria)
518,15.556,PERDIDA,sin_componente,0.0,0.000,,,,,,,0.0,sin objetivo
519,15.586,PERDIDA,sin_componente,0.0,0.000,,,,,,,0.0,sin objetivo
520,15.616,PERDIDA,sin_componente,0.0,0.000,,,,,,,0.0,sin objetivo
521,15.646,PERDIDA,sin_componente,0.0,0.000,,,,,,,0.0,sin objetivo
522,15.676,PERDIDA,sin_componente,0.0,0.000,,,,,,,0.0,sin objetivo
523,15.706,PERDIDA,sin_componente,0.0,0.000,,,,,,,0.0,sin objetivo
524,15.736,PERDIDA,sin_componente,0.0,0.000,,,,,,,0.0,sin objetivo
525,15.766,PERDIDA,sin_componente,0.0,0.000,,,,,,,0.0,sin objetivo
526,15.796,PERDIDA,sin_componente,0.0,0.000,,,,,,,0.0,sin objetivo
527,15.826,PERDIDA,sin_componente,0.0,0.000,,,,,,,0.0,sin objetivo
528,15.856,PERDIDA,sin_componente,0.0,0.000,,,,,,,0.0,sin objetivo
529,15.886,PERDIDA,sin_componente,0.0,0.000,,,,,,,0.0,sin objetivo
530,15.916,PERDIDA,sin_componente,0.0,0.000,,,,,,,0.0,sin objetivo
531,15.946,PERDIDA,sin_componente,0.0,0.000,,,,,,,0.0,sin objetivo
532,15.976,PERDIDA,sin_componente,0.0,0.000,,,,,,,0.0,sin objetivo
533,16.006,PERDIDA,sin_componente,0.0,0.000,,,,,,,0.0,sin objetivo
534,16.036,PERDIDA,sin_componente,0.0,0.000,,,,,,,0.0,sin objetivo
535,16.066,SIN_CERCA,salto_grande,-43.9,-0.600,,,,,156.2,104.7,78.7,memoria
536,16.096,SIN_CERCA,salto_grande,-43.9,-0.600,,,,,156.2,104.7,78.7,memoria
537,16.126,SIN_CERCA,salto_grande,-37.6,-0.600,,,,,156.2,104.7,78.7,memoria
538,16.156,PERDIDA,sin_componente,-37.9,0.000,,,,,,,0.0,sin objetivo
539,16.186,PERDIDA,sin_componente,-37.9,0.000,,,,,,,0.0,sin objetivo
540,16.216,PERDIDA,sin_componente,0.0,0.000,,,,,,,0.0,sin objetivo
541,16.246,PERDIDA,sin_componente,0.0,0.000,,,,,,,0.0,sin objetivo
542,16.276,MEDIUM,toca_abajo,-84.9,-1.000,154.5,157.2,75.0,12.7,157.2,102.9,77.6,punto adelante de la componente
543,16.306,HIGH,toca_abajo,-76.4,-1.000,133.2,140.8,53.7,28.3,140.8,100.2,72.1,punto adelante de la componente
544,16.336,HIGH,toca_abajo,-76.4,-1.000,133.2,140.8,53.7,28.3,140.8,100.2,72.1,punto adelante de la componente
545,16.366,HIGH,toca_abajo,-65.0,-0.976,108.0,118.5,28.5,36.6,118.5,100.2,63.1,punto adelante de la componente
546,16.396,HIGH,toca_abajo,-51.8,-0.777,90.4,104.7,10.9,45.5,104.7,100.2,51.9,punto adelante de la componente
547,16.426,HIGH,toca_abajo,-39.8,-0.596,81.0,95.9,1.5,46.8,95.9,100.2,39.7,punto adelante de la componente
548,16.456,HIGH,toca_abajo,1.9,0.028,61.5,80.8,-18.0,54.0,80.8,100.3,3.8,punto adelante de la componente
549,16.486,HIGH,toca_abajo,1.9,0.028,61.5,80.8,-18.0,54.0,80.8,100.3,3.8,punto adelante de la componente
550,16.517,HIGH,toca_abajo,48.5,0.728,41.0,53.9,-38.5,42.6,53.9,100.0,-52.0,punto adelante de la componente
551,16.547,SIN_CERCA,continuidad,50.2,0.600,5.6,18.2,-73.9,48.1,18.2,99.3,-71.3,componente visible arriba
552,16.577,SIN_CERCA,continuidad,43.1,0.600,,,,,18.2,99.3,-71.3,memoria
553,16.607,SIN_CERCA,continuidad,41.8,0.600,,,,,18.2,99.3,-71.3,memoria
554,16.637,SIN_CERCA,continuidad,42.1,0.600,,7.4,,,7.4,96.3,-71.8,componente visible arriba
555,16.667,SIN_CERCA,continuidad,42.1,0.600,,7.4,,,7.4,96.3,-71.8,componente visible arriba
556,16.697,SIN_CERCA,continuidad,43.3,0.600,,9.4,,,9.4,97.0,-71.8,componente visible arriba
557,16.727,SIN_CERCA,continuidad,43.1,0.600,,0.5,,,0.5,99.5,-75.5,componente visible arriba
558,16.757,SIN_CERCA,continuidad,43.4,0.600,,0.0,,,0.0,100.0,-75.9,componente visible arriba
559,16.787,SIN_CERCA,salto_grande,42.6,0.600,5.1,22.8,-74.4,57.8,22.8,99.3,-69.9,componente visible arriba
560,16.817,SIN_CERCA,continuidad,42.1,0.600,,0.0,,,0.0,100.0,-75.9,componente visible arriba
561,16.847,SIN_CERCA,continuidad,42.1,0.600,,0.0,,,0.0,100.0,-75.9,componente visible arriba
562,16.877,SIN_CERCA,salto_grande,40.0,0.600,11.3,30.7,-68.2,57.8,30.7,99.5,-67.2,componente visible arriba
563,16.907,HIGH,toca_abajo,40.0,0.599,23.5,42.4,-56.0,54.9,42.4,99.6,-61.2,punto adelante de la componente
564,16.937,HIGH,toca_abajo,37.5,0.563,38.1,55.7,-41.4,51.6,55.7,99.7,-49.5,punto adelante de la componente
565,16.967,HIGH,toca_abajo,25.6,0.385,58.9,73.4,-20.6,45.5,73.4,99.8,-16.8,punto adelante de la componente
566,16.997,HIGH,toca_abajo,5.5,0.083,75.4,91.3,-4.1,48.0,91.3,99.9,30.5,punto adelante de la componente
567,17.027,HIGH,toca_abajo,5.5,0.083,75.4,91.3,-4.1,48.0,91.3,99.9,30.5,punto adelante de la componente
568,17.057,HIGH,toca_abajo,-10.9,-0.163,86.2,101.7,6.7,46.9,101.7,99.9,47.9,punto adelante de la componente
569,17.087,HIGH,toca_abajo,-25.7,-0.386,100.8,110.3,21.3,33.3,110.3,99.8,56.8,punto adelante de la componente
570,17.117,HIGH,toca_abajo,-38.3,-0.574,108.3,117.0,28.8,31.1,117.0,99.8,61.7,punto adelante de la componente
571,17.147,HIGH,toca_abajo,-64.6,-0.969,115.3,125.2,35.8,35.2,125.2,100.3,66.7,punto adelante de la componente
572,17.177,HIGH,toca_abajo,-77.6,-1.000,131.5,137.6,52.0,23.5,137.6,100.4,71.4,punto adelante de la componente
573,17.207,HIGH,toca_abajo,-77.6,-1.000,131.5,137.6,52.0,23.5,137.6,100.4,71.4,punto adelante de la componente
574,17.237,HIGH,toca_abajo,-82.1,-1.000,144.0,147.8,64.5,15.3,147.8,100.5,74.1,punto adelante de la componente
575,17.267,MEDIUM,toca_abajo,-83.1,-1.000,148.0,151.7,68.5,14.9,151.7,100.7,75.0,punto adelante de la componente
576,17.297,MEDIUM,toca_abajo,-83.3,-1.000,149.5,152.6,70.0,12.8,152.6,100.8,75.3,punto adelante de la componente
577,17.327,MEDIUM,toca_abajo,-83.0,-1.000,149.5,152.1,70.0,10.3,152.1,100.5,74.9,punto adelante de la componente
578,17.357,MEDIUM,toca_abajo,-83.0,-1.000,149.5,152.1,70.0,10.3,152.1,100.5,74.9,punto adelante de la componente
579,17.387,HIGH,toca_abajo,-81.9,-1.000,149.0,150.0,69.5,4.1,150.0,100.4,74.5,punto adelante de la componente
580,17.417,HIGH,toca_abajo,-79.7,-1.000,147.0,147.9,67.5,3.6,147.9,100.3,73.9,punto adelante de la componente
581,17.447,HIGH,toca_abajo,-77.3,-1.000,144.5,144.5,65.0,0.0,144.5,100.0,72.9,punto adelante de la componente
582,17.477,HIGH,toca_abajo,-74.1,-1.000,141.0,141.0,61.5,0.0,141.0,100.0,72.0,punto adelante de la componente
583,17.508,HIGH,toca_abajo,-70.6,-1.000,115.9,129.3,36.4,42.8,129.3,100.2,68.3,punto adelante de la componente
584,17.538,HIGH,toca_abajo,-70.6,-1.000,115.9,129.3,36.4,42.8,129.3,100.2,68.3,punto adelante de la componente
585,17.568,HIGH,toca_abajo,-66.9,-1.000,108.4,122.6,28.9,44.4,122.6,100.2,65.3,punto adelante de la componente
586,17.598,HIGH,toca_abajo,-60.9,-0.913,115.2,118.4,35.7,12.5,118.4,99.9,62.7,punto adelante de la componente
587,17.628,HIGH,toca_abajo,-52.1,-0.781,105.3,108.9,25.8,13.8,108.9,99.9,55.6,punto adelante de la componente
588,17.658,HIGH,toca_abajo,-52.1,-0.781,105.3,108.9,25.8,13.8,108.9,99.9,55.6,punto adelante de la componente
589,17.688,HIGH,toca_abajo,-41.3,-0.619,77.5,94.7,-2.0,50.0,94.7,100.2,37.5,punto adelante de la componente
590,17.718,HIGH,toca_abajo,-32.9,-0.494,92.7,96.7,13.2,15.4,96.7,99.9,40.5,punto adelante de la componente
591,17.748,HIGH,toca_abajo,-21.5,-0.322,67.3,84.8,-12.2,50.4,84.8,100.2,14.9,punto adelante de la componente
592,17.778,HIGH,toca_abajo,-18.1,-0.272,84.7,89.4,5.2,18.2,89.4,99.9,26.3,punto adelante de la componente
593,17.808,HIGH,toca_abajo,-21.3,-0.320,86.2,90.9,6.7,17.8,90.9,99.9,29.5,punto adelante de la componente
594,17.838,HIGH,toca_abajo,-21.3,-0.320,86.2,90.9,6.7,17.8,90.9,99.9,29.5,punto adelante de la componente
595,17.868,HIGH,toca_abajo,-26.9,-0.404,89.2,93.5,9.7,16.7,93.5,99.9,34.9,punto adelante de la componente
596,17.898,HIGH,toca_abajo,-44.4,-0.666,99.0,102.8,19.5,14.7,102.8,99.9,49.3,punto adelante de la componente
597,17.928,HIGH,toca_abajo,-54.4,-0.816,109.4,112.5,29.9,11.7,112.5,99.9,58.6,punto adelante de la componente
598,17.958,HIGH,toca_abajo,-59.0,-0.886,115.8,118.5,36.3,10.5,118.5,99.9,62.7,punto adelante de la componente
599,17.988,HIGH,toca_abajo,-61.8,-0.927,120.7,123.6,41.2,11.1,123.6,99.9,65.5,punto adelante de la componente
600,18.018,HIGH,toca_abajo,-61.8,-0.927,120.7,123.6,41.2,11.1,123.6,99.9,65.5,punto adelante de la componente
601,18.048,HIGH,toca_abajo,-64.7,-0.970,127.8,129.5,48.3,6.8,129.5,100.0,68.2,punto adelante de la componente
602,18.078,HIGH,toca_abajo,-65.0,-0.975,129.2,130.8,49.7,6.6,130.8,100.0,68.7,punto adelante de la componente
603,18.108,HIGH,toca_abajo,-64.5,-0.968,128.3,129.8,48.8,6.2,129.8,100.0,68.3,punto adelante de la componente
604,18.138,HIGH,toca_abajo,-63.4,-0.950,127.1,128.4,47.6,5.5,128.4,100.0,67.7,punto adelante de la componente
605,18.168,HIGH,toca_abajo,-63.4,-0.950,127.1,128.4,47.6,5.5,128.4,100.0,67.7,punto adelante de la componente
606,18.198,HIGH,toca_abajo,-61.1,-0.916,125.9,126.5,46.4,2.4,126.5,100.0,66.9,punto adelante de la componente
607,18.228,HIGH,toca_abajo,-59.0,-0.885,119.9,122.0,40.4,8.4,122.0,99.9,64.7,punto adelante de la componente
608,18.258,HIGH,toca_abajo,-56.9,-0.854,118.0,119.6,38.5,6.2,119.6,100.0,63.5,punto adelante de la componente
609,18.288,HIGH,toca_abajo,-54.9,-0.824,115.7,116.7,36.2,4.3,116.7,100.0,61.7,punto adelante de la componente
610,18.318,HIGH,toca_abajo,-54.9,-0.824,115.7,116.7,36.2,4.3,116.7,100.0,61.7,punto adelante de la componente
611,18.348,HIGH,toca_abajo,-53.1,-0.797,113.1,115.7,33.6,10.5,115.7,100.1,61.2,punto adelante de la componente
612,18.378,HIGH,toca_abajo,-49.6,-0.744,110.1,113.5,30.6,13.1,113.5,99.8,59.3,punto adelante de la componente
613,18.408,HIGH,toca_abajo,-44.8,-0.672,107.2,110.7,27.7,13.7,110.7,99.9,57.2,punto adelante de la componente
614,18.438,HIGH,toca_abajo,-47.7,-0.716,110.2,112.0,30.7,6.9,112.0,100.0,58.4,punto adelante de la componente
615,18.468,HIGH,toca_abajo,-47.7,-0.715,111.2,112.3,31.7,4.4,112.3,100.0,58.7,punto adelante de la componente
616,18.498,HIGH,toca_abajo,-47.7,-0.715,111.2,112.3,31.7,4.4,112.3,100.0,58.7,punto adelante de la componente
617,18.529,HIGH,toca_abajo,-51.2,-0.768,117.4,116.8,37.9,-2.3,116.8,100.0,61.8,punto adelante de la componente
618,18.559,HIGH,toca_abajo,-51.5,-0.772,118.9,118.1,39.4,-3.2,118.1,100.0,62.7,punto adelante de la componente
619,18.589,HIGH,toca_abajo,-52.9,-0.793,120.1,119.1,40.6,-3.8,119.1,100.0,63.3,punto adelante de la componente
620,18.619,HIGH,toca_abajo,-52.9,-0.793,120.1,119.1,40.6,-3.8,119.1,100.0,63.3,punto adelante de la componente
621,18.649,HIGH,toca_abajo,-52.4,-0.787,120.4,119.1,40.9,-4.8,119.1,100.1,63.3,punto adelante de la componente
622,18.679,HIGH,toca_abajo,-51.8,-0.777,120.2,118.8,40.7,-5.4,118.8,100.1,63.1,punto adelante de la componente
623,18.709,HIGH,toca_abajo,-50.1,-0.752,119.8,118.3,40.3,-5.8,118.3,100.1,62.8,punto adelante de la componente
624,18.739,HIGH,toca_abajo,-45.0,-0.675,116.0,114.5,36.5,-5.9,114.5,100.1,60.3,punto adelante de la componente
625,18.769,HIGH,toca_abajo,-45.0,-0.675,116.0,114.5,36.5,-5.9,114.5,100.1,60.3,punto adelante de la componente
626,18.799,HIGH,toca_abajo,-43.8,-0.657,115.1,113.5,35.6,-6.1,113.5,100.1,59.6,punto adelante de la componente
627,18.829,HIGH,toca_abajo,-41.1,-0.617,112.8,111.1,33.3,-6.3,111.1,100.1,57.8,punto adelante de la componente
628,18.859,HIGH,toca_abajo,-38.5,-0.578,110.9,109.3,31.4,-6.0,109.3,100.1,56.3,punto adelante de la componente
629,18.889,HIGH,toca_abajo,-37.6,-0.564,110.0,108.5,30.5,-5.9,108.5,100.1,55.5,punto adelante de la componente
630,18.919,HIGH,toca_abajo,-33.2,-0.498,89.7,91.5,10.2,7.1,91.5,100.1,31.2,punto adelante de la componente
631,18.949,HIGH,toca_abajo,-32.3,-0.485,106.1,104.6,26.6,-5.6,104.6,100.1,51.6,punto adelante de la componente
632,18.979,HIGH,toca_abajo,-33.5,-0.503,104.3,103.2,24.8,-4.2,103.2,100.0,49.9,punto adelante de la componente
633,19.009,HIGH,toca_abajo,-37.1,-0.556,104.2,103.3,24.7,-3.6,103.3,100.0,49.9,punto adelante de la componente
634,19.039,HIGH,toca_abajo,-38.8,-0.582,104.8,105.0,25.3,1.1,105.0,99.9,51.7,punto adelante de la componente
635,19.069,HIGH,toca_abajo,-38.8,-0.582,104.8,105.0,25.3,1.1,105.0,99.9,51.7,punto adelante de la componente
636,19.099,HIGH,toca_abajo,-41.5,-0.622,105.0,107.0,25.5,7.8,107.0,100.0,53.9,punto adelante de la componente
637,19.129,HIGH,toca_abajo,-48.9,-0.734,110.3,111.6,30.8,5.0,111.6,100.0,58.0,punto adelante de la componente
638,19.159,HIGH,toca_abajo,-51.4,-0.771,113.1,114.0,33.6,3.8,114.0,100.0,59.8,punto adelante de la componente
639,19.189,HIGH,toca_abajo,-55.0,-0.825,115.9,117.1,36.4,4.9,117.1,100.0,62.0,punto adelante de la componente
640,19.219,HIGH,toca_abajo,-55.0,-0.825,115.9,117.1,36.4,4.9,117.1,100.0,62.0,punto adelante de la componente
641,19.249,HIGH,toca_abajo,-57.5,-0.863,119.9,120.7,40.4,3.5,120.7,100.0,64.1,punto adelante de la componente
642,19.279,HIGH,toca_abajo,-58.6,-0.878,121.3,121.9,41.8,2.6,121.9,100.0,64.7,punto adelante de la componente
643,19.309,HIGH,toca_abajo,-60.0,-0.900,122.5,123.0,43.0,2.2,123.0,100.0,65.3,punto adelante de la componente
644,19.339,HIGH,toca_abajo,-60.4,-0.906,122.2,122.8,42.7,2.4,122.8,100.0,65.2,punto adelante de la componente
645,19.369,HIGH,toca_abajo,-61.2,-0.918,123.1,123.7,43.6,2.5,123.7,100.0,65.6,punto adelante de la componente
646,19.399,HIGH,toca_abajo,-60.7,-0.911,123.0,123.5,43.5,2.0,123.5,100.0,65.6,punto adelante de la componente
647,19.429,HIGH,toca_abajo,-60.7,-0.911,123.0,123.5,43.5,2.0,123.5,100.0,65.6,punto adelante de la componente
648,19.459,HIGH,toca_abajo,-60.0,-0.900,122.4,122.9,42.9,2.0,122.9,100.0,65.2,punto adelante de la componente
649,19.489,HIGH,toca_abajo,-60.4,-0.906,122.0,122.5,42.5,2.2,122.5,100.0,65.1,punto adelante de la componente
650,19.520,HIGH,toca_abajo,-58.9,-0.883,119.0,119.9,39.5,3.4,119.9,100.0,63.6,punto adelante de la componente
651,19.550,HIGH,toca_abajo,-58.1,-0.871,117.3,118.2,37.8,3.7,118.2,100.0,62.6,punto adelante de la componente
652,19.580,HIGH,toca_abajo,-58.1,-0.871,117.3,118.2,37.8,3.7,118.2,100.0,62.6,punto adelante de la componente
653,19.610,HIGH,toca_abajo,-57.1,-0.857,115.6,116.7,36.1,4.4,116.7,100.0,61.7,punto adelante de la componente
654,19.640,HIGH,toca_abajo,-56.4,-0.846,114.8,116.0,35.3,4.6,116.0,100.0,61.2,punto adelante de la componente
655,19.670,HIGH,toca_abajo,-56.6,-0.849,114.4,115.9,34.9,5.8,115.9,99.9,61.1,punto adelante de la componente
656,19.700,HIGH,toca_abajo,-55.2,-0.828,111.7,114.0,32.2,9.1,114.0,99.8,59.7,punto adelante de la componente
657,19.730,HIGH,toca_abajo,-54.4,-0.816,109.3,112.5,29.8,12.6,112.5,99.9,58.7,punto adelante de la componente
658,19.760,HIGH,toca_abajo,-54.4,-0.816,109.3,112.5,29.8,12.6,112.5,99.9,58.7,punto adelante de la componente
659,19.790,HIGH,toca_abajo,-53.1,-0.796,107.8,111.8,28.3,15.5,111.8,99.9,58.1,punto adelante de la componente
660,19.820,HIGH,toca_abajo,-52.1,-0.782,107.3,110.8,27.8,13.8,110.8,99.9,57.3,punto adelante de la componente
661,19.850,HIGH,toca_abajo,-53.9,-0.809,109.5,112.4,30.0,11.4,112.4,99.9,58.6,punto adelante de la componente
662,19.880,HIGH,toca_abajo,-52.6,-0.789,106.8,111.5,27.3,18.3,111.5,99.9,57.9,punto adelante de la componente
663,19.910,HIGH,toca_abajo,-52.6,-0.789,106.8,111.5,27.3,18.3,111.5,99.9,57.9,punto adelante de la componente
664,19.940,HIGH,toca_abajo,-52.0,-0.781,105.5,110.8,26.0,20.2,110.8,99.9,57.3,punto adelante de la componente
665,19.970,HIGH,toca_abajo,-52.4,-0.785,105.6,111.2,26.1,21.6,111.2,99.9,57.6,punto adelante de la componente
666,20.000,HIGH,toca_abajo,-53.9,-0.808,106.6,112.9,27.1,24.3,112.9,99.9,59.0,punto adelante de la componente
667,20.030,HIGH,toca_abajo,-54.9,-0.823,109.1,114.1,29.6,19.3,114.1,99.9,59.8,punto adelante de la componente
668,20.060,HIGH,toca_abajo,-54.9,-0.823,109.1,114.1,29.6,19.3,114.1,99.9,59.8,punto adelante de la componente
669,20.090,HIGH,toca_abajo,-54.7,-0.820,108.2,113.5,28.7,20.6,113.5,99.9,59.4,punto adelante de la componente
670,20.120,HIGH,toca_abajo,-55.9,-0.838,110.2,114.5,30.7,16.8,114.5,99.9,60.1,punto adelante de la componente
671,20.150,HIGH,toca_abajo,-56.1,-0.841,111.2,114.9,31.7,15.0,114.9,99.9,60.4,punto adelante de la componente
672,20.180,HIGH,toca_abajo,-56.1,-0.842,111.9,115.1,32.4,12.6,115.1,99.9,60.5,punto adelante de la componente
673,20.210,HIGH,toca_abajo,-57.1,-0.857,114.1,116.5,34.6,9.4,116.5,99.9,61.5,punto adelante de la componente
674,20.240,HIGH,toca_abajo,-57.1,-0.857,114.1,116.5,34.6,9.4,116.5,99.9,61.5,punto adelante de la componente
675,20.270,HIGH,toca_abajo,-56.4,-0.845,112.4,115.1,32.9,10.7,115.1,99.9,60.5,punto adelante de la componente
676,20.300,HIGH,toca_abajo,-56.3,-0.845,112.1,114.5,32.6,9.5,114.5,99.9,60.1,punto adelante de la componente
677,20.330,HIGH,toca_abajo,-56.4,-0.847,113.3,115.2,33.8,7.3,115.2,99.9,60.6,punto adelante de la componente
678,20.360,HIGH,toca_abajo,-56.7,-0.851,113.8,114.9,34.3,4.3,114.9,99.9,60.4,punto adelante de la componente
679,20.390,HIGH,toca_abajo,-57.5,-0.862,115.7,116.0,36.2,1.2,116.0,99.9,61.2,punto adelante de la componente
680,20.420,HIGH,toca_abajo,-57.5,-0.862,115.7,116.0,36.2,1.2,116.0,99.9,61.2,punto adelante de la componente
681,20.450,HIGH,toca_abajo,-57.1,-0.857,114.0,115.5,34.5,5.8,115.5,99.9,60.8,punto adelante de la componente
682,20.480,HIGH,toca_abajo,-56.9,-0.853,115.8,115.4,36.3,-1.7,115.4,99.9,60.7,punto adelante de la componente
683,20.511,HIGH,toca_abajo,-56.6,-0.849,118.8,115.5,39.3,-13.0,115.5,99.9,60.8,punto adelante de la componente
684,20.541,HIGH,toca_abajo,-55.9,-0.838,118.3,114.9,38.8,-13.0,114.9,99.9,60.4,punto adelante de la componente
685,20.571,HIGH,toca_abajo,-57.3,-0.859,117.2,117.1,37.7,-0.3,117.1,99.9,61.9,punto adelante de la componente
686,20.601,HIGH,toca_abajo,-57.3,-0.859,117.2,117.1,37.7,-0.3,117.1,99.9,61.9,punto adelante de la componente
687,20.631,HIGH,toca_abajo,-56.7,-0.851,116.1,116.2,36.6,0.2,116.2,99.9,61.3,punto adelante de la componente
688,20.661,HIGH,toca_abajo,-56.6,-0.849,115.1,116.1,35.6,4.1,116.1,99.9,61.2,punto adelante de la componente
689,20.691,HIGH,toca_abajo,-56.5,-0.848,114.7,116.3,35.2,5.9,116.3,99.8,61.3,punto adelante de la componente
690,20.721,HIGH,toca_abajo,-56.3,-0.844,113.7,115.7,34.2,7.8,115.7,99.8,60.9,punto adelante de la componente
691,20.751,HIGH,toca_abajo,-56.9,-0.853,113.7,116.0,34.2,8.9,116.0,99.8,61.1,punto adelante de la componente
692,20.781,HIGH,toca_abajo,-56.9,-0.853,113.7,116.0,34.2,8.9,116.0,99.8,61.1,punto adelante de la componente
693,20.811,HIGH,toca_abajo,-56.4,-0.846,113.2,115.7,33.7,9.3,115.7,99.8,60.7,punto adelante de la componente
694,20.841,HIGH,toca_abajo,-55.4,-0.830,110.5,113.1,31.0,10.2,113.1,99.7,58.9,punto adelante de la componente
695,20.871,HIGH,toca_abajo,-55.2,-0.828,110.2,112.6,30.7,9.4,112.6,99.7,58.4,punto adelante de la componente
696,20.901,HIGH,toca_abajo,-54.0,-0.810,109.4,112.0,29.9,10.1,112.0,99.7,58.1,punto adelante de la componente
697,20.931,HIGH,toca_abajo,-54.0,-0.810,109.4,112.0,29.9,10.1,112.0,99.7,58.1,punto adelante de la componente
698,20.961,HIGH,toca_abajo,-54.9,-0.824,111.0,113.0,31.5,7.7,113.0,99.7,58.7,punto adelante de la componente
699,20.991,HIGH,toca_abajo,-54.3,-0.815,109.8,112.2,30.3,9.4,112.2,99.6,58.1,punto adelante de la componente
700,21.021,HIGH,toca_abajo,-53.5,-0.802,110.1,112.4,30.6,9.0,112.4,99.7,58.3,punto adelante de la componente
701,21.051,HIGH,toca_abajo,-54.4,-0.817,110.3,112.4,30.8,7.9,112.4,99.7,58.2,punto adelante de la componente
702,21.081,HIGH,toca_abajo,-56.3,-0.844,114.3,116.7,34.8,9.1,116.7,99.7,61.4,punto adelante de la componente
703,21.111,HIGH,toca_abajo,-57.8,-0.867,116.0,119.4,36.5,13.2,119.4,99.6,62.9,punto adelante de la componente
704,21.141,HIGH,toca_abajo,-57.8,-0.867,116.0,119.4,36.5,13.2,119.4,99.6,62.9,punto adelante de la componente
705,21.171,HIGH,toca_abajo,-59.2,-0.888,119.1,122.2,39.6,11.7,122.2,99.6,64.5,punto adelante de la componente
706,21.201,HIGH,toca_abajo,-60.5,-0.907,124.1,126.6,44.6,10.0,126.6,99.8,66.8,punto adelante de la componente
707,21.231,HIGH,toca_abajo,-61.7,-0.925,128.7,129.5,49.2,3.4,129.5,100.0,68.2,punto adelante de la componente
708,21.261,HIGH,toca_abajo,-60.3,-0.904,127.9,128.5,48.4,2.6,128.5,100.0,67.8,punto adelante de la componente
709,21.291,HIGH,toca_abajo,-60.3,-0.904,127.9,128.5,48.4,2.6,128.5,100.0,67.8,punto adelante de la componente
710,21.321,HIGH,toca_abajo,-59.9,-0.899,128.5,128.5,49.0,0.0,128.5,100.0,67.8,punto adelante de la componente
711,21.351,HIGH,toca_abajo,-57.8,-0.868,127.4,127.2,47.9,-0.7,127.2,100.0,67.3,punto adelante de la componente
712,21.381,HIGH,toca_abajo,-56.2,-0.842,127.0,126.4,47.5,-2.5,126.4,100.2,67.1,punto adelante de la componente
713,21.411,HIGH,toca_abajo,-53.8,-0.807,92.7,97.0,13.2,16.3,97.0,100.0,41.2,punto adelante de la componente
714,21.441,HIGH,toca_abajo,-50.1,-0.751,90.1,94.3,10.6,15.9,94.3,100.1,36.6,punto adelante de la componente
715,21.471,HIGH,toca_abajo,-45.3,-0.679,90.0,89.8,10.5,-0.5,89.8,99.4,26.6,punto adelante de la componente
716,21.502,HIGH,toca_abajo,-45.3,-0.679,90.0,89.8,10.5,-0.5,89.8,99.4,26.6,punto adelante de la componente
717,21.532,HIGH,toca_abajo,-37.1,-0.556,87.6,82.8,8.1,-17.6,82.8,99.6,9.2,punto adelante de la componente
718,21.562,HIGH,toca_abajo,-27.1,-0.406,91.1,84.7,11.6,-23.8,84.7,100.1,14.6,punto adelante de la componente
719,21.592,HIGH,toca_abajo,-18.8,-0.283,97.0,99.1,17.5,8.4,99.1,99.9,44.2,punto adelante de la componente
720,21.622,HIGH,toca_abajo,-11.2,-0.169,93.0,94.0,13.5,3.8,94.0,100.0,35.8,punto adelante de la componente
721,21.652,HIGH,toca_abajo,-11.2,-0.169,93.0,94.0,13.5,3.8,94.0,100.0,35.8,punto adelante de la componente
722,21.682,HIGH,toca_abajo,-6.5,-0.097,86.6,87.8,7.1,4.6,87.8,100.0,22.4,punto adelante de la componente
723,21.712,HIGH,toca_abajo,-14.6,-0.219,90.7,91.9,11.2,5.0,91.9,100.0,31.8,punto adelante de la componente
724,21.742,HIGH,toca_abajo,-25.7,-0.386,95.2,96.5,15.7,5.3,96.5,99.9,40.3,punto adelante de la componente
725,21.772,HIGH,toca_abajo,-35.0,-0.525,100.2,101.5,20.7,5.4,101.5,100.0,47.8,punto adelante de la componente
726,21.802,HIGH,toca_abajo,-42.2,-0.633,104.7,106.6,25.2,8.0,106.6,100.0,53.6,punto adelante de la componente
727,21.832,HIGH,toca_abajo,-42.2,-0.633,104.7,106.6,25.2,8.0,106.6,100.0,53.6,punto adelante de la componente
728,21.862,HIGH,toca_abajo,-48.8,-0.732,113.4,113.4,33.9,-0.1,113.4,100.0,59.4,punto adelante de la componente
729,21.892,HIGH,toca_abajo,-51.0,-0.765,113.1,113.5,33.6,1.7,113.5,100.0,59.5,punto adelante de la componente
730,21.922,HIGH,toca_abajo,-52.8,-0.792,118.4,117.7,38.9,-2.7,117.7,100.0,62.4,punto adelante de la componente
731,21.952,HIGH,toca_abajo,-53.4,-0.801,119.8,119.0,40.3,-3.1,119.0,100.0,63.2,punto adelante de la componente
732,21.982,HIGH,toca_abajo,-55.1,-0.826,122.1,121.2,42.6,-3.2,121.2,100.0,64.4,punto adelante de la componente
733,22.012,HIGH,toca_abajo,-55.1,-0.826,122.1,121.2,42.6,-3.2,121.2,100.0,64.4,punto adelante de la componente
734,22.042,HIGH,toca_abajo,-55.5,-0.832,123.7,122.2,44.2,-5.6,122.2,100.1,65.0,punto adelante de la componente
735,22.072,HIGH,toca_abajo,-54.7,-0.821,122.7,121.4,43.2,-5.1,121.4,100.1,64.6,punto adelante de la componente
736,22.102,HIGH,toca_abajo,-55.0,-0.825,124.3,122.7,44.8,-6.2,122.7,100.1,65.3,punto adelante de la componente
737,22.132,HIGH,toca_abajo,-54.0,-0.810,124.2,122.4,44.7,-7.0,122.4,100.1,65.1,punto adelante de la componente
738,22.162,HIGH,toca_abajo,-52.7,-0.791,123.6,121.7,44.1,-7.3,121.7,100.1,64.8,punto adelante de la componente
739,22.192,HIGH,toca_abajo,-50.1,-0.751,88.4,90.4,8.9,7.7,90.4,100.1,28.7,punto adelante de la componente
740,22.222,HIGH,toca_abajo,-50.1,-0.751,88.4,90.4,8.9,7.7,90.4,100.1,28.7,punto adelante de la componente
741,22.252,HIGH,toca_abajo,-44.7,-0.671,116.8,114.7,37.3,-8.3,114.7,100.1,60.5,punto adelante de la componente
742,22.282,HIGH,toca_abajo,-39.5,-0.592,113.2,111.0,33.7,-8.6,111.0,100.1,57.8,punto adelante de la componente
743,22.312,HIGH,toca_abajo,-33.1,-0.497,110.0,107.8,30.5,-8.7,107.8,100.1,54.9,punto adelante de la componente
744,22.342,HIGH,toca_abajo,-33.1,-0.497,110.0,107.8,30.5,-8.7,107.8,100.1,54.9,punto adelante de la componente
745,22.372,HIGH,toca_abajo,-24.4,-0.366,105.6,103.6,26.1,-7.9,103.6,100.1,50.4,punto adelante de la componente
746,22.402,HIGH,toca_abajo,-18.8,-0.282,103.4,101.3,23.9,-8.2,101.3,100.1,47.7,punto adelante de la componente
747,22.432,HIGH,toca_abajo,-18.8,-0.282,103.4,101.3,23.9,-8.2,101.3,100.1,47.7,punto adelante de la componente
748,22.462,HIGH,toca_abajo,-11.3,-0.169,100.0,97.9,20.5,-8.2,97.9,100.1,42.8,punto adelante de la componente
749,22.492,HIGH,toca_abajo,-7.6,-0.114,97.5,95.7,18.0,-7.1,95.7,100.1,39.1,punto adelante de la componente
750,22.523,HIGH,toca_abajo,-7.5,-0.113,98.3,96.3,18.8,-7.8,96.3,100.1,40.2,punto adelante de la componente
751,22.553,HIGH,toca_abajo,-7.5,-0.113,98.3,96.3,18.8,-7.8,96.3,100.1,40.2,punto adelante de la componente
752,22.583,HIGH,toca_abajo,-3.2,-0.047,96.8,94.8,17.3,-7.8,94.8,100.1,37.5,punto adelante de la componente
753,22.613,HIGH,toca_abajo,-0.8,-0.012,96.8,94.7,17.3,-8.3,94.7,100.1,37.4,punto adelante de la componente
754,22.643,HIGH,toca_abajo,5.5,0.083,79.1,79.5,-0.4,1.4,79.5,100.1,-0.1,punto adelante de la componente
755,22.673,HIGH,toca_abajo,5.5,0.083,79.1,79.5,-0.4,1.4,79.5,100.1,-0.1,punto adelante de la componente
756,22.703,HIGH,toca_abajo,14.9,0.224,59.0,61.1,-20.5,8.4,61.1,100.1,-42.7,punto adelante de la componente
757,22.733,HIGH,toca_abajo,20.0,0.299,57.0,59.2,-22.5,8.5,59.2,100.1,-45.6,punto adelante de la componente
758,22.763,HIGH,toca_abajo,21.3,0.319,57.4,59.7,-22.1,8.9,59.7,100.1,-44.9,punto adelante de la componente
759,22.793,HIGH,toca_abajo,28.1,0.422,57.3,59.3,-22.2,7.9,59.3,100.1,-45.4,punto adelante de la componente
760,22.823,HIGH,toca_abajo,28.1,0.422,57.3,59.3,-22.2,7.9,59.3,100.1,-45.4,punto adelante de la componente
761,22.853,HIGH,toca_abajo,32.3,0.484,58.1,59.9,-21.4,6.9,59.9,100.1,-44.5,punto adelante de la componente
762,22.883,HIGH,toca_abajo,48.8,0.733,53.2,39.4,-26.3,-42.3,39.4,99.4,-62.8,punto adelante de la componente
763,22.913,HIGH,toca_abajo,58.0,0.869,45.7,35.0,-33.8,-37.7,35.0,100.0,-65.8,punto adelante de la componente
764,22.943,MEDIUM,toca_abajo,67.1,1.000,35.5,35.0,-44.0,-2.2,35.0,100.0,-65.8,punto adelante de la componente
765,22.973,MEDIUM,toca_abajo,67.1,1.000,35.5,35.0,-44.0,-2.2,35.0,100.0,-65.8,punto adelante de la componente
766,23.003,MEDIUM,toca_abajo,73.3,1.000,35.7,37.9,-43.8,11.2,37.9,103.4,-68.2,punto adelante de la componente
767,23.033,MEDIUM,toca_abajo,80.8,1.000,36.2,4.7,-43.3,-71.9,4.7,104.1,-78.0,punto adelante de la componente
768,23.063,LOW,toca_abajo,88.3,1.000,8.5,,-71.0,,4.7,104.1,-78.0,ultimo objetivo confiable (memoria)
769,23.093,LOW,toca_abajo,88.3,1.000,8.5,,-71.0,,4.7,104.1,-78.0,ultimo objetivo confiable (memoria)
770,23.123,PERDIDA,sin_componente,90.0,0.000,,,,,,,0.0,sin objetivo
771,23.153,PERDIDA,sin_componente,0.0,0.000,,,,,,,0.0,sin objetivo
772,23.183,PERDIDA,sin_componente,0.0,0.000,,,,,,,0.0,sin objetivo
773,23.213,PERDIDA,sin_componente,0.0,0.000,,,,,,,0.0,sin objetivo
774,23.243,PERDIDA,sin_componente,0.0,0.000,,,,,,,0.0,sin objetivo
775,23.273,PERDIDA,sin_componente,0.0,0.000,,,,,,,0.0,sin objetivo
776,23.303,PERDIDA,sin_componente,0.0,0.000,,,,,,,0.0,sin objetivo
777,23.333,PERDIDA,sin_componente,0.0,0.000,,,,,,,0.0,sin objetivo
778,23.363,PERDIDA,sin_componente,0.0,0.000,,,,,,,0.0,sin objetivo
779,23.393,PERDIDA,sin_componente,0.0,0.000,,,,,,,0.0,sin objetivo
780,23.423,PERDIDA,sin_componente,0.0,0.000,,,,,,,0.0,sin objetivo
781,23.453,PERDIDA,sin_componente,0.0,0.000,,,,,,,0.0,sin objetivo
782,23.483,PERDIDA,sin_componente,0.0,0.000,,,,,,,0.0,sin objetivo
783,23.514,PERDIDA,sin_componente,0.0,0.000,,,,,,,0.0,sin objetivo
784,23.544,PERDIDA,sin_componente,0.0,0.000,,,,,,,0.0,sin objetivo
785,23.574,PERDIDA,sin_componente,0.0,0.000,,,,,,,0.0,sin objetivo
786,23.604,PERDIDA,sin_componente,0.0,0.000,,,,,,,0.0,sin objetivo
787,23.634,PERDIDA,sin_componente,0.0,0.000,,,,,,,0.0,sin objetivo
788,23.664,PERDIDA,sin_componente,0.0,0.000,,,,,,,0.0,sin objetivo
789,23.694,PERDIDA,sin_componente,0.0,0.000,,,,,,,0.0,sin objetivo
790,23.724,PERDIDA,sin_componente,0.0,0.000,,,,,,,0.0,sin objetivo
791,23.754,PERDIDA,sin_componente,0.0,0.000,,,,,,,0.0,sin objetivo
792,23.784,PERDIDA,sin_componente,0.0,0.000,,,,,,,0.0,sin objetivo
793,23.814,PERDIDA,sin_componente,0.0,0.000,,,,,,,0.0,sin objetivo
794,23.844,PERDIDA,sin_componente,0.0,0.000,,,,,,,0.0,sin objetivo
795,23.874,PERDIDA,sin_componente,0.0,0.000,,,,,,,0.0,sin objetivo
796,23.904,PERDIDA,sin_componente,0.0,0.000,,,,,,,0.0,sin objetivo
797,23.934,PERDIDA,sin_componente,0.0,0.000,,,,,,,0.0,sin objetivo
798,23.964,PERDIDA,sin_componente,0.0,0.000,,,,,,,0.0,sin objetivo
799,23.994,PERDIDA,sin_componente,0.0,0.000,,,,,,,0.0,sin objetivo
800,24.024,PERDIDA,sin_componente,0.0,0.000,,,,,,,0.0,sin objetivo
801,24.054,PERDIDA,sin_componente,0.0,0.000,,,,,,,0.0,sin objetivo
802,24.084,PERDIDA,sin_componente,0.0,0.000,,,,,,,0.0,sin objetivo
803,24.114,PERDIDA,sin_componente,0.0,0.000,,,,,,,0.0,sin objetivo
804,24.144,PERDIDA,sin_componente,0.0,0.000,,,,,,,0.0,sin objetivo
805,24.174,PERDIDA,sin_componente,0.0,0.000,,,,,,,0.0,sin objetivo
806,24.204,PERDIDA,sin_componente,-45.8,0.000,,,,,,,0.0,sin objetivo
807,24.234,SIN_CERCA,salto_grande,-43.9,-0.600,,,,,4.7,104.1,-78.0,memoria
808,24.264,SIN_CERCA,salto_grande,-44.8,-0.600,,,,,4.7,104.1,-78.0,memoria
809,24.294,SIN_CERCA,salto_grande,-44.8,-0.600,,,,,4.7,104.1,-78.0,memoria
810,24.324,SIN_CERCA,salto_grande,-44.9,-0.600,,,,,4.7,104.1,-78.0,memoria
811,24.354,PERDIDA,sin_componente,-46.1,0.000,,,,,,,0.0,sin objetivo
812,24.384,PERDIDA,sin_componente,0.0,0.000,,,,,,,0.0,sin objetivo
813,24.414,PERDIDA,sin_componente,0.0,0.000,,,,,,,0.0,sin objetivo
814,24.444,PERDIDA,sin_componente,0.0,0.000,,,,,,,0.0,sin objetivo
815,24.474,SIN_CERCA,continuidad,51.8,0.600,,,,,4.7,104.1,-78.0,memoria
816,24.505,HIGH,toca_abajo,70.9,1.000,6.2,4.6,-73.3,-6.5,4.6,100.1,-75.1,punto adelante de la componente
817,24.535,PERDIDA,sin_componente,52.6,0.000,,,,,,,0.0,sin objetivo
818,24.565,PERDIDA,sin_componente,52.6,0.000,,,,,,,0.0,sin objetivo
819,24.595,PERDIDA,sin_componente,49.6,0.000,,,,,,,0.0,sin objetivo
820,24.625,SIN_CERCA,continuidad,54.5,0.600,,,,,4.6,100.1,-75.1,memoria
821,24.655,SIN_CERCA,continuidad,58.9,0.600,,2.7,,,2.7,79.1,-62.0,componente visible arriba
822,24.685,SIN_CERCA,continuidad,57.8,0.600,,2.0,,,2.0,99.0,-74.8,componente visible arriba
823,24.715,HIGH,toca_abajo,64.4,0.966,2.3,3.1,-77.2,3.2,3.1,99.9,-75.3,punto adelante de la componente
824,24.745,HIGH,toca_abajo,64.4,0.966,2.3,3.1,-77.2,3.2,3.1,99.9,-75.3,punto adelante de la componente
825,24.775,HIGH,toca_abajo,67.3,1.000,6.5,7.2,-73.0,2.9,7.2,99.8,-74.3,punto adelante de la componente
826,24.805,HIGH,toca_abajo,67.9,1.000,11.0,11.6,-68.5,2.4,11.6,99.9,-73.5,punto adelante de la componente
827,24.835,HIGH,toca_abajo,67.8,1.000,10.6,11.2,-68.9,2.3,11.2,99.9,-73.6,punto adelante de la componente
828,24.865,HIGH,toca_abajo,67.8,1.000,10.6,11.2,-68.9,2.3,11.2,99.9,-73.6,punto adelante de la componente
829,24.895,HIGH,toca_abajo,67.6,1.000,23.0,23.4,-56.5,1.6,23.4,99.9,-70.3,punto adelante de la componente
830,24.925,HIGH,toca_abajo,67.3,1.000,20.0,20.0,-59.5,-0.0,20.0,100.0,-71.4,punto adelante de la componente
831,24.955,HIGH,toca_abajo,66.7,1.000,36.5,36.0,-43.0,-1.8,36.0,100.0,-65.3,punto adelante de la componente
832,24.985,HIGH,toca_abajo,65.7,0.986,42.0,41.5,-37.5,-2.0,41.5,100.0,-62.2,punto adelante de la componente
833,25.015,HIGH,toca_abajo,63.1,0.946,47.6,47.1,-31.9,-2.0,47.1,100.0,-58.4,punto adelante de la componente
834,25.045,HIGH,toca_abajo,63.1,0.946,47.6,47.1,-31.9,-2.0,47.1,100.0,-58.4,punto adelante de la componente
835,25.075,HIGH,toca_abajo,58.3,0.874,56.4,55.6,-23.1,-2.8,55.6,100.0,-50.1,punto adelante de la componente
836,25.105,HIGH,toca_abajo,52.0,0.780,65.1,63.9,-14.4,-4.7,63.9,100.1,-38.1,punto adelante de la componente
837,25.135,HIGH,toca_abajo,42.5,0.638,74.5,73.0,-5.0,-5.9,73.0,100.1,-18.0,punto adelante de la componente
838,25.165,HIGH,toca_abajo,31.6,0.474,81.8,80.0,2.3,-7.1,80.0,100.1,1.3,punto adelante de la componente
839,25.195,HIGH,toca_abajo,31.6,0.474,81.8,80.0,2.3,-7.1,80.0,100.1,1.3,punto adelante de la componente
840,25.225,HIGH,toca_abajo,14.7,0.220,89.6,87.7,10.1,-7.5,87.7,100.1,22.4,punto adelante de la componente
841,25.255,HIGH,toca_abajo,0.1,0.001,61.9,63.9,-17.6,8.1,63.9,100.1,-38.0,punto adelante de la componente
842,25.285,HIGH,toca_abajo,-12.4,-0.185,85.0,84.2,5.5,-3.3,84.2,100.1,13.2,punto adelante de la componente
843,25.315,HIGH,toca_abajo,-20.5,-0.307,71.1,72.8,-8.4,6.6,72.8,100.1,-18.6,punto adelante de la componente
844,25.345,HIGH,toca_abajo,-24.2,-0.363,73.1,74.7,-6.4,6.0,74.7,100.1,-13.6,punto adelante de la componente
845,25.375,HIGH,toca_abajo,-24.2,-0.363,73.1,74.7,-6.4,6.0,74.7,100.1,-13.6,punto adelante de la componente
846,25.405,HIGH,toca_abajo,-26.3,-0.395,75.2,76.4,-4.3,4.8,76.4,100.1,-8.8,punto adelante de la componente
847,25.435,HIGH,toca_abajo,-25.9,-0.389,74.7,75.9,-4.8,4.8,75.9,100.1,-10.2,punto adelante de la componente
848,25.465,HIGH,toca_abajo,-27.2,-0.407,74.1,75.5,-5.4,5.7,75.5,100.1,-11.2,punto adelante de la componente
849,25.495,HIGH,toca_abajo,-27.2,-0.407,74.1,75.5,-5.4,5.7,75.5,100.1,-11.2,punto adelante de la componente
850,25.526,HIGH,toca_abajo,-33.1,-0.496,77.7,79.0,-1.8,5.1,79.0,100.1,-1.3,punto adelante de la componente
851,25.556,HIGH,toca_abajo,-27.9,-0.419,75.3,76.4,-4.2,4.2,76.4,100.1,-9.0,punto adelante de la componente
852,25.586,HIGH,toca_abajo,-25.1,-0.376,74.2,75.4,-5.3,4.9,75.4,100.1,-11.5,punto adelante de la componente
853,25.616,HIGH,toca_abajo,-21.1,-0.317,72.4,73.6,-7.1,4.9,73.6,100.1,-16.4,punto adelante de la componente
854,25.646,HIGH,toca_abajo,-21.1,-0.317,72.4,73.6,-7.1,4.9,73.6,100.1,-16.4,punto adelante de la componente
855,25.676,HIGH,toca_abajo,-17.3,-0.260,70.1,71.4,-9.4,4.9,71.4,100.1,-22.1,punto adelante de la componente
856,25.706,HIGH,toca_abajo,-15.0,-0.225,68.7,70.1,-10.8,5.5,70.1,100.1,-25.2,punto adelante de la componente
857,25.736,HIGH,toca_abajo,-13.5,-0.202,67.7,69.4,-11.8,6.3,69.4,100.1,-27.0,punto adelante de la componente
858,25.766,HIGH,toca_abajo,-13.5,-0.202,67.7,69.4,-11.8,6.3,69.4,100.1,-27.0,punto adelante de la componente
859,25.796,HIGH,toca_abajo,-12.6,-0.190,67.4,69.0,-12.1,6.1,69.0,100.1,-27.8,punto adelante de la componente
860,25.826,HIGH,toca_abajo,-7.2,-0.109,65.7,67.2,-13.8,5.8,67.2,100.1,-31.6,punto adelante de la componente
861,25.856,HIGH,toca_abajo,0.7,0.010,62.7,64.1,-16.8,5.5,64.1,100.1,-37.7,punto adelante de la componente
862,25.886,HIGH,toca_abajo,7.7,0.116,58.5,60.3,-21.0,7.3,60.3,100.1,-43.9,punto adelante de la componente
863,25.916,HIGH,toca_abajo,7.7,0.116,58.5,60.3,-21.0,7.3,60.3,100.1,-43.9,punto adelante de la componente
864,25.946,HIGH,toca_abajo,10.5,0.157,57.7,59.7,-21.8,7.6,59.7,100.1,-44.9,punto adelante de la componente
865,25.976,HIGH,toca_abajo,12.2,0.183,93.1,90.4,13.6,-10.5,90.4,100.1,28.7,punto adelante de la componente
866,26.006,HIGH,toca_abajo,14.7,0.220,55.9,57.8,-23.6,7.7,57.8,100.1,-47.4,punto adelante de la componente
867,26.036,HIGH,toca_abajo,17.2,0.259,54.7,56.6,-24.8,7.4,56.6,100.1,-49.0,punto adelante de la componente
868,26.066,HIGH,toca_abajo,17.2,0.259,54.7,56.6,-24.8,7.4,56.6,100.1,-49.0,punto adelante de la componente
869,26.096,HIGH,toca_abajo,22.5,0.338,88.8,86.2,9.3,-9.9,86.2,100.1,18.7,punto adelante de la componente
870,26.126,HIGH,toca_abajo,20.2,0.303,89.1,86.7,9.6,-9.5,86.7,100.1,19.9,punto adelante de la componente
871,26.156,MEDIUM,toca_abajo,16.3,0.244,71.8,72.0,-7.7,0.7,72.0,100.2,-20.8,punto adelante de la componente
872,26.186,MEDIUM,toca_abajo,16.3,0.244,71.8,72.0,-7.7,0.7,72.0,100.2,-20.8,punto adelante de la componente
873,26.216,MEDIUM,toca_abajo,16.9,0.253,89.2,88.0,9.7,-6.0,88.0,102.9,26.3,punto adelante de la componente
874,26.246,LOW,toca_abajo,15.6,0.234,51.1,,-28.4,,88.0,102.9,26.3,ultimo objetivo confiable (memoria)
875,26.276,SIN_CERCA,continuidad,14.2,0.600,68.5,73.5,-11.0,23.1,73.5,100.1,-16.7,componente visible arriba
876,26.306,HIGH,toca_abajo,-3.1,-0.046,99.6,97.3,20.1,-8.9,97.3,100.1,41.9,punto adelante de la componente
877,26.336,HIGH,toca_abajo,-13.8,-0.207,63.6,66.4,-15.9,10.8,66.4,100.1,-33.4,punto adelante de la componente
878,26.366,HIGH,toca_abajo,-13.8,-0.207,63.6,66.4,-15.9,10.8,66.4,100.1,-33.4,punto adelante de la componente
879,26.396,HIGH,toca_abajo,-27.1,-0.407,70.6,73.1,-8.9,9.7,73.1,100.1,-17.8,punto adelante de la componente
880,26.426,HIGH,toca_abajo,-34.9,-0.523,75.6,77.8,-3.9,8.7,77.8,100.1,-4.9,punto adelante de la componente
881,26.456,HIGH,toca_abajo,-39.2,-0.587,78.6,80.5,-0.9,7.5,80.5,100.1,2.8,punto adelante de la componente
882,26.486,HIGH,toca_abajo,-34.2,-0.513,78.3,79.7,-1.2,5.6,79.7,100.1,0.6,punto adelante de la componente
883,26.517,HIGH,toca_abajo,-34.2,-0.513,78.3,79.7,-1.2,5.6,79.7,100.1,0.6,punto adelante de la componente
884,26.547,HIGH,toca_abajo,-33.5,-0.502,77.1,78.8,-2.4,6.4,78.8,100.1,-2.1,punto adelante de la componente
885,26.577,HIGH,toca_abajo,-35.0,-0.525,78.1,79.8,-1.4,6.4,79.8,100.1,0.8,punto adelante de la componente
886,26.607,HIGH,toca_abajo,-34.1,-0.511,78.0,79.3,-1.5,5.2,79.3,100.1,-0.5,punto adelante de la componente
887,26.637,HIGH,toca_abajo,-34.1,-0.511,78.0,79.3,-1.5,5.2,79.3,100.1,-0.5,punto adelante de la componente
888,26.667,HIGH,toca_abajo,-36.3,-0.544,78.3,80.0,-1.2,6.7,80.0,100.1,1.4,punto adelante de la componente
889,26.697,HIGH,toca_abajo,-34.5,-0.517,78.4,79.7,-1.1,4.8,79.7,100.1,0.5,punto adelante de la componente
890,26.727,HIGH,toca_abajo,-30.3,-0.454,76.8,78.1,-2.7,5.3,78.1,100.1,-3.9,punto adelante de la componente
891,26.757,HIGH,toca_abajo,-23.4,-0.352,73.8,75.3,-5.7,5.6,75.3,100.1,-12.0,punto adelante de la componente
892,26.787,HIGH,toca_abajo,-19.3,-0.289,71.8,73.3,-7.7,5.8,73.3,100.1,-17.2,punto adelante de la componente
893,26.817,HIGH,toca_abajo,-19.3,-0.289,71.8,73.3,-7.7,5.8,73.3,100.1,-17.2,punto adelante de la componente
894,26.847,HIGH,toca_abajo,-13.6,-0.204,68.8,70.2,-10.7,5.4,70.2,100.1,-25.1,punto adelante de la componente
895,26.877,HIGH,toca_abajo,-10.9,-0.163,67.9,69.4,-11.6,5.9,69.4,100.1,-26.8,punto adelante de la componente
896,26.907,HIGH,toca_abajo,-5.2,-0.077,65.3,67.0,-14.2,6.5,67.0,100.1,-32.1,punto adelante de la componente
897,26.937,HIGH,toca_abajo,-0.5,-0.008,63.4,65.1,-16.1,6.5,65.1,100.1,-35.9,punto adelante de la componente
898,26.967,HIGH,toca_abajo,3.9,0.058,61.1,62.9,-18.4,7.3,62.9,100.1,-39.7,punto adelante de la componente
899,26.997,HIGH,toca_abajo,3.9,0.058,61.1,62.9,-18.4,7.3,62.9,100.1,-39.7,punto adelante de la componente
900,27.027,HIGH,toca_abajo,8.5,0.128,59.4,61.3,-20.1,7.5,61.3,100.1,-42.4,punto adelante de la componente
901,27.057,HIGH,toca_abajo,15.8,0.238,56.5,58.4,-23.0,7.5,58.4,100.1,-46.6,punto adelante de la componente
902,27.087,HIGH,toca_abajo,19.2,0.288,55.3,57.3,-24.2,7.9,57.3,100.1,-48.1,punto adelante de la componente
903,27.117,HIGH,toca_abajo,19.2,0.288,55.3,57.3,-24.2,7.9,57.3,100.1,-48.1,punto adelante de la componente
904,27.147,HIGH,toca_abajo,20.6,0.308,55.2,57.1,-24.3,7.2,57.1,100.1,-48.4,punto adelante de la componente
905,27.177,HIGH,toca_abajo,22.3,0.335,53.8,55.8,-25.7,7.7,55.8,100.1,-50.0,punto adelante de la componente
906,27.207,HIGH,toca_abajo,23.3,0.350,53.0,54.9,-26.5,7.7,54.9,100.1,-51.0,punto adelante de la componente
907,27.237,HIGH,toca_abajo,23.7,0.356,86.8,83.8,7.3,-11.6,83.8,100.0,12.1,punto adelante de la componente
908,27.267,HIGH,toca_abajo,23.7,0.356,86.8,83.8,7.3,-11.6,83.8,100.0,12.1,punto adelante de la componente
909,27.297,HIGH,toca_abajo,17.4,0.260,53.1,55.4,-26.4,8.9,55.4,100.2,-50.5,punto adelante de la componente
910,27.327,HIGH,toca_abajo,9.4,0.141,85.6,83.5,6.1,-8.5,83.5,100.2,11.3,punto adelante de la componente
911,27.357,HIGH,toca_abajo,8.0,0.120,67.8,68.1,-11.7,1.4,68.1,100.1,-29.8,punto adelante de la componente
912,27.387,HIGH,toca_abajo,-0.2,-0.003,54.3,56.5,-25.2,8.8,56.5,100.1,-49.1,punto adelante de la componente
913,27.417,HIGH,toca_abajo,-9.6,-0.144,92.5,90.4,13.0,-8.2,90.4,100.1,28.7,punto adelante de la componente
914,27.447,HIGH,toca_abajo,-9.6,-0.144,92.5,90.4,13.0,-8.2,90.4,100.1,28.7,punto adelante de la componente
915,27.477,HIGH,toca_abajo,-19.4,-0.290,97.0,94.7,17.5,-9.2,94.7,100.1,37.3,punto adelante de la componente
916,27.508,HIGH,toca_abajo,-24.6,-0.369,99.9,97.5,20.4,-9.4,97.5,100.1,42.2,punto adelante de la componente
917,27.538,HIGH,toca_abajo,-27.6,-0.414,100.8,98.1,21.3,-10.4,98.1,100.1,43.2,punto adelante de la componente
918,27.568,HIGH,toca_abajo,-27.6,-0.414,100.8,98.1,21.3,-10.4,98.1,100.1,43.2,punto adelante de la componente
919,27.598,HIGH,toca_abajo,-29.2,-0.438,99.4,96.9,19.9,-10.1,96.9,100.1,41.2,punto adelante de la componente
920,27.628,HIGH,toca_abajo,-37.2,-0.558,101.3,111.1,21.8,32.3,111.1,99.0,56.4,punto adelante de la componente
921,27.658,HIGH,toca_abajo,-44.5,-0.668,104.0,121.9,24.5,51.6,121.9,99.9,64.7,punto adelante de la componente
922,27.688,HIGH,toca_abajo,-49.1,-0.737,71.4,73.2,-8.1,7.2,73.2,100.1,-17.5,punto adelante de la componente
923,27.718,HIGH,toca_abajo,-49.1,-0.737,71.4,73.2,-8.1,7.2,73.2,100.1,-17.5,punto adelante de la componente
924,27.748,HIGH,toca_abajo,-50.8,-0.762,77.9,79.4,-1.6,5.9,79.4,100.0,-0.4,punto adelante de la componente
925,27.778,HIGH,toca_abajo,-44.1,-0.662,75.5,78.2,-4.0,10.7,78.2,100.1,-3.6,punto adelante de la componente
926,27.808,HIGH,toca_abajo,-27.1,-0.406,78.6,79.8,-0.9,5.1,79.8,100.1,1.0,punto adelante de la componente
927,27.838,HIGH,toca_abajo,-4.7,-0.071,64.2,65.8,-15.3,6.4,65.8,100.1,-34.5,punto adelante de la componente
928,27.868,HIGH,toca_abajo,5.7,0.085,59.7,61.5,-19.8,7.1,61.5,100.1,-42.1,punto adelante de la componente
929,27.898,HIGH,toca_abajo,5.7,0.085,59.7,61.5,-19.8,7.1,61.5,100.1,-42.1,punto adelante de la componente
930,27.928,HIGH,toca_abajo,11.7,0.176,57.2,59.1,-22.3,7.4,59.1,100.2,-45.9,punto adelante de la componente
931,27.958,HIGH,toca_abajo,16.0,0.240,56.7,58.7,-22.8,8.0,58.7,100.1,-46.3,punto adelante de la componente
932,27.988,HIGH,toca_abajo,19.9,0.298,54.3,56.3,-25.2,7.9,56.3,100.2,-49.4,punto adelante de la componente
933,28.018,HIGH,toca_abajo,20.7,0.310,87.1,85.3,7.6,-7.2,85.3,100.1,16.2,punto adelante de la componente
934,28.048,HIGH,toca_abajo,20.7,0.310,87.1,85.3,7.6,-7.2,85.3,100.1,16.2,punto adelante de la componente
935,28.078,HIGH,toca_abajo,23.5,0.352,69.4,69.4,-10.1,0.3,69.4,100.1,-26.8,punto adelante de la componente
936,28.108,HIGH,toca_abajo,31.0,0.466,65.8,66.1,-13.7,1.5,66.1,100.1,-33.9,punto adelante de la componente
937,28.138,HIGH,toca_abajo,36.1,0.541,79.1,77.8,-0.4,-5.2,77.8,100.3,-4.9,punto adelante de la componente
938,28.168,HIGH,toca_abajo,36.1,0.541,79.1,77.8,-0.4,-5.2,77.8,100.3,-4.9,punto adelante de la componente
939,28.198,HIGH,toca_abajo,31.1,0.466,80.8,79.7,1.3,-4.3,79.7,100.2,0.5,punto adelante de la componente
940,28.228,HIGH,toca_abajo,28.8,0.432,80.7,80.3,1.2,-1.7,80.3,100.3,2.4,punto adelante de la componente
941,28.258,HIGH,toca_abajo,25.1,0.377,82.3,82.0,2.8,-1.0,82.0,100.2,7.3,punto adelante de la componente
942,28.288,HIGH,toca_abajo,15.4,0.231,55.1,57.3,-24.4,8.9,57.3,100.2,-48.2,punto adelante de la componente
943,28.318,HIGH,toca_abajo,8.7,0.131,57.5,59.9,-22.0,9.5,59.9,100.2,-44.7,punto adelante de la componente
944,28.348,HIGH,toca_abajo,-4.2,-0.063,95.9,94.1,16.4,-7.3,94.1,100.1,36.2,punto adelante de la componente
945,28.378,HIGH,toca_abajo,-4.2,-0.063,95.9,94.1,16.4,-7.3,94.1,100.1,36.2,punto adelante de la componente
946,28.408,HIGH,toca_abajo,-15.0,-0.226,100.1,97.9,20.6,-8.6,97.9,100.1,42.8,punto adelante de la componente
947,28.438,HIGH,toca_abajo,-21.1,-0.316,103.8,101.1,24.3,-10.3,101.1,100.2,47.5,punto adelante de la componente
948,28.468,HIGH,toca_abajo,-19.9,-0.298,103.6,101.0,24.1,-10.5,101.0,100.2,47.3,punto adelante de la componente
949,28.498,HIGH,toca_abajo,-19.9,-0.298,103.6,101.0,24.1,-10.5,101.0,100.2,47.3,punto adelante de la componente
950,28.529,HIGH,toca_abajo,-19.6,-0.295,103.2,100.8,23.7,-9.5,100.8,100.2,47.0,punto adelante de la componente
951,28.559,HIGH,toca_abajo,-26.7,-0.400,105.6,103.1,26.1,-9.9,103.1,100.2,50.1,punto adelante de la componente
952,28.589,HIGH,toca_abajo,-28.5,-0.427,75.3,76.5,-4.2,4.8,76.5,100.3,-8.7,punto adelante de la componente
953,28.619,HIGH,toca_abajo,-30.5,-0.457,75.9,77.5,-3.6,6.3,77.5,100.3,-5.8,punto adelante de la componente
954,28.649,HIGH,toca_abajo,-31.5,-0.473,76.7,78.3,-2.8,6.4,78.3,100.4,-3.4,punto adelante de la componente
955,28.679,HIGH,toca_abajo,-31.5,-0.473,76.7,78.3,-2.8,6.4,78.3,100.4,-3.4,punto adelante de la componente
956,28.709,HIGH,toca_abajo,-28.4,-0.426,76.7,78.0,-2.8,5.3,78.0,100.4,-4.4,punto adelante de la componente
957,28.739,HIGH,toca_abajo,-23.8,-0.357,74.0,75.3,-5.5,5.0,75.3,100.4,-12.2,punto adelante de la componente
958,28.769,HIGH,toca_abajo,-20.2,-0.303,72.7,73.9,-6.8,4.7,73.9,100.3,-15.9,punto adelante de la componente
959,28.799,HIGH,toca_abajo,-17.7,-0.265,71.8,73.2,-7.7,5.3,73.2,100.3,-17.8,punto adelante de la componente
960,28.829,HIGH,toca_abajo,-17.7,-0.265,71.8,73.2,-7.7,5.3,73.2,100.3,-17.8,punto adelante de la componente
961,28.859,HIGH,toca_abajo,-12.6,-0.188,70.2,71.3,-9.3,4.4,71.3,100.2,-22.6,punto adelante de la componente
962,28.889,HIGH,toca_abajo,-8.2,-0.123,68.8,70.0,-10.7,4.8,70.0,100.3,-25.7,punto adelante de la componente
963,28.919,HIGH,toca_abajo,-1.5,-0.022,66.7,67.6,-12.8,3.2,67.6,100.3,-31.3,punto adelante de la componente
964,28.949,HIGH,toca_abajo,-1.5,-0.022,66.7,67.6,-12.8,3.2,67.6,100.3,-31.3,punto adelante de la componente
965,28.979,HIGH,toca_abajo,8.4,0.125,64.1,65.2,-15.4,4.4,65.2,100.0,-35.6,punto adelante de la componente
966,29.009,HIGH,toca_abajo,23.3,0.349,57.9,56.9,-21.6,-4.0,56.9,99.7,-48.0,punto adelante de la componente
967,29.039,HIGH,toca_abajo,30.8,0.462,55.2,52.8,-24.3,-9.4,52.8,100.1,-53.3,punto adelante de la componente
968,29.069,HIGH,toca_abajo,30.8,0.462,55.2,52.8,-24.3,-9.4,52.8,100.1,-53.3,punto adelante de la componente
969,29.099,HIGH,toca_abajo,34.5,0.517,81.1,79.0,1.6,-8.0,79.0,100.2,-1.3,punto adelante de la componente
970,29.129,HIGH,toca_abajo,37.4,0.561,78.1,76.2,-1.4,-7.4,76.2,100.1,-9.3,punto adelante de la componente
971,29.159,HIGH,toca_abajo,38.4,0.576,76.8,74.8,-2.7,-8.0,74.8,100.1,-13.3,punto adelante de la componente
972,29.189,HIGH,toca_abajo,38.4,0.576,76.8,74.8,-2.7,-8.0,74.8,100.1,-13.3,punto adelante de la componente
973,29.219,HIGH,toca_abajo,35.5,0.533,77.7,75.5,-1.8,-8.8,75.5,100.1,-11.5,punto adelante de la componente
974,29.249,HIGH,toca_abajo,32.6,0.489,75.0,73.3,-4.5,-6.8,73.3,100.2,-17.4,punto adelante de la componente
975,29.279,HIGH,toca_abajo,24.1,0.362,77.3,75.7,-2.2,-6.0,75.7,100.1,-10.7,punto adelante de la componente
976,29.309,HIGH,toca_abajo,15.5,0.233,78.1,77.3,-1.4,-2.9,77.3,100.2,-6.2,punto adelante de la componente
977,29.339,HIGH,toca_abajo,15.5,0.233,78.1,77.3,-1.4,-2.9,77.3,100.2,-6.2,punto adelante de la componente
978,29.369,HIGH,toca_abajo,1.5,0.022,82.5,81.9,3.0,-2.1,81.9,100.1,6.9,punto adelante de la componente
979,29.399,HIGH,toca_abajo,-12.1,-0.182,86.2,87.1,6.7,3.5,87.1,99.8,20.5,punto adelante de la componente
980,29.429,HIGH,toca_abajo,-30.7,-0.460,88.7,96.8,9.2,29.3,96.8,99.9,40.7,punto adelante de la componente
981,29.459,HIGH,toca_abajo,-45.3,-0.680,96.1,104.4,16.6,29.9,104.4,99.8,51.0,punto adelante de la componente
982,29.489,HIGH,toca_abajo,-59.6,-0.894,108.3,115.3,28.8,25.8,115.3,99.9,60.7,punto adelante de la componente
983,29.520,HIGH,toca_abajo,-59.6,-0.894,108.3,115.3,28.8,25.8,115.3,99.9,60.7,punto adelante de la componente
984,29.550,HIGH,toca_abajo,-69.7,-1.000,120.8,127.4,41.3,24.8,127.4,100.2,67.5,punto adelante de la componente
985,29.580,HIGH,toca_abajo,-73.6,-1.000,133.1,136.8,53.6,14.6,136.8,100.2,71.0,punto adelante de la componente
986,29.610,HIGH,toca_abajo,-74.9,-1.000,140.5,140.5,61.0,0.2,140.5,100.0,71.9,punto adelante de la componente
987,29.640,HIGH,toca_abajo,-74.4,-1.000,140.5,140.9,61.0,1.4,140.9,100.0,72.0,punto adelante de la componente
988,29.670,HIGH,toca_abajo,-73.9,-1.000,141.0,141.0,61.5,0.0,141.0,100.0,72.0,punto adelante de la componente
989,29.700,HIGH,toca_abajo,-73.9,-1.000,141.0,141.0,61.5,0.0,141.0,100.0,72.0,punto adelante de la componente
990,29.730,HIGH,toca_abajo,-73.6,-1.000,141.5,141.5,62.0,0.0,141.5,100.0,72.1,punto adelante de la componente
991,29.760,HIGH,toca_abajo,-72.7,-1.000,141.0,141.0,61.5,0.0,141.0,100.0,72.0,punto adelante de la componente
992,29.790,HIGH,toca_abajo,-72.7,-1.000,141.0,141.0,61.5,0.0,141.0,100.0,72.0,punto adelante de la componente
993,29.820,HIGH,toca_abajo,-71.5,-1.000,138.9,139.5,59.4,2.5,139.5,100.0,71.6,punto adelante de la componente
994,29.850,HIGH,toca_abajo,-69.5,-1.000,134.1,136.0,54.6,7.5,136.0,100.0,70.5,punto adelante de la componente
995,29.880,HIGH,toca_abajo,-66.2,-0.992,127.6,129.6,48.1,8.0,129.6,100.0,68.2,punto adelante de la componente
996,29.910,HIGH,toca_abajo,-66.2,-0.992,127.6,129.6,48.1,8.0,129.6,100.0,68.2,punto adelante de la componente
997,29.940,HIGH,toca_abajo,-61.9,-0.929,120.1,122.2,40.6,8.3,122.2,99.9,64.8,punto adelante de la componente
998,29.970,HIGH,toca_abajo,-55.6,-0.835,110.5,113.5,31.0,11.7,113.5,100.0,59.5,punto adelante de la componente
999,30.000,HIGH,toca_abajo,-53.8,-0.807,109.9,112.5,30.4,10.2,112.5,100.0,58.7,punto adelante de la componente
1000,30.030,HIGH,toca_abajo,-45.8,-0.687,102.3,104.9,22.8,10.0,104.9,99.9,51.7,punto adelante de la componente
1001,30.060,HIGH,toca_abajo,-43.0,-0.645,101.3,104.0,21.8,10.6,104.0,99.9,50.7,punto adelante de la componente
1002,30.090,HIGH,toca_abajo,-40.5,-0.607,100.1,102.3,20.6,8.9,102.3,99.9,48.7,punto adelante de la componente
1003,30.120,HIGH,toca_abajo,-40.5,-0.607,100.1,102.3,20.6,8.9,102.3,99.9,48.7,punto adelante de la componente
1004,30.150,HIGH,toca_abajo,-39.2,-0.589,99.8,102.3,20.3,9.7,102.3,100.0,48.7,punto adelante de la componente
1005,30.180,HIGH,toca_abajo,-43.3,-0.649,104.3,106.1,24.8,7.2,106.1,100.0,53.0,punto adelante de la componente
1006,30.210,HIGH,toca_abajo,-44.2,-0.662,102.6,105.8,23.1,12.5,105.8,100.0,52.7,punto adelante de la componente
1007,30.240,HIGH,toca_abajo,-47.8,-0.717,108.3,109.6,28.8,5.5,109.6,100.0,56.4,punto adelante de la componente
1008,30.270,HIGH,toca_abajo,-47.8,-0.717,108.3,109.6,28.8,5.5,109.6,100.0,56.4,punto adelante de la componente
1009,30.300,HIGH,toca_abajo,-48.2,-0.722,108.9,110.3,29.4,5.8,110.3,99.9,57.0,punto adelante de la componente
1010,30.330,HIGH,toca_abajo,-51.6,-0.773,116.3,117.0,36.8,2.8,117.0,100.0,61.9,punto adelante de la componente
1011,30.360,HIGH,toca_abajo,-49.9,-0.749,117.8,118.0,38.3,0.8,118.0,100.0,62.5,punto adelante de la componente
1012,30.390,HIGH,toca_abajo,-48.2,-0.723,119.3,119.5,39.8,1.0,119.5,100.0,63.4,punto adelante de la componente
1013,30.420,HIGH,toca_abajo,-48.2,-0.723,119.3,119.5,39.8,1.0,119.5,100.0,63.4,punto adelante de la componente
1014,30.450,HIGH,toca_abajo,-46.8,-0.702,103.6,108.4,24.1,18.5,108.4,100.1,55.5,punto adelante de la componente
1015,30.480,HIGH,toca_abajo,-44.5,-0.668,120.5,120.3,41.0,-0.9,120.3,100.0,63.9,punto adelante de la componente
1016,30.511,HIGH,toca_abajo,-37.7,-0.565,86.4,90.6,6.9,16.3,90.6,100.2,29.4,punto adelante de la componente
1017,30.541,HIGH,toca_abajo,-33.4,-0.501,85.9,89.8,6.4,15.1,89.8,100.2,27.4,punto adelante de la componente
1018,30.571,HIGH,toca_abajo,-33.4,-0.501,85.9,89.8,6.4,15.1,89.8,100.2,27.4,punto adelante de la componente
1019,30.601,HIGH,toca_abajo,-26.7,-0.400,87.4,91.2,7.9,14.9,91.2,100.3,30.7,punto adelante de la componente
1020,30.631,HIGH,toca_abajo,-17.3,-0.259,86.7,88.7,7.2,7.7,88.7,99.7,24.3,punto adelante de la componente
1021,30.661,HIGH,toca_abajo,-4.3,-0.065,83.8,79.5,4.3,-15.3,79.5,99.2,0.1,punto adelante de la componente
1022,30.691,HIGH,toca_abajo,6.6,0.099,84.9,68.7,5.4,-47.0,68.7,99.6,-27.8,punto adelante de la componente
1023,30.721,HIGH,toca_abajo,6.6,0.099,84.9,68.7,5.4,-47.0,68.7,99.6,-27.8,punto adelante de la componente
1024,30.751,HIGH,toca_abajo,29.8,0.448,69.6,55.6,-9.9,-44.4,55.6,99.8,-49.7,punto adelante de la componente
1025,30.781,HIGH,toca_abajo,52.7,0.791,51.9,41.8,-27.6,-35.1,41.8,100.0,-62.0,punto adelante de la componente
1026,30.811,MEDIUM,toca_abajo,64.1,0.962,93.2,73.2,13.7,-57.2,73.2,101.6,-18.9,punto adelante de la componente
1027,30.841,MEDIUM,toca_abajo,73.7,1.000,87.9,55.6,8.4,-69.4,55.6,102.5,-53.7,punto adelante de la componente
1028,30.871,MEDIUM,toca_abajo,81.4,1.000,20.0,16.1,-59.5,-16.9,16.1,101.7,-73.9,punto adelante de la componente
1029,30.901,MEDIUM,toca_abajo,81.4,1.000,20.0,16.1,-59.5,-16.9,16.1,101.7,-73.9,punto adelante de la componente
1030,30.931,MEDIUM,toca_abajo,83.6,1.000,21.0,9.2,-58.5,-43.5,9.2,102.1,-75.7,punto adelante de la componente
1031,30.961,MEDIUM,toca_abajo,84.7,1.000,15.1,5.4,-64.4,-36.8,5.4,101.7,-76.1,punto adelante de la componente
1032,30.991,MEDIUM,toca_abajo,84.6,1.000,15.6,6.3,-63.9,-35.2,6.3,101.4,-75.7,punto adelante de la componente
1033,31.021,MEDIUM,toca_abajo,84.6,1.000,15.6,6.3,-63.9,-35.2,6.3,101.4,-75.7,punto adelante de la componente
1034,31.051,MEDIUM,toca_abajo,82.6,1.000,20.0,11.8,-59.5,-31.0,11.8,100.8,-74.2,punto adelante de la componente
1035,31.081,MEDIUM,toca_abajo,81.9,1.000,21.1,13.6,-58.4,-28.9,13.6,100.9,-73.9,punto adelante de la componente
1036,31.111,MEDIUM,toca_abajo,80.8,1.000,22.1,15.8,-57.4,-24.4,15.8,100.7,-73.2,punto adelante de la componente
1037,31.141,MEDIUM,toca_abajo,80.8,1.000,22.1,15.8,-57.4,-24.4,15.8,100.7,-73.2,punto adelante de la componente
1038,31.171,HIGH,toca_abajo,79.4,1.000,24.0,18.9,-55.5,-20.1,18.9,100.6,-72.3,punto adelante de la componente
1039,31.201,HIGH,toca_abajo,77.4,1.000,26.0,23.5,-53.5,-10.1,23.5,100.4,-70.7,punto adelante de la componente
1040,31.231,HIGH,toca_abajo,74.8,1.000,26.1,24.9,-53.4,-4.7,24.9,100.2,-70.1,punto adelante de la componente
1041,31.261,HIGH,toca_abajo,74.8,1.000,26.1,24.9,-53.4,-4.7,24.9,100.2,-70.1,punto adelante de la componente
1042,31.291,HIGH,toca_abajo,69.8,1.000,30.8,28.5,-48.7,-8.9,28.5,100.0,-68.6,punto adelante de la componente
1043,31.321,HIGH,toca_abajo,60.5,0.907,38.3,32.4,-41.2,-22.4,32.4,99.9,-66.9,punto adelante de la componente
1044,31.351,HIGH,toca_abajo,59.1,0.887,44.1,37.9,-35.4,-23.0,37.9,99.9,-64.2,punto adelante de la componente
1045,31.381,HIGH,toca_abajo,53.1,0.796,53.7,48.0,-25.8,-21.7,48.0,99.9,-57.5,punto adelante de la componente
1046,31.411,HIGH,toca_abajo,44.5,0.668,56.2,49.3,-23.3,-25.5,49.3,99.8,-56.3,punto adelante de la componente
1047,31.441,HIGH,toca_abajo,35.2,0.528,62.2,55.3,-17.3,-25.2,55.3,99.8,-50.2,punto adelante de la componente
1048,31.471,HIGH,toca_abajo,35.2,0.528,62.2,55.3,-17.3,-25.2,55.3,99.8,-50.2,punto adelante de la componente
1049,31.502,HIGH,toca_abajo,27.3,0.410,68.2,61.1,-11.3,-26.1,61.1,99.9,-42.4,punto adelante de la componente
1050,31.532,HIGH,toca_abajo,35.1,0.527,70.9,62.4,-8.6,-30.7,62.4,100.0,-40.6,punto adelante de la componente
1051,31.562,HIGH,toca_abajo,37.2,0.559,68.5,60.9,-11.0,-27.8,60.9,100.0,-42.9,punto adelante de la componente
1052,31.592,HIGH,toca_abajo,43.2,0.648,65.2,57.7,-14.3,-27.6,57.7,100.0,-47.5,punto adelante de la componente
1053,31.622,HIGH,toca_abajo,43.2,0.648,65.2,57.7,-14.3,-27.6,57.7,100.0,-47.5,punto adelante de la componente
1054,31.652,HIGH,toca_abajo,52.2,0.783,57.0,51.1,-22.5,-22.3,51.1,99.9,-54.8,punto adelante de la componente
1055,31.682,HIGH,toca_abajo,59.2,0.889,47.8,43.6,-31.7,-16.1,43.6,99.9,-60.8,punto adelante de la componente
1056,31.712,HIGH,toca_abajo,65.0,0.976,36.6,32.8,-42.9,-14.9,32.8,99.9,-66.7,punto adelante de la componente
1057,31.742,HIGH,toca_abajo,67.9,1.000,29.3,26.2,-50.2,-12.1,26.2,99.9,-69.4,punto adelante de la componente
1058,31.772,HIGH,toca_abajo,69.7,1.000,23.1,21.0,-56.4,-8.0,21.0,100.0,-71.1,punto adelante de la componente
1059,31.802,HIGH,toca_abajo,69.7,1.000,23.1,21.0,-56.4,-8.0,21.0,100.0,-71.1,punto adelante de la componente
1060,31.832,HIGH,toca_abajo,69.9,1.000,20.2,19.0,-59.3,-4.8,19.0,100.0,-71.7,punto adelante de la componente
1061,31.862,HIGH,toca_abajo,70.1,1.000,18.2,17.8,-61.3,-1.7,17.8,100.0,-72.1,punto adelante de la componente
1062,31.892,HIGH,toca_abajo,69.9,1.000,17.1,17.0,-62.4,-0.2,17.0,100.0,-72.3,punto adelante de la componente
1063,31.922,HIGH,toca_abajo,69.4,1.000,17.7,17.5,-61.8,-1.0,17.5,100.0,-72.1,punto adelante de la componente
1064,31.952,HIGH,toca_abajo,69.4,1.000,17.7,17.5,-61.8,-1.0,17.5,100.0,-72.1,punto adelante de la componente
1065,31.982,HIGH,toca_abajo,68.8,1.000,17.7,17.5,-61.8,-1.0,17.5,100.0,-72.1,punto adelante de la componente
1066,32.012,HIGH,toca_abajo,67.9,1.000,19.3,18.5,-60.2,-3.2,18.5,100.0,-71.8,punto adelante de la componente
1067,32.042,HIGH,toca_abajo,67.6,1.000,20.0,18.5,-59.5,-6.2,18.5,100.0,-71.8,punto adelante de la componente
1068,32.072,HIGH,toca_abajo,67.5,1.000,19.2,18.0,-60.3,-4.8,18.0,100.0,-72.0,punto adelante de la componente
1069,32.102,HIGH,toca_abajo,67.5,1.000,19.2,18.0,-60.3,-4.8,18.0,100.0,-72.0,punto adelante de la componente
1070,32.132,HIGH,toca_abajo,65.1,0.976,25.1,24.2,-54.4,-3.4,24.2,100.0,-70.1,punto adelante de la componente
1071,32.162,HIGH,toca_abajo,61.7,0.925,30.8,29.5,-48.7,-5.3,29.5,100.0,-68.2,punto adelante de la componente
1072,32.192,HIGH,toca_abajo,58.4,0.876,35.1,34.0,-44.4,-4.3,34.0,100.0,-66.3,punto adelante de la componente
1073,32.222,HIGH,toca_abajo,56.1,0.841,36.4,35.9,-43.1,-1.9,35.9,100.0,-65.3,punto adelante de la componente
1074,32.252,HIGH,toca_abajo,54.9,0.824,37.0,37.0,-42.5,0.0,37.0,100.0,-64.8,punto adelante de la componente
1075,32.282,HIGH,toca_abajo,52.8,0.792,39.2,39.0,-40.3,-0.8,39.0,100.0,-63.7,punto adelante de la componente
1076,32.312,HIGH,toca_abajo,52.8,0.792,39.2,39.0,-40.3,-0.8,39.0,100.0,-63.7,punto adelante de la componente
1077,32.342,HIGH,toca_abajo,49.9,0.748,41.0,41.0,-38.5,0.0,41.0,100.0,-62.5,punto adelante de la componente
1078,32.372,HIGH,toca_abajo,49.2,0.738,41.1,41.0,-38.4,-0.2,41.0,100.0,-62.5,punto adelante de la componente
1079,32.402,HIGH,toca_abajo,49.6,0.744,39.6,39.7,-39.9,0.5,39.7,100.0,-63.4,punto adelante de la componente
1080,32.432,HIGH,toca_abajo,50.2,0.752,38.3,39.0,-41.2,2.9,39.0,100.1,-63.8,punto adelante de la componente
1081,32.462,HIGH,toca_abajo,50.2,0.752,38.3,39.0,-41.2,2.9,39.0,100.1,-63.8,punto adelante de la componente
1082,32.492,HIGH,toca_abajo,48.8,0.732,40.5,41.2,-39.0,2.7,41.2,100.0,-62.5,punto adelante de la componente
1083,32.523,HIGH,toca_abajo,48.4,0.727,41.5,42.4,-38.0,3.2,42.4,100.1,-61.8,punto adelante de la componente
1084,32.553,HIGH,toca_abajo,49.2,0.738,60.6,57.8,-18.9,-11.3,57.8,100.1,-47.5,punto adelante de la componente
1085,32.583,HIGH,toca_abajo,52.4,0.787,42.8,43.7,-36.7,3.5,43.7,100.0,-60.9,punto adelante de la componente
1086,32.613,HIGH,toca_abajo,57.5,0.862,60.5,47.9,-19.0,-39.9,47.9,99.6,-57.1,punto adelante de la componente
1087,32.643,HIGH,toca_abajo,57.5,0.862,60.5,47.9,-19.0,-39.9,47.9,99.6,-57.1,punto adelante de la componente
1088,32.673,HIGH,toca_abajo,61.7,0.926,43.6,30.0,-35.9,-43.1,30.0,100.0,-68.0,punto adelante de la componente
1089,32.703,HIGH,toca_abajo,64.1,0.962,37.0,30.5,-42.5,-25.3,30.5,100.0,-67.8,punto adelante de la componente
1090,32.733,HIGH,toca_abajo,64.1,0.962,37.0,30.5,-42.5,-25.3,30.5,100.0,-67.8,punto adelante de la componente
1091,32.763,MEDIUM,toca_abajo,68.1,1.000,24.1,24.0,-55.4,-0.2,24.0,100.0,-70.2,punto adelante de la componente
1092,32.793,MEDIUM,toca_abajo,70.4,1.000,25.6,25.5,-53.9,-0.2,25.5,100.0,-69.7,punto adelante de la componente
1093,32.823,MEDIUM,toca_abajo,70.4,1.000,25.6,25.5,-53.9,-0.2,25.5,100.0,-69.7,punto adelante de la componente
1094,32.853,MEDIUM,toca_abajo,76.7,1.000,25.6,26.5,-53.9,4.7,26.5,103.2,-72.4,punto adelante de la componente
1095,32.883,MEDIUM,toca_abajo,79.9,1.000,77.5,87.5,-2.0,45.1,87.5,104.7,27.8,punto adelante de la componente
1096,32.913,LOW,toca_abajo,80.3,1.000,81.8,,2.3,,87.5,104.7,27.8,ultimo objetivo confiable (memoria)
1097,32.943,LOW,toca_abajo,-69.0,1.000,100.2,,20.7,,87.5,104.7,27.8,ultimo objetivo confiable (memoria)
1098,32.973,LOW,toca_abajo,-69.0,1.000,100.2,,20.7,,87.5,104.7,27.8,ultimo objetivo confiable (memoria)
1099,33.003,PERDIDA,sin_componente,-63.2,0.000,,,,,,,0.0,sin objetivo
1100,33.033,SIN_CERCA,salto_grande,-44.5,-0.600,,,,,87.5,104.7,27.8,memoria
1101,33.063,SIN_CERCA,salto_grande,-43.7,-0.600,,,,,87.5,104.7,27.8,memoria
1102,33.093,SIN_CERCA,salto_grande,-44.7,-0.600,,,,,87.5,104.7,27.8,memoria
1103,33.123,SIN_CERCA,salto_grande,-44.7,-0.600,,,,,87.5,104.7,27.8,memoria
1104,33.153,SIN_CERCA,salto_grande,-45.1,-0.600,,,,,87.5,104.7,27.8,memoria
1105,33.183,SIN_CERCA,salto_grande,-44.3,-0.600,,,,,87.5,104.7,27.8,memoria
1106,33.213,SIN_CERCA,salto_grande,-44.1,-0.600,,,,,87.5,104.7,27.8,memoria
1107,33.243,SIN_CERCA,salto_grande,-44.1,-0.600,,,,,87.5,104.7,27.8,memoria
1108,33.273,SIN_CERCA,continuidad,-44.2,-0.600,,,,,87.5,104.7,27.8,memoria
1109,33.303,SIN_CERCA,continuidad,-41.4,-0.600,,,,,87.5,104.7,27.8,memoria
1110,33.333,SIN_CERCA,continuidad,-41.2,-0.600,,,,,87.5,104.7,27.8,memoria
1111,33.363,SIN_CERCA,continuidad,-41.3,-0.600,,,,,87.5,104.7,27.8,memoria
1112,33.393,SIN_CERCA,continuidad,-42.1,-0.600,,,,,87.5,104.7,27.8,memoria
1113,33.423,SIN_CERCA,continuidad,-42.1,-0.600,,,,,87.5,104.7,27.8,memoria
1114,33.453,SIN_CERCA,continuidad,-42.5,-0.600,,,,,87.5,104.7,27.8,memoria
1115,33.483,SIN_CERCA,continuidad,-34.7,-0.600,,,,,87.5,104.7,27.8,memoria
1116,33.514,SIN_CERCA,continuidad,-30.6,-0.600,,,,,87.5,104.7,27.8,memoria
1117,33.544,SIN_CERCA,continuidad,-28.5,-0.600,,,,,87.5,104.7,27.8,memoria
1118,33.574,SIN_CERCA,continuidad,-26.4,-0.600,,138.6,,,138.6,75.2,52.8,componente visible arriba
1119,33.604,SIN_CERCA,continuidad,-26.4,-0.600,,138.6,,,138.6,75.2,52.8,componente visible arriba
1120,33.634,SIN_CERCA,continuidad,-23.6,-0.354,,130.6,,,130.6,75.7,49.1,componente visible arriba
1121,33.664,SIN_CERCA,continuidad,-16.1,-0.242,,133.3,,,133.3,77.7,51.8,componente visible arriba
1122,33.694,SIN_CERCA,continuidad,-15.0,-0.225,,135.7,,,135.7,78.6,53.6,componente visible arriba
1123,33.724,SIN_CERCA,continuidad,-15.0,-0.225,,135.7,,,135.7,78.6,53.6,componente visible arriba
1124,33.754,SIN_CERCA,continuidad,-13.7,-0.206,,139.1,,,139.1,77.7,54.6,componente visible arriba
1125,33.784,SIN_CERCA,continuidad,-13.3,-0.199,,133.4,,,133.4,77.8,51.9,componente visible arriba
1126,33.814,SIN_CERCA,salto_grande,-6.1,-0.091,,90.4,,,90.4,77.9,14.5,componente visible arriba
1127,33.844,SIN_CERCA,continuidad,-6.1,-0.091,,90.4,,,90.4,77.9,14.5,componente visible arriba
1128,33.874,SIN_CERCA,continuidad,-7.7,-0.116,,55.9,,,55.9,82.3,-32.0,componente visible arriba
1129,33.904,SIN_CERCA,continuidad,-6.6,-0.098,,12.6,,,12.6,79.7,-58.9,componente visible arriba
1130,33.934,SIN_CERCA,continuidad,-4.5,-0.067,,16.2,,,16.2,96.2,-69.4,componente visible arriba
1131,33.964,SIN_CERCA,continuidad,-4.5,-0.067,,16.2,,,16.2,96.2,-69.4,componente visible arriba
1132,33.994,SIN_CERCA,continuidad,-6.0,-0.090,,8.6,,,8.6,99.9,-74.2,componente visible arriba
1133,34.024,SIN_CERCA,continuidad,-7.2,-0.107,6.5,4.5,-73.0,-9.3,4.5,98.8,-74.2,componente visible arriba
1134,34.054,LOW,toca_abajo,-4.9,-0.074,6.6,,-72.9,,4.5,98.8,-74.2,ultimo objetivo confiable (memoria)
1135,34.084,SIN_CERCA,continuidad,-1.3,-0.020,,6.0,,,6.0,78.7,-60.7,componente visible arriba
1136,34.114,SIN_CERCA,continuidad,-1.3,-0.020,,6.0,,,6.0,78.7,-60.7,componente visible arriba
1137,34.144,SIN_CERCA,continuidad,-5.3,-0.079,,8.5,,,8.5,77.2,-58.9,componente visible arriba
1138,34.174,SIN_CERCA,continuidad,-6.4,-0.097,,10.1,,,10.1,77.0,-58.2,componente visible arriba
1139,34.204,SIN_CERCA,continuidad,-14.7,-0.221,,,,,10.1,77.0,-58.2,memoria
1140,34.234,SIN_CERCA,continuidad,-14.7,-0.221,,,,,10.1,77.0,-58.2,memoria
1141,34.264,SIN_CERCA,continuidad,15.7,0.236,,,,,10.1,77.0,-58.2,memoria
