source_frame,source_time_s,estado,origen_componente,ang_actual,ang_estados,x_near,x_mid,e_lat,e_head,target_x,target_y,ang_lookahead,motivo_target
0,0.000,HIGH,toca_abajo,43.2,0.648,72.2,61.0,-7.3,-38.3,61.0,100.1,-42.9,punto adelante de la componente
1,0.030,HIGH,toca_abajo,63.4,0.951,2.0,6.8,-77.5,19.3,6.8,99.6,-74.3,punto adelante de la componente
2,0.060,SIN_CERCA,continuidad,60.3,0.600,2.1,7.6,-77.4,23.2,7.6,99.5,-74.1,componente visible arriba
3,0.090,HIGH,toca_abajo,61.1,0.916,3.0,8.8,-76.5,22.5,8.8,99.6,-73.9,punto adelante de la componente
4,0.120,HIGH,toca_abajo,61.6,0.924,4.0,9.8,-75.5,22.5,9.8,99.6,-73.7,punto adelante de la componente
5,0.150,HIGH,toca_abajo,62.4,0.936,8.3,14.6,-71.2,23.6,14.6,99.7,-72.7,punto adelante de la componente
6,0.180,HIGH,toca_abajo,62.4,0.936,8.3,14.6,-71.2,23.6,14.6,99.7,-72.7,punto adelante de la componente
7,0.210,HIGH,toca_abajo,63.4,0.951,15.8,21.1,-63.7,20.0,21.1,99.8,-71.0,punto adelante de la componente
8,0.240,HIGH,toca_abajo,63.0,0.945,20.6,25.9,-58.9,20.0,25.9,99.9,-69.5,punto adelante de la componente
9,0.270,HIGH,toca_abajo,60.6,0.909,27.6,37.5,-51.9,34.7,37.5,100.1,-64.7,punto adelante de la componente
10,0.300,HIGH,toca_abajo,60.6,0.909,27.6,37.5,-51.9,34.7,37.5,100.1,-64.7,punto adelante de la componente
11,0.330,HIGH,toca_abajo,52.4,0.786,38.5,52.4,-41.0,43.9,52.4,100.1,-53.7,punto adelante de la componente
12,0.360,HIGH,toca_abajo,29.0,0.436,54.0,68.0,-25.5,44.0,68.0,100.2,-30.2,punto adelante de la componente
13,0.390,HIGH,toca_abajo,-29.1,-0.437,79.2,90.6,-0.3,38.2,90.6,100.2,29.3,punto adelante de la componente
14,0.420,HIGH,toca_abajo,-29.1,-0.437,79.2,90.6,-0.3,38.2,90.6,100.2,29.3,punto adelante de la componente
15,0.450,HIGH,toca_abajo,-54.8,-0.822,100.3,108.7,20.8,30.1,108.7,100.2,55.7,punto adelante de la componente
16,0.480,HIGH,toca_abajo,-60.3,-0.904,111.3,116.0,31.8,18.0,116.0,100.2,61.5,punto adelante de la componente
17,0.511,HIGH,toca_abajo,-60.3,-0.904,111.3,116.0,31.8,18.0,116.0,100.2,61.5,punto adelante de la componente
18,0.541,HIGH,toca_abajo,-52.6,-0.789,101.5,106.1,22.0,17.7,106.1,100.2,53.3,punto adelante de la componente
19,0.571,HIGH,toca_abajo,-43.2,-0.648,93.0,98.7,13.5,21.6,98.7,100.1,44.0,punto adelante de la componente
20,0.601,HIGH,toca_abajo,-43.2,-0.648,93.0,98.7,13.5,21.6,98.7,100.1,44.0,punto adelante de la componente
21,0.631,HIGH,toca_abajo,-21.1,-0.317,80.8,87.2,1.3,23.9,87.2,100.1,21.2,punto adelante de la componente
22,0.661,HIGH,toca_abajo,7.6,0.113,68.8,76.7,-10.7,28.9,76.7,100.2,-7.9,punto adelante de la componente
23,0.691,HIGH,toca_abajo,23.6,0.354,62.6,70.5,-16.9,28.8,70.5,100.1,-24.3,punto adelante de la componente
24,0.721,HIGH,toca_abajo,23.6,0.354,62.6,70.5,-16.9,28.8,70.5,100.1,-24.3,punto adelante de la componente
25,0.751,HIGH,toca_abajo,40.0,0.600,53.4,61.8,-26.1,30.1,61.8,100.1,-41.6,punto adelante de la componente
26,0.781,HIGH,toca_abajo,39.8,0.598,51.9,61.9,-27.6,34.6,61.9,100.1,-41.5,punto adelante de la componente
27,0.811,HIGH,toca_abajo,39.8,0.598,51.9,61.9,-27.6,34.6,61.9,100.1,-41.5,punto adelante de la componente
28,0.841,HIGH,toca_abajo,29.9,0.449,58.2,67.3,-21.3,32.1,67.3,100.1,-31.5,punto adelante de la componente
29,0.871,HIGH,toca_abajo,14.1,0.211,65.3,74.0,-14.2,31.1,74.0,100.1,-15.4,punto adelante de la componente
30,0.901,HIGH,toca_abajo,14.1,0.211,65.3,74.0,-14.2,31.1,74.0,100.1,-15.4,punto adelante de la componente
31,0.931,HIGH,toca_abajo,-13.5,-0.203,75.8,84.1,-3.7,29.8,84.1,100.1,13.1,punto adelante de la componente
32,0.961,HIGH,toca_abajo,-38.1,-0.571,87.3,95.2,7.8,28.6,95.2,100.2,38.4,punto adelante de la componente
33,0.991,HIGH,toca_abajo,-38.1,-0.571,87.3,95.2,7.8,28.6,95.2,100.2,38.4,punto adelante de la componente
34,1.021,HIGH,toca_abajo,-52.7,-0.791,100.9,107.1,21.4,22.9,107.1,100.1,54.2,punto adelante de la componente
35,1.051,HIGH,toca_abajo,-57.3,-0.860,109.3,112.3,29.8,11.6,112.3,100.2,58.8,punto adelante de la componente
36,1.081,HIGH,toca_abajo,-50.1,-0.752,101.4,104.4,21.9,12.0,104.4,100.1,51.5,punto adelante de la componente
37,1.111,HIGH,toca_abajo,-50.1,-0.752,101.4,104.4,21.9,12.0,104.4,100.1,51.5,punto adelante de la componente
38,1.141,HIGH,toca_abajo,-35.1,-0.527,89.4,93.7,9.9,16.7,93.7,100.1,35.5,punto adelante de la componente
39,1.171,HIGH,toca_abajo,-17.1,-0.256,80.6,85.8,1.1,19.7,85.8,100.1,17.6,punto adelante de la componente
40,1.201,HIGH,toca_abajo,-17.1,-0.256,80.6,85.8,1.1,19.7,85.8,100.1,17.6,punto adelante de la componente
41,1.231,HIGH,toca_abajo,6.6,0.099,71.2,77.0,-8.2,21.7,77.0,100.1,-7.2,punto adelante de la componente
42,1.261,HIGH,toca_abajo,25.9,0.388,63.1,69.4,-16.4,23.6,69.4,100.1,-26.9,punto adelante de la componente
43,1.291,HIGH,toca_abajo,25.9,0.388,63.1,69.4,-16.4,23.6,69.4,100.1,-26.9,punto adelante de la componente
44,1.321,HIGH,toca_abajo,42.7,0.640,53.1,59.7,-26.4,24.6,59.7,100.1,-44.9,punto adelante de la componente
45,1.351,HIGH,toca_abajo,45.0,0.676,50.3,58.0,-29.2,28.1,58.0,100.1,-47.2,punto adelante de la componente
46,1.381,HIGH,toca_abajo,45.0,0.676,50.3,58.0,-29.2,28.1,58.0,100.1,-47.2,punto adelante de la componente
47,1.411,HIGH,toca_abajo,35.6,0.534,56.5,64.0,-23.0,27.7,64.0,100.1,-37.9,punto adelante de la componente
48,1.441,HIGH,toca_abajo,21.3,0.320,64.2,70.9,-15.3,24.7,70.9,100.1,-23.5,punto adelante de la componente
49,1.471,HIGH,toca_abajo,21.3,0.320,64.2,70.9,-15.3,24.7,70.9,100.1,-23.5,punto adelante de la componente
50,1.502,HIGH,toca_abajo,-4.1,-0.062,74.2,80.6,-5.3,24.1,80.6,100.1,3.3,punto adelante de la componente
51,1.532,HIGH,toca_abajo,-26.8,-0.402,83.9,89.4,4.4,20.9,89.4,100.1,26.4,punto adelante de la componente
52,1.562,HIGH,toca_abajo,-26.8,-0.402,83.9,89.4,4.4,20.9,89.4,100.1,26.4,punto adelante de la componente
53,1.592,HIGH,toca_abajo,-46.0,-0.689,96.1,101.0,16.6,18.9,101.0,100.1,47.3,punto adelante de la componente
54,1.622,HIGH,toca_abajo,-53.1,-0.797,105.7,108.2,26.2,9.7,108.2,100.1,55.3,punto adelante de la componente
55,1.652,HIGH,toca_abajo,-53.1,-0.797,105.7,108.2,26.2,9.7,108.2,100.1,55.3,punto adelante de la componente
56,1.682,HIGH,toca_abajo,-49.1,-0.737,102.8,104.3,23.3,5.7,104.3,100.1,51.2,punto adelante de la componente
57,1.712,HIGH,toca_abajo,-45.5,-0.683,98.9,101.1,19.4,8.5,101.1,100.1,47.3,punto adelante de la componente
58,1.742,HIGH,toca_abajo,-45.5,-0.683,98.9,101.1,19.4,8.5,101.1,100.1,47.3,punto adelante de la componente
59,1.772,HIGH,toca_abajo,-33.6,-0.504,92.2,93.4,12.7,4.8,93.4,100.1,35.0,punto adelante de la componente
60,1.802,HIGH,toca_abajo,-3.1,-0.046,77.5,80.7,-2.0,12.3,80.7,100.1,3.4,punto adelante de la componente
61,1.832,HIGH,toca_abajo,27.3,0.409,64.6,68.6,-14.9,15.2,68.6,100.1,-28.8,punto adelante de la componente
62,1.862,HIGH,toca_abajo,27.3,0.409,64.6,68.6,-14.9,15.2,68.6,100.1,-28.8,punto adelante de la componente
63,1.892,HIGH,toca_abajo,47.1,0.707,51.8,56.6,-27.7,18.6,56.6,100.1,-49.0,punto adelante de la componente
64,1.922,HIGH,toca_abajo,53.0,0.795,44.6,51.2,-34.9,24.6,51.2,100.1,-54.9,punto adelante de la componente
65,1.952,HIGH,toca_abajo,53.0,0.795,44.6,51.2,-34.9,24.6,51.2,100.1,-54.9,punto adelante de la componente
66,1.982,HIGH,toca_abajo,49.3,0.740,47.3,54.1,-32.2,25.2,54.1,100.1,-51.9,punto adelante de la componente
67,2.012,HIGH,toca_abajo,31.5,0.473,59.9,66.1,-19.6,23.1,66.1,100.1,-34.0,punto adelante de la componente
68,2.042,HIGH,toca_abajo,31.5,0.473,59.9,66.1,-19.6,23.1,66.1,100.1,-34.0,punto adelante de la componente
69,2.072,HIGH,toca_abajo,18.4,0.276,66.5,72.1,-13.0,21.4,72.1,100.1,-20.3,punto adelante de la componente
70,2.102,HIGH,toca_abajo,18.4,0.276,66.5,72.1,-13.0,21.4,72.1,100.1,-20.3,punto adelante de la componente
71,2.132,HIGH,toca_abajo,-4.5,-0.067,74.6,80.8,-4.9,23.1,80.8,100.1,3.7,punto adelante de la componente
72,2.162,HIGH,toca_abajo,-34.5,-0.517,88.5,93.4,9.0,19.0,93.4,100.1,35.0,punto adelante de la componente
73,2.192,HIGH,toca_abajo,-51.9,-0.779,102.4,106.2,22.9,14.8,106.2,100.1,53.4,punto adelante de la componente
74,2.222,HIGH,toca_abajo,-51.9,-0.779,102.4,106.2,22.9,14.8,106.2,100.1,53.4,punto adelante de la componente
75,2.252,HIGH,toca_abajo,-59.8,-0.897,115.6,117.1,36.1,5.8,117.1,100.1,62.1,punto adelante de la componente
76,2.282,HIGH,toca_abajo,-60.2,-0.903,117.4,117.5,37.9,0.3,117.5,100.1,62.4,punto adelante de la componente
77,2.312,HIGH,toca_abajo,-60.2,-0.903,117.4,117.5,37.9,0.3,117.5,100.1,62.4,punto adelante de la componente
78,2.342,HIGH,toca_abajo,-55.1,-0.827,110.8,110.5,31.3,-1.3,110.5,100.1,57.3,punto adelante de la componente
79,2.372,HIGH,toca_abajo,-45.3,-0.679,100.9,100.8,21.4,-0.5,100.8,100.1,46.9,punto adelante de la componente
80,2.402,HIGH,toca_abajo,-45.3,-0.679,100.9,100.8,21.4,-0.5,100.8,100.1,46.9,punto adelante de la componente
81,2.432,HIGH,toca_abajo,-23.8,-0.357,87.9,89.0,8.4,4.3,89.0,100.1,25.4,punto adelante de la componente
82,2.462,HIGH,toca_abajo,5.7,0.086,74.3,77.6,-5.2,13.0,77.6,100.1,-5.4,punto adelante de la componente
83,2.492,HIGH,toca_abajo,5.7,0.086,74.3,77.6,-5.2,13.0,77.6,100.1,-5.4,punto adelante de la componente
84,2.523,HIGH,toca_abajo,32.4,0.486,62.9,66.1,-16.6,12.4,66.1,100.1,-34.0,punto adelante de la componente
85,2.553,HIGH,toca_abajo,52.8,0.792,46.9,51.0,-32.6,15.8,51.0,100.1,-55.1,punto adelante de la componente
86,2.583,HIGH,toca_abajo,52.8,0.792,46.9,51.0,-32.6,15.8,51.0,100.1,-55.1,punto adelante de la componente
87,2.613,HIGH,toca_abajo,56.7,0.850,40.4,46.4,-39.1,22.5,46.4,100.1,-59.0,punto adelante de la componente
88,2.643,HIGH,toca_abajo,53.3,0.800,43.9,50.3,-35.6,23.7,50.3,100.1,-55.8,punto adelante de la componente
89,2.673,HIGH,toca_abajo,53.3,0.800,43.9,50.3,-35.6,23.7,50.3,100.1,-55.8,punto adelante de la componente
90,2.703,HIGH,toca_abajo,43.7,0.656,52.5,58.6,-27.0,22.8,58.6,100.1,-46.4,punto adelante de la componente
91,2.733,HIGH,toca_abajo,43.7,0.656,52.5,58.6,-27.0,22.8,58.6,100.1,-46.4,punto adelante de la componente
92,2.763,HIGH,toca_abajo,26.1,0.391,63.5,68.8,-16.0,20.2,68.8,100.1,-28.3,punto adelante de la componente
93,2.793,HIGH,toca_abajo,3.5,0.052,72.5,78.0,-7.0,21.1,78.0,100.1,-4.2,punto adelante de la componente
94,2.823,HIGH,toca_abajo,-26.6,-0.399,84.6,89.7,5.1,19.8,89.7,100.1,27.3,punto adelante de la componente
95,2.853,HIGH,toca_abajo,-26.6,-0.399,84.6,89.7,5.1,19.8,89.7,100.1,27.3,punto adelante de la componente
96,2.883,HIGH,toca_abajo,-45.9,-0.689,97.3,100.8,17.8,13.8,100.8,100.1,47.0,punto adelante de la componente
97,2.913,HIGH,toca_abajo,-52.4,-0.787,104.5,107.0,25.0,9.8,107.0,100.1,54.1,punto adelante de la componente
98,2.943,HIGH,toca_abajo,-52.4,-0.787,104.5,107.0,25.0,9.8,107.0,100.1,54.1,punto adelante de la componente
99,2.973,HIGH,toca_abajo,-44.5,-0.667,98.3,100.0,18.8,6.8,100.0,100.1,45.9,punto adelante de la componente
100,3.003,HIGH,toca_abajo,-35.0,-0.525,92.2,94.2,12.7,8.0,94.2,100.1,36.5,punto adelante de la componente
101,3.033,HIGH,toca_abajo,-13.8,-0.208,82.2,84.7,2.7,9.8,84.7,100.1,14.7,punto adelante de la componente
102,3.063,HIGH,toca_abajo,-13.8,-0.208,82.2,84.7,2.7,9.8,84.7,100.1,14.7,punto adelante de la componente
103,3.093,HIGH,toca_abajo,3.8,0.057,74.3,78.4,-5.2,15.9,78.4,100.1,-3.2,punto adelante de la componente
104,3.123,HIGH,toca_abajo,19.0,0.286,69.0,72.4,-10.5,13.6,72.4,100.1,-19.6,punto adelante de la componente
105,3.153,HIGH,toca_abajo,19.0,0.286,69.0,72.4,-10.5,13.6,72.4,100.1,-19.6,punto adelante de la componente
106,3.183,HIGH,toca_abajo,37.0,0.554,60.5,63.3,-19.0,10.9,63.3,100.1,-39.2,punto adelante de la componente
107,3.213,HIGH,toca_abajo,40.5,0.607,56.8,61.2,-22.7,16.8,61.2,100.1,-42.6,punto adelante de la componente
108,3.243,HIGH,toca_abajo,40.5,0.607,56.8,61.2,-22.7,16.8,61.2,100.1,-42.6,punto adelante de la componente
109,3.273,HIGH,toca_abajo,23.2,0.348,66.0,70.2,-13.5,16.5,70.2,100.1,-25.0,punto adelante de la componente
110,3.303,HIGH,toca_abajo,14.0,0.210,70.9,74.6,-8.6,14.5,74.6,100.1,-13.9,punto adelante de la componente
111,3.333,HIGH,toca_abajo,-0.1,-0.001,75.6,79.8,-3.9,16.4,79.8,100.1,1.0,punto adelante de la componente
112,3.363,HIGH,toca_abajo,-0.1,-0.001,75.6,79.8,-3.9,16.4,79.8,100.1,1.0,punto adelante de la componente
113,3.393,HIGH,toca_abajo,-22.0,-0.329,85.9,88.3,6.4,9.4,88.3,100.1,23.9,punto adelante de la componente
114,3.423,HIGH,toca_abajo,-34.7,-0.521,93.3,94.7,13.8,5.6,94.7,100.1,37.4,punto adelante de la componente
115,3.453,HIGH,toca_abajo,-34.7,-0.521,93.3,94.7,13.8,5.6,94.7,100.1,37.4,punto adelante de la componente
116,3.483,HIGH,toca_abajo,-39.2,-0.587,96.8,97.3,17.3,1.7,97.3,100.1,41.8,punto adelante de la componente
117,3.514,HIGH,toca_abajo,-39.2,-0.587,96.8,97.3,17.3,1.7,97.3,100.1,41.8,punto adelante de la componente
118,3.544,HIGH,toca_abajo,-38.8,-0.582,98.7,97.2,19.2,-5.9,97.2,100.1,41.7,punto adelante de la componente
119,3.574,HIGH,toca_abajo,-23.9,-0.358,90.5,89.3,11.0,-4.5,89.3,100.1,26.3,punto adelante de la componente
120,3.604,HIGH,toca_abajo,-23.9,-0.358,90.5,89.3,11.0,-4.5,89.3,100.1,26.3,punto adelante de la componente
121,3.634,HIGH,toca_abajo,-16.6,-0.249,87.5,86.4,8.0,-4.3,86.4,100.1,19.2,punto adelante de la componente
122,3.664,HIGH,toca_abajo,3.0,0.045,79.7,78.8,0.2,-3.5,78.8,100.1,-2.1,punto adelante de la componente
123,3.694,HIGH,toca_abajo,18.9,0.283,72.5,72.5,-7.0,0.2,72.5,100.1,-19.4,punto adelante de la componente
124,3.724,HIGH,toca_abajo,18.9,0.283,72.5,72.5,-7.0,0.2,72.5,100.1,-19.4,punto adelante de la componente
125,3.754,HIGH,toca_abajo,30.6,0.459,67.1,67.1,-12.4,-0.0,67.1,100.1,-31.9,punto adelante de la componente
126,3.784,HIGH,toca_abajo,33.8,0.506,64.6,65.3,-14.9,3.0,65.3,100.1,-35.5,punto adelante de la componente
127,3.814,HIGH,toca_abajo,33.8,0.506,64.6,65.3,-14.9,3.0,65.3,100.1,-35.5,punto adelante de la componente
128,3.844,HIGH,toca_abajo,15.2,0.228,72.3,73.7,-7.2,5.8,73.7,100.1,-16.2,punto adelante de la componente
129,3.874,HIGH,toca_abajo,4.0,0.059,78.6,78.1,-0.9,-1.8,78.1,100.1,-3.9,punto adelante de la componente
130,3.904,HIGH,toca_abajo,4.0,0.059,78.6,78.1,-0.9,-1.8,78.1,100.1,-3.9,punto adelante de la componente
131,3.934,HIGH,toca_abajo,-9.7,-0.146,83.5,83.1,4.0,-1.6,83.1,100.1,10.4,punto adelante de la componente
132,3.964,HIGH,toca_abajo,-20.5,-0.308,88.6,87.5,9.1,-4.4,87.5,100.1,22.0,punto adelante de la componente
133,3.994,HIGH,toca_abajo,-28.5,-0.428,92.9,91.3,13.4,-6.4,91.3,100.1,30.6,punto adelante de la componente
134,4.024,HIGH,toca_abajo,-28.5,-0.428,92.9,91.3,13.4,-6.4,91.3,100.1,30.6,punto adelante de la componente
135,4.054,HIGH,toca_abajo,-19.3,-0.289,89.7,87.0,10.2,-10.4,87.0,100.1,20.7,punto adelante de la componente
136,4.084,HIGH,toca_abajo,-11.7,-0.176,85.0,84.0,5.5,-4.0,84.0,100.1,12.8,punto adelante de la componente
137,4.114,HIGH,toca_abajo,-11.7,-0.176,85.0,84.0,5.5,-4.0,84.0,100.1,12.8,punto adelante de la componente
138,4.144,HIGH,toca_abajo,2.1,0.031,79.9,78.7,0.4,-4.9,78.7,100.1,-2.3,punto adelante de la componente
139,4.174,HIGH,toca_abajo,2.1,0.031,79.9,78.7,0.4,-4.9,78.7,100.1,-2.3,punto adelante de la componente
140,4.204,HIGH,toca_abajo,15.8,0.237,72.8,73.2,-6.7,1.6,73.2,100.1,-17.5,punto adelante de la componente
141,4.234,HIGH,toca_abajo,25.8,0.387,68.3,68.4,-11.2,0.4,68.4,100.1,-29.2,punto adelante de la componente
142,4.264,HIGH,toca_abajo,25.3,0.379,66.9,68.2,-12.6,5.4,68.2,100.1,-29.5,punto adelante de la componente
143,4.294,HIGH,toca_abajo,25.3,0.379,66.9,68.2,-12.6,5.4,68.2,100.1,-29.5,punto adelante de la componente
144,4.324,HIGH,toca_abajo,23.7,0.355,68.0,69.1,-11.5,4.5,69.1,100.1,-27.5,punto adelante de la componente
145,4.354,HIGH,toca_abajo,22.0,0.330,67.8,69.7,-11.7,7.3,69.7,100.1,-26.3,punto adelante de la componente
146,4.384,HIGH,toca_abajo,22.0,0.330,67.8,69.7,-11.7,7.3,69.7,100.1,-26.3,punto adelante de la componente
147,4.414,HIGH,toca_abajo,8.4,0.126,74.5,75.5,-5.0,4.0,75.5,100.1,-11.4,punto adelante de la componente
148,4.444,HIGH,toca_abajo,-1.3,-0.020,77.8,79.5,-1.7,6.7,79.5,100.1,-0.0,punto adelante de la componente
149,4.474,HIGH,toca_abajo,-1.3,-0.020,77.8,79.5,-1.7,6.7,79.5,100.1,-0.0,punto adelante de la componente
150,4.505,HIGH,toca_abajo,-15.5,-0.233,84.7,85.1,5.2,1.6,85.1,100.1,15.7,punto adelante de la componente
151,4.535,HIGH,toca_abajo,-28.0,-0.420,90.9,90.9,11.4,-0.3,90.9,100.1,29.7,punto adelante de la componente
152,4.565,HIGH,toca_abajo,-28.0,-0.420,90.9,90.9,11.4,-0.3,90.9,100.1,29.7,punto adelante de la componente
153,4.595,HIGH,toca_abajo,-32.0,-0.480,94.0,92.8,14.5,-4.5,92.8,100.1,33.7,punto adelante de la componente
154,4.625,HIGH,toca_abajo,-24.7,-0.370,90.4,88.8,10.9,-6.4,88.8,100.1,25.0,punto adelante de la componente
155,4.655,HIGH,toca_abajo,-14.9,-0.223,85.2,84.4,5.7,-3.1,84.4,100.1,13.7,punto adelante de la componente
156,4.685,HIGH,toca_abajo,-14.9,-0.223,85.2,84.4,5.7,-3.1,84.4,100.1,13.7,punto adelante de la componente
157,4.715,HIGH,toca_abajo,-2.7,-0.041,79.5,79.7,-0.0,0.9,79.7,100.1,0.5,punto adelante de la componente
158,4.745,HIGH,toca_abajo,12.0,0.180,73.0,73.7,-6.5,2.7,73.7,100.1,-16.3,punto adelante de la componente
159,4.775,HIGH,toca_abajo,12.0,0.180,73.0,73.7,-6.5,2.7,73.7,100.1,-16.3,punto adelante de la componente
160,4.805,HIGH,toca_abajo,23.0,0.345,67.4,68.9,-12.1,5.7,68.9,100.1,-28.1,punto adelante de la componente
161,4.835,HIGH,toca_abajo,27.3,0.409,64.4,66.3,-15.1,7.3,66.3,100.1,-33.7,punto adelante de la componente
162,4.865,HIGH,toca_abajo,27.3,0.409,64.4,66.3,-15.1,7.3,66.3,100.1,-33.7,punto adelante de la componente
163,4.895,HIGH,toca_abajo,25.4,0.381,64.5,67.3,-15.0,11.0,67.3,100.1,-31.5,punto adelante de la componente
164,4.925,HIGH,toca_abajo,8.2,0.124,72.1,74.6,-7.4,9.9,74.6,100.1,-13.8,punto adelante de la componente
165,4.955,HIGH,toca_abajo,8.2,0.124,72.1,74.6,-7.4,9.9,74.6,100.1,-13.8,punto adelante de la componente
166,4.985,HIGH,toca_abajo,-2.0,-0.030,76.6,78.4,-2.9,7.1,78.4,100.1,-3.1,punto adelante de la componente
167,5.015,HIGH,toca_abajo,-16.7,-0.251,82.5,84.4,3.0,7.5,84.4,100.1,14.0,punto adelante de la componente
168,5.045,HIGH,toca_abajo,-29.1,-0.437,89.1,90.4,9.6,5.0,90.4,100.1,28.6,punto adelante de la componente
169,5.075,HIGH,toca_abajo,-29.1,-0.437,89.1,90.4,9.6,5.0,90.4,100.1,28.6,punto adelante de la componente
170,5.105,HIGH,toca_abajo,-28.1,-0.421,88.7,89.5,9.2,3.3,89.5,100.1,26.8,punto adelante de la componente
171,5.135,HIGH,toca_abajo,-28.1,-0.421,88.7,89.5,9.2,3.3,89.5,100.1,26.8,punto adelante de la componente
172,5.165,HIGH,toca_abajo,-22.1,-0.332,85.7,86.9,6.2,4.6,86.9,100.1,20.3,punto adelante de la componente
173,5.195,HIGH,toca_abajo,-11.8,-0.178,80.8,82.3,1.3,5.9,82.3,100.1,8.0,punto adelante de la componente
174,5.225,HIGH,toca_abajo,-11.8,-0.178,80.8,82.3,1.3,5.9,82.3,100.1,8.0,punto adelante de la componente
175,5.255,HIGH,toca_abajo,-4.5,-0.068,76.8,79.6,-2.7,10.8,79.6,100.1,0.2,punto adelante de la componente
176,5.285,HIGH,toca_abajo,4.4,0.066,72.8,75.8,-6.7,11.5,75.8,100.1,-10.7,punto adelante de la componente
177,5.315,HIGH,toca_abajo,10.2,0.152,70.1,73.2,-9.4,12.0,73.2,100.1,-17.7,punto adelante de la componente
178,5.345,HIGH,toca_abajo,10.2,0.152,70.1,73.2,-9.4,12.0,73.2,100.1,-17.7,punto adelante de la componente
179,5.375,HIGH,toca_abajo,12.5,0.187,68.5,72.2,-11.0,14.0,72.2,100.1,-20.3,punto adelante de la componente
180,5.405,HIGH,toca_abajo,10.2,0.152,68.8,73.3,-10.7,17.3,73.3,100.1,-17.4,punto adelante de la componente
181,5.435,HIGH,toca_abajo,10.2,0.152,68.8,73.3,-10.7,17.3,73.3,100.1,-17.4,punto adelante de la componente
182,5.465,HIGH,toca_abajo,-2.1,-0.031,73.5,78.3,-6.0,18.4,78.3,100.1,-3.4,punto adelante de la componente
183,5.495,HIGH,toca_abajo,-12.4,-0.187,77.7,82.7,-1.8,18.8,82.7,100.1,9.0,punto adelante de la componente
184,5.526,HIGH,toca_abajo,-12.4,-0.187,77.7,82.7,-1.8,18.8,82.7,100.1,9.0,punto adelante de la componente
185,5.556,HIGH,toca_abajo,-24.0,-0.360,83.0,88.0,3.5,19.0,88.0,100.1,23.1,punto adelante de la componente
186,5.586,HIGH,toca_abajo,-36.2,-0.543,90.5,93.4,11.0,11.1,93.4,100.1,34.9,punto adelante de la componente
187,5.616,HIGH,toca_abajo,-36.2,-0.543,90.5,93.4,11.0,11.1,93.4,100.1,34.9,punto adelante de la componente
188,5.646,HIGH,toca_abajo,-37.6,-0.565,92.5,93.4,13.0,3.7,93.4,100.0,34.9,punto adelante de la componente
189,5.676,HIGH,toca_abajo,-32.7,-0.490,88.8,90.7,9.3,7.6,90.7,100.1,29.4,punto adelante de la componente
190,5.706,HIGH,toca_abajo,-23.2,-0.348,83.4,86.7,3.9,12.9,86.7,100.1,19.9,punto adelante de la componente
191,5.736,HIGH,toca_abajo,-7.8,-0.117,76.3,80.8,-3.2,17.3,80.8,100.1,3.8,punto adelante de la componente
192,5.766,HIGH,toca_abajo,-7.8,-0.117,76.3,80.8,-3.2,17.3,80.8,100.1,3.8,punto adelante de la componente
193,5.796,HIGH,toca_abajo,8.6,0.129,69.0,75.0,-10.5,22.5,75.0,100.1,-12.9,punto adelante de la componente
194,5.826,HIGH,toca_abajo,18.1,0.271,65.5,71.5,-14.0,22.5,71.5,100.1,-21.9,punto adelante de la componente
195,5.856,HIGH,toca_abajo,28.7,0.431,60.1,66.6,-19.4,24.1,66.6,100.1,-33.0,punto adelante de la componente
196,5.886,HIGH,toca_abajo,32.8,0.491,57.5,64.3,-22.0,25.3,64.3,100.1,-37.4,punto adelante de la componente
197,5.916,HIGH,toca_abajo,32.8,0.491,57.5,64.3,-22.0,25.3,64.3,100.1,-37.4,punto adelante de la componente
198,5.946,HIGH,toca_abajo,27.9,0.418,59.6,67.3,-19.9,28.0,67.3,100.1,-31.6,punto adelante de la componente
199,5.976,HIGH,toca_abajo,2.7,0.041,70.6,77.4,-8.9,25.3,77.4,100.1,-6.0,punto adelante de la componente
200,6.006,HIGH,toca_abajo,2.7,0.041,70.6,77.4,-8.9,25.3,77.4,100.1,-6.0,punto adelante de la componente
201,6.036,HIGH,toca_abajo,-15.1,-0.226,78.3,84.0,-1.2,21.6,84.0,100.1,12.9,punto adelante de la componente
202,6.066,HIGH,toca_abajo,-15.1,-0.226,78.3,84.0,-1.2,21.6,84.0,100.1,12.9,punto adelante de la componente
203,6.096,HIGH,toca_abajo,-34.3,-0.514,88.2,92.9,8.7,18.2,92.9,100.1,34.0,punto adelante de la componente
204,6.126,HIGH,toca_abajo,-45.7,-0.685,96.9,100.8,17.4,15.0,100.8,100.1,47.0,punto adelante de la componente
205,6.156,HIGH,toca_abajo,-40.3,-0.605,94.2,96.9,14.7,10.6,96.9,100.1,41.2,punto adelante de la componente
206,6.186,HIGH,toca_abajo,-40.3,-0.605,94.2,96.9,14.7,10.6,96.9,100.1,41.2,punto adelante de la componente
207,6.216,HIGH,toca_abajo,-40.2,-0.604,94.2,96.9,14.7,10.6,96.9,100.1,41.2,punto adelante de la componente
208,6.246,HIGH,toca_abajo,-30.3,-0.454,89.5,91.6,10.0,8.2,91.6,100.1,31.3,punto adelante de la componente
209,6.276,HIGH,toca_abajo,-12.4,-0.186,81.0,83.6,1.5,10.3,83.6,100.1,11.7,punto adelante de la componente
210,6.306,HIGH,toca_abajo,-12.4,-0.186,81.0,83.6,1.5,10.3,83.6,100.1,11.7,punto adelante de la componente
211,6.336,HIGH,toca_abajo,11.5,0.173,71.9,74.5,-7.6,10.2,74.5,100.1,-14.2,punto adelante de la componente
212,6.366,HIGH,toca_abajo,35.0,0.525,60.9,64.2,-18.6,12.6,64.2,100.1,-37.6,punto adelante de la componente
213,6.396,HIGH,toca_abajo,35.0,0.525,60.9,64.2,-18.6,12.6,64.2,100.1,-37.6,punto adelante de la componente
214,6.426,HIGH,toca_abajo,48.3,0.724,49.9,53.9,-29.6,15.3,53.9,100.1,-52.2,punto adelante de la componente
215,6.456,HIGH,toca_abajo,47.0,0.705,49.8,55.6,-29.7,21.9,55.6,100.1,-50.2,punto adelante de la componente
216,6.486,HIGH,toca_abajo,47.0,0.705,49.8,55.6,-29.7,21.9,55.6,100.1,-50.2,punto adelante de la componente
217,6.517,HIGH,toca_abajo,36.2,0.544,58.2,63.3,-21.3,19.3,63.3,100.1,-39.2,punto adelante de la componente
218,6.547,HIGH,toca_abajo,10.4,0.157,70.1,74.7,-9.4,17.7,74.7,100.1,-13.5,punto adelante de la componente
219,6.577,HIGH,toca_abajo,10.4,0.157,70.1,74.7,-9.4,17.7,74.7,100.1,-13.5,punto adelante de la componente
220,6.607,HIGH,toca_abajo,-11.4,-0.172,79.4,83.1,-0.1,14.1,83.1,100.1,10.2,punto adelante de la componente
221,6.637,HIGH,toca_abajo,-27.8,-0.417,86.8,90.1,7.3,12.7,90.1,100.1,28.0,punto adelante de la componente
222,6.667,HIGH,toca_abajo,-27.8,-0.417,86.8,90.1,7.3,12.7,90.1,100.1,28.0,punto adelante de la componente
223,6.697,HIGH,toca_abajo,-35.1,-0.526,91.1,93.8,11.6,10.8,93.8,100.1,35.8,punto adelante de la componente
224,6.727,HIGH,toca_abajo,-39.8,-0.597,95.7,97.1,16.2,5.3,97.1,100.1,41.5,punto adelante de la componente
225,6.757,HIGH,toca_abajo,-39.8,-0.597,95.7,97.1,16.2,5.3,97.1,100.1,41.5,punto adelante de la componente
226,6.787,HIGH,toca_abajo,-29.4,-0.441,89.8,91.4,10.3,6.2,91.4,100.1,30.8,punto adelante de la componente
227,6.817,HIGH,toca_abajo,-23.1,-0.346,86.7,88.4,7.2,6.6,88.4,100.1,24.0,punto adelante de la componente
228,6.847,HIGH,toca_abajo,-23.1,-0.346,86.7,88.4,7.2,6.6,88.4,100.1,24.0,punto adelante de la componente
229,6.877,HIGH,toca_abajo,-8.8,-0.131,81.9,83.3,2.4,5.2,83.3,100.1,10.7,punto adelante de la componente
230,6.907,HIGH,toca_abajo,8.7,0.131,74.3,76.0,-5.2,6.5,76.0,100.1,-10.0,punto adelante de la componente
231,6.937,HIGH,toca_abajo,8.7,0.131,74.3,76.0,-5.2,6.5,76.0,100.1,-10.0,punto adelante de la componente
232,6.967,HIGH,toca_abajo,24.2,0.363,67.3,69.4,-12.2,8.2,69.4,100.1,-26.8,punto adelante de la componente
233,6.997,HIGH,toca_abajo,29.1,0.436,64.4,67.1,-15.1,10.5,67.1,100.1,-32.0,punto adelante de la componente
234,7.027,HIGH,toca_abajo,29.1,0.436,64.4,67.1,-15.1,10.5,67.1,100.1,-32.0,punto adelante de la componente
235,7.057,HIGH,toca_abajo,26.2,0.393,66.0,68.8,-13.5,11.0,68.8,100.1,-28.3,punto adelante de la componente
236,7.087,HIGH,toca_abajo,21.2,0.318,69.0,71.8,-10.5,11.0,71.8,100.1,-21.1,punto adelante de la componente
237,7.117,HIGH,toca_abajo,21.2,0.318,69.0,71.8,-10.5,11.0,71.8,100.1,-21.1,punto adelante de la componente
238,7.147,HIGH,toca_abajo,13.3,0.199,74.7,76.8,-4.8,8.3,76.8,100.1,-7.7,punto adelante de la componente
239,7.177,HIGH,toca_abajo,5.9,0.089,79.6,81.5,0.1,7.6,81.5,100.1,5.8,punto adelante de la componente
240,7.207,HIGH,toca_abajo,5.9,0.089,79.6,81.5,0.1,7.6,81.5,100.1,5.8,punto adelante de la componente
241,7.237,HIGH,toca_abajo,-0.9,-0.013,85.0,86.5,5.5,5.7,86.5,100.1,19.4,punto adelante de la componente
242,7.267,HIGH,toca_abajo,-7.9,-0.118,91.1,92.3,11.6,4.7,92.3,100.1,32.7,punto adelante de la componente
243,7.297,HIGH,toca_abajo,-7.9,-0.118,91.1,92.3,11.6,4.7,92.3,100.1,32.7,punto adelante de la componente
244,7.327,HIGH,toca_abajo,-11.2,-0.168,96.5,96.8,17.0,1.1,96.8,100.1,41.0,punto adelante de la componente
245,7.357,HIGH,toca_abajo,-6.0,-0.090,97.7,97.2,18.2,-1.9,97.2,100.1,41.7,punto adelante de la componente
246,7.387,HIGH,toca_abajo,-6.0,-0.090,97.7,97.2,18.2,-1.9,97.2,100.1,41.7,punto adelante de la componente
247,7.417,HIGH,toca_abajo,3.3,0.049,95.0,95.0,15.5,-0.0,95.0,100.1,38.0,punto adelante de la componente
248,7.447,HIGH,toca_abajo,11.2,0.168,96.1,90.6,16.6,-20.1,90.6,99.6,28.5,punto adelante de la componente
249,7.477,HIGH,toca_abajo,23.5,0.352,95.2,76.8,15.7,-50.9,76.8,99.6,-7.5,punto adelante de la componente
250,7.508,HIGH,toca_abajo,23.5,0.352,95.2,76.8,15.7,-50.9,76.8,99.6,-7.5,punto adelante de la componente
251,7.538,HIGH,toca_abajo,34.4,0.515,92.6,66.6,13.1,-60.9,66.6,99.8,-32.6,punto adelante de la componente
252,7.568,HIGH,toca_abajo,44.5,0.668,80.2,65.5,0.7,-45.7,65.5,100.0,-34.9,punto adelante de la componente
253,7.598,HIGH,toca_abajo,44.5,0.668,80.2,65.5,0.7,-45.7,65.5,100.0,-34.9,punto adelante de la componente
254,7.628,HIGH,toca_abajo,47.7,0.716,76.0,69.7,-3.5,-23.8,69.7,100.0,-26.2,punto adelante de la componente
255,7.658,HIGH,toca_abajo,54.8,0.822,74.9,62.0,-4.6,-43.3,62.0,100.8,-42.4,punto adelante de la componente
256,7.688,HIGH,toca_abajo,55.2,0.828,77.4,56.4,-2.1,-57.2,56.4,101.0,-50.5,punto adelante de la componente
257,7.718,HIGH,toca_abajo,55.2,0.828,77.4,56.4,-2.1,-57.2,56.4,101.0,-50.5,punto adelante de la componente
258,7.748,HIGH,toca_abajo,52.8,0.792,80.8,53.1,1.3,-63.9,53.1,100.9,-54.1,punto adelante de la componente
259,7.778,HIGH,toca_abajo,51.5,0.773,83.0,53.0,3.5,-65.5,53.0,100.7,-54.0,punto adelante de la componente
260,7.808,HIGH,toca_abajo,51.5,0.773,83.0,53.0,3.5,-65.5,53.0,100.7,-54.0,punto adelante de la componente
261,7.838,HIGH,toca_abajo,41.0,0.615,88.0,63.7,8.5,-60.3,63.7,100.6,-39.2,punto adelante de la componente
262,7.868,HIGH,toca_abajo,36.0,0.540,91.9,66.0,12.4,-61.7,66.0,100.4,-34.6,punto adelante de la componente
263,7.898,HIGH,toca_abajo,27.0,0.405,96.6,71.5,17.1,-60.9,71.5,100.4,-22.3,punto adelante de la componente
264,7.928,HIGH,toca_abajo,27.0,0.405,96.6,71.5,17.1,-60.9,71.5,100.4,-22.3,punto adelante de la componente
265,7.958,HIGH,toca_abajo,8.6,0.128,103.3,83.2,23.8,-55.0,83.2,100.3,10.7,punto adelante de la componente
266,7.988,HIGH,toca_abajo,-16.2,-0.244,112.6,97.4,33.1,-47.2,97.4,100.2,42.1,punto adelante de la componente
267,8.018,HIGH,toca_abajo,-16.2,-0.244,112.6,97.4,33.1,-47.2,97.4,100.2,42.1,punto adelante de la componente
268,8.048,HIGH,toca_abajo,-29.5,-0.442,119.6,106.0,40.1,-43.7,106.0,100.0,52.9,punto adelante de la componente
269,8.078,HIGH,toca_abajo,-31.2,-0.468,121.4,106.1,41.9,-47.6,106.1,100.1,53.2,punto adelante de la componente
270,8.108,HIGH,toca_abajo,-31.2,-0.468,121.4,106.1,41.9,-47.6,106.1,100.1,53.2,punto adelante de la componente
271,8.138,HIGH,toca_abajo,-28.6,-0.429,120.3,104.2,40.8,-48.7,104.2,100.1,51.2,punto adelante de la componente
272,8.168,HIGH,toca_abajo,-7.3,-0.109,110.8,89.1,31.3,-57.1,89.1,100.3,25.8,punto adelante de la componente
273,8.198,HIGH,toca_abajo,7.4,0.111,104.8,80.0,25.3,-60.3,80.0,100.2,1.4,punto adelante de la componente
274,8.228,HIGH,toca_abajo,7.4,0.111,104.8,80.0,25.3,-60.3,80.0,100.2,1.4,punto adelante de la componente
275,8.258,HIGH,toca_abajo,24.5,0.367,100.0,70.1,20.5,-64.6,70.1,100.2,-25.5,punto adelante de la componente
276,8.288,HIGH,toca_abajo,39.9,0.599,92.8,59.9,13.3,-66.4,59.9,100.2,-44.8,punto adelante de la componente
277,8.318,HIGH,toca_abajo,39.9,0.599,92.8,59.9,13.3,-66.4,59.9,100.2,-44.8,punto adelante de la componente
278,8.348,HIGH,toca_abajo,47.7,0.715,85.2,54.2,5.7,-65.0,54.2,100.2,-52.0,punto adelante de la componente
279,8.378,HIGH,toca_abajo,47.7,0.715,85.2,54.2,5.7,-65.0,54.2,100.2,-52.0,punto adelante de la componente
280,8.408,HIGH,toca_abajo,54.6,0.819,75.0,48.4,-4.5,-61.4,48.4,100.2,-57.6,punto adelante de la componente
281,8.438,HIGH,toca_abajo,56.5,0.848,69.1,47.0,-10.4,-56.7,47.0,100.2,-58.6,punto adelante de la componente
282,8.468,HIGH,toca_abajo,51.7,0.775,71.3,50.4,-8.2,-55.3,50.4,100.2,-55.7,punto adelante de la componente
283,8.498,HIGH,toca_abajo,51.7,0.775,71.3,50.4,-8.2,-55.3,50.4,100.2,-55.7,punto adelante de la componente
284,8.529,HIGH,toca_abajo,36.5,0.548,83.7,63.1,4.2,-54.8,63.1,100.2,-39.6,punto adelante de la componente
285,8.559,HIGH,toca_abajo,-6.6,-0.098,105.6,83.9,26.1,-56.4,83.9,100.2,12.6,punto adelante de la componente
286,8.589,HIGH,toca_abajo,-6.6,-0.098,105.6,83.9,26.1,-56.4,83.9,100.2,12.6,punto adelante de la componente
287,8.619,HIGH,toca_abajo,-30.7,-0.460,114.7,97.1,35.2,-50.9,97.1,100.2,41.6,punto adelante de la componente
288,8.649,HIGH,toca_abajo,-40.3,-0.605,120.8,106.1,41.3,-45.9,106.1,100.1,53.2,punto adelante de la componente
289,8.679,HIGH,toca_abajo,-40.3,-0.605,120.8,106.1,41.3,-45.9,106.1,100.1,53.2,punto adelante de la componente
290,8.709,HIGH,toca_abajo,-33.5,-0.503,118.5,98.2,39.0,-54.9,98.2,100.1,43.3,punto adelante de la componente
291,8.739,HIGH,toca_abajo,-21.7,-0.325,110.6,90.4,31.1,-54.6,90.4,100.1,28.8,punto adelante de la componente
292,8.769,HIGH,toca_abajo,-21.7,-0.325,110.6,90.4,31.1,-54.6,90.4,100.1,28.8,punto adelante de la componente
293,8.799,HIGH,toca_abajo,-0.9,-0.013,100.5,79.2,21.0,-55.7,79.2,100.1,-0.8,punto adelante de la componente
294,8.829,HIGH,toca_abajo,12.8,0.192,94.3,72.3,14.8,-56.6,72.3,100.1,-20.0,punto adelante de la componente
295,8.859,HIGH,toca_abajo,29.0,0.434,85.9,64.5,6.4,-55.9,64.5,100.1,-37.1,punto adelante de la componente
296,8.889,HIGH,toca_abajo,29.0,0.434,85.9,64.5,6.4,-55.9,64.5,100.1,-37.1,punto adelante de la componente
297,8.919,HIGH,toca_abajo,38.1,0.571,78.4,58.3,-1.1,-54.2,58.3,100.1,-46.9,punto adelante de la componente
298,8.949,HIGH,toca_abajo,20.8,0.313,88.9,69.4,9.4,-53.4,69.4,100.1,-26.9,punto adelante de la componente
299,8.979,HIGH,toca_abajo,20.8,0.313,88.9,69.4,9.4,-53.4,69.4,100.1,-26.9,punto adelante de la componente
300,9.009,HIGH,toca_abajo,-8.5,-0.127,104.0,83.7,24.5,-54.6,83.7,100.2,11.9,punto adelante de la componente
301,9.039,HIGH,toca_abajo,-29.0,-0.435,112.1,95.0,32.6,-50.1,95.0,100.1,38.0,punto adelante de la componente
302,9.069,HIGH,toca_abajo,-29.0,-0.435,112.1,95.0,32.6,-50.1,95.0,100.1,38.0,punto adelante de la componente
303,9.099,HIGH,toca_abajo,-37.5,-0.562,115.4,98.6,35.9,-49.5,98.6,100.1,43.8,punto adelante de la componente
304,9.129,HIGH,toca_abajo,-40.0,-0.601,117.7,99.8,38.2,-51.3,99.8,100.1,45.5,punto adelante de la componente
305,9.159,HIGH,toca_abajo,-40.0,-0.601,117.7,99.8,38.2,-51.3,99.8,100.1,45.5,punto adelante de la componente
306,9.189,HIGH,toca_abajo,-32.8,-0.492,114.0,93.6,34.5,-54.8,93.6,100.1,35.3,punto adelante de la componente
307,9.219,HIGH,toca_abajo,-18.0,-0.269,105.1,81.8,25.6,-58.1,81.8,100.1,6.6,punto adelante de la componente
308,9.249,HIGH,toca_abajo,-18.0,-0.269,105.1,81.8,25.6,-58.1,81.8,100.1,6.6,punto adelante de la componente
309,9.279,HIGH,toca_abajo,5.9,0.089,90.6,69.2,11.1,-55.9,69.2,100.1,-27.3,punto adelante de la componente
310,9.309,HIGH,toca_abajo,22.5,0.338,82.4,62.7,2.9,-53.8,62.7,100.1,-40.3,punto adelante de la componente
311,9.339,HIGH,toca_abajo,32.0,0.479,79.7,58.5,0.2,-55.6,58.5,100.1,-46.5,punto adelante de la componente
312,9.369,HIGH,toca_abajo,32.0,0.479,79.7,58.5,0.2,-55.6,58.5,100.1,-46.5,punto adelante de la componente
313,9.399,HIGH,toca_abajo,43.6,0.654,69.7,49.5,-9.8,-54.3,49.5,100.1,-56.5,punto adelante de la componente
314,9.429,HIGH,toca_abajo,42.8,0.643,66.7,48.8,-12.8,-51.0,48.8,100.1,-57.1,punto adelante de la componente
315,9.459,HIGH,toca_abajo,42.8,0.643,66.7,48.8,-12.8,-51.0,48.8,100.1,-57.1,punto adelante de la componente
316,9.489,HIGH,toca_abajo,37.2,0.559,63.7,47.4,-15.8,-48.4,47.4,100.1,-58.3,punto adelante de la componente
317,9.520,HIGH,toca_abajo,30.2,0.452,63.1,50.2,-16.4,-41.4,50.2,100.1,-55.7,punto adelante de la componente
318,9.550,HIGH,toca_abajo,30.2,0.452,63.1,50.2,-16.4,-41.4,50.2,100.1,-55.7,punto adelante de la componente
319,9.580,HIGH,toca_abajo,7.6,0.114,71.8,60.5,-7.7,-37.7,60.5,99.9,-43.5,punto adelante de la componente
320,9.610,HIGH,toca_abajo,-12.9,-0.193,83.4,70.2,3.9,-42.1,70.2,100.0,-24.9,punto adelante de la componente
321,9.640,HIGH,toca_abajo,-12.9,-0.193,83.4,70.2,3.9,-42.1,70.2,100.0,-24.9,punto adelante de la componente
322,9.670,HIGH,toca_abajo,-34.6,-0.520,97.6,82.2,18.1,-46.8,82.2,100.1,7.7,punto adelante de la componente
323,9.700,HIGH,toca_abajo,-44.8,-0.672,102.4,85.8,22.9,-48.9,85.8,100.1,17.7,punto adelante de la componente
324,9.730,HIGH,toca_abajo,-44.8,-0.672,102.4,85.8,22.9,-48.9,85.8,100.1,17.7,punto adelante de la componente
325,9.760,HIGH,toca_abajo,-40.8,-0.612,91.7,82.9,12.2,-31.1,82.9,99.9,9.6,punto adelante de la componente
326,9.790,HIGH,toca_abajo,-39.8,-0.598,80.7,86.2,1.2,20.7,86.2,100.2,18.6,punto adelante de la componente
327,9.820,HIGH,toca_abajo,-39.8,-0.598,80.7,86.2,1.2,20.7,86.2,100.2,18.6,punto adelante de la componente
328,9.850,HIGH,toca_abajo,-33.6,-0.504,74.9,85.5,-4.6,36.6,85.5,100.2,16.8,punto adelante de la componente
329,9.880,HIGH,toca_abajo,-14.6,-0.219,65.2,77.2,-14.3,40.3,77.2,100.2,-6.7,punto adelante de la componente
330,9.910,HIGH,toca_abajo,7.6,0.115,55.9,67.5,-23.6,39.3,67.5,100.2,-31.2,punto adelante de la componente
331,9.940,HIGH,toca_abajo,7.6,0.115,55.9,67.5,-23.6,39.3,67.5,100.2,-31.2,punto adelante de la componente
332,9.970,HIGH,toca_abajo,22.4,0.336,47.8,62.1,-31.7,45.3,62.1,100.2,-41.3,punto adelante de la componente
333,10.000,HIGH,toca_abajo,32.1,0.482,41.1,54.5,-38.4,43.4,54.5,100.2,-51.6,punto adelante de la componente
334,10.030,HIGH,toca_abajo,32.1,0.482,41.1,54.5,-38.4,43.4,54.5,100.2,-51.6,punto adelante de la componente
335,10.060,HIGH,toca_abajo,27.5,0.413,41.1,58.8,-38.4,51.2,58.8,100.2,-46.3,punto adelante de la componente
336,10.090,HIGH,toca_abajo,13.1,0.197,47.7,69.3,-31.8,56.7,69.3,100.2,-27.1,punto adelante de la componente
337,10.120,HIGH,toca_abajo,-12.5,-0.188,56.7,81.8,-22.8,60.1,81.8,100.2,6.5,punto adelante de la componente
338,10.150,HIGH,toca_abajo,-12.5,-0.188,56.7,81.8,-22.8,60.1,81.8,100.2,6.5,punto adelante de la componente
339,10.180,HIGH,toca_abajo,-36.7,-0.551,69.4,93.1,-10.1,58.5,93.1,100.2,34.4,punto adelante de la componente
340,10.210,HIGH,toca_abajo,-36.7,-0.551,69.4,93.1,-10.1,58.5,93.1,100.2,34.4,punto adelante de la componente
341,10.240,HIGH,toca_abajo,-51.9,-0.779,83.1,103.3,3.6,54.5,103.3,100.2,50.3,punto adelante de la componente
342,10.270,HIGH,toca_abajo,-54.8,-0.822,88.2,106.0,8.7,50.9,106.0,100.2,53.2,punto adelante de la componente
343,10.300,HIGH,toca_abajo,-57.8,-0.867,93.3,109.5,13.8,48.3,109.5,100.2,56.5,punto adelante de la componente
344,10.330,HIGH,toca_abajo,-57.8,-0.867,93.3,109.5,13.8,48.3,109.5,100.2,56.5,punto adelante de la componente
345,10.360,HIGH,toca_abajo,-53.9,-0.809,92.1,105.7,12.6,43.2,105.7,100.2,52.9,punto adelante de la componente
346,10.390,HIGH,toca_abajo,-53.9,-0.809,92.1,105.7,12.6,43.2,105.7,100.2,52.9,punto adelante de la componente
347,10.420,HIGH,toca_abajo,-47.0,-0.705,84.1,98.9,4.6,45.8,98.9,100.2,44.4,punto adelante de la componente
348,10.450,HIGH,toca_abajo,-35.5,-0.532,75.3,90.3,-4.2,46.1,90.3,100.2,28.6,punto adelante de la componente
349,10.480,HIGH,toca_abajo,-19.4,-0.291,65.4,80.8,-14.1,46.9,80.8,100.2,3.8,punto adelante de la componente
350,10.511,HIGH,toca_abajo,-19.4,-0.291,65.4,80.8,-14.1,46.9,80.8,100.2,3.8,punto adelante de la componente
351,10.541,HIGH,toca_abajo,9.9,0.148,49.8,66.0,-29.7,48.1,66.0,100.1,-34.3,punto adelante de la componente
352,10.571,HIGH,toca_abajo,9.9,0.148,49.8,66.0,-29.7,48.1,66.0,100.1,-34.3,punto adelante de la componente
353,10.601,HIGH,toca_abajo,33.8,0.507,36.9,48.5,-42.6,39.2,48.5,100.1,-57.3,punto adelante de la componente
354,10.631,HIGH,toca_abajo,40.9,0.613,28.7,35.4,-50.8,25.2,35.4,100.0,-65.5,punto adelante de la componente
355,10.661,HIGH,toca_abajo,40.9,0.613,28.7,35.4,-50.8,25.2,35.4,100.0,-65.5,punto adelante de la componente
356,10.691,HIGH,toca_abajo,37.8,0.567,25.8,33.6,-53.7,28.3,33.6,99.9,-66.4,punto adelante de la componente
357,10.721,HIGH,toca_abajo,36.3,0.545,28.8,37.8,-50.7,32.1,37.8,100.0,-64.4,punto adelante de la componente
358,10.751,HIGH,toca_abajo,36.3,0.545,28.8,37.8,-50.7,32.1,37.8,100.0,-64.4,punto adelante de la componente
359,10.781,HIGH,toca_abajo,29.5,0.442,35.3,48.4,-44.2,42.4,48.4,100.1,-57.4,punto adelante de la componente
360,10.811,HIGH,toca_abajo,16.3,0.245,43.5,61.0,-36.0,50.7,61.0,100.1,-42.9,punto adelante de la componente
361,10.841,HIGH,toca_abajo,-4.0,-0.059,54.5,72.3,-25.0,51.0,72.3,100.1,-19.9,punto adelante de la componente
362,10.871,HIGH,toca_abajo,-4.0,-0.059,54.5,72.3,-25.0,51.0,72.3,100.1,-19.9,punto adelante de la componente
363,10.901,HIGH,toca_abajo,-21.5,-0.323,64.6,81.5,-14.9,49.5,81.5,100.1,5.7,punto adelante de la componente
364,10.931,HIGH,toca_abajo,-33.3,-0.499,72.0,88.3,-7.5,48.5,88.3,100.2,24.0,punto adelante de la componente
365,10.961,HIGH,toca_abajo,-33.3,-0.499,72.0,88.3,-7.5,48.5,88.3,100.2,24.0,punto adelante de la componente
366,10.991,HIGH,toca_abajo,-34.9,-0.523,74.2,89.1,-5.3,45.9,89.1,100.2,25.8,punto adelante de la componente
367,11.021,HIGH,toca_abajo,-34.9,-0.523,74.2,89.1,-5.3,45.9,89.1,100.2,25.8,punto adelante de la componente
368,11.051,HIGH,toca_abajo,-30.2,-0.453,71.7,85.9,-7.8,44.4,85.9,100.1,17.8,punto adelante de la componente
369,11.081,HIGH,toca_abajo,-31.8,-0.477,72.3,86.5,-7.2,44.4,86.5,100.1,19.5,punto adelante de la componente
370,11.111,HIGH,toca_abajo,-33.4,-0.501,73.8,86.5,-5.7,41.3,86.5,100.1,19.5,punto adelante de la componente
371,11.141,HIGH,toca_abajo,-33.4,-0.501,73.8,86.5,-5.7,41.3,86.5,100.1,19.5,punto adelante de la componente
372,11.171,HIGH,toca_abajo,-30.4,-0.456,71.0,83.5,-8.5,40.9,83.5,100.1,11.3,punto adelante de la componente
373,11.201,HIGH,toca_abajo,-28.5,-0.427,69.0,81.7,-10.5,41.2,81.7,100.1,6.2,punto adelante de la componente
374,11.231,HIGH,toca_abajo,-28.5,-0.427,69.0,81.7,-10.5,41.2,81.7,100.1,6.2,punto adelante de la componente
375,11.261,HIGH,toca_abajo,-26.2,-0.394,67.3,79.8,-12.2,40.8,79.8,100.1,0.8,punto adelante de la componente
376,11.291,HIGH,toca_abajo,-17.5,-0.262,60.8,77.2,-18.7,48.0,77.2,99.9,-6.6,punto adelante de la componente
377,11.321,HIGH,toca_abajo,-10.1,-0.152,54.9,80.0,-24.6,59.1,80.0,99.6,1.4,punto adelante de la componente
378,11.351,HIGH,toca_abajo,-10.1,-0.152,54.9,80.0,-24.6,59.1,80.0,99.6,1.4,punto adelante de la componente
379,11.381,HIGH,toca_abajo,-10.2,-0.153,52.1,89.9,-27.4,68.2,89.9,99.5,26.8,punto adelante de la componente
380,11.411,HIGH,toca_abajo,-17.8,-0.266,50.8,94.8,-28.7,71.6,94.8,100.0,37.4,punto adelante de la componente
381,11.441,HIGH,toca_abajo,-19.9,-0.299,63.1,93.0,-16.4,65.1,93.0,100.1,34.2,punto adelante de la componente
382,11.471,HIGH,toca_abajo,-27.9,-0.419,82.0,91.5,2.5,33.8,91.5,100.1,31.0,punto adelante de la componente
383,11.502,HIGH,toca_abajo,-18.0,-0.270,81.3,88.6,1.8,26.8,88.6,100.1,24.5,punto adelante de la componente
384,11.532,HIGH,toca_abajo,-18.0,-0.270,81.3,88.6,1.8,26.8,88.6,100.1,24.5,punto adelante de la componente
385,11.562,HIGH,toca_abajo,-1.7,-0.025,80.2,84.7,0.7,17.3,84.7,100.3,14.7,punto adelante de la componente
386,11.592,MEDIUM,toca_abajo,22.5,0.338,79.8,71.6,0.3,-31.3,71.6,101.0,-22.6,punto adelante de la componente
387,11.622,MEDIUM,toca_abajo,22.5,0.338,79.8,71.6,0.3,-31.3,71.6,101.0,-22.6,punto adelante de la componente
388,11.652,MEDIUM,toca_abajo,46.8,0.702,79.5,52.5,0.0,-63.8,52.5,101.2,-55.1,punto adelante de la componente
389,11.682,MEDIUM,toca_abajo,62.0,0.930,79.5,33.3,0.0,-73.6,33.3,100.9,-67.6,punto adelante de la componente
390,11.712,MEDIUM,toca_abajo,62.0,0.930,79.5,33.3,0.0,-73.6,33.3,100.9,-67.6,punto adelante de la componente
391,11.742,MEDIUM,toca_abajo,66.6,0.999,78.2,33.4,-1.3,-73.3,33.4,101.2,-67.8,punto adelante de la componente
392,11.772,MEDIUM,toca_abajo,71.9,1.000,73.2,34.5,-6.3,-71.4,34.5,102.1,-68.3,punto adelante de la componente
393,11.802,MEDIUM,toca_abajo,80.2,1.000,60.3,36.3,-19.2,-64.1,36.3,103.7,-69.4,punto adelante de la componente
394,11.832,MEDIUM,toca_abajo,80.2,1.000,60.3,36.3,-19.2,-64.1,36.3,103.7,-69.4,punto adelante de la componente
395,11.862,LOW,toca_abajo,83.8,1.000,52.3,,-27.2,,36.3,103.7,-69.4,ultimo objetivo confiable (memoria)
396,11.892,LOW,toca_abajo,83.8,1.000,52.3,,-27.2,,36.3,103.7,-69.4,ultimo objetivo confiable (memoria)
397,11.922,LOW,toca_abajo,79.3,1.000,63.5,,-16.0,,36.3,103.7,-69.4,ultimo objetivo confiable (memoria)
398,11.952,MEDIUM,toca_abajo,-56.2,-0.843,87.0,68.2,7.5,-59.6,68.2,104.3,-35.8,punto adelante de la componente
399,11.982,MEDIUM,toca_abajo,-56.2,-0.843,87.0,68.2,7.5,-59.6,68.2,104.3,-35.8,punto adelante de la componente
400,12.012,LOW,toca_abajo,-81.3,-1.000,95.2,,15.7,,68.2,104.3,-35.8,ultimo objetivo confiable (memoria)
401,12.042,LOW,toca_abajo,-87.2,-1.000,105.1,,25.6,,68.2,104.3,-35.8,ultimo objetivo confiable (memoria)
402,12.072,LOW,toca_abajo,-87.2,-1.000,105.1,,25.6,,68.2,104.3,-35.8,ultimo objetivo confiable (memoria)
403,12.102,LOW,toca_abajo,-87.0,-1.000,102.3,,22.8,,68.2,104.3,-35.8,ultimo objetivo confiable (memoria)
404,12.132,LOW,toca_abajo,-82.2,-1.000,89.6,,10.1,,68.2,104.3,-35.8,ultimo objetivo confiable (memoria)
405,12.162,LOW,toca_abajo,-23.0,-0.345,79.6,,0.1,,68.2,104.3,-35.8,ultimo objetivo confiable (memoria)
406,12.192,LOW,toca_abajo,-23.0,-0.345,79.6,,0.1,,68.2,104.3,-35.8,ultimo objetivo confiable (memoria)
407,12.222,LOW,toca_abajo,77.8,-1.000,69.5,,-10.0,,68.2,104.3,-35.8,ultimo objetivo confiable (memoria)
408,12.252,LOW,toca_abajo,77.8,-1.000,69.5,,-10.0,,68.2,104.3,-35.8,ultimo objetivo confiable (memoria)
409,12.282,LOW,toca_abajo,85.2,-1.000,56.0,,-23.5,,68.2,104.3,-35.8,ultimo objetivo confiable (memoria)
410,12.312,LOW,toca_abajo,86.4,-1.000,45.8,,-33.7,,68.2,104.3,-35.8,ultimo objetivo confiable (memoria)
411,12.342,LOW,toca_abajo,86.4,-1.000,45.8,,-33.7,,68.2,104.3,-35.8,ultimo objetivo confiable (memoria)
412,12.372,LOW,toca_abajo,86.3,-1.000,40.6,,-38.9,,68.2,104.3,-35.8,ultimo objetivo confiable (memoria)
413,12.402,LOW,toca_abajo,86.3,-1.000,48.2,,-31.3,,68.2,104.3,-35.8,ultimo objetivo confiable (memoria)
414,12.432,LOW,toca_abajo,82.5,-1.000,61.4,,-18.1,,68.2,104.3,-35.8,ultimo objetivo confiable (memoria)
415,12.462,LOW,toca_abajo,82.5,-1.000,61.4,,-18.1,,68.2,104.3,-35.8,ultimo objetivo confiable (memoria)
416,12.492,LOW,toca_abajo,16.7,-0.251,79.0,,-0.5,,68.2,104.3,-35.8,ultimo objetivo confiable (memoria)
417,12.523,LOW,toca_abajo,-78.9,-1.000,89.8,,10.3,,68.2,104.3,-35.8,ultimo objetivo confiable (memoria)
418,12.553,LOW,toca_abajo,-87.3,-1.000,100.6,,21.1,,68.2,104.3,-35.8,ultimo objetivo confiable (memoria)
419,12.583,LOW,toca_abajo,-87.3,-1.000,100.6,,21.1,,68.2,104.3,-35.8,ultimo objetivo confiable (memoria)
420,12.613,LOW,toca_abajo,-89.1,-1.000,112.6,,33.1,,68.2,104.3,-35.8,ultimo objetivo confiable (memoria)
421,12.643,PERDIDA,sin_componente,-89.5,0.000,,,,,,,0.0,sin objetivo
422,12.673,PERDIDA,sin_componente,-89.5,0.000,,,,,,,0.0,sin objetivo
423,12.703,PERDIDA,sin_componente,-86.9,0.000,,,,,,,0.0,sin objetivo
424,12.733,PERDIDA,sin_componente,74.4,0.000,,,,,,,0.0,sin objetivo
425,12.763,LOW,toca_abajo,84.7,-1.000,69.0,,-10.5,,68.2,104.3,-35.8,ultimo objetivo confiable (memoria)
426,12.793,LOW,toca_abajo,84.7,-1.000,69.0,,-10.5,,68.2,104.3,-35.8,ultimo objetivo confiable (memoria)
427,12.823,LOW,toca_abajo,87.9,-1.000,55.7,,-23.8,,68.2,104.3,-35.8,ultimo objetivo confiable (memoria)
428,12.853,LOW,toca_abajo,87.8,-1.000,50.4,,-29.1,,68.2,104.3,-35.8,ultimo objetivo confiable (memoria)
429,12.883,LOW,toca_abajo,87.8,-1.000,50.4,,-29.1,,68.2,104.3,-35.8,ultimo objetivo confiable (memoria)
430,12.913,LOW,toca_abajo,83.8,-1.000,65.6,,-13.9,,68.2,104.3,-35.8,ultimo objetivo confiable (memoria)
431,12.943,LOW,toca_abajo,83.8,-1.000,65.6,,-13.9,,68.2,104.3,-35.8,ultimo objetivo confiable (memoria)
432,12.973,LOW,toca_abajo,-56.7,-0.850,81.8,,2.3,,68.2,104.3,-35.8,ultimo objetivo confiable (memoria)
433,13.003,LOW,toca_abajo,-83.6,-1.000,90.4,,10.9,,68.2,104.3,-35.8,ultimo objetivo confiable (memoria)
434,13.033,PERDIDA,sin_componente,-88.6,0.000,,,,,,,0.0,sin objetivo
435,13.063,PERDIDA,sin_componente,-88.6,0.000,,,,,,,0.0,sin objetivo
436,13.093,PERDIDA,sin_componente,-89.4,0.000,,,,,,,0.0,sin objetivo
437,13.123,PERDIDA,sin_componente,-87.1,0.000,,,,,,,0.0,sin objetivo
438,13.153,PERDIDA,sin_componente,-87.1,0.000,,,,,,,0.0,sin objetivo
439,13.183,PERDIDA,sin_componente,80.5,0.000,,,,,,,0.0,sin objetivo
440,13.213,LOW,toca_abajo,85.8,-1.000,69.0,,-10.5,,68.2,104.3,-35.8,ultimo objetivo confiable (memoria)
441,13.243,LOW,toca_abajo,85.8,-1.000,69.0,,-10.5,,68.2,104.3,-35.8,ultimo objetivo confiable (memoria)
442,13.273,PERDIDA,sin_componente,89.1,0.000,,,,,,,0.0,sin objetivo
443,13.303,LOW,toca_abajo,88.7,-1.000,50.6,,-28.9,,68.2,104.3,-35.8,ultimo objetivo confiable (memoria)
444,13.333,LOW,toca_abajo,88.7,-1.000,50.6,,-28.9,,68.2,104.3,-35.8,ultimo objetivo confiable (memoria)
445,13.363,LOW,toca_abajo,86.7,-1.000,68.2,,-11.3,,68.2,104.3,-35.8,ultimo objetivo confiable (memoria)
446,13.393,LOW,toca_abajo,-72.5,-1.000,81.1,,1.6,,68.2,104.3,-35.8,ultimo objetivo confiable (memoria)
447,13.423,LOW,toca_abajo,-72.5,-1.000,81.1,,1.6,,68.2,104.3,-35.8,ultimo objetivo confiable (memoria)
448,13.453,PERDIDA,sin_componente,-87.5,0.000,,,,,,,0.0,sin objetivo
449,13.483,PERDIDA,sin_componente,-90.0,0.000,,,,,,,0.0,sin objetivo
450,13.514,PERDIDA,sin_componente,-90.0,0.000,,,,,,,0.0,sin objetivo
451,13.544,PERDIDA,sin_componente,0.0,0.000,,,,,,,0.0,sin objetivo
452,13.574,PERDIDA,sin_componente,0.0,0.000,,,,,,,0.0,sin objetivo
453,13.604,PERDIDA,sin_componente,-90.0,0.000,,,,,,,0.0,sin objetivo
454,13.634,LOW,toca_abajo,86.0,-1.000,70.2,,-9.3,,68.2,104.3,-35.8,ultimo objetivo confiable (memoria)
455,13.664,LOW,toca_abajo,86.0,-1.000,70.2,,-9.3,,68.2,104.3,-35.8,ultimo objetivo confiable (memoria)
456,13.694,PERDIDA,sin_componente,0.0,0.000,,,,,,,0.0,sin objetivo
457,13.724,PERDIDA,sin_componente,0.0,0.000,,,,,,,0.0,sin objetivo
458,13.754,PERDIDA,sin_componente,0.0,0.000,,,,,,,0.0,sin objetivo
459,13.784,PERDIDA,sin_componente,0.0,0.000,,,,,,,0.0,sin objetivo
460,13.814,PERDIDA,sin_componente,0.0,0.000,,,,,,,0.0,sin objetivo
461,13.844,PERDIDA,sin_componente,0.0,0.000,,,,,,,0.0,sin objetivo
462,13.874,PERDIDA,sin_componente,0.0,0.000,,,,,,,0.0,sin objetivo
463,13.904,PERDIDA,sin_componente,0.0,0.000,,,,,,,0.0,sin objetivo
464,13.934,PERDIDA,sin_componente,0.0,0.000,,,,,,,0.0,sin objetivo
465,13.964,PERDIDA,sin_componente,45.5,0.000,,,,,,,0.0,sin objetivo
466,13.994,PERDIDA,sin_componente,45.5,0.000,,,,,,,0.0,sin objetivo
467,14.024,PERDIDA,sin_componente,45.7,0.000,,,,,,,0.0,sin objetivo
468,14.054,PERDIDA,sin_componente,45.7,0.000,,,,,,,0.0,sin objetivo
469,14.084,PERDIDA,sin_componente,44.6,0.000,,,,,,,0.0,sin objetivo
470,14.114,PERDIDA,sin_componente,44.6,0.000,,,,,,,0.0,sin objetivo
471,14.144,PERDIDA,sin_componente,41.5,0.000,,,,,,,0.0,sin objetivo
472,14.174,PERDIDA,sin_componente,39.2,0.000,,,,,,,0.0,sin objetivo
473,14.204,PERDIDA,sin_componente,25.7,0.000,,,,,,,0.0,sin objetivo
474,14.234,PERDIDA,sin_componente,25.7,0.000,,,,,,,0.0,sin objetivo
475,14.264,PERDIDA,sin_componente,18.5,0.000,,,,,,,0.0,sin objetivo
476,14.294,PERDIDA,sin_componente,10.7,0.000,,,,,,,0.0,sin objetivo
477,14.324,PERDIDA,sin_componente,10.7,0.000,,,,,,,0.0,sin objetivo
478,14.354,PERDIDA,sin_componente,4.3,0.000,,,,,,,0.0,sin objetivo
479,14.384,SIN_CERCA,continuidad,2.8,-0.600,,,,,68.2,104.3,-35.8,memoria
480,14.414,SIN_CERCA,continuidad,2.8,-0.600,,,,,68.2,104.3,-35.8,memoria
481,14.444,PERDIDA,sin_componente,-17.6,0.000,,,,,,,0.0,sin objetivo
482,14.474,SIN_CERCA,continuidad,-28.8,-0.600,,,,,68.2,104.3,-35.8,memoria
483,14.505,SIN_CERCA,continuidad,-28.8,-0.600,,,,,68.2,104.3,-35.8,memoria
484,14.535,SIN_CERCA,continuidad,-31.8,-0.600,,99.7,,,99.7,79.2,26.3,componente visible arriba
485,14.565,SIN_CERCA,continuidad,-31.8,-0.600,,99.7,,,99.7,79.2,26.3,componente visible arriba
486,14.595,SIN_CERCA,continuidad,-32.8,-0.600,,103.9,,,103.9,78.8,30.6,componente visible arriba
487,14.625,SIN_CERCA,continuidad,-32.8,-0.600,,103.8,,,103.8,79.8,31.2,componente visible arriba
488,14.655,SIN_CERCA,continuidad,-32.8,-0.600,,103.8,,,103.8,79.8,31.2,componente visible arriba
489,14.685,SIN_CERCA,continuidad,-30.2,-0.600,,102.0,,,102.0,80.2,29.5,componente visible arriba
490,14.715,SIN_CERCA,continuidad,-28.1,-0.600,,102.0,,,102.0,80.1,29.4,componente visible arriba
491,14.745,SIN_CERCA,continuidad,-27.1,-0.600,,101.1,,,101.1,80.4,28.6,componente visible arriba
492,14.775,SIN_CERCA,continuidad,-27.1,-0.600,,101.1,,,101.1,80.4,28.6,componente visible arriba
493,14.805,SIN_CERCA,continuidad,-23.8,-0.600,,99.2,,,99.2,80.2,26.3,componente visible arriba
494,14.835,SIN_CERCA,continuidad,-23.8,-0.600,,99.2,,,99.2,80.2,26.3,componente visible arriba
495,14.865,SIN_CERCA,continuidad,-23.8,-0.600,,99.7,,,99.7,80.1,26.9,componente visible arriba
496,14.895,SIN_CERCA,continuidad,-19.4,-0.600,,73.2,,,73.2,99.8,-17.4,componente visible arriba
497,14.925,SIN_CERCA,continuidad,-19.4,-0.600,,73.2,,,73.2,99.8,-17.4,componente visible arriba
498,14.955,SIN_CERCA,continuidad,-15.9,-0.600,,71.0,,,71.0,99.9,-23.0,componente visible arriba
499,14.985,SIN_CERCA,continuidad,-9.0,-0.600,,68.5,,,68.5,99.6,-28.3,componente visible arriba
500,15.015,SIN_CERCA,continuidad,-9.0,-0.600,,68.5,,,68.5,99.6,-28.3,componente visible arriba
501,15.045,SIN_CERCA,continuidad,-1.4,-0.600,,64.6,,,64.6,99.6,-36.1,componente visible arriba
502,15.075,HIGH,toca_abajo,-0.3,-0.004,45.9,67.4,-33.6,55.2,67.4,99.8,-31.0,punto adelante de la componente
503,15.105,HIGH,toca_abajo,-0.3,-0.004,45.9,67.4,-33.6,55.2,67.4,99.8,-31.0,punto adelante de la componente
504,15.135,HIGH,toca_abajo,-6.0,-0.090,51.6,70.6,-27.9,52.0,70.6,99.8,-23.7,punto adelante de la componente
505,15.165,HIGH,toca_abajo,-6.0,-0.090,51.6,70.6,-27.9,52.0,70.6,99.8,-23.7,punto adelante de la componente
506,15.195,SIN_CERCA,continuidad,-11.7,-0.600,58.9,73.9,-20.6,50.0,73.9,99.7,-15.4,componente visible arriba
507,15.225,HIGH,toca_abajo,-18.2,-0.272,63.1,79.1,-16.4,48.0,79.1,100.2,-1.3,punto adelante de la componente
508,15.255,HIGH,toca_abajo,-18.2,-0.272,63.1,79.1,-16.4,48.0,79.1,100.2,-1.3,punto adelante de la componente
509,15.285,HIGH,toca_abajo,-23.0,-0.345,69.0,83.8,-10.5,44.9,83.8,99.8,12.1,punto adelante de la componente
510,15.315,HIGH,toca_abajo,-34.7,-0.521,79.9,92.1,0.4,40.1,92.1,100.1,32.3,punto adelante de la componente
511,15.345,HIGH,toca_abajo,-33.4,-0.501,81.0,91.6,1.5,36.1,91.6,100.0,31.1,punto adelante de la componente
512,15.375,HIGH,toca_abajo,-33.4,-0.501,81.0,91.6,1.5,36.1,91.6,100.0,31.1,punto adelante de la componente
513,15.405,HIGH,toca_abajo,-32.2,-0.482,80.7,90.9,1.2,35.1,90.9,100.0,29.7,punto adelante de la componente
514,15.435,HIGH,toca_abajo,-26.7,-0.400,78.0,87.9,-1.5,34.2,87.9,100.1,22.8,punto adelante de la componente
515,15.465,HIGH,toca_abajo,-26.7,-0.400,78.0,87.9,-1.5,34.2,87.9,100.1,22.8,punto adelante de la componente
516,15.495,HIGH,toca_abajo,-25.3,-0.379,77.8,87.5,-1.7,33.4,87.5,99.8,21.5,punto adelante de la componente
517,15.526,HIGH,toca_abajo,-19.6,-0.294,75.7,84.8,-3.8,31.8,84.8,100.0,14.8,punto adelante de la componente
518,15.556,HIGH,toca_abajo,-13.7,-0.205,73.7,82.4,-5.8,30.9,82.4,100.1,8.2,punto adelante de la componente
519,15.586,HIGH,toca_abajo,-13.7,-0.205,73.7,82.4,-5.8,30.9,82.4,100.1,8.2,punto adelante de la componente
520,15.616,HIGH,toca_abajo,-4.0,-0.061,71.1,79.2,-8.4,29.1,79.2,100.0,-0.7,punto adelante de la componente
521,15.646,HIGH,toca_abajo,8.3,0.125,66.5,75.0,-13.0,30.1,75.0,100.0,-12.6,punto adelante de la componente
522,15.676,HIGH,toca_abajo,8.3,0.125,66.5,75.0,-13.0,30.1,75.0,100.0,-12.6,punto adelante de la componente
523,15.706,HIGH,toca_abajo,12.5,0.187,68.0,75.7,-11.5,28.3,75.7,100.1,-10.7,punto adelante de la componente
524,15.736,HIGH,toca_abajo,12.5,0.187,68.0,75.7,-11.5,28.3,75.7,100.1,-10.7,punto adelante de la componente
525,15.766,HIGH,toca_abajo,19.0,0.285,67.7,75.7,-11.8,28.7,75.7,99.9,-10.6,punto adelante de la componente
526,15.796,MEDIUM,toca_abajo,3.7,0.055,72.7,80.5,-6.8,28.4,80.5,100.0,2.9,punto adelante de la componente
527,15.826,MEDIUM,toca_abajo,3.7,0.055,72.7,80.5,-6.8,28.4,80.5,100.0,2.9,punto adelante de la componente
528,15.856,MEDIUM,toca_abajo,-30.5,-0.457,81.0,87.8,1.5,25.2,87.8,100.0,22.6,punto adelante de la componente
529,15.886,MEDIUM,toca_abajo,-55.7,-0.835,88.0,93.2,8.5,21.3,93.2,101.4,36.3,punto adelante de la componente
530,15.916,MEDIUM,toca_abajo,-55.7,-0.835,88.0,93.2,8.5,21.3,93.2,101.4,36.3,punto adelante de la componente
531,15.946,MEDIUM,toca_abajo,-72.6,-1.000,96.5,99.9,17.0,18.1,99.9,103.7,51.5,punto adelante de la componente
532,15.976,LOW,toca_abajo,-81.0,-1.000,102.2,,22.7,,99.9,103.7,51.5,ultimo objetivo confiable (memoria)
533,16.006,PERDIDA,sin_componente,-85.8,0.000,,,,,,,0.0,sin objetivo
534,16.036,PERDIDA,sin_componente,-85.8,0.000,,,,,,,0.0,sin objetivo
535,16.066,PERDIDA,sin_componente,-90.0,0.000,,,,,,,0.0,sin objetivo
536,16.096,PERDIDA,sin_componente,83.9,0.000,,,,,,,0.0,sin objetivo
537,16.126,PERDIDA,sin_componente,83.9,0.000,,,,,,,0.0,sin objetivo
538,16.156,PERDIDA,sin_componente,90.0,0.000,,,,,,,0.0,sin objetivo
539,16.186,PERDIDA,sin_componente,0.0,0.000,,,,,,,0.0,sin objetivo
540,16.216,PERDIDA,sin_componente,0.0,0.000,,,,,,,0.0,sin objetivo
541,16.246,PERDIDA,sin_componente,0.0,0.000,,,,,,,0.0,sin objetivo
542,16.276,PERDIDA,sin_componente,0.0,0.000,,,,,,,0.0,sin objetivo
543,16.306,PERDIDA,sin_componente,-90.0,0.000,,,,,,,0.0,sin objetivo
544,16.336,PERDIDA,sin_componente,-90.0,0.000,,,,,,,0.0,sin objetivo
545,16.366,PERDIDA,sin_componente,0.0,0.000,,,,,,,0.0,sin objetivo
546,16.396,PERDIDA,sin_componente,0.0,0.000,,,,,,,0.0,sin objetivo
547,16.426,SIN_CERCA,continuidad,-24.9,-0.600,,,,,99.9,103.7,51.5,memoria
548,16.456,SIN_CERCA,continuidad,-18.8,-0.600,,,,,99.9,103.7,51.5,memoria
549,16.486,SIN_CERCA,continuidad,-18.8,-0.600,,,,,99.9,103.7,51.5,memoria
550,16.517,SIN_CERCA,continuidad,-11.2,-0.600,,,,,99.9,103.7,51.5,memoria
551,16.547,SIN_CERCA,continuidad,-4.1,-0.600,,87.2,,,87.2,75.0,9.8,componente visible arriba
552,16.577,SIN_CERCA,continuidad,-4.1,-0.600,,87.2,,,87.2,75.0,9.8,componente visible arriba
553,16.607,SIN_CERCA,continuidad,-5.6,-0.600,,,,,87.2,75.0,9.8,memoria
554,16.637,SIN_CERCA,continuidad,-14.0,0.600,,,,,87.2,75.0,9.8,memoria
555,16.667,SIN_CERCA,continuidad,-14.0,0.600,,,,,87.2,75.0,9.8,memoria
556,16.697,SIN_CERCA,salto_grande,-54.1,-0.600,,155.6,,,155.6,79.0,61.7,componente visible arriba
557,16.727,SIN_CERCA,continuidad,-57.6,-0.600,,152.7,,,152.7,79.7,61.2,componente visible arriba
558,16.757,SIN_CERCA,continuidad,-57.6,-0.600,,152.7,,,152.7,79.7,61.2,componente visible arriba
559,16.787,SIN_CERCA,continuidad,-58.7,-0.600,,152.5,,,152.5,80.2,61.4,componente visible arriba
560,16.817,SIN_CERCA,continuidad,-58.8,-0.600,,151.6,,,151.6,80.1,61.0,componente visible arriba
561,16.847,SIN_CERCA,continuidad,-51.4,-0.600,,154.4,,,154.4,76.4,59.8,componente visible arriba
562,16.877,SIN_CERCA,continuidad,-51.4,-0.600,,154.4,,,154.4,76.4,59.8,componente visible arriba
563,16.907,MEDIUM,toca_abajo,-78.1,-1.000,102.6,62.0,23.1,-74.7,62.0,104.0,-47.6,punto adelante de la componente
564,16.937,HIGH,toca_abajo,-14.4,-0.216,61.3,66.3,-18.2,19.1,66.3,100.1,-33.5,punto adelante de la componente
565,16.967,HIGH,toca_abajo,-14.4,-0.216,61.3,66.3,-18.2,19.1,66.3,100.1,-33.5,punto adelante de la componente
566,16.997,HIGH,toca_abajo,4.2,0.064,59.2,64.8,-20.3,21.2,64.8,100.1,-36.4,punto adelante de la componente
567,17.027,HIGH,toca_abajo,17.8,0.267,60.0,65.7,-19.5,21.5,65.7,100.1,-34.6,punto adelante de la componente
568,17.057,HIGH,toca_abajo,17.9,0.268,61.5,68.0,-18.0,24.3,68.0,100.1,-30.1,punto adelante de la componente
569,17.087,HIGH,toca_abajo,17.9,0.268,61.5,68.0,-18.0,24.3,68.0,100.1,-30.1,punto adelante de la componente
570,17.117,HIGH,toca_abajo,11.0,0.165,63.2,69.6,-16.3,23.9,69.6,100.1,-26.6,punto adelante de la componente
571,17.147,HIGH,toca_abajo,4.3,0.064,63.1,70.1,-16.4,26.0,70.1,100.1,-25.2,punto adelante de la componente
572,17.177,HIGH,toca_abajo,3.5,0.053,60.5,68.1,-19.0,27.9,68.1,100.1,-29.8,punto adelante de la componente
573,17.207,HIGH,toca_abajo,3.5,0.053,60.5,68.1,-19.0,27.9,68.1,100.1,-29.8,punto adelante de la componente
574,17.237,HIGH,toca_abajo,-14.2,-0.213,67.3,76.6,-12.2,32.5,76.6,100.1,-8.4,punto adelante de la componente
575,17.267,HIGH,toca_abajo,-27.5,-0.413,77.0,84.0,-2.5,26.1,84.0,100.2,12.9,punto adelante de la componente
576,17.297,HIGH,toca_abajo,-27.5,-0.413,77.0,84.0,-2.5,26.1,84.0,100.2,12.9,punto adelante de la componente
577,17.327,HIGH,toca_abajo,-25.6,-0.385,78.5,84.1,-1.0,21.3,84.1,100.2,13.1,punto adelante de la componente
578,17.357,HIGH,toca_abajo,3.3,0.049,65.6,70.6,-13.9,19.2,70.6,100.1,-24.0,punto adelante de la componente
579,17.387,HIGH,toca_abajo,3.3,0.049,65.6,70.6,-13.9,19.2,70.6,100.1,-24.0,punto adelante de la componente
580,17.417,HIGH,toca_abajo,41.4,0.621,38.5,46.4,-41.0,28.6,46.4,100.1,-59.0,punto adelante de la componente
581,17.447,HIGH,toca_abajo,56.9,0.853,19.5,23.2,-60.0,14.6,23.2,100.0,-70.5,punto adelante de la componente
582,17.477,HIGH,toca_abajo,51.4,0.771,11.9,16.9,-67.6,19.1,16.9,99.8,-72.1,punto adelante de la componente
583,17.508,HIGH,toca_abajo,51.4,0.771,11.9,16.9,-67.6,19.1,16.9,99.8,-72.1,punto adelante de la componente
584,17.538,HIGH,toca_abajo,51.4,0.771,13.0,18.3,-66.5,20.3,18.3,99.8,-71.7,punto adelante de la componente
585,17.568,HIGH,toca_abajo,57.3,0.859,18.1,23.3,-61.4,19.8,23.3,99.9,-70.3,punto adelante de la componente
586,17.598,HIGH,toca_abajo,57.3,0.859,18.1,23.3,-61.4,19.8,23.3,99.9,-70.3,punto adelante de la componente
587,17.628,HIGH,toca_abajo,56.7,0.850,23.0,28.5,-56.5,20.8,28.5,100.0,-68.6,punto adelante de la componente
588,17.658,HIGH,toca_abajo,58.0,0.871,26.5,31.7,-53.0,19.6,31.7,100.0,-67.3,punto adelante de la componente
589,17.688,HIGH,toca_abajo,58.0,0.871,26.5,31.7,-53.0,19.6,31.7,100.0,-67.3,punto adelante de la componente
590,17.718,HIGH,toca_abajo,58.2,0.873,27.4,32.4,-52.1,19.4,32.4,100.0,-67.0,punto adelante de la componente
591,17.748,HIGH,toca_abajo,54.4,0.816,30.2,38.9,-49.3,31.4,38.9,100.1,-63.9,punto adelante de la componente
592,17.778,HIGH,toca_abajo,42.5,0.637,40.3,52.9,-39.2,41.1,52.9,100.1,-53.2,punto adelante de la componente
593,17.808,HIGH,toca_abajo,42.5,0.637,40.3,52.9,-39.2,41.1,52.9,100.1,-53.2,punto adelante de la componente
594,17.838,HIGH,toca_abajo,22.7,0.341,51.8,64.3,-27.7,40.9,64.3,100.1,-37.4,punto adelante de la componente
595,17.868,HIGH,toca_abajo,-4.9,-0.073,65.1,76.9,-14.4,39.3,76.9,100.1,-7.4,punto adelante de la componente
596,17.898,HIGH,toca_abajo,-4.9,-0.073,65.1,76.9,-14.4,39.3,76.9,100.1,-7.4,punto adelante de la componente
597,17.928,HIGH,toca_abajo,-32.3,-0.484,78.8,90.2,-0.7,38.3,90.2,100.1,28.2,punto adelante de la componente
598,17.958,HIGH,toca_abajo,-55.1,-0.826,98.3,108.4,18.8,34.9,108.4,100.1,55.5,punto adelante de la componente
599,17.988,HIGH,toca_abajo,-62.7,-0.941,113.6,120.3,34.1,24.9,120.3,100.1,64.0,punto adelante de la componente
600,18.018,HIGH,toca_abajo,-62.7,-0.941,113.6,120.3,34.1,24.9,120.3,100.1,64.0,punto adelante de la componente
601,18.048,HIGH,toca_abajo,-59.9,-0.899,110.0,115.8,30.5,21.7,115.8,100.1,61.3,punto adelante de la componente
602,18.078,HIGH,toca_abajo,-60.6,-0.909,111.5,117.1,32.0,21.4,117.1,100.1,62.2,punto adelante de la componente
603,18.108,HIGH,toca_abajo,-60.6,-0.909,111.5,117.1,32.0,21.4,117.1,100.1,62.2,punto adelante de la componente
604,18.138,HIGH,toca_abajo,-54.8,-0.822,104.9,109.6,25.4,17.7,109.6,100.1,56.5,punto adelante de la componente
605,18.168,HIGH,toca_abajo,-43.8,-0.656,92.8,98.6,13.3,22.1,98.6,100.1,43.9,punto adelante de la componente
606,18.198,HIGH,toca_abajo,-43.8,-0.656,92.8,98.6,13.3,22.1,98.6,100.1,43.9,punto adelante de la componente
607,18.228,HIGH,toca_abajo,-25.9,-0.388,79.7,86.5,0.2,25.3,86.5,100.1,19.5,punto adelante de la componente
608,18.258,HIGH,toca_abajo,-25.9,-0.388,79.7,86.5,0.2,25.3,86.5,100.1,19.5,punto adelante de la componente
609,18.288,HIGH,toca_abajo,-0.8,-0.012,66.6,73.9,-12.9,26.9,73.9,100.1,-15.6,punto adelante de la componente
610,18.318,HIGH,toca_abajo,34.2,0.513,49.8,57.9,-29.7,29.5,57.9,100.1,-47.3,punto adelante de la componente
611,18.348,HIGH,toca_abajo,34.2,0.513,49.8,57.9,-29.7,29.5,57.9,100.1,-47.3,punto adelante de la componente
612,18.378,HIGH,toca_abajo,49.9,0.748,35.6,44.1,-43.9,30.6,44.1,100.1,-60.7,punto adelante de la componente
613,18.408,HIGH,toca_abajo,48.0,0.719,33.9,43.3,-45.6,33.1,43.3,100.1,-61.2,punto adelante de la componente
614,18.438,HIGH,toca_abajo,34.7,0.520,41.8,52.8,-37.7,37.3,52.8,100.1,-53.3,punto adelante de la componente
615,18.468,HIGH,toca_abajo,34.7,0.520,41.8,52.8,-37.7,37.3,52.8,100.1,-53.3,punto adelante de la componente
616,18.498,HIGH,toca_abajo,26.5,0.397,47.3,57.9,-32.2,36.3,57.9,100.1,-47.4,punto adelante de la componente
617,18.529,HIGH,toca_abajo,7.5,0.112,58.7,69.0,-20.8,35.5,69.0,100.1,-27.9,punto adelante de la componente
618,18.559,HIGH,toca_abajo,7.5,0.112,58.7,69.0,-20.8,35.5,69.0,100.1,-27.9,punto adelante de la componente
619,18.589,HIGH,toca_abajo,-13.8,-0.208,70.1,79.5,-9.4,33.1,79.5,100.1,0.0,punto adelante de la componente
620,18.619,HIGH,toca_abajo,-34.8,-0.522,83.6,91.8,4.1,29.4,91.8,100.1,31.7,punto adelante de la componente
621,18.649,HIGH,toca_abajo,-34.8,-0.522,83.6,91.8,4.1,29.4,91.8,100.1,31.7,punto adelante de la componente
622,18.679,HIGH,toca_abajo,-44.5,-0.668,92.7,99.4,13.2,25.0,99.4,100.1,45.1,punto adelante de la componente
623,18.709,HIGH,toca_abajo,-47.3,-0.710,96.6,101.9,17.1,19.9,101.9,100.1,48.4,punto adelante de la componente
624,18.739,HIGH,toca_abajo,-47.3,-0.710,96.6,101.9,17.1,19.9,101.9,100.1,48.4,punto adelante de la componente
625,18.769,HIGH,toca_abajo,-47.5,-0.713,97.6,102.1,18.1,17.2,102.1,100.1,48.6,punto adelante de la componente
626,18.799,HIGH,toca_abajo,-41.3,-0.620,92.1,96.6,12.6,17.4,96.6,100.1,40.8,punto adelante de la componente
627,18.829,HIGH,toca_abajo,-41.3,-0.620,92.1,96.6,12.6,17.4,96.6,100.1,40.8,punto adelante de la componente
628,18.859,HIGH,toca_abajo,-30.7,-0.461,83.1,88.1,3.6,19.1,88.1,100.1,23.5,punto adelante de la componente
629,18.889,HIGH,toca_abajo,-19.6,-0.294,75.4,80.4,-4.1,19.2,80.4,100.1,2.7,punto adelante de la componente
630,18.919,HIGH,toca_abajo,-1.3,-0.020,63.2,68.6,-16.3,20.7,68.6,100.1,-28.6,punto adelante de la componente
631,18.949,HIGH,toca_abajo,-1.3,-0.020,63.2,68.6,-16.3,20.7,68.6,100.1,-28.6,punto adelante de la componente
632,18.979,HIGH,toca_abajo,15.0,0.225,51.3,57.6,-28.2,23.6,57.6,100.1,-47.7,punto adelante de la componente
633,19.009,HIGH,toca_abajo,27.8,0.417,39.3,46.0,-40.2,25.1,46.0,100.1,-59.3,punto adelante de la componente
634,19.039,HIGH,toca_abajo,27.8,0.417,39.3,46.0,-40.2,25.1,46.0,100.1,-59.3,punto adelante de la componente
635,19.069,HIGH,toca_abajo,33.1,0.497,33.3,41.0,-46.2,28.2,41.0,100.1,-62.6,punto adelante de la componente
636,19.099,HIGH,toca_abajo,30.9,0.463,32.4,39.8,-47.1,27.2,39.8,100.1,-63.4,punto adelante de la componente
637,19.129,HIGH,toca_abajo,23.6,0.354,37.3,45.7,-42.2,30.2,45.7,100.1,-59.5,punto adelante de la componente
638,19.159,HIGH,toca_abajo,23.6,0.354,37.3,45.7,-42.2,30.2,45.7,100.1,-59.5,punto adelante de la componente
639,19.189,HIGH,toca_abajo,18.7,0.280,42.3,49.9,-37.2,27.8,49.9,100.1,-56.1,punto adelante de la componente
640,19.219,HIGH,toca_abajo,10.0,0.149,47.4,55.1,-32.1,28.1,55.1,100.1,-50.8,punto adelante de la componente
641,19.249,HIGH,toca_abajo,-2.7,-0.040,55.4,62.4,-24.1,26.0,62.4,100.1,-40.7,punto adelante de la componente
642,19.279,HIGH,toca_abajo,-2.7,-0.040,55.4,62.4,-24.1,26.0,62.4,100.1,-40.7,punto adelante de la componente
643,19.309,HIGH,toca_abajo,-15.2,-0.228,62.1,68.6,-17.4,24.2,68.6,100.1,-28.8,punto adelante de la componente
644,19.339,HIGH,toca_abajo,-32.3,-0.484,69.5,90.4,-10.0,53.7,90.4,99.2,27.7,punto adelante de la componente
645,19.369,HIGH,toca_abajo,-38.8,-0.581,71.2,100.0,-8.3,62.7,100.0,99.7,45.3,punto adelante de la componente
646,19.399,HIGH,toca_abajo,-38.8,-0.581,71.2,100.0,-8.3,62.7,100.0,99.7,45.3,punto adelante de la componente
647,19.429,HIGH,toca_abajo,-41.8,-0.627,67.5,100.5,-12.0,66.6,100.5,100.0,46.4,punto adelante de la componente
648,19.459,HIGH,toca_abajo,-56.3,-0.844,94.4,101.2,14.9,25.3,101.2,100.1,47.4,punto adelante de la componente
649,19.489,HIGH,toca_abajo,-56.3,-0.844,94.4,101.2,14.9,25.3,101.2,100.1,47.4,punto adelante de la componente
650,19.520,HIGH,toca_abajo,-56.9,-0.853,95.1,99.0,15.6,14.9,99.0,100.0,44.3,punto adelante de la componente
651,19.550,MEDIUM,toca_abajo,-51.9,-0.779,91.6,95.7,12.1,15.7,95.7,100.0,39.1,punto adelante de la componente
652,19.580,MEDIUM,toca_abajo,-51.9,-0.779,91.6,95.7,12.1,15.7,95.7,100.0,39.1,punto adelante de la componente
653,19.610,MEDIUM,toca_abajo,-42.1,-0.632,87.5,91.4,8.0,14.9,91.4,100.0,30.7,punto adelante de la componente
654,19.640,HIGH,toca_abajo,-14.8,-0.222,80.2,83.9,0.7,14.3,83.9,100.0,12.4,punto adelante de la componente
655,19.670,HIGH,toca_abajo,-3.8,-0.057,79.5,79.5,0.0,0.2,79.5,100.0,0.1,punto adelante de la componente
656,19.700,HIGH,toca_abajo,-3.8,-0.057,79.5,79.5,0.0,0.2,79.5,100.0,0.1,punto adelante de la componente
657,19.730,HIGH,toca_abajo,-5.5,-0.083,79.5,79.5,-0.0,0.2,79.5,100.0,0.0,punto adelante de la componente
658,19.760,HIGH,toca_abajo,-9.0,-0.135,78.2,79.5,-1.3,5.2,79.5,100.0,0.0,punto adelante de la componente
659,19.790,HIGH,toca_abajo,-9.0,-0.135,78.2,79.5,-1.3,5.2,79.5,100.0,0.0,punto adelante de la componente
660,19.820,HIGH,toca_abajo,-16.3,-0.245,79.4,79.5,-0.1,0.4,79.5,100.0,0.0,punto adelante de la componente
661,19.850,HIGH,toca_abajo,-16.3,-0.245,79.4,79.5,-0.1,0.4,79.5,100.0,0.0,punto adelante de la componente
662,19.880,MEDIUM,toca_abajo,-30.1,-0.451,79.5,86.6,0.0,28.1,86.6,101.2,20.7,punto adelante de la componente
663,19.910,MEDIUM,toca_abajo,-63.9,-0.959,79.5,141.8,0.0,78.3,141.8,101.5,73.5,punto adelante de la componente
664,19.940,MEDIUM,toca_abajo,-63.9,-0.959,79.5,141.8,0.0,78.3,141.8,101.5,73.5,punto adelante de la componente
665,19.970,MEDIUM,toca_abajo,-80.2,-1.000,91.7,150.1,12.2,76.9,150.1,102.0,75.7,punto adelante de la componente
666,20.000,MEDIUM,toca_abajo,-85.4,-1.000,133.8,153.5,54.3,57.7,153.5,102.8,76.9,punto adelante de la componente
667,20.030,MEDIUM,toca_abajo,-85.4,-1.000,133.8,153.5,54.3,57.7,153.5,102.8,76.9,punto adelante de la componente
668,20.060,MEDIUM,toca_abajo,-86.2,-1.000,141.1,155.3,61.6,49.9,155.3,103.2,77.5,punto adelante de la componente
669,20.090,MEDIUM,toca_abajo,-86.3,-1.000,143.9,155.7,64.4,44.4,155.7,103.2,77.5,punto adelante de la componente
670,20.120,MEDIUM,toca_abajo,-85.6,-1.000,143.5,154.7,64.0,40.8,154.7,102.0,76.6,punto adelante de la componente
671,20.150,MEDIUM,toca_abajo,-85.6,-1.000,143.5,154.7,64.0,40.8,154.7,102.0,76.6,punto adelante de la componente
672,20.180,MEDIUM,toca_abajo,-82.4,-1.000,132.8,146.9,53.3,44.8,146.9,100.7,74.0,punto adelante de la componente
673,20.210,HIGH,toca_abajo,-79.8,-1.000,124.1,140.7,44.6,49.2,140.7,100.5,72.3,punto adelante de la componente
674,20.240,HIGH,toca_abajo,-79.8,-1.000,124.1,140.7,44.6,49.2,140.7,100.5,72.3,punto adelante de la componente
675,20.270,HIGH,toca_abajo,-77.8,-1.000,121.3,137.4,41.8,48.3,137.4,100.4,71.3,punto adelante de la componente
676,20.300,HIGH,toca_abajo,-74.2,-1.000,116.5,131.9,37.0,47.0,131.9,100.3,69.4,punto adelante de la componente
677,20.330,HIGH,toca_abajo,-74.2,-1.000,116.5,131.9,37.0,47.0,131.9,100.3,69.4,punto adelante de la componente
678,20.360,HIGH,toca_abajo,-65.0,-0.976,97.3,118.7,17.8,55.9,118.7,100.2,63.2,punto adelante de la componente
679,20.390,HIGH,toca_abajo,-42.7,-0.640,69.3,97.6,-10.2,63.0,97.6,100.2,42.4,punto adelante de la componente
680,20.420,HIGH,toca_abajo,-42.7,-0.640,69.3,97.6,-10.2,63.0,97.6,100.2,42.4,punto adelante de la componente
681,20.450,HIGH,toca_abajo,-33.9,-0.508,66.0,92.5,-13.5,61.4,92.5,100.2,33.3,punto adelante de la componente
682,20.480,HIGH,toca_abajo,-3.7,-0.056,56.0,79.1,-23.5,58.1,79.1,100.2,-1.1,punto adelante de la componente
683,20.511,HIGH,toca_abajo,-3.7,-0.056,56.0,79.1,-23.5,58.1,79.1,100.2,-1.1,punto adelante de la componente
684,20.541,HIGH,toca_abajo,36.9,0.553,42.5,53.6,-37.0,38.0,53.6,100.2,-52.5,punto adelante de la componente
685,20.571,HIGH,toca_abajo,48.1,0.721,31.6,40.8,-47.9,32.5,40.8,99.9,-62.5,punto adelante de la componente
686,20.601,HIGH,toca_abajo,48.1,0.721,31.6,40.8,-47.9,32.5,40.8,99.9,-62.5,punto adelante de la componente
687,20.631,HIGH,toca_abajo,47.0,0.705,31.9,42.6,-47.6,36.7,42.6,100.0,-61.5,punto adelante de la componente
688,20.661,HIGH,toca_abajo,46.4,0.697,33.4,44.1,-46.1,36.8,44.1,100.0,-60.6,punto adelante de la componente
689,20.691,HIGH,toca_abajo,31.5,0.472,42.3,59.4,-37.2,50.2,59.4,100.2,-45.4,punto adelante de la componente
690,20.721,HIGH,toca_abajo,31.5,0.472,42.3,59.4,-37.2,50.2,59.4,100.2,-45.4,punto adelante de la componente
691,20.751,HIGH,toca_abajo,21.5,0.323,47.7,66.0,-31.8,52.1,66.0,100.2,-34.3,punto adelante de la componente
692,20.781,HIGH,toca_abajo,7.8,0.118,51.0,73.2,-28.5,57.2,73.2,100.2,-17.7,punto adelante de la componente
693,20.811,HIGH,toca_abajo,7.8,0.118,51.0,73.2,-28.5,57.2,73.2,100.2,-17.7,punto adelante de la componente
694,20.841,HIGH,toca_abajo,-16.5,-0.248,58.8,83.9,-20.7,60.1,83.9,100.2,12.5,punto adelante de la componente
695,20.871,HIGH,toca_abajo,-38.9,-0.583,69.3,94.3,-10.2,59.9,94.3,100.2,36.8,punto adelante de la componente
696,20.901,HIGH,toca_abajo,-38.9,-0.583,69.3,94.3,-10.2,59.9,94.3,100.2,36.8,punto adelante de la componente
697,20.931,HIGH,toca_abajo,-53.1,-0.797,82.7,104.4,3.2,56.4,104.4,100.2,51.5,punto adelante de la componente
698,20.961,HIGH,toca_abajo,-55.1,-0.826,87.1,106.3,7.6,53.1,106.3,100.2,53.5,punto adelante de la componente
699,20.991,HIGH,toca_abajo,-55.1,-0.826,87.1,106.3,7.6,53.1,106.3,100.2,53.5,punto adelante de la componente
700,21.021,HIGH,toca_abajo,-55.5,-0.833,88.4,106.9,8.9,51.9,106.9,100.2,54.1,punto adelante de la componente
701,21.051,HIGH,toca_abajo,-55.6,-0.834,89.8,106.9,10.3,49.9,106.9,100.2,54.2,punto adelante de la componente
702,21.081,HIGH,toca_abajo,-55.6,-0.834,89.8,106.9,10.3,49.9,106.9,100.2,54.2,punto adelante de la componente
703,21.111,HIGH,toca_abajo,-48.7,-0.731,83.8,100.5,4.3,49.0,100.5,100.2,46.6,punto adelante de la componente
704,21.141,HIGH,toca_abajo,-34.6,-0.519,74.2,91.4,-5.3,50.0,91.4,100.2,31.0,punto adelante de la componente
705,21.171,HIGH,toca_abajo,-4.6,-0.069,61.1,78.8,-18.4,50.7,78.8,100.2,-2.0,punto adelante de la componente
706,21.201,HIGH,toca_abajo,-4.6,-0.069,61.1,78.8,-18.4,50.7,78.8,100.2,-2.0,punto adelante de la componente
707,21.231,HIGH,toca_abajo,37.3,0.559,43.1,58.9,-36.4,47.9,58.9,100.1,-46.0,punto adelante de la componente
708,21.261,HIGH,toca_abajo,51.3,0.769,31.3,39.7,-48.2,30.2,39.7,100.0,-63.3,punto adelante de la componente
709,21.291,HIGH,toca_abajo,51.3,0.769,31.3,39.7,-48.2,30.2,39.7,100.0,-63.3,punto adelante de la componente
710,21.321,HIGH,toca_abajo,52.3,0.784,29.4,38.0,-50.1,30.8,38.0,100.0,-64.2,punto adelante de la componente
711,21.351,HIGH,toca_abajo,47.3,0.710,31.9,45.0,-47.6,42.6,45.0,100.1,-60.0,punto adelante de la componente
712,21.381,HIGH,toca_abajo,47.3,0.710,31.9,45.0,-47.6,42.6,45.0,100.1,-60.0,punto adelante de la componente
713,21.411,HIGH,toca_abajo,35.5,0.533,41.8,58.5,-37.7,49.5,58.5,100.1,-46.6,punto adelante de la componente
714,21.441,HIGH,toca_abajo,35.5,0.533,41.8,58.5,-37.7,49.5,58.5,100.1,-46.6,punto adelante de la componente
715,21.471,HIGH,toca_abajo,30.3,0.455,43.8,62.0,-35.7,51.8,62.0,100.2,-41.5,punto adelante de la componente
716,21.502,HIGH,toca_abajo,2.5,0.038,51.8,76.2,-27.7,59.5,76.2,100.2,-9.4,punto adelante de la componente
717,21.532,HIGH,toca_abajo,2.5,0.038,51.8,76.2,-27.7,59.5,76.2,100.2,-9.4,punto adelante de la componente
718,21.562,HIGH,toca_abajo,-26.4,-0.396,62.0,88.3,-17.5,61.2,88.3,100.2,23.9,punto adelante de la componente
719,21.592,HIGH,toca_abajo,-46.5,-0.698,73.6,99.2,-5.9,60.4,99.2,100.2,44.8,punto adelante de la componente
720,21.622,HIGH,toca_abajo,-46.5,-0.698,73.6,99.2,-5.9,60.4,99.2,100.2,44.8,punto adelante de la componente
721,21.652,HIGH,toca_abajo,-49.0,-0.736,73.7,101.1,-5.8,62.1,101.1,100.2,47.5,punto adelante de la componente
722,21.682,HIGH,toca_abajo,-26.5,-0.398,55.4,90.6,-24.1,67.8,90.6,100.2,29.3,punto adelante de la componente
723,21.712,HIGH,toca_abajo,-26.5,-0.398,55.4,90.6,-24.1,67.8,90.6,100.2,29.3,punto adelante de la componente
724,21.742,HIGH,toca_abajo,27.0,0.405,31.3,55.0,-48.2,59.9,55.0,100.3,-51.2,punto adelante de la componente
725,21.772,HIGH,toca_abajo,27.0,0.405,31.3,55.0,-48.2,59.9,55.0,100.3,-51.2,punto adelante de la componente
726,21.802,SIN_CERCA,continuidad,21.5,0.600,,13.9,,,13.9,96.8,-70.5,componente visible arriba
727,21.832,SIN_CERCA,continuidad,30.0,0.600,,,,,13.9,96.8,-70.5,memoria
728,21.862,SIN_CERCA,continuidad,30.0,0.600,,,,,13.9,96.8,-70.5,memoria
729,21.892,PERDIDA,sin_componente,0.0,0.000,,,,,,,0.0,sin objetivo
730,21.922,LOW,toca_abajo,86.9,1.000,21.9,,-57.6,,13.9,96.8,-70.5,ultimo objetivo confiable (memoria)
731,21.952,LOW,toca_abajo,86.9,1.000,21.9,,-57.6,,13.9,96.8,-70.5,ultimo objetivo confiable (memoria)
732,21.982,HIGH,toca_abajo,72.5,1.000,13.3,14.5,-66.2,4.9,14.5,99.9,-72.8,punto adelante de la componente
733,22.012,HIGH,toca_abajo,76.5,1.000,13.9,16.2,-65.6,9.1,16.2,99.9,-72.4,punto adelante de la componente
734,22.042,MEDIUM,toca_abajo,79.1,1.000,15.1,17.5,-64.4,9.4,17.5,99.9,-72.0,punto adelante de la componente
735,22.072,MEDIUM,toca_abajo,79.1,1.000,15.1,17.5,-64.4,9.4,17.5,99.9,-72.0,punto adelante de la componente
736,22.102,MEDIUM,toca_abajo,79.2,1.000,8.8,11.9,-70.7,11.7,11.9,99.8,-73.3,punto adelante de la componente
737,22.132,SIN_CERCA,continuidad,71.9,0.600,0.7,4.5,-78.8,16.9,4.5,99.3,-74.6,componente visible arriba
738,22.162,SIN_CERCA,continuidad,71.9,0.600,0.7,4.5,-78.8,16.9,4.5,99.3,-74.6,componente visible arriba
739,22.192,SIN_CERCA,continuidad,67.6,0.600,,4.8,,,4.8,99.2,-74.5,componente visible arriba
740,22.222,HIGH,toca_abajo,69.1,1.000,3.1,8.4,-76.4,20.8,8.4,99.5,-73.9,punto adelante de la componente
741,22.252,HIGH,toca_abajo,69.1,1.000,3.1,8.4,-76.4,20.8,8.4,99.5,-73.9,punto adelante de la componente
742,22.282,HIGH,toca_abajo,67.7,1.000,7.9,13.5,-71.6,21.2,13.5,99.7,-72.9,punto adelante de la componente
743,22.312,HIGH,toca_abajo,64.9,0.973,14.4,20.0,-65.1,21.0,20.0,99.8,-71.3,punto adelante de la componente
744,22.342,HIGH,toca_abajo,64.9,0.973,14.4,20.0,-65.1,21.0,20.0,99.8,-71.3,punto adelante de la componente
745,22.372,HIGH,toca_abajo,64.9,0.973,24.5,30.3,-55.0,21.7,30.3,100.0,-67.9,punto adelante de la componente
746,22.402,HIGH,toca_abajo,62.1,0.932,32.5,42.6,-47.0,35.3,42.6,100.1,-61.6,punto adelante de la componente
747,22.432,HIGH,toca_abajo,62.1,0.932,32.5,42.6,-47.0,35.3,42.6,100.1,-61.6,punto adelante de la componente
748,22.462,HIGH,toca_abajo,55.6,0.834,40.0,51.6,-39.5,38.8,51.6,100.1,-54.5,punto adelante de la componente
749,22.492,HIGH,toca_abajo,40.7,0.611,51.4,63.5,-28.1,39.8,63.5,100.1,-38.9,punto adelante de la componente
750,22.523,HIGH,toca_abajo,21.1,0.316,71.5,82.8,-8.0,38.0,82.8,100.1,9.3,punto adelante de la componente
751,22.553,HIGH,toca_abajo,21.1,0.316,71.5,82.8,-8.0,38.0,82.8,100.1,9.3,punto adelante de la componente
752,22.583,HIGH,toca_abajo,-9.8,-0.147,93.4,101.6,13.9,29.5,101.6,100.0,47.9,punto adelante de la componente
753,22.613,HIGH,toca_abajo,-29.9,-0.448,106.0,112.2,26.5,23.1,112.2,100.0,58.5,punto adelante de la componente
754,22.643,HIGH,toca_abajo,-46.3,-0.694,116.4,123.7,36.9,26.7,123.7,100.1,65.8,punto adelante de la componente
755,22.673,HIGH,toca_abajo,-46.3,-0.694,116.4,123.7,36.9,26.7,123.7,100.1,65.8,punto adelante de la componente
756,22.703,HIGH,toca_abajo,-54.8,-0.821,129.7,135.6,50.2,22.3,135.6,100.1,70.5,punto adelante de la componente
757,22.733,HIGH,toca_abajo,-52.5,-0.788,130.1,133.6,50.6,13.4,133.6,100.1,69.8,punto adelante de la componente
758,22.763,HIGH,toca_abajo,-52.5,-0.788,130.1,133.6,50.6,13.4,133.6,100.1,69.8,punto adelante de la componente
759,22.793,HIGH,toca_abajo,-46.3,-0.694,120.8,125.2,41.3,17.0,125.2,100.1,66.5,punto adelante de la componente
760,22.823,HIGH,toca_abajo,-33.9,-0.509,111.1,116.1,31.6,19.0,116.1,100.1,61.4,punto adelante de la componente
761,22.853,HIGH,toca_abajo,-20.9,-0.314,102.3,107.8,22.8,20.9,107.8,100.0,54.8,punto adelante de la componente
762,22.883,HIGH,toca_abajo,-20.9,-0.314,102.3,107.8,22.8,20.9,107.8,100.0,54.8,punto adelante de la componente
763,22.913,HIGH,toca_abajo,-7.1,-0.106,94.8,100.5,15.3,21.4,100.5,100.0,46.4,punto adelante de la componente
764,22.943,HIGH,toca_abajo,-7.1,-0.106,94.8,100.5,15.3,21.4,100.5,100.0,46.4,punto adelante de la componente
765,22.973,HIGH,toca_abajo,8.5,0.127,85.8,92.0,6.3,23.0,92.0,100.1,32.0,punto adelante de la componente
766,23.003,HIGH,toca_abajo,24.3,0.365,74.5,81.8,-5.0,26.8,81.8,100.1,6.6,punto adelante de la componente
767,23.033,HIGH,toca_abajo,24.3,0.365,74.5,81.8,-5.0,26.8,81.8,100.1,6.6,punto adelante de la componente
768,23.063,HIGH,toca_abajo,33.5,0.502,71.4,78.2,-8.1,25.1,78.2,100.0,-3.7,punto adelante de la componente
769,23.093,HIGH,toca_abajo,44.7,0.670,67.2,69.5,-12.3,9.2,69.5,99.7,-26.2,punto adelante de la componente
770,23.123,HIGH,toca_abajo,43.4,0.651,74.7,69.3,-4.8,-20.0,69.3,99.8,-26.7,punto adelante de la componente
771,23.153,HIGH,toca_abajo,43.4,0.651,74.7,69.3,-4.8,-20.0,69.3,99.8,-26.7,punto adelante de la componente
772,23.183,HIGH,toca_abajo,41.1,0.616,82.3,71.5,2.8,-36.7,71.5,99.8,-21.6,punto adelante de la componente
773,23.213,HIGH,toca_abajo,41.1,0.616,82.3,71.5,2.8,-36.7,71.5,99.8,-21.6,punto adelante de la componente
774,23.243,HIGH,toca_abajo,42.4,0.637,82.4,71.0,2.9,-38.6,71.0,100.0,-23.0,punto adelante de la componente
775,23.273,HIGH,toca_abajo,30.6,0.459,89.8,78.2,10.3,-39.0,78.2,100.0,-3.8,punto adelante de la componente
776,23.303,HIGH,toca_abajo,30.6,0.459,89.8,78.2,10.3,-39.0,78.2,100.0,-3.8,punto adelante de la componente
777,23.333,HIGH,toca_abajo,5.2,0.078,103.0,90.9,23.5,-40.1,90.9,99.9,29.5,punto adelante de la componente
778,23.363,HIGH,toca_abajo,-8.7,-0.131,110.9,96.4,31.4,-45.3,96.4,99.9,40.1,punto adelante de la componente
779,23.393,HIGH,toca_abajo,-18.8,-0.281,116.5,100.7,37.0,-47.8,100.7,100.0,46.7,punto adelante de la componente
780,23.423,HIGH,toca_abajo,-18.8,-0.281,116.5,100.7,37.0,-47.8,100.7,100.0,46.7,punto adelante de la componente
781,23.453,HIGH,toca_abajo,-14.9,-0.223,115.3,96.3,35.8,-53.5,96.3,100.2,40.3,punto adelante de la componente
782,23.483,HIGH,toca_abajo,1.8,0.027,108.4,85.3,28.9,-58.7,85.3,100.3,16.5,punto adelante de la componente
783,23.514,HIGH,toca_abajo,1.8,0.027,108.4,85.3,28.9,-58.7,85.3,100.3,16.5,punto adelante de la componente
784,23.544,HIGH,toca_abajo,30.9,0.464,98.9,65.8,19.4,-66.9,65.8,100.2,-34.8,punto adelante de la componente
785,23.574,HIGH,toca_abajo,40.0,0.600,94.0,59.6,14.5,-67.5,59.6,100.3,-45.2,punto adelante de la componente
786,23.604,HIGH,toca_abajo,40.0,0.600,94.0,59.6,14.5,-67.5,59.6,100.3,-45.2,punto adelante de la componente
787,23.634,HIGH,toca_abajo,49.1,0.736,87.8,52.2,8.3,-68.0,52.2,100.3,-54.1,punto adelante de la componente
788,23.664,HIGH,toca_abajo,50.4,0.756,85.7,53.3,6.2,-66.0,53.3,100.2,-52.9,punto adelante de la componente
789,23.694,HIGH,toca_abajo,50.4,0.756,85.7,53.3,6.2,-66.0,53.3,100.2,-52.9,punto adelante de la componente
790,23.724,HIGH,toca_abajo,56.8,0.852,76.0,47.9,-3.5,-62.7,47.9,100.2,-57.9,punto adelante de la componente
791,23.754,HIGH,toca_abajo,54.1,0.812,76.1,51.0,-3.4,-60.0,51.0,100.2,-55.2,punto adelante de la componente
792,23.784,HIGH,toca_abajo,43.6,0.655,85.1,59.7,5.6,-60.3,59.7,100.2,-45.0,punto adelante de la componente
793,23.814,HIGH,toca_abajo,43.6,0.655,85.1,59.7,5.6,-60.3,59.7,100.2,-45.0,punto adelante de la componente
794,23.844,HIGH,toca_abajo,30.1,0.451,92.5,67.4,13.0,-60.0,67.4,100.2,-31.5,punto adelante de la componente
795,23.874,HIGH,toca_abajo,4.8,0.071,102.5,79.0,23.0,-58.5,79.0,100.2,-1.6,punto adelante de la componente
796,23.904,HIGH,toca_abajo,4.8,0.071,102.5,79.0,23.0,-58.5,79.0,100.2,-1.6,punto adelante de la componente
797,23.934,HIGH,toca_abajo,-11.9,-0.179,108.0,85.4,28.5,-57.5,85.4,100.2,16.7,punto adelante de la componente
798,23.964,HIGH,toca_abajo,-31.3,-0.469,115.9,96.2,36.4,-54.0,96.2,100.2,40.1,punto adelante de la componente
799,23.994,HIGH,toca_abajo,-31.3,-0.469,115.9,96.2,36.4,-54.0,96.2,100.2,40.1,punto adelante de la componente
800,24.024,HIGH,toca_abajo,-32.1,-0.481,117.5,97.3,38.0,-54.8,97.3,100.1,41.9,punto adelante de la componente
801,24.054,HIGH,toca_abajo,-15.5,-0.233,111.1,87.5,31.6,-58.6,87.5,100.2,22.0,punto adelante de la componente
802,24.084,HIGH,toca_abajo,-15.5,-0.233,111.1,87.5,31.6,-58.6,87.5,100.2,22.0,punto adelante de la componente
803,24.114,HIGH,toca_abajo,10.3,0.155,98.2,76.8,18.7,-55.9,76.8,100.1,-7.7,punto adelante de la componente
804,24.144,HIGH,toca_abajo,23.0,0.345,91.5,70.7,12.0,-55.1,70.7,100.2,-23.8,punto adelante de la componente
805,24.174,HIGH,toca_abajo,23.0,0.345,91.5,70.7,12.0,-55.1,70.7,100.2,-23.8,punto adelante de la componente
806,24.204,HIGH,toca_abajo,37.5,0.562,81.9,62.9,2.4,-52.6,62.9,100.1,-39.8,punto adelante de la componente
807,24.234,HIGH,toca_abajo,37.8,0.567,80.4,63.3,0.9,-49.7,63.3,100.1,-39.2,punto adelante de la componente
808,24.264,HIGH,toca_abajo,37.8,0.567,80.4,63.3,0.9,-49.7,63.3,100.1,-39.2,punto adelante de la componente
809,24.294,HIGH,toca_abajo,42.0,0.629,76.0,59.1,-3.5,-49.5,59.1,100.1,-45.8,punto adelante de la componente
810,24.324,HIGH,toca_abajo,38.5,0.578,75.2,60.3,-4.3,-45.9,60.3,100.1,-44.1,punto adelante de la componente
811,24.354,HIGH,toca_abajo,38.5,0.578,75.2,60.3,-4.3,-45.9,60.3,100.1,-44.1,punto adelante de la componente
812,24.384,HIGH,toca_abajo,33.3,0.499,76.5,62.3,-3.0,-44.6,62.3,100.1,-41.0,punto adelante de la componente
813,24.414,HIGH,toca_abajo,20.5,0.307,82.0,68.2,2.5,-43.5,68.2,100.1,-29.6,punto adelante de la componente
814,24.444,HIGH,toca_abajo,20.5,0.307,82.0,68.2,2.5,-43.5,68.2,100.1,-29.6,punto adelante de la componente
815,24.474,HIGH,toca_abajo,4.2,0.063,88.4,74.8,8.9,-43.2,74.8,100.1,-13.3,punto adelante de la componente
816,24.505,HIGH,toca_abajo,-18.2,-0.273,100.5,87.0,21.0,-43.0,87.0,100.1,20.6,punto adelante de la componente
817,24.535,HIGH,toca_abajo,-39.7,-0.595,115.1,100.6,35.6,-45.0,100.6,100.1,46.7,punto adelante de la componente
818,24.565,HIGH,toca_abajo,-39.7,-0.595,115.1,100.6,35.6,-45.0,100.6,100.1,46.7,punto adelante de la componente
819,24.595,HIGH,toca_abajo,-50.2,-0.753,123.5,110.4,44.0,-42.6,110.4,100.1,57.2,punto adelante de la componente
820,24.625,HIGH,toca_abajo,-50.5,-0.757,124.0,110.6,44.5,-43.0,110.6,100.1,57.4,punto adelante de la componente
821,24.655,HIGH,toca_abajo,-50.5,-0.757,124.0,110.6,44.5,-43.0,110.6,100.1,57.4,punto adelante de la componente
822,24.685,HIGH,toca_abajo,-41.0,-0.616,115.0,97.8,35.5,-49.8,97.8,100.0,42.5,punto adelante de la componente
823,24.715,HIGH,toca_abajo,-30.3,-0.455,105.2,89.9,25.7,-46.4,89.9,100.1,27.6,punto adelante de la componente
824,24.745,HIGH,toca_abajo,-30.3,-0.455,105.2,89.9,25.7,-46.4,89.9,100.1,27.6,punto adelante de la componente
825,24.775,HIGH,toca_abajo,-16.8,-0.251,99.3,83.8,19.8,-46.8,83.8,100.1,12.3,punto adelante de la componente
826,24.805,HIGH,toca_abajo,5.0,0.076,89.3,73.1,9.8,-48.1,73.1,100.1,-17.7,punto adelante de la componente
827,24.835,HIGH,toca_abajo,5.0,0.076,89.3,73.1,9.8,-48.1,73.1,100.1,-17.7,punto adelante de la componente
828,24.865,HIGH,toca_abajo,28.7,0.430,75.7,61.2,-3.8,-44.9,61.2,100.1,-42.6,punto adelante de la componente
829,24.895,HIGH,toca_abajo,40.9,0.614,64.1,51.1,-15.4,-41.9,51.1,100.1,-55.0,punto adelante de la componente
830,24.925,HIGH,toca_abajo,40.9,0.614,64.1,51.1,-15.4,-41.9,51.1,100.1,-55.0,punto adelante de la componente
831,24.955,HIGH,toca_abajo,40.7,0.610,59.8,48.1,-19.7,-39.0,48.1,100.1,-57.6,punto adelante de la componente
832,24.985,HIGH,toca_abajo,39.7,0.595,57.9,46.2,-21.6,-39.1,46.2,100.1,-59.2,punto adelante de la componente
833,25.015,HIGH,toca_abajo,39.7,0.595,57.9,46.2,-21.6,-39.1,46.2,100.1,-59.2,punto adelante de la componente
834,25.045,HIGH,toca_abajo,36.8,0.551,56.1,45.5,-23.4,-36.2,45.5,100.1,-59.7,punto adelante de la componente
835,25.075,HIGH,toca_abajo,22.2,0.333,64.5,54.3,-15.0,-35.1,54.3,100.1,-51.7,punto adelante de la componente
836,25.105,HIGH,toca_abajo,1.0,0.015,78.0,66.3,-1.5,-38.7,66.3,100.1,-33.5,punto adelante de la componente
837,25.135,HIGH,toca_abajo,1.0,0.015,78.0,66.3,-1.5,-38.7,66.3,100.1,-33.5,punto adelante de la componente
838,25.165,HIGH,toca_abajo,-24.3,-0.365,88.9,76.6,9.4,-40.3,76.6,100.1,-8.2,punto adelante de la componente
839,25.195,HIGH,toca_abajo,-40.5,-0.607,97.3,85.5,17.8,-39.0,85.5,100.1,16.8,punto adelante de la componente
840,25.225,HIGH,toca_abajo,-46.8,-0.703,99.5,88.7,20.0,-36.5,88.7,99.9,24.5,punto adelante de la componente
841,25.255,HIGH,toca_abajo,-46.8,-0.703,99.5,88.7,20.0,-36.5,88.7,99.9,24.5,punto adelante de la componente
842,25.285,HIGH,toca_abajo,-46.2,-0.692,93.4,90.0,13.9,-12.9,90.0,99.8,27.5,punto adelante de la componente
843,25.315,HIGH,toca_abajo,-40.0,-0.601,81.4,85.6,1.9,15.9,85.6,99.9,16.9,punto adelante de la componente
844,25.345,HIGH,toca_abajo,-40.0,-0.601,81.4,85.6,1.9,15.9,85.6,99.9,16.9,punto adelante de la componente
845,25.375,HIGH,toca_abajo,-36.1,-0.542,77.6,82.8,-1.9,19.7,82.8,99.9,9.3,punto adelante de la componente
846,25.405,HIGH,toca_abajo,-18.4,-0.277,66.6,73.9,-12.9,26.8,73.9,99.9,-15.4,punto adelante de la componente
847,25.435,HIGH,toca_abajo,-18.4,-0.277,66.6,73.9,-12.9,26.8,73.9,99.9,-15.4,punto adelante de la componente
848,25.465,HIGH,toca_abajo,-0.8,-0.013,56.7,66.6,-22.8,34.5,66.6,99.9,-32.7,punto adelante de la componente
849,25.495,HIGH,toca_abajo,15.7,0.236,48.7,59.5,-30.8,36.9,59.5,100.0,-45.0,punto adelante de la componente
850,25.526,HIGH,toca_abajo,15.7,0.236,48.7,59.5,-30.8,36.9,59.5,100.0,-45.0,punto adelante de la componente
851,25.556,HIGH,toca_abajo,27.8,0.417,40.9,52.7,-38.6,39.2,52.7,99.9,-53.2,punto adelante de la componente
852,25.586,HIGH,toca_abajo,26.6,0.399,39.8,53.2,-39.7,43.1,53.2,100.0,-52.8,punto adelante de la componente
853,25.616,HIGH,toca_abajo,20.1,0.302,43.0,58.8,-36.5,48.1,58.8,100.1,-46.2,punto adelante de la componente
854,25.646,HIGH,toca_abajo,20.1,0.302,43.0,58.8,-36.5,48.1,58.8,100.1,-46.2,punto adelante de la componente
855,25.676,HIGH,toca_abajo,2.5,0.037,51.6,71.8,-27.9,55.1,71.8,100.3,-21.4,punto adelante de la componente
856,25.706,HIGH,toca_abajo,-24.3,-0.365,59.3,88.0,-20.2,63.8,88.0,100.3,23.3,punto adelante de la componente
857,25.736,HIGH,toca_abajo,-24.3,-0.365,59.3,88.0,-20.2,63.8,88.0,100.3,23.3,punto adelante de la componente
858,25.766,HIGH,toca_abajo,-47.8,-0.717,69.2,103.0,-10.3,67.0,103.0,100.3,50.0,punto adelante de la componente
859,25.796,HIGH,toca_abajo,-59.0,-0.885,82.1,111.7,2.6,63.8,111.7,100.2,58.5,punto adelante de la componente
860,25.826,HIGH,toca_abajo,-59.0,-0.885,82.1,111.7,2.6,63.8,111.7,100.2,58.5,punto adelante de la componente
861,25.856,HIGH,toca_abajo,-58.5,-0.877,81.9,110.8,2.4,63.3,110.8,100.2,57.7,punto adelante de la componente
862,25.886,HIGH,toca_abajo,-54.8,-0.823,80.2,106.8,0.7,61.4,106.8,100.2,54.1,punto adelante de la componente
863,25.916,HIGH,toca_abajo,-54.8,-0.823,80.2,106.8,0.7,61.4,106.8,100.2,54.1,punto adelante de la componente
864,25.946,HIGH,toca_abajo,-54.0,-0.810,81.3,105.7,1.8,59.3,105.7,100.2,52.9,punto adelante de la componente
865,25.976,HIGH,toca_abajo,-48.4,-0.726,77.4,100.6,-2.1,58.0,100.6,100.2,46.8,punto adelante de la componente
866,26.006,HIGH,toca_abajo,-48.4,-0.726,77.4,100.6,-2.1,58.0,100.6,100.2,46.8,punto adelante de la componente
867,26.036,HIGH,toca_abajo,-31.3,-0.469,66.0,89.7,-13.5,58.5,89.7,100.2,27.2,punto adelante de la componente
868,26.066,HIGH,toca_abajo,-20.8,-0.312,60.8,83.5,-18.7,57.4,83.5,100.2,11.3,punto adelante de la componente
869,26.096,HIGH,toca_abajo,-20.8,-0.312,60.8,83.5,-18.7,57.4,83.5,100.2,11.3,punto adelante de la componente
870,26.126,HIGH,toca_abajo,-2.5,-0.038,52.1,73.3,-27.4,55.9,73.3,100.2,-17.3,punto adelante de la componente
871,26.156,HIGH,toca_abajo,19.6,0.294,41.6,57.5,-37.9,48.1,57.5,100.2,-48.0,punto adelante de la componente
872,26.186,HIGH,toca_abajo,29.8,0.447,34.3,44.3,-45.2,34.9,44.3,100.1,-60.5,punto adelante de la componente
873,26.216,HIGH,toca_abajo,29.8,0.447,34.3,44.3,-45.2,34.9,44.3,100.1,-60.5,punto adelante de la componente
874,26.246,HIGH,toca_abajo,28.6,0.429,32.6,43.7,-46.9,37.7,43.7,100.1,-61.0,punto adelante de la componente
875,26.276,HIGH,toca_abajo,25.1,0.377,34.4,46.2,-45.1,39.6,46.2,100.1,-59.1,punto adelante de la componente
876,26.306,HIGH,toca_abajo,25.1,0.377,34.4,46.2,-45.1,39.6,46.2,100.1,-59.1,punto adelante de la componente
877,26.336,HIGH,toca_abajo,11.8,0.177,42.3,60.0,-37.2,51.1,60.0,100.1,-44.5,punto adelante de la componente
878,26.366,HIGH,toca_abajo,0.2,0.002,46.9,68.8,-32.6,56.5,68.8,100.1,-28.2,punto adelante de la componente
879,26.396,HIGH,toca_abajo,0.2,0.002,46.9,68.8,-32.6,56.5,68.8,100.1,-28.2,punto adelante de la componente
880,26.426,HIGH,toca_abajo,-12.9,-0.193,54.3,76.6,-25.2,56.9,76.6,100.0,-8.3,punto adelante de la componente
881,26.456,HIGH,toca_abajo,-31.7,-0.476,65.3,87.5,-14.2,56.5,87.5,100.0,21.9,punto adelante de la componente
882,26.486,HIGH,toca_abajo,-31.7,-0.476,65.3,87.5,-14.2,56.5,87.5,100.0,21.9,punto adelante de la componente
883,26.517,HIGH,toca_abajo,-49.2,-0.738,78.4,102.3,-1.1,58.2,102.3,99.8,48.4,punto adelante de la componente
884,26.547,HIGH,toca_abajo,-59.1,-0.886,87.7,113.0,8.2,60.2,113.0,100.1,59.3,punto adelante de la componente
885,26.577,HIGH,toca_abajo,-59.1,-0.886,87.7,113.0,8.2,60.2,113.0,100.1,59.3,punto adelante de la componente
886,26.607,HIGH,toca_abajo,-64.1,-0.961,98.3,114.5,18.8,49.0,114.5,100.2,60.5,punto adelante de la componente
887,26.637,HIGH,toca_abajo,-64.3,-0.965,101.5,112.4,22.0,37.3,112.4,100.1,58.8,punto adelante de la componente
888,26.667,HIGH,toca_abajo,-64.3,-0.965,101.5,112.4,22.0,37.3,112.4,100.1,58.8,punto adelante de la componente
889,26.697,HIGH,toca_abajo,-62.5,-0.937,99.9,108.7,20.4,31.4,108.7,100.1,55.7,punto adelante de la componente
890,26.727,HIGH,toca_abajo,-58.2,-0.873,95.7,104.1,16.2,30.1,104.1,100.1,51.0,punto adelante de la componente
891,26.757,HIGH,toca_abajo,-47.7,-0.715,90.1,98.4,10.6,29.7,98.4,100.1,43.5,punto adelante de la componente
892,26.787,HIGH,toca_abajo,-47.7,-0.715,90.1,98.4,10.6,29.7,98.4,100.1,43.5,punto adelante de la componente
893,26.817,HIGH,toca_abajo,-19.5,-0.293,81.6,90.1,2.1,30.3,90.1,100.1,28.0,punto adelante de la componente
894,26.847,HIGH,toca_abajo,-19.5,-0.293,81.6,90.1,2.1,30.3,90.1,100.1,28.0,punto adelante de la componente
895,26.877,HIGH,toca_abajo,10.4,0.156,79.6,81.4,0.1,7.2,81.4,100.1,5.5,punto adelante de la componente
896,26.907,HIGH,toca_abajo,22.4,0.336,79.5,78.9,0.0,-2.3,78.9,100.1,-1.7,punto adelante de la componente
897,26.937,HIGH,toca_abajo,22.4,0.336,79.5,78.9,0.0,-2.3,78.9,100.1,-1.7,punto adelante de la componente
898,26.967,HIGH,toca_abajo,30.2,0.453,79.5,76.9,0.0,-10.1,76.9,100.2,-7.4,punto adelante de la componente
899,26.997,HIGH,toca_abajo,36.9,0.554,79.5,72.3,0.0,-27.2,72.3,100.5,-20.2,punto adelante de la componente
900,27.027,HIGH,toca_abajo,43.6,0.654,79.5,65.0,0.0,-46.6,65.0,100.7,-37.0,punto adelante de la componente
901,27.057,HIGH,toca_abajo,43.6,0.654,79.5,65.0,0.0,-46.6,65.0,100.7,-37.0,punto adelante de la componente
902,27.087,HIGH,toca_abajo,54.4,0.817,79.5,47.6,0.0,-66.7,47.6,100.7,-58.9,punto adelante de la componente
903,27.117,HIGH,toca_abajo,54.4,0.817,79.5,47.6,0.0,-66.7,47.6,100.7,-58.9,punto adelante de la componente
904,27.147,MEDIUM,toca_abajo,58.1,0.871,79.5,43.2,0.0,-69.2,43.2,100.7,-62.0,punto adelante de la componente
905,27.177,MEDIUM,toca_abajo,62.3,0.935,79.5,40.5,0.0,-70.6,40.5,100.8,-63.8,punto adelante de la componente
906,27.207,MEDIUM,toca_abajo,63.9,0.958,77.0,43.3,-2.5,-67.8,43.3,100.9,-62.1,punto adelante de la componente
907,27.237,MEDIUM,toca_abajo,63.9,0.958,77.0,43.3,-2.5,-67.8,43.3,100.9,-62.1,punto adelante de la componente
908,27.267,MEDIUM,toca_abajo,55.5,0.833,78.3,51.9,-1.2,-62.3,51.9,100.8,-55.2,punto adelante de la componente
909,27.297,MEDIUM,toca_abajo,1.6,0.025,84.0,70.1,4.5,-45.1,70.1,100.7,-26.0,punto adelante de la componente
910,27.327,MEDIUM,toca_abajo,1.6,0.025,84.0,70.1,4.5,-45.1,70.1,100.7,-26.0,punto adelante de la componente
911,27.357,MEDIUM,toca_abajo,-55.6,-0.834,93.4,87.7,13.9,-22.6,87.7,100.8,23.1,punto adelante de la componente
912,27.387,MEDIUM,toca_abajo,-71.4,-1.000,103.1,90.5,23.6,-42.9,90.5,101.1,30.2,punto adelante de la componente
913,27.417,MEDIUM,toca_abajo,-71.4,-1.000,103.1,90.5,23.6,-42.9,90.5,101.1,30.2,punto adelante de la componente
914,27.447,MEDIUM,toca_abajo,-76.7,-1.000,105.2,86.6,25.7,-56.1,86.6,102.4,22.0,punto adelante de la componente
915,27.477,MEDIUM,toca_abajo,-72.8,-1.000,95.2,76.2,15.7,-59.2,76.2,103.9,-11.6,punto adelante de la componente
916,27.508,MEDIUM,toca_abajo,-72.8,-1.000,95.2,76.2,15.7,-59.2,76.2,103.9,-11.6,punto adelante de la componente
917,27.538,MEDIUM,toca_abajo,20.0,0.300,80.1,64.2,0.6,-54.4,64.2,103.8,-43.3,punto adelante de la componente
918,27.568,MEDIUM,toca_abajo,67.3,1.000,71.4,56.2,-8.1,-52.5,56.2,103.4,-54.7,punto adelante de la componente
919,27.598,MEDIUM,toca_abajo,67.3,1.000,71.4,56.2,-8.1,-52.5,56.2,103.4,-54.7,punto adelante de la componente
920,27.628,MEDIUM,toca_abajo,77.9,1.000,60.9,46.1,-18.6,-51.2,46.1,103.2,-63.3,punto adelante de la componente
921,27.658,MEDIUM,toca_abajo,74.8,1.000,64.0,50.7,-15.5,-47.1,50.7,102.6,-58.9,punto adelante de la componente
922,27.688,MEDIUM,toca_abajo,74.8,1.000,64.0,50.7,-15.5,-47.1,50.7,102.6,-58.9,punto adelante de la componente
923,27.718,MEDIUM,toca_abajo,-45.0,-0.676,89.6,68.7,10.1,-58.0,68.7,102.0,-30.8,punto adelante de la componente
924,27.748,MEDIUM,toca_abajo,-71.4,-1.000,97.1,77.8,17.6,-57.8,77.8,102.9,-5.8,punto adelante de la componente
925,27.778,MEDIUM,toca_abajo,-78.1,-1.000,101.7,84.1,22.2,-57.2,84.1,103.8,15.8,punto adelante de la componente
926,27.808,MEDIUM,toca_abajo,-78.1,-1.000,101.7,84.1,22.2,-57.2,84.1,103.8,15.8,punto adelante de la componente
927,27.838,MEDIUM,toca_abajo,-80.8,-1.000,110.2,94.3,30.8,-54.1,94.3,103.5,41.9,punto adelante de la componente
928,27.868,MEDIUM,toca_abajo,-80.4,-1.000,107.9,90.1,28.4,-57.1,90.1,103.6,32.9,punto adelante de la componente
929,27.898,MEDIUM,toca_abajo,-80.4,-1.000,107.9,90.1,28.4,-57.1,90.1,103.6,32.9,punto adelante de la componente
930,27.928,MEDIUM,toca_abajo,-73.1,-1.000,96.5,78.6,17.0,-56.9,78.6,103.5,-3.0,punto adelante de la componente
931,27.958,MEDIUM,toca_abajo,-4.8,-0.072,83.5,65.7,4.0,-55.1,65.7,102.6,-38.5,punto adelante de la componente
932,27.988,MEDIUM,toca_abajo,-4.8,-0.072,83.5,65.7,4.0,-55.1,65.7,102.6,-38.5,punto adelante de la componente
933,28.018,MEDIUM,toca_abajo,69.7,1.000,69.2,53.3,-10.3,-51.5,53.3,102.5,-56.2,punto adelante de la componente
934,28.048,MEDIUM,toca_abajo,80.4,1.000,55.9,43.6,-23.6,-46.8,43.6,103.5,-65.4,punto adelante de la componente
935,28.078,MEDIUM,toca_abajo,80.4,1.000,55.9,43.6,-23.6,-46.8,43.6,103.5,-65.4,punto adelante de la componente
936,28.108,MEDIUM,toca_abajo,83.9,1.000,46.3,35.2,-33.2,-45.5,35.2,104.3,-70.5,punto adelante de la componente
937,28.138,LOW,toca_abajo,87.3,1.000,40.2,,-39.3,,35.2,104.3,-70.5,ultimo objetivo confiable (memoria)
938,28.168,LOW,toca_abajo,87.3,1.000,40.2,,-39.3,,35.2,104.3,-70.5,ultimo objetivo confiable (memoria)
939,28.198,LOW,toca_abajo,88.2,1.000,46.2,,-33.2,,35.2,104.3,-70.5,ultimo objetivo confiable (memoria)
940,28.228,LOW,toca_abajo,85.4,1.000,61.0,,-18.5,,35.2,104.3,-70.5,ultimo objetivo confiable (memoria)
941,28.258,LOW,toca_abajo,-59.0,0.886,83.3,,3.8,,35.2,104.3,-70.5,ultimo objetivo confiable (memoria)
942,28.288,LOW,toca_abajo,-59.0,0.886,83.3,,3.8,,35.2,104.3,-70.5,ultimo objetivo confiable (memoria)
943,28.318,LOW,toca_abajo,-81.0,1.000,99.6,,20.1,,35.2,104.3,-70.5,ultimo objetivo confiable (memoria)
944,28.348,LOW,toca_abajo,-83.2,1.000,111.8,,32.3,,35.2,104.3,-70.5,ultimo objetivo confiable (memoria)
945,28.378,LOW,toca_abajo,-83.2,1.000,111.8,,32.3,,35.2,104.3,-70.5,ultimo objetivo confiable (memoria)
946,28.408,LOW,toca_abajo,-83.3,1.000,106.3,,26.8,,35.2,104.3,-70.5,ultimo objetivo confiable (memoria)
947,28.438,LOW,toca_abajo,-81.4,1.000,92.7,,13.2,,35.2,104.3,-70.5,ultimo objetivo confiable (memoria)
948,28.468,LOW,toca_abajo,-81.4,1.000,92.7,,13.2,,35.2,104.3,-70.5,ultimo objetivo confiable (memoria)
949,28.498,LOW,toca_abajo,71.1,1.000,75.5,,-4.0,,35.2,104.3,-70.5,ultimo objetivo confiable (memoria)
950,28.529,LOW,toca_abajo,87.7,1.000,61.8,,-17.7,,35.2,104.3,-70.5,ultimo objetivo confiable (memoria)
951,28.559,PERDIDA,sin_componente,89.0,0.000,,,,,,,0.0,sin objetivo
952,28.589,PERDIDA,sin_componente,89.0,0.000,,,,,,,0.0,sin objetivo
953,28.619,LOW,toca_abajo,88.6,1.000,45.6,,-33.9,,35.2,104.3,-70.5,ultimo objetivo confiable (memoria)
954,28.649,PERDIDA,sin_componente,88.3,0.000,,,,,,,0.0,sin objetivo
955,28.679,PERDIDA,sin_componente,88.3,0.000,,,,,,,0.0,sin objetivo
956,28.709,LOW,toca_abajo,82.2,1.000,70.6,,-8.9,,35.2,104.3,-70.5,ultimo objetivo confiable (memoria)
957,28.739,LOW,toca_abajo,-66.4,0.996,87.8,,8.3,,35.2,104.3,-70.5,ultimo objetivo confiable (memoria)
958,28.769,LOW,toca_abajo,-66.4,0.996,87.8,,8.3,,35.2,104.3,-70.5,ultimo objetivo confiable (memoria)
959,28.799,LOW,toca_abajo,-67.3,1.000,100.8,,21.3,,35.2,104.3,-70.5,ultimo objetivo confiable (memoria)
960,28.829,PERDIDA,sin_componente,45.0,0.000,,,,,,,0.0,sin objetivo
961,28.859,PERDIDA,sin_componente,45.0,0.000,,,,,,,0.0,sin objetivo
962,28.889,PERDIDA,sin_componente,44.9,0.000,,,,,,,0.0,sin objetivo
963,28.919,PERDIDA,sin_componente,45.2,0.000,,,,,,,0.0,sin objetivo
964,28.949,PERDIDA,sin_componente,45.2,0.000,,,,,,,0.0,sin objetivo
965,28.979,PERDIDA,sin_componente,44.3,0.000,,,,,,,0.0,sin objetivo
966,29.009,PERDIDA,sin_componente,44.6,0.000,,,,,,,0.0,sin objetivo
967,29.039,PERDIDA,sin_componente,44.6,0.000,,,,,,,0.0,sin objetivo
968,29.069,PERDIDA,sin_componente,43.2,0.000,,,,,,,0.0,sin objetivo
969,29.099,PERDIDA,sin_componente,43.2,0.000,,,,,,,0.0,sin objetivo
970,29.129,PERDIDA,sin_componente,42.7,0.000,,,,,,,0.0,sin objetivo
971,29.159,PERDIDA,sin_componente,-55.4,0.000,,,,,,,0.0,sin objetivo
972,29.189,PERDIDA,sin_componente,-55.4,0.000,,,,,,,0.0,sin objetivo
973,29.219,PERDIDA,sin_componente,27.9,0.000,,,,,,,0.0,sin objetivo
974,29.249,PERDIDA,sin_componente,32.9,0.000,,,,,,,0.0,sin objetivo
975,29.279,PERDIDA,sin_componente,32.9,0.000,,,,,,,0.0,sin objetivo
976,29.309,PERDIDA,sin_componente,0.0,0.000,,,,,,,0.0,sin objetivo
977,29.339,PERDIDA,sin_componente,48.8,0.000,,,,,,,0.0,sin objetivo
978,29.369,PERDIDA,sin_componente,48.8,0.000,,,,,,,0.0,sin objetivo
979,29.399,PERDIDA,sin_componente,32.8,0.000,,,,,,,0.0,sin objetivo
980,29.429,PERDIDA,sin_componente,32.2,0.000,,,,,,,0.0,sin objetivo
981,29.459,PERDIDA,sin_componente,32.2,0.000,,,,,,,0.0,sin objetivo
982,29.489,PERDIDA,sin_componente,28.3,0.000,,,,,,,0.0,sin objetivo
983,29.520,PERDIDA,sin_componente,28.3,0.000,,,,,,,0.0,sin objetivo
984,29.550,PERDIDA,sin_componente,27.1,0.000,,,,,,,0.0,sin objetivo
985,29.580,PERDIDA,sin_componente,20.9,0.000,,,,,,,0.0,sin objetivo
986,29.610,PERDIDA,sin_componente,14.1,0.000,,,,,,,0.0,sin objetivo
987,29.640,PERDIDA,sin_componente,14.1,0.000,,,,,,,0.0,sin objetivo
988,29.670,PERDIDA,sin_componente,-28.8,0.000,,,,,,,0.0,sin objetivo
989,29.700,PERDIDA,sin_componente,-31.5,0.000,,,,,,,0.0,sin objetivo
990,29.730,PERDIDA,sin_componente,-31.5,0.000,,,,,,,0.0,sin objetivo
991,29.760,PERDIDA,sin_componente,-32.4,0.000,,,,,,,0.0,sin objetivo
992,29.790,PERDIDA,sin_componente,-29.0,0.000,,,,,,,0.0,sin objetivo
993,29.820,PERDIDA,sin_componente,-29.0,0.000,,,,,,,0.0,sin objetivo
994,29.850,PERDIDA,sin_componente,-23.2,0.000,,,,,,,0.0,sin objetivo
995,29.880,PERDIDA,sin_componente,-16.4,0.000,,,,,,,0.0,sin objetivo
996,29.910,PERDIDA,sin_componente,-2.9,0.000,,,,,,,0.0,sin objetivo
997,29.940,PERDIDA,sin_componente,-2.9,0.000,,,,,,,0.0,sin objetivo
998,29.970,PERDIDA,sin_componente,9.7,0.000,,,,,,,0.0,sin objetivo
999,30.000,PERDIDA,sin_componente,9.7,0.000,,,,,,,0.0,sin objetivo
1000,30.030,PERDIDA,sin_componente,7.3,0.000,,,,,,,0.0,sin objetivo
1001,30.060,PERDIDA,sin_componente,-20.1,0.000,,,,,,,0.0,sin objetivo
1002,30.090,PERDIDA,sin_componente,-20.1,0.000,,,,,,,0.0,sin objetivo
1003,30.120,PERDIDA,sin_componente,-28.7,0.000,,,,,,,0.0,sin objetivo
1004,30.150,SIN_CERCA,continuidad,-33.1,-0.600,,,,,35.2,104.3,-70.5,memoria
1005,30.180,SIN_CERCA,continuidad,-33.1,-0.600,,,,,35.2,104.3,-70.5,memoria
1006,30.210,PERDIDA,sin_componente,-34.2,0.000,,,,,,,0.0,sin objetivo
1007,30.240,PERDIDA,sin_componente,-35.2,0.000,,,,,,,0.0,sin objetivo
1008,30.270,PERDIDA,sin_componente,-35.2,0.000,,,,,,,0.0,sin objetivo
1009,30.300,PERDIDA,sin_componente,-35.7,0.000,,,,,,,0.0,sin objetivo
1010,30.330,PERDIDA,sin_componente,-35.7,0.000,,,,,,,0.0,sin objetivo
1011,30.360,SIN_CERCA,continuidad,-35.0,-0.600,,,,,35.2,104.3,-70.5,memoria
1012,30.390,SIN_CERCA,continuidad,-33.9,-0.600,,,,,35.2,104.3,-70.5,memoria
1013,30.420,SIN_CERCA,continuidad,-32.5,-0.600,,103.5,,,103.5,77.0,29.2,componente visible arriba
1014,30.450,SIN_CERCA,continuidad,-32.5,-0.600,,103.5,,,103.5,77.0,29.2,componente visible arriba
1015,30.480,SIN_CERCA,continuidad,-33.9,-0.600,,,,,103.5,77.0,29.2,memoria
1016,30.511,SIN_CERCA,continuidad,-32.6,-0.600,,107.1,,,107.1,76.1,32.2,componente visible arriba
1017,30.541,SIN_CERCA,continuidad,-32.6,-0.600,,107.1,,,107.1,76.1,32.2,componente visible arriba
1018,30.571,SIN_CERCA,continuidad,-28.3,-0.600,,100.8,,,100.8,77.0,26.4,componente visible arriba
1019,30.601,SIN_CERCA,continuidad,-28.3,-0.600,,100.8,,,100.8,77.0,26.4,componente visible arriba
1020,30.631,SIN_CERCA,continuidad,-23.4,-0.600,,94.1,,,94.1,77.8,19.1,componente visible arriba
1021,30.661,SIN_CERCA,continuidad,-19.5,-0.600,,87.3,,,87.3,77.5,10.4,componente visible arriba
1022,30.691,SIN_CERCA,continuidad,-19.5,-0.600,,87.3,,,87.3,77.5,10.4,componente visible arriba
1023,30.721,SIN_CERCA,continuidad,-10.3,-0.600,,79.7,,,79.7,79.5,0.3,componente visible arriba
1024,30.751,SIN_CERCA,continuidad,-4.2,-0.600,,76.9,,,76.9,79.4,-3.7,componente visible arriba
1025,30.781,SIN_CERCA,continuidad,-4.2,-0.600,,76.9,,,76.9,79.4,-3.7,componente visible arriba
1026,30.811,SIN_CERCA,continuidad,3.7,-0.600,,75.3,,,75.3,77.7,-5.7,componente visible arriba
1027,30.841,SIN_CERCA,continuidad,7.0,-0.600,,70.3,,,70.3,79.2,-12.8,componente visible arriba
1028,30.871,SIN_CERCA,continuidad,6.6,-0.600,,73.9,,,73.9,80.2,-8.0,componente visible arriba
1029,30.901,SIN_CERCA,continuidad,6.6,-0.600,,73.9,,,73.9,80.2,-8.0,componente visible arriba
1030,30.931,SIN_CERCA,continuidad,-15.9,-0.600,,91.6,,,91.6,78.5,16.3,componente visible arriba
1031,30.961,SIN_CERCA,continuidad,-22.2,-0.333,,75.4,,,75.4,99.9,-11.4,componente visible arriba
1032,30.991,SIN_CERCA,continuidad,-22.2,-0.333,,75.4,,,75.4,99.9,-11.4,componente visible arriba
1033,31.021,SIN_CERCA,continuidad,-24.2,-0.364,65.7,82.6,-13.8,52.4,82.6,100.1,8.7,componente visible arriba
1034,31.051,SIN_CERCA,continuidad,-24.2,-0.364,65.7,82.6,-13.8,52.4,82.6,100.1,8.7,componente visible arriba
1035,31.081,HIGH,toca_abajo,-23.6,-0.354,66.3,83.4,-13.2,49.4,83.4,100.0,10.9,punto adelante de la componente
1036,31.111,HIGH,toca_abajo,-24.7,-0.370,69.3,84.3,-10.2,45.0,84.3,100.0,13.5,punto adelante de la componente
1037,31.141,HIGH,toca_abajo,-22.7,-0.340,68.3,83.4,-11.2,45.6,83.4,100.0,11.0,punto adelante de la componente
1038,31.171,HIGH,toca_abajo,-22.7,-0.340,68.3,83.4,-11.2,45.6,83.4,100.0,11.0,punto adelante de la componente
1039,31.201,HIGH,toca_abajo,-22.1,-0.332,70.0,83.3,-9.5,42.4,83.3,100.0,10.7,punto adelante de la componente
1040,31.231,HIGH,toca_abajo,-18.0,-0.271,68.7,81.7,-10.8,42.0,81.7,99.9,6.2,punto adelante de la componente
1041,31.261,HIGH,toca_abajo,-18.0,-0.271,68.7,81.7,-10.8,42.0,81.7,99.9,6.2,punto adelante de la componente
1042,31.291,HIGH,toca_abajo,-12.3,-0.185,65.5,78.7,-14.0,42.1,78.7,99.9,-2.2,punto adelante de la componente
1043,31.321,HIGH,toca_abajo,-4.2,-0.063,61.6,74.5,-17.9,42.5,74.5,100.1,-14.0,punto adelante de la componente
1044,31.351,HIGH,toca_abajo,-4.2,-0.063,61.6,74.5,-17.9,42.5,74.5,100.1,-14.0,punto adelante de la componente
1045,31.381,HIGH,toca_abajo,-3.0,-0.045,62.6,75.4,-16.9,41.0,75.4,99.7,-11.5,punto adelante de la componente
1046,31.411,HIGH,toca_abajo,1.2,0.018,61.5,73.5,-18.0,39.2,73.5,99.8,-16.6,punto adelante de la componente
1047,31.441,HIGH,toca_abajo,1.2,0.018,61.5,73.5,-18.0,39.2,73.5,99.8,-16.6,punto adelante de la componente
1048,31.471,HIGH,toca_abajo,5.8,0.087,59.8,71.6,-19.7,39.2,71.6,100.0,-21.5,punto adelante de la componente
1049,31.502,HIGH,toca_abajo,5.8,0.087,59.8,71.6,-19.7,39.2,71.6,100.0,-21.5,punto adelante de la componente
1050,31.532,HIGH,toca_abajo,3.0,0.045,61.7,73.3,-17.8,38.7,73.3,100.1,-17.3,punto adelante de la componente
1051,31.562,HIGH,toca_abajo,-7.9,-0.118,68.7,79.6,-10.8,36.9,79.6,100.0,0.3,punto adelante de la componente
1052,31.592,HIGH,toca_abajo,-33.9,-0.508,81.2,90.6,1.7,32.9,90.6,100.0,29.1,punto adelante de la componente
1053,31.622,HIGH,toca_abajo,-33.9,-0.508,81.2,90.6,1.7,32.9,90.6,100.0,29.1,punto adelante de la componente
1054,31.652,HIGH,toca_abajo,-50.8,-0.762,90.6,98.3,11.1,28.1,98.3,100.1,43.4,punto adelante de la componente
1055,31.682,MEDIUM,toca_abajo,-59.3,-0.890,96.2,102.5,16.7,23.3,102.5,99.9,48.9,punto adelante de la componente
1056,31.712,MEDIUM,toca_abajo,-59.3,-0.890,96.2,102.5,16.7,23.3,102.5,99.9,48.9,punto adelante de la componente
1057,31.742,MEDIUM,toca_abajo,-56.0,-0.840,92.4,98.1,12.9,21.4,98.1,99.9,42.7,punto adelante de la componente
1058,31.772,MEDIUM,toca_abajo,-49.8,-0.747,88.4,93.7,8.9,20.2,93.7,100.1,35.6,punto adelante de la componente
1059,31.802,MEDIUM,toca_abajo,-49.8,-0.747,88.4,93.7,8.9,20.2,93.7,100.1,35.6,punto adelante de la componente
1060,31.832,MEDIUM,toca_abajo,-29.1,-0.437,81.5,86.7,2.0,20.0,86.7,100.1,20.0,punto adelante de la componente
1061,31.862,MEDIUM,toca_abajo,28.2,0.422,70.9,76.3,-8.6,20.3,76.3,100.0,-9.2,punto adelante de la componente
1062,31.892,MEDIUM,toca_abajo,28.2,0.422,70.9,76.3,-8.6,20.3,76.3,100.0,-9.2,punto adelante de la componente
1063,31.922,MEDIUM,toca_abajo,60.2,0.903,56.4,62.5,-23.1,23.0,62.5,100.0,-40.4,punto adelante de la componente
1064,31.952,MEDIUM,toca_abajo,71.6,1.000,39.9,47.5,-39.6,27.7,47.5,100.0,-58.0,punto adelante de la componente
1065,31.982,MEDIUM,toca_abajo,71.6,1.000,39.9,47.5,-39.6,27.7,47.5,100.0,-58.0,punto adelante de la componente
1066,32.012,MEDIUM,toca_abajo,74.4,1.000,34.0,44.3,-45.5,35.2,44.3,99.9,-60.3,punto adelante de la componente
1067,32.042,MEDIUM,toca_abajo,68.4,1.000,46.4,56.5,-33.1,34.5,56.5,99.9,-48.9,punto adelante de la componente
1068,32.072,MEDIUM,toca_abajo,68.4,1.000,46.4,56.5,-33.1,34.5,56.5,99.9,-48.9,punto adelante de la componente
1069,32.102,MEDIUM,toca_abajo,51.8,0.777,62.6,71.3,-16.9,31.7,71.3,100.1,-22.3,punto adelante de la componente
1070,32.132,MEDIUM,toca_abajo,-6.8,-0.102,76.6,83.8,-2.9,27.1,83.8,100.3,12.2,punto adelante de la componente
1071,32.162,MEDIUM,toca_abajo,-6.8,-0.102,76.6,83.8,-2.9,27.1,83.8,100.3,12.2,punto adelante de la componente
1072,32.192,MEDIUM,toca_abajo,-59.3,-0.890,90.0,96.1,10.5,24.2,96.1,100.7,40.8,punto adelante de la componente
1073,32.222,MEDIUM,toca_abajo,-71.5,-1.000,102.6,107.5,23.1,19.2,107.5,100.2,54.8,punto adelante de la componente
1074,32.252,MEDIUM,toca_abajo,-74.1,-1.000,103.2,106.7,23.7,15.2,106.7,101.7,56.1,punto adelante de la componente
1075,32.282,MEDIUM,toca_abajo,-74.1,-1.000,103.2,106.7,23.7,15.2,106.7,101.7,56.1,punto adelante de la componente
1076,32.312,LOW,toca_abajo,-79.4,-1.000,104.4,,24.9,,106.7,101.7,56.1,ultimo objetivo confiable (memoria)
1077,32.342,LOW,toca_abajo,-79.9,-1.000,96.6,,17.1,,106.7,101.7,56.1,ultimo objetivo confiable (memoria)
1078,32.372,LOW,toca_abajo,-79.9,-1.000,96.6,,17.1,,106.7,101.7,56.1,ultimo objetivo confiable (memoria)
1079,32.402,LOW,toca_abajo,-14.3,-0.215,79.8,,0.3,,106.7,101.7,56.1,ultimo objetivo confiable (memoria)
1080,32.432,LOW,toca_abajo,72.4,-1.000,63.5,,-16.0,,106.7,101.7,56.1,ultimo objetivo confiable (memoria)
1081,32.462,MEDIUM,toca_abajo,79.8,1.000,44.1,48.7,-35.4,23.3,48.7,103.6,-61.9,punto adelante de la componente
1082,32.492,MEDIUM,toca_abajo,79.8,1.000,44.1,48.7,-35.4,23.3,48.7,103.6,-61.9,punto adelante de la componente
1083,32.523,MEDIUM,toca_abajo,82.4,1.000,30.0,36.3,-49.5,28.9,36.3,103.2,-68.7,punto adelante de la componente
1084,32.553,MEDIUM,toca_abajo,82.4,1.000,30.0,36.3,-49.5,28.9,36.3,103.2,-68.7,punto adelante de la componente
1085,32.583,MEDIUM,toca_abajo,81.2,1.000,30.0,38.7,-49.5,34.8,38.7,102.1,-66.2,punto adelante de la componente
1086,32.613,MEDIUM,toca_abajo,78.4,1.000,44.5,52.5,-35.0,34.6,52.5,102.8,-57.5,punto adelante de la componente
1087,32.643,MEDIUM,toca_abajo,78.4,1.000,44.5,52.5,-35.0,34.6,52.5,102.8,-57.5,punto adelante de la componente
1088,32.673,MEDIUM,toca_abajo,72.5,1.000,60.4,66.2,-19.1,30.1,66.2,104.4,-40.4,punto adelante de la componente
1089,32.703,LOW,toca_abajo,52.0,0.779,73.4,,-6.1,,66.2,104.4,-40.4,ultimo objetivo confiable (memoria)
1090,32.733,LOW,toca_abajo,52.0,0.779,73.4,,-6.1,,66.2,104.4,-40.4,ultimo objetivo confiable (memoria)
1091,32.763,LOW,toca_abajo,-63.1,0.947,85.4,,5.9,,66.2,104.4,-40.4,ultimo objetivo confiable (memoria)
1092,32.793,LOW,toca_abajo,-77.7,1.000,97.9,,18.4,,66.2,104.4,-40.4,ultimo objetivo confiable (memoria)
1093,32.823,LOW,toca_abajo,-81.9,1.000,113.5,,34.0,,66.2,104.4,-40.4,ultimo objetivo confiable (memoria)
1094,32.853,LOW,toca_abajo,-81.9,1.000,113.5,,34.0,,66.2,104.4,-40.4,ultimo objetivo confiable (memoria)
1095,32.883,LOW,toca_abajo,-83.1,1.000,118.1,,38.6,,66.2,104.4,-40.4,ultimo objetivo confiable (memoria)
1096,32.913,LOW,toca_abajo,-79.0,1.000,103.9,,24.4,,66.2,104.4,-40.4,ultimo objetivo confiable (memoria)
1097,32.943,LOW,toca_abajo,-79.0,1.000,103.9,,24.4,,66.2,104.4,-40.4,ultimo objetivo confiable (memoria)
1098,32.973,LOW,toca_abajo,-70.1,1.000,90.9,,11.4,,66.2,104.4,-40.4,ultimo objetivo confiable (memoria)
1099,33.003,LOW,toca_abajo,-17.7,0.266,79.8,,0.3,,66.2,104.4,-40.4,ultimo objetivo confiable (memoria)
1100,33.033,LOW,toca_abajo,-17.7,0.266,79.8,,0.3,,66.2,104.4,-40.4,ultimo objetivo confiable (memoria)
1101,33.063,LOW,toca_abajo,64.4,0.966,68.0,,-11.5,,66.2,104.4,-40.4,ultimo objetivo confiable (memoria)
1102,33.093,MEDIUM,toca_abajo,78.3,1.000,51.9,55.9,-27.6,21.6,55.9,104.2,-56.3,punto adelante de la componente
1103,33.123,MEDIUM,toca_abajo,78.3,1.000,51.9,55.9,-27.6,21.6,55.9,104.2,-56.3,punto adelante de la componente
1104,33.153,MEDIUM,toca_abajo,82.0,1.000,35.3,40.8,-44.2,26.9,40.8,103.6,-67.0,punto adelante de la componente
1105,33.183,MEDIUM,toca_abajo,82.8,1.000,25.5,33.8,-54.0,35.7,33.8,102.8,-69.4,punto adelante de la componente
1106,33.213,MEDIUM,toca_abajo,79.7,1.000,39.5,49.2,-40.0,39.3,49.2,102.7,-60.3,punto adelante de la componente
1107,33.243,MEDIUM,toca_abajo,79.7,1.000,39.5,49.2,-40.0,39.3,49.2,102.7,-60.3,punto adelante de la componente
1108,33.273,MEDIUM,toca_abajo,74.5,1.000,57.5,63.8,-22.0,31.5,63.8,104.1,-44.5,punto adelante de la componente
1109,33.303,LOW,toca_abajo,65.3,0.979,69.2,,-10.3,,63.8,104.1,-44.5,ultimo objetivo confiable (memoria)
1110,33.333,LOW,toca_abajo,-31.9,0.479,80.9,,1.4,,63.8,104.1,-44.5,ultimo objetivo confiable (memoria)
1111,33.363,LOW,toca_abajo,-31.9,0.479,80.9,,1.4,,63.8,104.1,-44.5,ultimo objetivo confiable (memoria)
1112,33.393,LOW,toca_abajo,-74.0,1.000,92.8,,13.3,,63.8,104.1,-44.5,ultimo objetivo confiable (memoria)
1113,33.423,LOW,toca_abajo,-74.0,1.000,92.8,,13.3,,63.8,104.1,-44.5,ultimo objetivo confiable (memoria)
1114,33.453,LOW,toca_abajo,-80.1,1.000,105.4,,25.9,,63.8,104.1,-44.5,ultimo objetivo confiable (memoria)
1115,33.483,LOW,toca_abajo,-74.8,1.000,96.9,,17.4,,63.8,104.1,-44.5,ultimo objetivo confiable (memoria)
1116,33.514,MEDIUM,toca_abajo,-38.7,-0.580,82.1,85.8,2.6,20.5,85.8,104.6,22.1,punto adelante de la componente
1117,33.544,MEDIUM,toca_abajo,-38.7,-0.580,82.1,85.8,2.6,20.5,85.8,104.6,22.1,punto adelante de la componente
1118,33.574,LOW,toca_abajo,51.0,-0.765,72.7,,-6.8,,85.8,104.6,22.1,ultimo objetivo confiable (memoria)
1119,33.604,LOW,toca_abajo,72.6,-1.000,63.8,,-15.7,,85.8,104.6,22.1,ultimo objetivo confiable (memoria)
1120,33.634,LOW,toca_abajo,72.6,-1.000,63.8,,-15.7,,85.8,104.6,22.1,ultimo objetivo confiable (memoria)
1121,33.664,MEDIUM,toca_abajo,78.9,1.000,50.7,55.2,-28.8,24.2,55.2,104.4,-57.3,punto adelante de la componente
1122,33.694,MEDIUM,toca_abajo,81.7,1.000,35.5,43.4,-44.0,35.4,43.4,103.5,-65.4,punto adelante de la componente
1123,33.724,MEDIUM,toca_abajo,81.7,1.000,35.5,43.4,-44.0,35.4,43.4,103.5,-65.4,punto adelante de la componente
1124,33.754,LOW,toca_abajo,79.7,1.000,50.5,,-29.0,,43.4,103.5,-65.4,ultimo objetivo confiable (memoria)
1125,33.784,LOW,toca_abajo,72.2,1.000,66.9,,-12.6,,43.4,103.5,-65.4,ultimo objetivo confiable (memoria)
1126,33.814,HIGH,toca_abajo,56.8,0.852,54.2,47.7,-25.3,-24.1,47.7,100.1,-57.9,punto adelante de la componente
1127,33.844,HIGH,toca_abajo,63.0,0.946,43.5,37.3,-36.0,-23.1,37.3,100.2,-64.9,punto adelante de la componente
1128,33.874,HIGH,toca_abajo,64.2,0.963,40.9,35.3,-38.6,-21.3,35.3,100.2,-65.9,punto adelante de la componente
1129,33.904,HIGH,toca_abajo,64.2,0.963,40.9,35.3,-38.6,-21.3,35.3,100.2,-65.9,punto adelante de la componente
1130,33.934,HIGH,toca_abajo,57.6,0.865,48.9,45.0,-30.6,-15.0,45.0,100.1,-60.0,punto adelante de la componente
1131,33.964,HIGH,toca_abajo,46.7,0.701,60.0,56.2,-19.5,-14.6,56.2,100.1,-49.5,punto adelante de la componente
1132,33.994,HIGH,toca_abajo,46.7,0.701,60.0,56.2,-19.5,-14.6,56.2,100.1,-49.5,punto adelante de la componente
1133,34.024,HIGH,toca_abajo,27.6,0.415,71.7,67.6,-7.8,-16.1,67.6,100.1,-31.0,punto adelante de la componente
1134,34.054,HIGH,toca_abajo,4.5,0.067,81.2,77.1,1.7,-16.0,77.1,100.1,-7.0,punto adelante de la componente
1135,34.084,HIGH,toca_abajo,-18.7,-0.281,88.5,85.6,9.0,-11.6,85.6,100.1,17.0,punto adelante de la componente
1136,34.114,HIGH,toca_abajo,-18.7,-0.281,88.5,85.6,9.0,-11.6,85.6,100.1,17.0,punto adelante de la componente
1137,34.144,HIGH,toca_abajo,-44.2,-0.663,104.3,99.6,24.8,-18.0,99.6,100.1,45.3,punto adelante de la componente
1138,34.174,HIGH,toca_abajo,-55.2,-0.828,117.6,111.5,38.1,-22.7,111.5,100.1,58.1,punto adelante de la componente
1139,34.204,HIGH,toca_abajo,-53.5,-0.803,116.8,110.0,37.3,-25.0,110.0,100.1,56.9,punto adelante de la componente
1140,34.234,HIGH,toca_abajo,-53.5,-0.803,116.8,110.0,37.3,-25.0,110.0,100.1,56.9,punto adelante de la componente
1141,34.264,HIGH,toca_abajo,-48.1,-0.722,109.8,104.0,30.3,-21.9,104.0,100.1,50.9,punto adelante de la componente
1142,34.294,HIGH,toca_abajo,-39.2,-0.589,103.3,96.6,23.8,-25.1,96.6,100.1,40.7,punto adelante de la componente
1143,34.324,HIGH,toca_abajo,-39.2,-0.589,103.3,96.6,23.8,-25.1,96.6,100.1,40.7,punto adelante de la componente
1144,34.354,HIGH,toca_abajo,-23.0,-0.345,93.5,88.3,14.0,-19.8,88.3,100.1,23.9,punto adelante de la componente
1145,34.384,HIGH,toca_abajo,-1.5,-0.022,84.9,79.9,5.4,-18.9,79.9,100.1,1.3,punto adelante de la componente
1146,34.414,HIGH,toca_abajo,-1.5,-0.022,84.9,79.9,5.4,-18.9,79.9,100.1,1.3,punto adelante de la componente
1147,34.444,HIGH,toca_abajo,24.6,0.369,74.3,70.1,-5.2,-16.4,70.1,100.1,-25.3,punto adelante de la componente
1148,34.474,HIGH,toca_abajo,44.1,0.662,62.5,59.0,-17.0,-13.6,59.0,100.1,-45.9,punto adelante de la componente
1149,34.505,HIGH,toca_abajo,44.1,0.662,62.5,59.0,-17.0,-13.6,59.0,100.1,-45.9,punto adelante de la componente
1150,34.535,HIGH,toca_abajo,51.5,0.773,55.5,52.9,-24.0,-10.3,52.9,100.1,-53.2,punto adelante de la componente
1151,34.565,HIGH,toca_abajo,49.9,0.748,55.2,54.0,-24.3,-4.7,54.0,100.1,-52.1,punto adelante de la componente
1152,34.595,HIGH,toca_abajo,49.9,0.748,55.2,54.0,-24.3,-4.7,54.0,100.1,-52.1,punto adelante de la componente
1153,34.625,HIGH,toca_abajo,38.8,0.582,63.9,62.3,-15.6,-6.2,62.3,100.1,-40.8,punto adelante de la componente
1154,34.655,HIGH,toca_abajo,22.2,0.333,72.5,70.7,-7.0,-6.9,70.7,100.1,-23.8,punto adelante de la componente
1155,34.685,HIGH,toca_abajo,22.2,0.333,72.5,70.7,-7.0,-6.9,70.7,100.1,-23.8,punto adelante de la componente
1156,34.715,HIGH,toca_abajo,-5.6,-0.085,83.8,81.3,4.3,-9.9,81.3,100.1,5.1,punto adelante de la componente
1157,34.745,HIGH,toca_abajo,-30.2,-0.452,94.9,91.3,15.4,-14.0,91.3,100.1,30.7,punto adelante de la componente
1158,34.775,HIGH,toca_abajo,-30.2,-0.452,94.9,91.3,15.4,-14.0,91.3,100.1,30.7,punto adelante de la componente
1159,34.805,HIGH,toca_abajo,-43.6,-0.654,104.0,100.2,24.5,-14.8,100.2,100.1,46.2,punto adelante de la componente
1160,34.835,HIGH,toca_abajo,-49.7,-0.746,111.1,105.6,31.6,-20.6,105.6,100.1,52.7,punto adelante de la componente
1161,34.865,HIGH,toca_abajo,-42.7,-0.640,105.4,99.4,25.9,-22.3,99.4,100.1,45.1,punto adelante de la componente
1162,34.895,HIGH,toca_abajo,-42.7,-0.640,105.4,99.4,25.9,-22.3,99.4,100.1,45.1,punto adelante de la componente
1163,34.925,HIGH,toca_abajo,-30.3,-0.455,97.7,92.3,18.2,-20.4,92.3,100.1,32.8,punto adelante de la componente
1164,34.955,HIGH,toca_abajo,-14.0,-0.210,90.5,85.0,11.0,-21.0,85.0,100.1,15.5,punto adelante de la componente
1165,34.985,HIGH,toca_abajo,-14.0,-0.210,90.5,85.0,11.0,-21.0,85.0,100.1,15.5,punto adelante de la componente
1166,35.015,HIGH,toca_abajo,10.9,0.163,80.3,75.8,0.8,-17.6,75.8,100.1,-10.6,punto adelante de la componente
1167,35.045,HIGH,toca_abajo,30.3,0.455,71.0,67.3,-8.5,-14.5,67.3,100.1,-31.6,punto adelante de la componente
1168,35.075,HIGH,toca_abajo,30.3,0.455,71.0,67.3,-8.5,-14.5,67.3,100.1,-31.6,punto adelante de la componente
1169,35.105,HIGH,toca_abajo,42.1,0.632,63.7,60.4,-15.8,-12.8,60.4,100.1,-43.9,punto adelante de la componente
1170,35.135,HIGH,toca_abajo,36.5,0.548,65.3,63.6,-14.2,-6.4,63.6,100.1,-38.6,punto adelante de la componente
1171,35.165,HIGH,toca_abajo,36.5,0.548,65.3,63.6,-14.2,-6.4,63.6,100.1,-38.6,punto adelante de la componente
1172,35.195,HIGH,toca_abajo,10.4,0.156,77.7,75.5,-1.8,-8.8,75.5,100.1,-11.5,punto adelante de la componente
1173,35.225,HIGH,toca_abajo,-18.8,-0.282,90.1,86.3,10.6,-14.7,86.3,100.1,19.0,punto adelante de la componente
1174,35.255,HIGH,toca_abajo,-38.6,-0.578,101.7,97.1,22.2,-17.7,97.1,100.1,41.5,punto adelante de la componente
1175,35.285,HIGH,toca_abajo,-38.6,-0.578,101.7,97.1,22.2,-17.7,97.1,100.1,41.5,punto adelante de la componente
1176,35.315,HIGH,toca_abajo,-43.8,-0.657,107.0,100.9,27.5,-23.1,100.9,100.1,47.1,punto adelante de la componente
1177,35.345,HIGH,toca_abajo,-43.8,-0.657,107.0,100.9,27.5,-23.1,100.9,100.1,47.1,punto adelante de la componente
1178,35.375,HIGH,toca_abajo,-34.4,-0.516,100.0,94.0,20.5,-22.5,94.0,100.1,36.1,punto adelante de la componente
1179,35.405,HIGH,toca_abajo,-32.2,-0.483,99.9,92.9,20.4,-25.8,92.9,100.1,34.0,punto adelante de la componente
1180,35.435,HIGH,toca_abajo,-32.2,-0.483,99.9,92.9,20.4,-25.8,92.9,100.1,34.0,punto adelante de la componente
1181,35.465,HIGH,toca_abajo,-9.7,-0.145,90.0,83.5,10.5,-24.5,83.5,100.1,11.2,punto adelante de la componente
1182,35.495,HIGH,toca_abajo,13.8,0.206,79.4,74.6,-0.1,-18.4,74.6,100.1,-13.9,punto adelante de la componente
1183,35.526,HIGH,toca_abajo,32.2,0.482,71.3,66.6,-8.2,-18.0,66.6,100.1,-33.0,punto adelante de la componente
1184,35.556,HIGH,toca_abajo,32.2,0.482,71.3,66.6,-8.2,-18.0,66.6,100.1,-33.0,punto adelante de la componente
1185,35.586,HIGH,toca_abajo,44.1,0.662,62.5,59.0,-17.0,-13.4,59.0,100.1,-45.8,punto adelante de la componente
1186,35.616,HIGH,toca_abajo,44.1,0.662,61.3,59.0,-18.2,-9.0,59.0,100.1,-45.8,punto adelante de la componente
1187,35.646,HIGH,toca_abajo,44.1,0.662,61.3,59.0,-18.2,-9.0,59.0,100.1,-45.8,punto adelante de la componente
1188,35.676,HIGH,toca_abajo,34.1,0.511,67.9,65.2,-11.6,-10.4,65.2,100.1,-35.7,punto adelante de la componente
1189,35.706,HIGH,toca_abajo,27.5,0.412,71.4,68.4,-8.1,-11.6,68.4,100.1,-29.1,punto adelante de la componente
1190,35.736,HIGH,toca_abajo,27.5,0.412,71.4,68.4,-8.1,-11.6,68.4,100.1,-29.1,punto adelante de la componente
1191,35.766,HIGH,toca_abajo,10.6,0.159,78.5,75.6,-1.0,-11.7,75.6,100.1,-11.2,punto adelante de la componente
1192,35.796,HIGH,toca_abajo,-14.0,-0.210,88.6,84.8,9.1,-14.8,84.8,100.1,14.8,punto adelante de la componente
1193,35.826,HIGH,toca_abajo,-14.0,-0.210,88.6,84.8,9.1,-14.8,84.8,100.1,14.8,punto adelante de la componente
1194,35.856,HIGH,toca_abajo,-33.7,-0.505,97.7,93.4,18.2,-16.6,93.4,100.1,34.9,punto adelante de la componente
1195,35.886,HIGH,toca_abajo,-48.1,-0.722,109.1,104.7,29.6,-17.1,104.7,100.1,51.7,punto adelante de la componente
1196,35.916,HIGH,toca_abajo,-52.9,-0.793,116.2,109.5,36.7,-24.8,109.5,100.1,56.5,punto adelante de la componente
1197,35.946,HIGH,toca_abajo,-52.9,-0.793,116.2,109.5,36.7,-24.8,109.5,100.1,56.5,punto adelante de la componente
1198,35.976,HIGH,toca_abajo,-37.8,-0.567,103.7,96.5,24.2,-26.4,96.5,100.1,40.5,punto adelante de la componente
1199,36.006,HIGH,toca_abajo,-26.2,-0.394,96.1,90.0,16.6,-23.2,90.0,100.1,27.7,punto adelante de la componente
1200,36.036,HIGH,toca_abajo,-26.2,-0.394,96.1,90.0,16.6,-23.2,90.0,100.1,27.7,punto adelante de la componente
1201,36.066,HIGH,toca_abajo,-4.6,-0.069,87.2,81.7,7.7,-20.6,81.7,100.1,6.4,punto adelante de la componente
1202,36.096,HIGH,toca_abajo,16.3,0.244,78.2,73.6,-1.3,-17.5,73.6,100.1,-16.5,punto adelante de la componente
1203,36.126,HIGH,toca_abajo,16.3,0.244,78.2,73.6,-1.3,-17.5,73.6,100.1,-16.5,punto adelante de la componente
1204,36.156,HIGH,toca_abajo,34.4,0.515,70.1,65.5,-9.4,-17.4,65.5,100.1,-35.1,punto adelante de la componente
1205,36.186,HIGH,toca_abajo,47.9,0.719,59.0,56.0,-20.5,-11.7,56.0,100.1,-49.7,punto adelante de la componente
1206,36.216,HIGH,toca_abajo,47.9,0.719,59.0,56.0,-20.5,-11.7,56.0,100.1,-49.7,punto adelante de la componente
1207,36.246,HIGH,toca_abajo,36.8,0.552,65.6,63.6,-13.9,-7.9,63.6,100.1,-38.7,punto adelante de la componente
1208,36.276,HIGH,toca_abajo,14.2,0.213,77.3,74.2,-2.2,-12.1,74.2,100.1,-14.9,punto adelante de la componente
1209,36.306,HIGH,toca_abajo,14.2,0.213,77.3,74.2,-2.2,-12.1,74.2,100.1,-14.9,punto adelante de la componente
1210,36.336,HIGH,toca_abajo,-12.4,-0.186,88.1,84.1,8.6,-15.6,84.1,100.1,12.9,punto adelante de la componente
1211,36.366,HIGH,toca_abajo,-31.2,-0.469,97.1,92.2,17.6,-18.8,92.2,100.1,32.5,punto adelante de la componente
1212,36.396,HIGH,toca_abajo,-43.0,-0.644,104.7,99.9,25.2,-18.1,99.9,100.1,45.8,punto adelante de la componente
1213,36.426,HIGH,toca_abajo,-43.0,-0.644,104.7,99.9,25.2,-18.1,99.9,100.1,45.8,punto adelante de la componente
1214,36.456,HIGH,toca_abajo,-52.6,-0.789,115.0,110.3,35.5,-18.2,110.3,100.1,57.1,punto adelante de la componente
1215,36.486,HIGH,toca_abajo,-52.2,-0.783,115.9,108.7,36.4,-26.4,108.7,100.1,55.7,punto adelante de la componente
1216,36.517,HIGH,toca_abajo,-52.2,-0.783,115.9,108.7,36.4,-26.4,108.7,100.1,55.7,punto adelante de la componente
1217,36.547,HIGH,toca_abajo,-36.7,-0.550,102.3,95.8,22.8,-24.5,95.8,100.1,39.3,punto adelante de la componente
1218,36.577,HIGH,toca_abajo,-22.2,-0.333,94.4,88.5,14.9,-22.6,88.5,100.1,24.2,punto adelante de la componente
1219,36.607,HIGH,toca_abajo,-22.2,-0.333,94.4,88.5,14.9,-22.6,88.5,100.1,24.2,punto adelante de la componente
1220,36.637,HIGH,toca_abajo,0.5,0.007,84.9,79.6,5.4,-19.9,79.6,100.1,0.4,punto adelante de la componente
1221,36.667,HIGH,toca_abajo,20.7,0.310,76.8,71.8,-2.7,-19.5,71.8,100.1,-21.3,punto adelante de la componente
1222,36.697,HIGH,toca_abajo,41.3,0.619,66.0,61.3,-13.5,-18.0,61.3,100.1,-42.4,punto adelante de la componente
1223,36.727,HIGH,toca_abajo,41.3,0.619,66.0,61.3,-13.5,-18.0,61.3,100.1,-42.4,punto adelante de la componente
1224,36.757,HIGH,toca_abajo,52.8,0.792,55.0,51.8,-24.5,-12.2,51.8,100.1,-54.3,punto adelante de la componente
1225,36.787,HIGH,toca_abajo,51.2,0.768,54.5,53.0,-25.0,-5.9,53.0,100.1,-53.1,punto adelante de la componente
1226,36.817,HIGH,toca_abajo,51.2,0.768,54.5,53.0,-25.0,-5.9,53.0,100.1,-53.1,punto adelante de la componente
1227,36.847,HIGH,toca_abajo,37.8,0.567,65.2,63.1,-14.3,-8.3,63.1,100.1,-39.5,punto adelante de la componente
1228,36.877,HIGH,toca_abajo,25.4,0.381,71.6,69.5,-7.9,-8.4,69.5,100.1,-26.8,punto adelante de la componente
1229,36.907,HIGH,toca_abajo,2.7,0.040,81.6,78.7,2.1,-11.5,78.7,100.1,-2.4,punto adelante de la componente
1230,36.937,HIGH,toca_abajo,2.7,0.040,81.6,78.7,2.1,-11.5,78.7,100.1,-2.4,punto adelante de la componente
1231,36.967,HIGH,toca_abajo,-16.3,-0.245,89.3,85.8,9.8,-13.7,85.8,100.1,17.6,punto adelante de la componente
1232,36.997,HIGH,toca_abajo,-31.6,-0.474,97.8,92.8,18.3,-19.1,92.8,100.1,33.8,punto adelante de la componente
1233,37.027,HIGH,toca_abajo,-31.6,-0.474,97.8,92.8,18.3,-19.1,92.8,100.1,33.8,punto adelante de la componente
1234,37.057,HIGH,toca_abajo,-32.0,-0.480,98.1,93.3,18.6,-18.6,93.3,100.1,34.8,punto adelante de la componente
1235,37.087,HIGH,toca_abajo,-28.1,-0.421,97.5,91.4,18.0,-22.7,91.4,100.1,31.0,punto adelante de la componente
1236,37.117,HIGH,toca_abajo,-28.1,-0.421,97.5,91.4,18.0,-22.7,91.4,100.1,31.0,punto adelante de la componente
1237,37.147,HIGH,toca_abajo,-4.9,-0.073,88.1,83.0,8.6,-19.6,83.0,100.1,9.9,punto adelante de la componente
1238,37.177,HIGH,toca_abajo,-0.3,-0.004,86.5,81.9,7.0,-17.7,81.9,100.1,6.8,punto adelante de la componente
1239,37.207,HIGH,toca_abajo,-0.3,-0.004,86.5,81.9,7.0,-17.7,81.9,100.1,6.8,punto adelante de la componente
1240,37.237,HIGH,toca_abajo,17.4,0.262,79.7,75.1,0.2,-17.8,75.1,100.1,-12.5,punto adelante de la componente
1241,37.267,HIGH,toca_abajo,27.1,0.406,73.8,69.9,-5.7,-15.2,69.9,100.1,-25.8,punto adelante de la componente
1242,37.297,HIGH,toca_abajo,33.2,0.498,70.0,67.1,-9.5,-11.3,67.1,100.1,-32.0,punto adelante de la componente
1243,37.327,HIGH,toca_abajo,33.2,0.498,70.0,67.1,-9.5,-11.3,67.1,100.1,-32.0,punto adelante de la componente
1244,37.357,HIGH,toca_abajo,34.3,0.515,69.5,66.7,-10.0,-11.2,66.7,100.1,-32.9,punto adelante de la componente
1245,37.387,HIGH,toca_abajo,30.7,0.460,72.7,70.5,-6.8,-8.6,70.5,100.1,-24.3,punto adelante de la componente
1246,37.417,HIGH,toca_abajo,30.7,0.460,72.7,70.5,-6.8,-8.6,70.5,100.1,-24.3,punto adelante de la componente
1247,37.447,HIGH,toca_abajo,26.6,0.399,77.0,74.2,-2.5,-11.0,74.2,100.1,-15.0,punto adelante de la componente
1248,37.477,HIGH,toca_abajo,20.0,0.299,82.0,79.1,2.5,-11.3,79.1,100.1,-1.2,punto adelante de la componente
1249,37.508,HIGH,toca_abajo,20.0,0.299,82.0,79.1,2.5,-11.3,79.1,100.1,-1.2,punto adelante de la componente
1250,37.538,HIGH,toca_abajo,16.3,0.244,86.1,83.0,6.6,-12.0,83.0,100.1,9.9,punto adelante de la componente
1251,37.568,HIGH,toca_abajo,12.8,0.192,90.9,87.6,11.4,-12.7,87.6,100.1,22.2,punto adelante de la componente
1252,37.598,HIGH,toca_abajo,9.8,0.147,95.7,92.2,16.2,-13.6,92.2,100.1,32.6,punto adelante de la componente
1253,37.628,HIGH,toca_abajo,9.8,0.147,95.7,92.2,16.2,-13.6,92.2,100.1,32.6,punto adelante de la componente
1254,37.658,HIGH,toca_abajo,7.6,0.114,100.5,94.7,21.0,-21.4,94.7,99.8,37.1,punto adelante de la componente
1255,37.688,HIGH,toca_abajo,4.9,0.073,104.8,91.1,25.3,-42.0,91.1,99.3,29.2,punto adelante de la componente
1256,37.718,HIGH,toca_abajo,4.9,0.073,104.8,91.1,25.3,-42.0,91.1,99.3,29.2,punto adelante de la componente
1257,37.748,HIGH,toca_abajo,7.7,0.115,108.0,78.5,28.5,-62.9,78.5,99.4,-2.7,punto adelante de la componente
1258,37.778,HIGH,toca_abajo,19.1,0.286,103.2,68.7,23.7,-67.8,68.7,99.9,-28.2,punto adelante de la componente
1259,37.808,HIGH,toca_abajo,33.5,0.502,82.4,68.8,2.9,-43.6,68.8,100.0,-28.2,punto adelante de la componente
1260,37.838,HIGH,toca_abajo,33.5,0.502,82.4,68.8,2.9,-43.6,68.8,100.0,-28.2,punto adelante de la componente
1261,37.868,HIGH,toca_abajo,46.4,0.696,73.9,70.0,-5.6,-15.4,70.0,100.0,-25.5,punto adelante de la componente
1262,37.898,MEDIUM,toca_abajo,46.3,0.695,76.1,66.9,-3.4,-33.8,66.9,100.9,-33.4,punto adelante de la componente
1263,37.928,MEDIUM,toca_abajo,46.3,0.695,76.1,66.9,-3.4,-33.8,66.9,100.9,-33.4,punto adelante de la componente
1264,37.958,MEDIUM,toca_abajo,50.3,0.754,79.2,47.6,-0.3,-68.0,47.6,101.7,-60.2,punto adelante de la componente
1265,37.988,MEDIUM,toca_abajo,65.4,0.981,79.5,19.3,-0.0,-77.5,19.3,101.2,-72.6,punto adelante de la componente
1266,38.018,MEDIUM,toca_abajo,65.4,0.981,79.5,19.3,-0.0,-77.5,19.3,101.2,-72.6,punto adelante de la componente
1267,38.048,MEDIUM,toca_abajo,76.7,1.000,70.7,14.5,-8.8,-75.9,14.5,101.2,-73.8,punto adelante de la componente
1268,38.078,MEDIUM,toca_abajo,78.7,1.000,62.8,15.1,-16.7,-73.1,15.1,101.0,-73.5,punto adelante de la componente
1269,38.108,MEDIUM,toca_abajo,78.7,1.000,62.8,15.1,-16.7,-73.1,15.1,101.0,-73.5,punto adelante de la componente
1270,38.138,HIGH,toca_abajo,74.9,1.000,66.3,21.5,-13.2,-72.1,21.5,100.7,-71.6,punto adelante de la componente
1271,38.168,HIGH,toca_abajo,74.9,1.000,54.0,21.9,-25.5,-65.6,21.9,100.6,-71.4,punto adelante de la componente
1272,38.198,HIGH,toca_abajo,74.9,1.000,54.0,21.9,-25.5,-65.6,21.9,100.6,-71.4,punto adelante de la componente
1273,38.228,HIGH,toca_abajo,69.6,1.000,64.3,30.2,-15.2,-66.8,30.2,100.5,-68.4,punto adelante de la componente
1274,38.258,HIGH,toca_abajo,63.8,0.957,71.1,36.8,-8.4,-67.2,36.8,100.4,-65.4,punto adelante de la componente
1275,38.288,HIGH,toca_abajo,63.8,0.957,71.1,36.8,-8.4,-67.2,36.8,100.4,-65.4,punto adelante de la componente
1276,38.318,HIGH,toca_abajo,58.3,0.874,76.0,41.7,-3.5,-67.1,41.7,100.3,-62.5,punto adelante de la componente
1277,38.348,HIGH,toca_abajo,48.3,0.724,85.7,53.1,6.2,-66.1,53.1,100.2,-53.2,punto adelante de la componente
1278,38.378,HIGH,toca_abajo,48.3,0.724,85.7,53.1,6.2,-66.1,53.1,100.2,-53.2,punto adelante de la componente
1279,38.408,HIGH,toca_abajo,20.4,0.306,99.6,71.9,20.1,-62.8,71.9,100.2,-21.0,punto adelante de la componente
1280,38.438,HIGH,toca_abajo,-10.1,-0.151,107.7,87.1,28.2,-55.4,87.1,100.2,21.1,punto adelante de la componente
1281,38.468,HIGH,toca_abajo,-23.5,-0.352,112.9,92.6,33.4,-54.9,92.6,100.2,33.6,punto adelante de la componente
1282,38.498,HIGH,toca_abajo,-23.5,-0.352,112.9,92.6,33.4,-54.9,92.6,100.2,33.6,punto adelante de la componente
1283,38.529,HIGH,toca_abajo,-39.8,-0.597,121.6,106.7,42.1,-46.4,106.7,100.2,53.9,punto adelante de la componente
1284,38.559,HIGH,toca_abajo,-44.7,-0.670,127.4,114.3,47.9,-42.7,114.3,100.0,60.1,punto adelante de la componente
1285,38.589,HIGH,toca_abajo,-44.7,-0.670,127.4,114.3,47.9,-42.7,114.3,100.0,60.1,punto adelante de la componente
1286,38.619,HIGH,toca_abajo,-35.3,-0.529,121.5,103.6,42.0,-51.7,103.6,100.1,50.5,punto adelante de la componente
1287,38.649,HIGH,toca_abajo,-29.5,-0.443,117.0,98.7,37.5,-52.1,98.7,100.2,44.1,punto adelante de la componente
1288,38.679,HIGH,toca_abajo,-17.1,-0.256,112.4,90.2,32.9,-57.3,90.2,100.2,28.4,punto adelante de la componente
1289,38.709,HIGH,toca_abajo,-17.1,-0.256,112.4,90.2,32.9,-57.3,90.2,100.2,28.4,punto adelante de la componente
1290,38.739,HIGH,toca_abajo,-6.6,-0.099,108.9,86.2,29.4,-57.9,86.2,100.2,18.7,punto adelante de la componente
1291,38.769,HIGH,toca_abajo,7.6,0.113,104.6,80.0,25.1,-60.1,80.0,100.2,1.3,punto adelante de la componente
1292,38.799,HIGH,toca_abajo,7.6,0.113,104.6,80.0,25.1,-60.1,80.0,100.2,1.3,punto adelante de la componente
1293,38.829,HIGH,toca_abajo,31.1,0.466,97.1,66.3,17.6,-65.1,66.3,100.2,-33.7,punto adelante de la componente
1294,38.859,HIGH,toca_abajo,47.2,0.709,85.4,53.9,5.9,-65.3,53.9,100.2,-52.3,punto adelante de la componente
1295,38.889,HIGH,toca_abajo,47.2,0.709,85.4,53.9,5.9,-65.3,53.9,100.2,-52.3,punto adelante de la componente
1296,38.919,HIGH,toca_abajo,51.2,0.768,79.2,50.6,-0.3,-63.2,50.6,100.2,-55.6,punto adelante de la componente
1297,38.949,HIGH,toca_abajo,56.3,0.845,68.3,44.1,-11.2,-59.2,44.1,100.2,-60.8,punto adelante de la componente
1298,38.979,HIGH,toca_abajo,56.3,0.845,68.3,44.1,-11.2,-59.2,44.1,100.2,-60.8,punto adelante de la componente
1299,39.009,HIGH,toca_abajo,52.9,0.794,70.4,48.6,-9.1,-56.4,48.6,100.2,-57.4,punto adelante de la componente
1300,39.039,HIGH,toca_abajo,35.7,0.535,86.0,62.7,6.5,-58.1,62.7,100.2,-40.4,punto adelante de la componente
1301,39.069,HIGH,toca_abajo,35.7,0.535,86.0,62.7,6.5,-58.1,62.7,100.2,-40.4,punto adelante de la componente
1302,39.099,HIGH,toca_abajo,11.2,0.168,98.0,73.9,18.5,-59.1,73.9,100.2,-15.8,punto adelante de la componente
1303,39.129,HIGH,toca_abajo,-6.4,-0.096,103.6,80.0,24.1,-58.5,80.0,100.1,1.6,punto adelante de la componente
1304,39.159,HIGH,toca_abajo,-6.4,-0.096,103.6,80.0,24.1,-58.5,80.0,100.1,1.6,punto adelante de la componente
1305,39.189,HIGH,toca_abajo,-23.6,-0.354,110.1,89.1,30.6,-55.6,89.1,100.1,25.9,punto adelante de la componente
1306,39.219,HIGH,toca_abajo,-29.5,-0.442,112.2,90.9,32.7,-56.0,90.9,100.1,29.8,punto adelante de la componente
1307,39.249,HIGH,toca_abajo,-29.5,-0.442,112.2,90.9,32.7,-56.0,90.9,100.1,29.8,punto adelante de la componente
1308,39.279,HIGH,toca_abajo,-23.6,-0.353,108.3,85.0,28.8,-58.2,85.0,100.1,15.6,punto adelante de la componente
1309,39.309,HIGH,toca_abajo,-5.4,-0.081,99.0,74.5,19.5,-59.4,74.5,100.1,-14.1,punto adelante de la componente
1310,39.339,HIGH,toca_abajo,20.0,0.300,82.1,61.0,2.6,-55.5,61.0,100.1,-42.9,punto adelante de la componente
1311,39.369,HIGH,toca_abajo,30.8,0.463,71.3,52.7,-8.2,-52.1,52.7,100.2,-53.5,punto adelante de la componente
1312,39.399,HIGH,toca_abajo,30.8,0.463,71.3,52.7,-8.2,-52.1,52.7,100.2,-53.5,punto adelante de la componente
1313,39.429,HIGH,toca_abajo,38.2,0.573,60.1,44.5,-19.4,-47.0,44.5,100.1,-60.4,punto adelante de la componente
1314,39.459,HIGH,toca_abajo,37.1,0.557,56.4,44.5,-23.1,-39.1,44.5,100.0,-60.2,punto adelante de la componente
1315,39.489,HIGH,toca_abajo,25.9,0.388,59.3,51.5,-20.2,-27.8,51.5,99.8,-54.2,punto adelante de la componente
1316,39.520,HIGH,toca_abajo,17.1,0.257,56.7,58.6,-22.8,7.4,58.6,100.0,-46.3,punto adelante de la componente
1317,39.550,HIGH,toca_abajo,17.1,0.257,56.7,58.6,-22.8,7.4,58.6,100.0,-46.3,punto adelante de la componente
1318,39.580,HIGH,toca_abajo,-0.1,-0.002,59.3,69.1,-20.2,34.3,69.1,100.2,-27.8,punto adelante de la componente
1319,39.610,HIGH,toca_abajo,-24.2,-0.363,63.1,84.6,-16.4,56.7,84.6,100.2,14.6,punto adelante de la componente
1320,39.640,HIGH,toca_abajo,-24.2,-0.363,63.1,84.6,-16.4,56.7,84.6,100.2,14.6,punto adelante de la componente
1321,39.670,HIGH,toca_abajo,-44.3,-0.665,71.2,98.1,-8.3,61.9,98.1,100.2,43.2,punto adelante de la componente
1322,39.700,HIGH,toca_abajo,-57.5,-0.862,82.9,109.2,3.4,61.2,109.2,100.2,56.4,punto adelante de la componente
1323,39.730,HIGH,toca_abajo,-57.5,-0.862,82.9,109.2,3.4,61.2,109.2,100.2,56.4,punto adelante de la componente
1324,39.760,HIGH,toca_abajo,-61.8,-0.927,92.7,113.7,13.2,55.4,113.7,100.2,59.9,punto adelante de la componente
1325,39.790,HIGH,toca_abajo,-59.4,-0.891,91.9,110.9,12.4,52.8,110.9,100.2,57.8,punto adelante de la componente
1326,39.820,HIGH,toca_abajo,-59.4,-0.891,91.9,110.9,12.4,52.8,110.9,100.2,57.8,punto adelante de la componente
1327,39.850,HIGH,toca_abajo,-54.1,-0.812,86.8,105.4,7.3,52.1,105.4,100.2,52.6,punto adelante de la componente
1328,39.880,HIGH,toca_abajo,-41.0,-0.616,75.5,95.1,-4.0,53.6,95.1,100.2,38.2,punto adelante de la componente
1329,39.910,HIGH,toca_abajo,-41.0,-0.616,75.5,95.1,-4.0,53.6,95.1,100.2,38.2,punto adelante de la componente
1330,39.940,HIGH,toca_abajo,-24.2,-0.363,65.6,85.8,-13.9,54.4,85.8,100.2,17.6,punto adelante de la componente
1331,39.970,HIGH,toca_abajo,-6.9,-0.104,57.1,77.5,-22.4,54.7,77.5,100.2,-5.9,punto adelante de la componente
1332,40.000,HIGH,toca_abajo,-6.9,-0.104,57.1,77.5,-22.4,54.7,77.5,100.2,-5.9,punto adelante de la componente
1333,40.030,HIGH,toca_abajo,9.5,0.143,49.8,69.1,-29.7,53.3,69.1,100.2,-27.6,punto adelante de la componente
1334,40.060,HIGH,toca_abajo,26.0,0.390,41.7,57.6,-37.8,48.1,57.6,100.2,-47.9,punto adelante de la componente
1335,40.090,HIGH,toca_abajo,26.0,0.390,41.7,57.6,-37.8,48.1,57.6,100.2,-47.9,punto adelante de la componente
1336,40.120,HIGH,toca_abajo,31.4,0.471,37.4,50.9,-42.1,43.2,50.9,100.1,-55.3,punto adelante de la componente
1337,40.150,HIGH,toca_abajo,31.5,0.473,35.8,48.8,-43.7,42.4,48.8,100.1,-57.1,punto adelante de la componente
1338,40.180,HIGH,toca_abajo,15.8,0.237,43.9,62.8,-35.6,53.0,62.8,100.1,-40.0,punto adelante de la componente
1339,40.210,HIGH,toca_abajo,15.8,0.237,43.9,62.8,-35.6,53.0,62.8,100.1,-40.0,punto adelante de la componente
1340,40.240,HIGH,toca_abajo,2.8,0.042,51.6,70.3,-27.9,52.2,70.3,100.1,-24.9,punto adelante de la componente
1341,40.270,HIGH,toca_abajo,-18.5,-0.277,61.9,80.4,-17.6,51.9,80.4,100.1,2.7,punto adelante de la componente
1342,40.300,HIGH,toca_abajo,-18.5,-0.277,61.9,80.4,-17.6,51.9,80.4,100.1,2.7,punto adelante de la componente
1343,40.330,HIGH,toca_abajo,-36.8,-0.552,73.9,90.8,-5.6,49.4,90.8,100.2,29.6,punto adelante de la componente
1344,40.360,HIGH,toca_abajo,-51.7,-0.775,87.2,101.3,7.7,44.2,101.3,100.2,47.7,punto adelante de la componente
1345,40.390,HIGH,toca_abajo,-51.7,-0.775,87.2,101.3,7.7,44.2,101.3,100.2,47.7,punto adelante de la componente
1346,40.420,HIGH,toca_abajo,-55.1,-0.826,92.8,104.0,13.3,37.9,104.0,100.2,51.1,punto adelante de la componente
1347,40.450,HIGH,toca_abajo,-53.5,-0.803,89.9,101.3,10.4,38.4,101.3,100.2,47.7,punto adelante de la componente
1348,40.480,HIGH,toca_abajo,-53.5,-0.803,89.9,101.3,10.4,38.4,101.3,100.2,47.7,punto adelante de la componente
1349,40.511,HIGH,toca_abajo,-45.7,-0.685,83.0,94.1,3.5,37.7,94.1,100.1,36.4,punto adelante de la componente
1350,40.541,HIGH,toca_abajo,-37.7,-0.565,75.8,87.4,-3.7,38.7,87.4,100.1,21.7,punto adelante de la componente
1351,40.571,HIGH,toca_abajo,-22.5,-0.337,65.3,77.3,-14.2,39.6,77.3,100.1,-6.4,punto adelante de la componente
1352,40.601,HIGH,toca_abajo,-22.5,-0.337,65.3,77.3,-14.2,39.6,77.3,100.1,-6.4,punto adelante de la componente
1353,40.631,HIGH,toca_abajo,-5.2,-0.078,53.3,71.3,-26.2,50.6,71.3,99.9,-22.2,punto adelante de la componente
1354,40.661,HIGH,toca_abajo,6.9,0.103,44.0,66.9,-35.5,57.0,66.9,99.7,-31.8,punto adelante de la componente
1355,40.691,HIGH,toca_abajo,6.9,0.103,44.0,66.9,-35.5,57.0,66.9,99.7,-31.8,punto adelante de la componente
1356,40.721,HIGH,toca_abajo,19.2,0.288,34.6,55.9,-44.9,55.3,55.9,99.7,-49.2,punto adelante de la componente
1357,40.751,HIGH,toca_abajo,26.3,0.394,29.4,52.2,-50.1,56.9,52.2,99.5,-53.1,punto adelante de la componente
1358,40.781,HIGH,toca_abajo,26.3,0.394,29.4,52.2,-50.1,56.9,52.2,99.5,-53.1,punto adelante de la componente
1359,40.811,HIGH,toca_abajo,24.7,0.371,26.4,58.2,-53.1,64.5,58.2,99.2,-45.8,punto adelante de la componente
1360,40.841,HIGH,toca_abajo,16.3,0.244,29.6,79.9,-50.0,73.5,79.9,99.5,1.1,punto adelante de la componente
1361,40.871,HIGH,toca_abajo,16.3,0.244,29.6,79.9,-50.0,73.5,79.9,99.5,1.1,punto adelante de la componente
1362,40.901,HIGH,toca_abajo,5.1,0.077,36.1,87.7,-43.4,74.2,87.7,99.8,22.1,punto adelante de la componente
1363,40.931,HIGH,toca_abajo,-11.0,-0.165,52.2,91.2,-27.3,70.1,91.2,100.1,30.5,punto adelante de la componente
1364,40.961,HIGH,toca_abajo,-11.0,-0.165,52.2,91.2,-27.3,70.1,91.2,100.1,30.5,punto adelante de la componente
1365,40.991,HIGH,toca_abajo,-33.6,-0.503,75.9,95.6,-3.6,54.9,95.6,100.1,39.0,punto adelante de la componente
1366,41.021,HIGH,toca_abajo,-49.1,-0.736,89.9,99.6,10.4,34.2,99.6,100.1,45.3,punto adelante de la componente
1367,41.051,HIGH,toca_abajo,-49.1,-0.736,89.9,99.6,10.4,34.2,99.6,100.1,45.3,punto adelante de la componente
1368,41.081,HIGH,toca_abajo,-49.9,-0.749,91.2,99.0,11.7,28.1,99.0,100.1,44.3,punto adelante de la componente
1369,41.111,HIGH,toca_abajo,-51.4,-0.771,91.4,99.0,11.9,27.8,99.0,100.1,44.4,punto adelante de la componente
1370,41.141,HIGH,toca_abajo,-51.4,-0.771,91.4,99.0,11.9,27.8,99.0,100.1,44.4,punto adelante de la componente
1371,41.171,HIGH,toca_abajo,-45.0,-0.675,90.0,95.5,10.5,20.8,95.5,100.1,38.8,punto adelante de la componente
1372,41.201,HIGH,toca_abajo,-27.2,-0.407,85.2,87.5,5.7,9.3,87.5,100.5,22.3,punto adelante de la componente
1373,41.231,HIGH,toca_abajo,-27.2,-0.407,85.2,87.5,5.7,9.3,87.5,100.5,22.3,punto adelante de la componente
1374,41.261,HIGH,toca_abajo,-2.9,-0.043,81.7,81.4,2.2,-1.4,81.4,100.6,5.5,punto adelante de la componente
1375,41.291,HIGH,toca_abajo,23.6,0.353,79.5,76.3,0.0,-12.9,76.3,100.5,-9.4,punto adelante de la componente
1376,41.321,HIGH,toca_abajo,35.0,0.526,79.5,69.8,0.0,-35.3,69.8,100.8,-26.8,punto adelante de la componente
1377,41.351,HIGH,toca_abajo,35.0,0.526,79.5,69.8,0.0,-35.3,69.8,100.8,-26.8,punto adelante de la componente
1378,41.381,HIGH,toca_abajo,37.9,0.569,79.5,68.7,0.0,-38.4,68.7,100.9,-29.4,punto adelante de la componente
1379,41.411,HIGH,toca_abajo,34.4,0.516,79.5,71.8,0.0,-29.0,71.8,100.7,-21.6,punto adelante de la componente
1380,41.441,HIGH,toca_abajo,34.4,0.516,79.5,71.8,0.0,-29.0,71.8,100.7,-21.6,punto adelante de la componente
1381,41.471,HIGH,toca_abajo,24.3,0.365,79.5,77.0,0.0,-10.1,77.0,100.3,-7.3,punto adelante de la componente
1382,41.502,HIGH,toca_abajo,17.0,0.256,79.5,79.6,0.0,0.4,79.6,100.3,0.3,punto adelante de la componente
1383,41.532,HIGH,toca_abajo,17.0,0.256,79.5,79.6,0.0,0.4,79.6,100.3,0.3,punto adelante de la componente
1384,41.562,HIGH,toca_abajo,5.0,0.075,80.2,80.4,0.7,0.5,80.4,100.6,2.5,punto adelante de la componente
1385,41.592,MEDIUM,toca_abajo,-22.0,-0.330,84.7,82.3,5.2,-9.6,82.3,100.8,8.5,punto adelante de la componente
1386,41.622,MEDIUM,toca_abajo,-45.6,-0.684,89.6,85.8,10.1,-15.7,85.8,100.9,18.3,punto adelante de la componente
1387,41.652,MEDIUM,toca_abajo,-45.6,-0.684,89.6,85.8,10.1,-15.7,85.8,100.9,18.3,punto adelante de la componente
1388,41.682,MEDIUM,toca_abajo,-57.3,-0.859,94.6,70.5,15.1,-61.2,70.5,101.3,-25.7,punto adelante de la componente
1389,41.712,MEDIUM,toca_abajo,-37.0,-0.554,91.7,58.5,12.2,-68.7,58.5,101.6,-48.8,punto adelante de la componente
1390,41.742,MEDIUM,toca_abajo,-37.0,-0.554,91.7,58.5,12.2,-68.7,58.5,101.6,-48.8,punto adelante de la componente
1391,41.772,MEDIUM,toca_abajo,36.0,0.541,85.0,46.9,5.5,-71.0,46.9,101.5,-60.5,punto adelante de la componente
1392,41.802,MEDIUM,toca_abajo,36.0,0.541,85.0,46.9,5.5,-71.0,46.9,101.5,-60.5,punto adelante de la componente
1393,41.832,MEDIUM,toca_abajo,57.8,0.867,80.7,39.9,1.2,-72.1,39.9,101.6,-65.1,punto adelante de la componente
1394,41.862,MEDIUM,toca_abajo,71.0,1.000,74.7,30.9,-4.8,-73.0,30.9,101.6,-69.2,punto adelante de la componente
1395,41.892,MEDIUM,toca_abajo,71.0,1.000,74.5,32.2,-5.0,-72.6,32.2,101.6,-68.8,punto adelante de la componente
1396,41.922,MEDIUM,toca_abajo,71.0,1.000,74.5,32.2,-5.0,-72.6,32.2,101.6,-68.8,punto adelante de la componente
1397,41.952,MEDIUM,toca_abajo,32.7,0.491,84.9,47.8,5.4,-70.7,47.8,101.6,-59.9,punto adelante de la componente
1398,41.982,MEDIUM,toca_abajo,32.7,0.491,84.9,47.8,5.4,-70.7,47.8,101.6,-59.9,punto adelante de la componente
1399,42.012,MEDIUM,toca_abajo,0.1,0.002,86.5,52.3,7.0,-70.0,52.3,102.4,-57.2,punto adelante de la componente
1400,42.042,MEDIUM,toca_abajo,-60.1,-0.902,93.0,62.6,13.5,-68.3,62.6,102.9,-44.6,punto adelante de la componente
1401,42.072,MEDIUM,toca_abajo,-73.6,-1.000,99.3,72.0,19.8,-66.8,72.0,103.3,-24.2,punto adelante de la componente
1402,42.102,MEDIUM,toca_abajo,-73.6,-1.000,99.3,72.0,19.8,-66.8,72.0,103.3,-24.2,punto adelante de la componente
1403,42.132,MEDIUM,toca_abajo,-80.3,-1.000,103.0,74.7,23.5,-69.0,74.7,104.4,-17.2,punto adelante de la componente
1404,42.162,MEDIUM,toca_abajo,-80.3,-1.000,103.0,74.7,23.5,-69.0,74.7,104.4,-17.2,punto adelante de la componente
1405,42.192,LOW,toca_abajo,-74.6,-1.000,87.8,,8.3,,74.7,104.4,-17.2,ultimo objetivo confiable (memoria)
1406,42.222,LOW,toca_abajo,82.3,-1.000,63.3,,-16.2,,74.7,104.4,-17.2,ultimo objetivo confiable (memoria)
1407,42.252,LOW,toca_abajo,84.8,-1.000,56.6,,-22.9,,74.7,104.4,-17.2,ultimo objetivo confiable (memoria)
1408,42.282,LOW,toca_abajo,84.8,-1.000,56.6,,-22.9,,74.7,104.4,-17.2,ultimo objetivo confiable (memoria)
1409,42.312,LOW,toca_abajo,85.9,-1.000,47.5,,-32.0,,74.7,104.4,-17.2,ultimo objetivo confiable (memoria)
1410,42.342,LOW,toca_abajo,84.6,-1.000,47.8,,-31.7,,74.7,104.4,-17.2,ultimo objetivo confiable (memoria)
1411,42.372,LOW,toca_abajo,84.6,-1.000,47.8,,-31.7,,74.7,104.4,-17.2,ultimo objetivo confiable (memoria)
1412,42.402,LOW,toca_abajo,77.5,-1.000,67.0,,-12.5,,74.7,104.4,-17.2,ultimo objetivo confiable (memoria)
1413,42.432,LOW,toca_abajo,41.2,-0.618,77.2,,-2.3,,74.7,104.4,-17.2,ultimo objetivo confiable (memoria)
1414,42.462,LOW,toca_abajo,41.2,-0.618,77.2,,-2.3,,74.7,104.4,-17.2,ultimo objetivo confiable (memoria)
1415,42.492,LOW,toca_abajo,-59.2,-0.888,82.4,,2.9,,74.7,104.4,-17.2,ultimo objetivo confiable (memoria)
1416,42.523,LOW,toca_abajo,-83.9,-1.000,93.5,,14.0,,74.7,104.4,-17.2,ultimo objetivo confiable (memoria)
1417,42.553,LOW,toca_abajo,-83.9,-1.000,93.5,,14.0,,74.7,104.4,-17.2,ultimo objetivo confiable (memoria)
1418,42.583,LOW,toca_abajo,-88.0,-1.000,98.9,,19.4,,74.7,104.4,-17.2,ultimo objetivo confiable (memoria)
1419,42.613,LOW,toca_abajo,-88.7,-1.000,109.0,,29.5,,74.7,104.4,-17.2,ultimo objetivo confiable (memoria)
1420,42.643,LOW,toca_abajo,-87.8,-1.000,99.7,,20.2,,74.7,104.4,-17.2,ultimo objetivo confiable (memoria)
1421,42.673,LOW,toca_abajo,-87.8,-1.000,99.7,,20.2,,74.7,104.4,-17.2,ultimo objetivo confiable (memoria)
1422,42.703,LOW,toca_abajo,-81.0,-1.000,88.2,,8.7,,74.7,104.4,-17.2,ultimo objetivo confiable (memoria)
1423,42.733,LOW,toca_abajo,-81.0,-1.000,88.2,,8.7,,74.7,104.4,-17.2,ultimo objetivo confiable (memoria)
1424,42.763,LOW,toca_abajo,79.7,-1.000,72.1,,-7.4,,74.7,104.4,-17.2,ultimo objetivo confiable (memoria)
1425,42.793,LOW,toca_abajo,87.2,1.000,55.6,,-23.9,,74.7,104.4,-17.2,ultimo objetivo confiable (memoria)
1426,42.823,LOW,toca_abajo,88.8,1.000,39.0,,-40.5,,74.7,104.4,-17.2,ultimo objetivo confiable (memoria)
1427,42.853,LOW,toca_abajo,88.8,1.000,39.0,,-40.5,,74.7,104.4,-17.2,ultimo objetivo confiable (memoria)
1428,42.883,LOW,toca_abajo,89.0,1.000,33.3,,-46.2,,74.7,104.4,-17.2,ultimo objetivo confiable (memoria)
1429,42.913,LOW,toca_abajo,87.3,1.000,52.7,,-26.8,,74.7,104.4,-17.2,ultimo objetivo confiable (memoria)
1430,42.943,LOW,toca_abajo,87.3,1.000,52.7,,-26.8,,74.7,104.4,-17.2,ultimo objetivo confiable (memoria)
1431,42.973,LOW,toca_abajo,87.0,1.000,64.0,,-15.5,,74.7,104.4,-17.2,ultimo objetivo confiable (memoria)
1432,43.003,PERDIDA,sin_componente,90.0,0.000,,,,,,,0.0,sin objetivo
1433,43.033,PERDIDA,sin_componente,90.0,0.000,,,,,,,0.0,sin objetivo
1434,43.063,PERDIDA,sin_componente,0.0,0.000,,,,,,,0.0,sin objetivo
1435,43.093,PERDIDA,sin_componente,0.0,0.000,,,,,,,0.0,sin objetivo
1436,43.123,PERDIDA,sin_componente,0.0,0.000,,,,,,,0.0,sin objetivo
1437,43.153,PERDIDA,sin_componente,0.0,0.000,,,,,,,0.0,sin objetivo
1438,43.183,PERDIDA,sin_componente,40.1,0.000,,,,,,,0.0,sin objetivo
1439,43.213,PERDIDA,sin_componente,40.1,0.000,,,,,,,0.0,sin objetivo
1440,43.243,PERDIDA,sin_componente,0.0,0.000,,,,,,,0.0,sin objetivo
1441,43.273,PERDIDA,sin_componente,0.0,0.000,,,,,,,0.0,sin objetivo
1442,43.303,PERDIDA,sin_componente,28.2,0.000,,,,,,,0.0,sin objetivo
1443,43.333,PERDIDA,sin_componente,26.1,0.000,,,,,,,0.0,sin objetivo
1444,43.363,PERDIDA,sin_componente,26.1,0.000,,,,,,,0.0,sin objetivo
1445,43.393,PERDIDA,sin_componente,20.5,0.000,,,,,,,0.0,sin objetivo
1446,43.423,PERDIDA,sin_componente,19.5,0.000,,,,,,,0.0,sin objetivo
1447,43.453,PERDIDA,sin_componente,19.5,0.000,,,,,,,0.0,sin objetivo
1448,43.483,PERDIDA,sin_componente,0.4,0.000,,,,,,,0.0,sin objetivo
1449,43.514,PERDIDA,sin_componente,-7.0,0.000,,,,,,,0.0,sin objetivo
1450,43.544,PERDIDA,sin_componente,-7.0,0.000,,,,,,,0.0,sin objetivo
1451,43.574,PERDIDA,sin_componente,-5.6,0.000,,,,,,,0.0,sin objetivo
1452,43.604,SIN_CERCA,continuidad,-10.4,-0.600,,,,,74.7,104.4,-17.2,memoria
1453,43.634,SIN_CERCA,continuidad,-10.4,-0.600,,,,,74.7,104.4,-17.2,memoria
1454,43.664,SIN_CERCA,continuidad,-11.7,-0.600,,80.5,,,80.5,77.8,1.4,componente visible arriba
1455,43.694,SIN_CERCA,continuidad,-22.5,-0.600,,91.7,,,91.7,76.3,15.6,componente visible arriba
1456,43.724,SIN_CERCA,continuidad,-22.5,-0.600,,91.7,,,91.7,76.3,15.6,componente visible arriba
1457,43.754,SIN_CERCA,continuidad,-29.4,-0.600,,98.2,,,98.2,80.0,25.1,componente visible arriba
1458,43.784,SIN_CERCA,continuidad,-29.4,-0.600,,78.3,,,78.3,98.4,-3.1,componente visible arriba
1459,43.814,SIN_CERCA,continuidad,-29.4,-0.600,,78.3,,,78.3,98.4,-3.1,componente visible arriba
1460,43.844,SIN_CERCA,continuidad,-29.2,-0.600,,79.7,,,79.7,99.4,0.4,componente visible arriba
1461,43.874,SIN_CERCA,continuidad,-30.3,-0.600,65.2,84.2,-14.3,55.7,84.2,99.6,13.0,componente visible arriba
1462,43.904,SIN_CERCA,continuidad,-30.3,-0.600,65.2,84.2,-14.3,55.7,84.2,99.6,13.0,componente visible arriba
1463,43.934,SIN_CERCA,continuidad,-28.2,-0.600,66.7,84.1,-12.8,54.5,84.1,99.9,12.8,componente visible arriba
1464,43.964,SIN_CERCA,continuidad,-26.7,-0.600,,83.6,,,83.6,100.2,11.7,componente visible arriba
1465,43.994,SIN_CERCA,continuidad,-26.7,-0.600,,83.6,,,83.6,100.2,11.7,componente visible arriba
1466,44.024,HIGH,toca_abajo,-27.8,-0.417,68.2,85.7,-11.3,51.2,85.7,100.2,17.3,punto adelante de la componente
1467,44.054,HIGH,toca_abajo,-25.2,-0.378,67.7,84.8,-11.8,49.8,84.8,100.1,14.9,punto adelante de la componente
1468,44.084,HIGH,toca_abajo,-25.2,-0.378,67.7,84.8,-11.8,49.8,84.8,100.1,14.9,punto adelante de la componente
1469,44.114,HIGH,toca_abajo,-24.9,-0.374,68.4,84.5,-11.1,48.1,84.5,100.0,14.1,punto adelante de la componente
1470,44.144,HIGH,toca_abajo,-23.3,-0.349,68.9,84.0,-10.6,46.1,84.0,99.9,12.6,punto adelante de la componente
1471,44.174,HIGH,toca_abajo,-23.3,-0.349,68.9,84.0,-10.6,46.1,84.0,99.9,12.6,punto adelante de la componente
1472,44.204,HIGH,toca_abajo,-23.4,-0.351,69.7,84.1,-9.8,44.6,84.1,100.1,13.1,punto adelante de la componente
1473,44.234,HIGH,toca_abajo,-21.3,-0.320,70.8,83.5,-8.7,41.4,83.5,100.1,11.3,punto adelante de la componente
1474,44.264,HIGH,toca_abajo,-17.0,-0.255,68.5,81.5,-11.0,41.7,81.5,100.0,5.9,punto adelante de la componente
1475,44.294,HIGH,toca_abajo,-17.0,-0.255,68.5,81.5,-11.0,41.7,81.5,100.0,5.9,punto adelante de la componente
1476,44.324,HIGH,toca_abajo,-13.6,-0.203,67.6,80.4,-11.9,40.7,80.4,99.8,2.7,punto adelante de la componente
1477,44.354,HIGH,toca_abajo,-13.6,-0.203,67.6,80.4,-11.9,40.7,80.4,99.8,2.7,punto adelante de la componente
1478,44.384,HIGH,toca_abajo,-10.0,-0.150,66.3,78.5,-13.2,40.5,78.5,100.1,-2.8,punto adelante de la componente
1479,44.414,HIGH,toca_abajo,-11.0,-0.165,67.9,79.7,-11.6,38.5,79.7,99.9,0.5,punto adelante de la componente
1480,44.444,HIGH,toca_abajo,-11.0,-0.165,67.9,79.7,-11.6,38.5,79.7,99.9,0.5,punto adelante de la componente
1481,44.474,HIGH,toca_abajo,-8.0,-0.121,67.8,78.4,-11.7,36.1,78.4,99.9,-3.0,punto adelante de la componente
1482,44.505,HIGH,toca_abajo,-8.2,-0.124,68.5,79.0,-11.0,35.3,79.0,99.9,-1.6,punto adelante de la componente
1483,44.535,HIGH,toca_abajo,-10.7,-0.161,71.1,80.7,-8.4,33.7,80.7,100.0,3.5,punto adelante de la componente
1484,44.565,HIGH,toca_abajo,-10.7,-0.161,71.1,80.7,-8.4,33.7,80.7,100.0,3.5,punto adelante de la componente
1485,44.595,HIGH,toca_abajo,-13.6,-0.204,73.3,82.4,-6.2,32.4,82.4,100.0,8.2,punto adelante de la componente
1486,44.625,HIGH,toca_abajo,-17.6,-0.265,76.8,84.1,-2.7,27.1,84.1,100.0,13.0,punto adelante de la componente
1487,44.655,HIGH,toca_abajo,-17.6,-0.265,76.8,84.1,-2.7,27.1,84.1,100.0,13.0,punto adelante de la componente
1488,44.685,HIGH,toca_abajo,-14.7,-0.220,75.9,83.4,-3.6,27.2,83.4,100.1,11.0,punto adelante de la componente
1489,44.715,HIGH,toca_abajo,-11.4,-0.170,75.8,82.3,-3.7,24.5,82.3,100.1,8.1,punto adelante de la componente
1490,44.745,HIGH,toca_abajo,-11.4,-0.170,75.8,82.3,-3.7,24.5,82.3,100.1,8.1,punto adelante de la componente
1491,44.775,HIGH,toca_abajo,5.3,0.080,71.7,77.9,-7.8,23.5,77.9,100.1,-4.5,punto adelante de la componente
1492,44.805,HIGH,toca_abajo,19.1,0.287,68.6,75.4,-10.9,24.7,75.4,100.1,-11.8,punto adelante de la componente
1493,44.835,MEDIUM,toca_abajo,36.5,0.547,65.5,72.2,-14.0,24.4,72.2,99.9,-19.8,punto adelante de la componente
1494,44.865,MEDIUM,toca_abajo,36.5,0.547,65.5,72.2,-14.0,24.4,72.2,99.9,-19.8,punto adelante de la componente
1495,44.895,MEDIUM,toca_abajo,46.8,0.702,64.4,71.7,-15.1,26.7,71.7,100.0,-21.4,punto adelante de la componente
1496,44.925,MEDIUM,toca_abajo,26.2,0.393,72.3,78.5,-7.2,24.9,78.5,101.1,-3.0,punto adelante de la componente
1497,44.955,MEDIUM,toca_abajo,26.2,0.393,72.3,78.5,-7.2,24.9,78.5,101.1,-3.0,punto adelante de la componente
1498,44.985,MEDIUM,toca_abajo,-19.5,-0.292,79.7,83.9,0.2,21.7,83.9,103.9,15.3,punto adelante de la componente
1499,45.015,LOW,toca_abajo,-71.8,-1.000,92.1,,12.6,,83.9,103.9,15.3,ultimo objetivo confiable (memoria)
1500,45.045,LOW,toca_abajo,-71.8,-1.000,92.1,,12.6,,83.9,103.9,15.3,ultimo objetivo confiable (memoria)
1501,45.075,LOW,toca_abajo,-78.9,-1.000,100.5,,21.0,,83.9,103.9,15.3,ultimo objetivo confiable (memoria)
1502,45.105,LOW,toca_abajo,-81.1,-1.000,104.7,,25.2,,83.9,103.9,15.3,ultimo objetivo confiable (memoria)
1503,45.135,LOW,toca_abajo,-77.3,-1.000,94.6,,15.1,,83.9,103.9,15.3,ultimo objetivo confiable (memoria)
1504,45.165,LOW,toca_abajo,-44.3,-0.664,82.4,,2.9,,83.9,103.9,15.3,ultimo objetivo confiable (memoria)
1505,45.195,LOW,toca_abajo,-44.3,-0.664,82.4,,2.9,,83.9,103.9,15.3,ultimo objetivo confiable (memoria)
1506,45.225,LOW,toca_abajo,65.9,-0.988,69.0,,-10.5,,83.9,103.9,15.3,ultimo objetivo confiable (memoria)
1507,45.255,MEDIUM,toca_abajo,78.2,1.000,53.1,56.4,-26.4,18.2,56.4,104.3,-55.8,punto adelante de la componente
1508,45.285,MEDIUM,toca_abajo,78.2,1.000,53.1,56.4,-26.4,18.2,56.4,104.3,-55.8,punto adelante de la componente
1509,45.315,LOW,toca_abajo,83.7,1.000,39.4,,-40.1,,56.4,104.3,-55.8,ultimo objetivo confiable (memoria)
1510,45.345,MEDIUM,toca_abajo,82.3,1.000,40.3,46.5,-39.2,31.8,46.5,104.5,-64.8,punto adelante de la componente
1511,45.375,MEDIUM,toca_abajo,82.3,1.000,40.3,46.5,-39.2,31.8,46.5,104.5,-64.8,punto adelante de la componente
1512,45.405,MEDIUM,toca_abajo,73.0,1.000,58.0,63.6,-21.5,28.1,63.6,103.8,-44.3,punto adelante de la componente
1513,45.435,MEDIUM,toca_abajo,73.0,1.000,58.0,63.6,-21.5,28.1,63.6,103.8,-44.3,punto adelante de la componente
1514,45.465,LOW,toca_abajo,59.1,0.886,69.5,,-10.0,,63.6,103.8,-44.3,ultimo objetivo confiable (memoria)
1515,45.495,LOW,toca_abajo,-34.5,0.517,81.3,,1.8,,63.6,103.8,-44.3,ultimo objetivo confiable (memoria)
1516,45.526,LOW,toca_abajo,-34.5,0.517,81.3,,1.8,,63.6,103.8,-44.3,ultimo objetivo confiable (memoria)
1517,45.556,LOW,toca_abajo,-78.0,1.000,93.0,,13.5,,63.6,103.8,-44.3,ultimo objetivo confiable (memoria)
1518,45.586,LOW,toca_abajo,-83.8,1.000,104.3,,24.8,,63.6,103.8,-44.3,ultimo objetivo confiable (memoria)
1519,45.616,LOW,toca_abajo,-83.8,1.000,104.3,,24.8,,63.6,103.8,-44.3,ultimo objetivo confiable (memoria)
1520,45.646,PERDIDA,sin_componente,-84.5,0.000,,,,,,,0.0,sin objetivo
1521,45.676,PERDIDA,sin_componente,-78.4,0.000,,,,,,,0.0,sin objetivo
1522,45.706,PERDIDA,sin_componente,-78.4,0.000,,,,,,,0.0,sin objetivo
1523,45.736,PERDIDA,sin_componente,74.3,0.000,,,,,,,0.0,sin objetivo
1524,45.766,LOW,toca_abajo,84.4,1.000,54.7,,-24.8,,63.6,103.8,-44.3,ultimo objetivo confiable (memoria)
1525,45.796,LOW,toca_abajo,84.4,1.000,54.7,,-24.8,,63.6,103.8,-44.3,ultimo objetivo confiable (memoria)
1526,45.826,LOW,toca_abajo,85.6,1.000,37.7,,-41.8,,63.6,103.8,-44.3,ultimo objetivo confiable (memoria)
1527,45.856,LOW,toca_abajo,84.9,1.000,27.2,,-52.3,,63.6,103.8,-44.3,ultimo objetivo confiable (memoria)
1528,45.886,LOW,toca_abajo,84.9,1.000,27.2,,-52.3,,63.6,103.8,-44.3,ultimo objetivo confiable (memoria)
1529,45.916,MEDIUM,toca_abajo,80.9,1.000,40.1,48.2,-39.4,36.8,48.2,103.7,-62.5,punto adelante de la componente
1530,45.946,LOW,toca_abajo,74.0,1.000,59.5,,-20.0,,48.2,103.7,-62.5,ultimo objetivo confiable (memoria)
1531,45.976,LOW,toca_abajo,74.0,1.000,59.5,,-20.0,,48.2,103.7,-62.5,ultimo objetivo confiable (memoria)
1532,46.006,LOW,toca_abajo,-45.0,0.674,82.5,,3.0,,48.2,103.7,-62.5,ultimo objetivo confiable (memoria)
1533,46.036,LOW,toca_abajo,-45.0,0.674,82.5,,3.0,,48.2,103.7,-62.5,ultimo objetivo confiable (memoria)
1534,46.066,PERDIDA,sin_componente,-79.5,0.000,,,,,,,0.0,sin objetivo
1535,46.096,PERDIDA,sin_componente,0.0,0.000,,,,,,,0.0,sin objetivo
1536,46.126,PERDIDA,sin_componente,0.0,0.000,,,,,,,0.0,sin objetivo
1537,46.156,MEDIUM,toca_abajo,-82.9,-1.000,150.7,149.9,71.2,-3.9,149.9,101.6,75.4,punto adelante de la componente
1538,46.186,PERDIDA,sin_componente,0.0,0.000,,,,,,,0.0,sin objetivo
1539,46.216,PERDIDA,sin_componente,0.0,0.000,,,,,,,0.0,sin objetivo
1540,46.246,PERDIDA,sin_componente,0.0,0.000,,,,,,,0.0,sin objetivo
1541,46.276,PERDIDA,sin_componente,-86.9,0.000,,,,,,,0.0,sin objetivo
1542,46.306,PERDIDA,sin_componente,-19.8,0.000,,,,,,,0.0,sin objetivo
1543,46.336,PERDIDA,sin_componente,-19.8,0.000,,,,,,,0.0,sin objetivo
1544,46.366,SIN_CERCA,continuidad,-32.0,-0.600,,,,,149.9,101.6,75.4,memoria
1545,46.396,SIN_CERCA,continuidad,-29.7,-0.600,,,,,149.9,101.6,75.4,memoria
1546,46.426,SIN_CERCA,continuidad,-29.7,-0.600,,,,,149.9,101.6,75.4,memoria
1547,46.456,PERDIDA,sin_componente,0.0,0.000,,,,,,,0.0,sin objetivo
1548,46.486,PERDIDA,sin_componente,0.0,0.000,,,,,,,0.0,sin objetivo
1549,46.517,PERDIDA,sin_componente,0.0,0.000,,,,,,,0.0,sin objetivo
1550,46.547,LOW,toca_abajo,80.7,-1.000,53.5,,-26.0,,149.9,101.6,75.4,ultimo objetivo confiable (memoria)
1551,46.577,LOW,toca_abajo,80.7,-1.000,53.5,,-26.0,,149.9,101.6,75.4,ultimo objetivo confiable (memoria)
1552,46.607,MEDIUM,toca_abajo,73.8,1.000,49.0,57.2,-30.5,32.4,57.2,101.5,-50.3,punto adelante de la componente
1553,46.637,MEDIUM,toca_abajo,58.2,0.873,55.6,65.8,-23.9,34.7,65.8,99.8,-34.1,punto adelante de la componente
1554,46.667,MEDIUM,toca_abajo,9.5,0.142,68.9,78.3,-10.6,32.6,78.3,99.8,-3.3,punto adelante de la componente
1555,46.697,MEDIUM,toca_abajo,9.5,0.142,68.9,78.3,-10.6,32.6,78.3,99.8,-3.3,punto adelante de la componente
1556,46.727,PERDIDA,sin_componente,-35.8,0.000,,,,,,,0.0,sin objetivo
1557,46.757,PERDIDA,sin_componente,-35.8,0.000,,,,,,,0.0,sin objetivo
1558,46.787,SIN_CERCA,continuidad,-50.6,-0.600,,105.7,,,105.7,100.0,52.7,componente visible arriba
1559,46.817,HIGH,toca_abajo,-57.2,-0.858,109.7,116.4,30.2,24.9,116.4,100.2,61.8,punto adelante de la componente
1560,46.847,HIGH,toca_abajo,-61.7,-0.925,121.1,127.0,41.6,22.3,127.0,100.4,67.6,punto adelante de la componente
1561,46.877,HIGH,toca_abajo,-61.7,-0.925,121.1,127.0,41.6,22.3,127.0,100.4,67.6,punto adelante de la componente
1562,46.907,MEDIUM,toca_abajo,-80.1,-1.000,122.9,126.5,43.4,15.0,126.5,101.5,68.4,punto adelante de la componente
1563,46.937,PERDIDA,sin_componente,-29.7,0.000,,,,,,,0.0,sin objetivo
1564,46.967,PERDIDA,sin_componente,-29.7,0.000,,,,,,,0.0,sin objetivo
1565,46.997,PERDIDA,sin_componente,-21.1,0.000,,,,,,,0.0,sin objetivo
1566,47.027,PERDIDA,sin_componente,-6.5,0.000,,,,,,,0.0,sin objetivo
1567,47.057,PERDIDA,sin_componente,-6.5,0.000,,,,,,,0.0,sin objetivo
1568,47.087,PERDIDA,sin_componente,6.5,0.000,,,,,,,0.0,sin objetivo
1569,47.117,PERDIDA,sin_componente,6.5,0.000,,,,,,,0.0,sin objetivo
1570,47.147,SIN_CERCA,salto_grande,32.0,0.600,,,,,126.5,101.5,68.4,memoria
1571,47.177,SIN_CERCA,salto_grande,58.5,0.600,,10.2,,,10.2,100.2,-74.1,componente visible arriba
1572,47.207,SIN_CERCA,continuidad,58.5,0.600,,10.2,,,10.2,100.2,-74.1,componente visible arriba
1573,47.237,SIN_CERCA,continuidad,62.7,0.600,,11.5,,,11.5,99.8,-73.5,componente visible arriba
1574,47.267,SIN_CERCA,continuidad,68.3,0.600,2.7,16.4,-76.8,48.9,16.4,100.2,-72.5,componente visible arriba
1575,47.297,SIN_CERCA,continuidad,68.3,0.600,2.7,16.4,-76.8,48.9,16.4,100.2,-72.5,componente visible arriba
1576,47.327,PERDIDA,sin_componente,65.6,0.000,,,,,,,0.0,sin objetivo
1577,47.357,PERDIDA,sin_componente,7.5,0.000,,,,,,,0.0,sin objetivo
1578,47.387,PERDIDA,sin_componente,7.5,0.000,,,,,,,0.0,sin objetivo
1579,47.417,PERDIDA,sin_componente,-12.1,0.000,,,,,,,0.0,sin objetivo
1580,47.447,PERDIDA,sin_componente,-25.7,0.000,,,,,,,0.0,sin objetivo
1581,47.477,PERDIDA,sin_componente,-25.7,0.000,,,,,,,0.0,sin objetivo
1582,47.508,SIN_CERCA,salto_grande,-38.8,-0.600,,111.3,,,111.3,79.6,38.2,componente visible arriba
1583,47.538,HIGH,toca_abajo,-53.6,-0.804,99.2,106.1,19.7,25.3,106.1,99.9,53.0,punto adelante de la componente
1584,47.568,HIGH,toca_abajo,-53.6,-0.804,99.2,106.1,19.7,25.3,106.1,99.9,53.0,punto adelante de la componente
1585,47.598,PERDIDA,sin_componente,-28.9,0.000,,,,,,,0.0,sin objetivo
1586,47.628,PERDIDA,sin_componente,0.0,0.000,,,,,,,0.0,sin objetivo
1587,47.658,PERDIDA,sin_componente,0.0,0.000,,,,,,,0.0,sin objetivo
1588,47.688,PERDIDA,sin_componente,0.0,0.000,,,,,,,0.0,sin objetivo
1589,47.718,PERDIDA,sin_componente,-46.3,0.000,,,,,,,0.0,sin objetivo
1590,47.748,PERDIDA,sin_componente,-46.3,0.000,,,,,,,0.0,sin objetivo
1591,47.778,SIN_CERCA,salto_grande,-44.9,-0.600,,,,,106.1,99.9,53.0,memoria
1592,47.808,SIN_CERCA,salto_grande,-43.8,-0.600,,,,,106.1,99.9,53.0,memoria
1593,47.838,SIN_CERCA,salto_grande,-43.8,-0.600,,,,,106.1,99.9,53.0,memoria
1594,47.868,SIN_CERCA,salto_grande,-46.7,-0.600,,,,,106.1,99.9,53.0,memoria
1595,47.898,SIN_CERCA,salto_grande,-45.6,-0.600,,,,,106.1,99.9,53.0,memoria
1596,47.928,SIN_CERCA,salto_grande,-45.6,-0.600,,,,,106.1,99.9,53.0,memoria
1597,47.958,LOW,toca_abajo,-89.3,-1.000,155.8,,76.3,,106.1,99.9,53.0,ultimo objetivo confiable (memoria)
1598,47.988,HIGH,toca_abajo,7.1,0.106,76.8,80.3,-2.7,13.7,80.3,100.0,2.3,punto adelante de la componente
1599,48.018,HIGH,toca_abajo,26.9,0.403,10.4,13.0,-69.1,10.4,13.0,99.8,-73.1,punto adelante de la componente
1600,48.048,HIGH,toca_abajo,26.9,0.403,10.4,13.0,-69.1,10.4,13.0,99.8,-73.1,punto adelante de la componente
1601,48.078,SIN_CERCA,salto_grande,12.9,0.600,,1.5,,,1.5,98.5,-74.6,componente visible arriba
1602,48.108,SIN_CERCA,continuidad,48.5,0.600,,,,,1.5,98.5,-74.6,memoria
1603,48.138,SIN_CERCA,continuidad,48.5,0.600,,,,,1.5,98.5,-74.6,memoria
1604,48.168,LOW,toca_abajo,-85.7,1.000,148.6,,69.1,,1.5,98.5,-74.6,ultimo objetivo confiable (memoria)
1605,48.198,HIGH,toca_abajo,-6.2,-0.093,78.4,79.5,-1.1,4.5,79.5,100.0,0.0,punto adelante de la componente
1606,48.228,HIGH,toca_abajo,-6.2,-0.093,78.4,79.5,-1.1,4.5,79.5,100.0,0.0,punto adelante de la componente
1607,48.258,SIN_CERCA,continuidad,3.4,0.600,76.1,79.0,-3.4,13.9,79.0,99.9,-1.4,componente visible arriba
1608,48.288,SIN_CERCA,continuidad,-0.2,0.600,,86.1,,,86.1,99.6,18.0,componente visible arriba
1609,48.318,SIN_CERCA,continuidad,-4.7,-0.600,,96.4,,,96.4,98.5,38.1,componente visible arriba
1610,48.348,SIN_CERCA,continuidad,-4.7,-0.600,,96.4,,,96.4,98.5,38.1,componente visible arriba
1611,48.378,HIGH,toca_abajo,-20.9,-0.314,153.8,148.1,74.3,-21.7,148.1,99.6,73.4,punto adelante de la componente
1612,48.408,HIGH,toca_abajo,-37.5,-0.563,144.6,138.4,65.1,-23.3,138.4,100.0,71.2,punto adelante de la componente
1613,48.438,HIGH,toca_abajo,-37.5,-0.563,144.6,138.4,65.1,-23.3,138.4,100.0,71.2,punto adelante de la componente
1614,48.468,HIGH,toca_abajo,-54.2,-0.813,133.6,124.1,54.1,-33.7,124.1,100.1,65.9,punto adelante de la componente
1615,48.498,HIGH,toca_abajo,-52.4,-0.786,119.0,111.0,39.5,-28.9,111.0,100.1,57.7,punto adelante de la componente
1616,48.529,HIGH,toca_abajo,-47.8,-0.717,111.8,103.6,32.3,-29.5,103.6,100.1,50.5,punto adelante de la componente
1617,48.559,HIGH,toca_abajo,-47.8,-0.717,111.8,103.6,32.3,-29.5,103.6,100.1,50.5,punto adelante de la componente
1618,48.589,HIGH,toca_abajo,-50.8,-0.763,113.5,107.0,34.0,-24.3,107.0,100.1,54.1,punto adelante de la componente
1619,48.619,HIGH,toca_abajo,-45.4,-0.681,109.7,101.8,30.2,-28.9,101.8,100.1,48.2,punto adelante de la componente
1620,48.649,HIGH,toca_abajo,-45.4,-0.681,109.7,101.8,30.2,-28.9,101.8,100.1,48.2,punto adelante de la componente
1621,48.679,HIGH,toca_abajo,-36.2,-0.543,102.1,95.3,22.6,-25.5,95.3,100.1,38.5,punto adelante de la componente
1622,48.709,HIGH,toca_abajo,-8.2,-0.123,88.6,83.9,9.1,-17.9,83.9,100.1,12.5,punto adelante de la componente
1623,48.739,HIGH,toca_abajo,-8.2,-0.123,88.6,83.9,9.1,-17.9,83.9,100.1,12.5,punto adelante de la componente
1624,48.769,HIGH,toca_abajo,18.3,0.275,78.3,73.8,-1.2,-17.2,73.8,100.1,-16.0,punto adelante de la componente
1625,48.799,HIGH,toca_abajo,38.2,0.573,68.0,63.5,-11.5,-17.2,63.5,100.1,-38.8,punto adelante de la componente
1626,48.829,HIGH,toca_abajo,49.9,0.749,56.9,53.7,-22.6,-12.5,53.7,100.1,-52.4,punto adelante de la componente
1627,48.859,HIGH,toca_abajo,49.9,0.749,56.9,53.7,-22.6,-12.5,53.7,100.1,-52.4,punto adelante de la componente
1628,48.889,HIGH,toca_abajo,57.1,0.856,47.2,45.2,-32.3,-7.8,45.2,100.1,-59.9,punto adelante de la componente
1629,48.919,HIGH,toca_abajo,53.6,0.803,49.6,49.4,-29.9,-1.0,49.4,100.1,-56.5,punto adelante de la componente
1630,48.949,HIGH,toca_abajo,53.6,0.803,49.6,49.4,-29.9,-1.0,49.4,100.1,-56.5,punto adelante de la componente
1631,48.979,HIGH,toca_abajo,44.4,0.666,59.7,58.4,-19.8,-5.1,58.4,100.1,-46.7,punto adelante de la componente
1632,49.009,HIGH,toca_abajo,33.8,0.506,67.1,65.6,-12.4,-5.8,65.6,100.1,-34.9,punto adelante de la componente
1633,49.039,HIGH,toca_abajo,14.0,0.210,77.5,75.4,-2.0,-8.2,75.4,100.1,-11.7,punto adelante de la componente
1634,49.069,HIGH,toca_abajo,14.0,0.210,77.5,75.4,-2.0,-8.2,75.4,100.1,-11.7,punto adelante de la componente
1635,49.099,HIGH,toca_abajo,-2.1,-0.031,86.8,83.9,7.3,-11.2,83.9,100.1,12.4,punto adelante de la componente
1636,49.129,HIGH,toca_abajo,-2.1,-0.031,86.8,83.9,7.3,-11.2,83.9,100.1,12.4,punto adelante de la componente
1637,49.159,HIGH,toca_abajo,-15.0,-0.225,94.1,91.2,14.6,-11.2,91.2,100.1,30.5,punto adelante de la componente
1638,49.189,HIGH,toca_abajo,-32.9,-0.494,104.2,100.9,24.7,-12.8,100.9,100.1,47.1,punto adelante de la componente
1639,49.219,HIGH,toca_abajo,-34.6,-0.519,109.6,104.9,30.1,-18.2,104.9,100.1,51.9,punto adelante de la componente
1640,49.249,HIGH,toca_abajo,-34.6,-0.519,109.6,104.9,30.1,-18.2,104.9,100.1,51.9,punto adelante de la componente
1641,49.279,HIGH,toca_abajo,-29.2,-0.438,109.0,103.5,29.5,-20.9,103.5,100.1,50.3,punto adelante de la componente
1642,49.309,HIGH,toca_abajo,-20.2,-0.302,104.7,99.2,25.2,-21.1,99.2,100.1,44.6,punto adelante de la componente
1643,49.339,HIGH,toca_abajo,-20.2,-0.302,104.7,99.2,25.2,-21.1,99.2,100.1,44.6,punto adelante de la componente
1644,49.369,HIGH,toca_abajo,-12.7,-0.191,100.1,94.8,20.6,-20.2,94.8,100.1,37.6,punto adelante de la componente
1645,49.399,HIGH,toca_abajo,-1.4,-0.021,94.1,89.3,14.6,-18.5,89.3,100.1,26.2,punto adelante de la componente
1646,49.429,HIGH,toca_abajo,-1.4,-0.021,94.1,89.3,14.6,-18.5,89.3,100.1,26.2,punto adelante de la componente
1647,49.459,HIGH,toca_abajo,9.7,0.146,88.4,84.0,8.9,-16.7,84.0,100.1,12.8,punto adelante de la componente
1648,49.489,HIGH,toca_abajo,9.7,0.146,88.4,84.0,8.9,-16.7,84.0,100.1,12.8,punto adelante de la componente
1649,49.520,HIGH,toca_abajo,20.0,0.299,82.8,78.8,3.3,-15.5,78.8,100.1,-2.0,punto adelante de la componente
1650,49.550,HIGH,toca_abajo,26.3,0.395,79.0,75.8,-0.5,-12.4,75.8,100.1,-10.4,punto adelante de la componente
1651,49.580,HIGH,toca_abajo,26.3,0.395,79.0,75.8,-0.5,-12.4,75.8,100.1,-10.4,punto adelante de la componente
1652,49.610,HIGH,toca_abajo,22.4,0.336,81.8,79.4,2.3,-9.3,79.4,100.1,-0.3,punto adelante de la componente
1653,49.640,HIGH,toca_abajo,21.5,0.322,86.4,83.2,6.9,-12.7,83.2,100.1,10.4,punto adelante de la componente
1654,49.670,HIGH,toca_abajo,22.8,0.342,89.4,84.8,9.9,-17.5,84.8,99.9,14.9,punto adelante de la componente
1655,49.700,HIGH,toca_abajo,22.8,0.342,89.4,84.8,9.9,-17.5,84.8,99.9,14.9,punto adelante de la componente
1656,49.730,HIGH,toca_abajo,22.3,0.335,93.3,79.2,13.8,-42.7,79.2,99.3,-0.7,punto adelante de la componente
1657,49.760,HIGH,toca_abajo,20.1,0.301,97.7,75.5,18.2,-55.5,75.5,99.3,-10.9,punto adelante de la componente
1658,49.790,HIGH,toca_abajo,20.1,0.301,97.7,75.5,18.2,-55.5,75.5,99.3,-10.9,punto adelante de la componente
1659,49.820,HIGH,toca_abajo,17.4,0.261,104.0,71.5,24.5,-65.5,71.5,99.6,-21.3,punto adelante de la componente
1660,49.850,HIGH,toca_abajo,15.4,0.231,108.2,69.8,28.7,-69.3,69.8,99.9,-25.7,punto adelante de la componente
1661,49.880,HIGH,toca_abajo,15.4,0.231,108.2,69.8,28.7,-69.3,69.8,99.9,-25.7,punto adelante de la componente
1662,49.910,HIGH,toca_abajo,27.3,0.409,89.3,68.3,9.8,-56.4,68.3,100.0,-29.3,punto adelante de la componente
1663,49.940,HIGH,toca_abajo,37.4,0.561,77.8,69.7,-1.7,-29.3,69.7,100.0,-26.2,punto adelante de la componente
1664,49.970,HIGH,toca_abajo,37.4,0.561,77.8,69.7,-1.7,-29.3,69.7,100.0,-26.2,punto adelante de la componente
1665,50.000,HIGH,toca_abajo,38.2,0.574,76.8,72.2,-2.7,-17.7,72.2,100.0,-20.1,punto adelante de la componente
1666,50.030,HIGH,toca_abajo,40.3,0.605,76.6,72.9,-2.9,-14.3,72.9,100.1,-18.2,punto adelante de la componente
1667,50.060,HIGH,toca_abajo,40.3,0.605,76.6,72.9,-2.9,-14.3,72.9,100.1,-18.2,punto adelante de la componente
1668,50.090,HIGH,toca_abajo,41.8,0.627,79.1,65.5,-0.4,-45.7,65.5,101.2,-36.6,punto adelante de la componente
1669,50.120,MEDIUM,toca_abajo,59.5,0.893,79.3,29.7,-0.2,-75.0,29.7,101.2,-69.3,punto adelante de la componente
1670,50.150,MEDIUM,toca_abajo,59.5,0.893,79.3,29.7,-0.2,-75.0,29.7,101.2,-69.3,punto adelante de la componente
1671,50.180,MEDIUM,toca_abajo,73.7,1.000,75.2,17.4,-4.3,-76.5,17.4,101.1,-73.0,punto adelante de la componente
1672,50.210,MEDIUM,toca_abajo,74.3,1.000,72.9,20.5,-6.6,-74.9,20.5,100.8,-72.0,punto adelante de la componente
1673,50.240,MEDIUM,toca_abajo,74.3,1.000,72.9,20.5,-6.6,-74.9,20.5,100.8,-72.0,punto adelante de la componente
1674,50.270,HIGH,toca_abajo,68.7,1.000,77.7,30.3,-1.8,-73.6,30.3,100.6,-68.5,punto adelante de la componente
1675,50.300,HIGH,toca_abajo,68.9,1.000,74.3,32.2,-5.2,-71.3,32.2,100.5,-67.6,punto adelante de la componente
1676,50.330,HIGH,toca_abajo,67.5,1.000,67.9,31.3,-11.6,-68.3,31.3,100.5,-67.9,punto adelante de la componente
1677,50.360,HIGH,toca_abajo,67.5,1.000,67.9,31.3,-11.6,-68.3,31.3,100.5,-67.9,punto adelante de la componente
1678,50.390,HIGH,toca_abajo,60.2,0.902,79.2,40.6,-0.3,-69.6,40.6,100.4,-63.2,punto adelante de la componente
1679,50.420,HIGH,toca_abajo,40.0,0.600,92.6,60.9,13.1,-65.9,60.9,100.3,-43.3,punto adelante de la componente
1680,50.450,HIGH,toca_abajo,40.0,0.600,92.6,60.9,13.1,-65.9,60.9,100.3,-43.3,punto adelante de la componente
1681,50.480,HIGH,toca_abajo,21.4,0.321,98.7,72.9,19.2,-61.3,72.9,100.3,-18.4,punto adelante de la componente
1682,50.511,HIGH,toca_abajo,6.4,0.096,104.1,77.1,24.6,-62.4,77.1,100.3,-7.1,punto adelante de la componente
1683,50.541,HIGH,toca_abajo,6.4,0.096,104.1,77.1,24.6,-62.4,77.1,100.3,-7.1,punto adelante de la componente
1684,50.571,HIGH,toca_abajo,-23.1,-0.346,114.3,94.2,34.8,-54.9,94.2,100.2,36.6,punto adelante de la componente
1685,50.601,HIGH,toca_abajo,-40.3,-0.605,125.0,111.1,45.5,-44.2,111.1,100.1,57.8,punto adelante de la componente
1686,50.631,HIGH,toca_abajo,-36.0,-0.540,121.8,104.3,42.3,-51.0,104.3,100.2,51.4,punto adelante de la componente
1687,50.661,HIGH,toca_abajo,-36.0,-0.540,121.8,104.3,42.3,-51.0,104.3,100.2,51.4,punto adelante de la componente
1688,50.691,HIGH,toca_abajo,-32.0,-0.479,119.5,100.5,40.0,-53.4,100.5,100.2,46.6,punto adelante de la componente
1689,50.721,HIGH,toca_abajo,-11.5,-0.173,110.2,85.5,30.7,-60.0,85.5,100.2,16.9,punto adelante de la componente
1690,50.751,HIGH,toca_abajo,-1.4,-0.021,106.6,80.7,27.1,-61.1,80.7,100.2,3.5,punto adelante de la componente
1691,50.781,HIGH,toca_abajo,-1.4,-0.021,106.6,80.7,27.1,-61.1,80.7,100.2,3.5,punto adelante de la componente
1692,50.811,HIGH,toca_abajo,8.6,0.130,103.7,76.5,24.2,-62.3,76.5,100.2,-8.5,punto adelante de la componente
1693,50.841,HIGH,toca_abajo,25.1,0.377,97.9,68.1,18.4,-64.3,68.1,100.2,-29.9,punto adelante de la componente
1694,50.871,HIGH,toca_abajo,41.3,0.619,88.0,57.9,8.5,-64.2,57.9,100.2,-47.4,punto adelante de la componente
1695,50.901,HIGH,toca_abajo,55.3,0.829,68.0,43.8,-11.5,-59.2,43.8,100.2,-61.0,punto adelante de la componente
1696,50.931,HIGH,toca_abajo,55.3,0.829,68.0,43.8,-11.5,-59.2,43.8,100.2,-61.0,punto adelante de la componente
1697,50.961,HIGH,toca_abajo,59.0,0.885,50.1,32.1,-29.4,-51.4,32.1,100.3,-67.4,punto adelante de la componente
1698,50.991,HIGH,toca_abajo,57.6,0.865,48.7,32.6,-30.8,-48.2,32.6,100.2,-67.1,punto adelante de la componente
1699,51.021,HIGH,toca_abajo,57.6,0.865,48.7,32.6,-30.8,-48.2,32.6,100.2,-67.1,punto adelante de la componente
1700,51.051,HIGH,toca_abajo,52.1,0.781,57.4,39.7,-22.1,-50.7,39.7,100.1,-63.5,punto adelante de la componente
1701,51.081,HIGH,toca_abajo,41.5,0.623,68.7,49.8,-10.8,-52.5,49.8,100.1,-56.2,punto adelante de la componente
1702,51.111,HIGH,toca_abajo,41.5,0.623,68.7,49.8,-10.8,-52.5,49.8,100.1,-56.2,punto adelante de la componente
1703,51.141,HIGH,toca_abajo,24.8,0.373,78.5,59.2,-1.0,-53.2,59.2,100.1,-45.7,punto adelante de la componente
1704,51.171,HIGH,toca_abajo,3.3,0.049,89.3,69.2,9.8,-54.2,69.2,100.1,-27.3,punto adelante de la componente
1705,51.201,HIGH,toca_abajo,3.3,0.049,89.3,69.2,9.8,-54.2,69.2,100.1,-27.3,punto adelante de la componente
1706,51.231,HIGH,toca_abajo,-19.9,-0.299,97.9,78.1,18.4,-53.9,78.1,100.1,-3.9,punto adelante de la componente
1707,51.261,HIGH,toca_abajo,-35.9,-0.539,105.3,84.2,25.8,-55.6,84.2,100.1,13.2,punto adelante de la componente
1708,51.291,HIGH,toca_abajo,-35.9,-0.539,105.3,84.2,25.8,-55.6,84.2,100.1,13.2,punto adelante de la componente
1709,51.321,HIGH,toca_abajo,-36.6,-0.549,101.7,82.8,22.2,-52.7,82.8,100.1,9.4,punto adelante de la componente
1710,51.351,HIGH,toca_abajo,-34.0,-0.510,92.8,78.5,13.3,-44.1,78.5,99.9,-2.7,punto adelante de la componente
1711,51.381,HIGH,toca_abajo,-34.0,-0.510,92.8,78.5,13.3,-44.1,78.5,99.9,-2.7,punto adelante de la componente
1712,51.411,HIGH,toca_abajo,-19.5,-0.293,77.3,72.5,-2.2,-18.0,72.5,99.9,-19.1,punto adelante de la componente
1713,51.441,HIGH,toca_abajo,-13.8,-0.207,72.1,71.1,-7.4,-3.8,71.1,100.0,-22.7,punto adelante de la componente
1714,51.471,HIGH,toca_abajo,-13.8,-0.207,72.1,71.1,-7.4,-3.8,71.1,100.0,-22.7,punto adelante de la componente
1715,51.502,HIGH,toca_abajo,-1.1,-0.016,63.3,66.9,-16.2,13.7,66.9,100.1,-32.4,punto adelante de la componente
1716,51.532,HIGH,toca_abajo,4.8,0.072,55.5,67.5,-24.0,40.4,67.5,100.2,-31.2,punto adelante de la componente
1717,51.562,HIGH,toca_abajo,2.6,0.039,52.1,73.6,-27.4,56.7,73.6,100.2,-16.6,punto adelante de la componente
1718,51.592,HIGH,toca_abajo,2.6,0.039,52.1,73.6,-27.4,56.7,73.6,100.2,-16.6,punto adelante de la componente
1719,51.622,HIGH,toca_abajo,-8.1,-0.122,53.8,80.4,-25.7,61.7,80.4,100.2,2.6,punto adelante de la componente
1720,51.652,HIGH,toca_abajo,-33.5,-0.503,65.8,91.7,-13.7,60.7,91.7,100.2,31.5,punto adelante de la componente
1721,51.682,HIGH,toca_abajo,-33.5,-0.503,65.8,91.7,-13.7,60.7,91.7,100.2,31.5,punto adelante de la componente
1722,51.712,HIGH,toca_abajo,-55.1,-0.826,85.8,106.4,6.3,54.9,106.4,100.2,53.6,punto adelante de la componente
1723,51.742,HIGH,toca_abajo,-59.2,-0.888,94.2,110.9,14.7,49.2,110.9,100.2,57.7,punto adelante de la componente
1724,51.772,HIGH,toca_abajo,-59.2,-0.888,94.2,110.9,14.7,49.2,110.9,100.2,57.7,punto adelante de la componente
1725,51.802,HIGH,toca_abajo,-60.5,-0.907,97.1,112.2,17.6,46.3,112.2,100.2,58.8,punto adelante de la componente
1726,51.832,HIGH,toca_abajo,-59.8,-0.897,98.5,111.4,19.0,41.8,111.4,100.2,58.2,punto adelante de la componente
1727,51.862,HIGH,toca_abajo,-59.8,-0.897,98.5,111.4,19.0,41.8,111.4,100.2,58.2,punto adelante de la componente
1728,51.892,HIGH,toca_abajo,-52.2,-0.782,88.7,102.3,9.2,43.2,102.3,100.2,49.0,punto adelante de la componente
1729,51.922,HIGH,toca_abajo,-42.9,-0.643,80.3,93.8,0.8,43.1,93.8,100.2,35.8,punto adelante de la componente
1730,51.952,HIGH,toca_abajo,-42.9,-0.643,80.3,93.8,0.8,43.1,93.8,100.2,35.8,punto adelante de la componente
1731,51.982,HIGH,toca_abajo,-18.5,-0.277,63.6,78.3,-15.9,45.4,78.3,100.2,-3.6,punto adelante de la componente
1732,52.012,HIGH,toca_abajo,3.2,0.048,50.1,65.9,-29.4,47.6,65.9,100.2,-34.4,punto adelante de la componente
1733,52.042,HIGH,toca_abajo,3.2,0.048,50.1,65.9,-29.4,47.6,65.9,100.2,-34.4,punto adelante de la componente
1734,52.072,HIGH,toca_abajo,23.6,0.353,36.5,50.5,-43.0,44.4,50.5,100.1,-55.5,punto adelante de la componente
1735,52.102,HIGH,toca_abajo,29.8,0.447,30.5,40.5,-49.0,35.0,40.5,100.1,-63.0,punto adelante de la componente
1736,52.132,HIGH,toca_abajo,29.8,0.447,30.5,40.5,-49.0,35.0,40.5,100.1,-63.0,punto adelante de la componente
1737,52.162,HIGH,toca_abajo,29.2,0.438,28.9,38.2,-50.6,33.2,38.2,100.1,-64.3,punto adelante de la componente
1738,52.192,HIGH,toca_abajo,27.3,0.410,30.7,42.1,-48.8,38.6,42.1,100.1,-62.0,punto adelante de la componente
1739,52.222,HIGH,toca_abajo,27.3,0.410,30.7,42.1,-48.8,38.6,42.1,100.1,-62.0,punto adelante de la componente
1740,52.252,HIGH,toca_abajo,13.3,0.199,39.1,60.6,-40.4,55.7,60.6,99.8,-43.2,punto adelante de la componente
1741,52.282,HIGH,toca_abajo,-1.6,-0.024,47.2,76.4,-32.3,62.8,76.4,99.6,-8.6,punto adelante de la componente
1742,52.312,HIGH,toca_abajo,-14.7,-0.220,54.0,85.1,-25.5,64.1,85.1,99.5,15.2,punto adelante de la componente
1743,52.342,HIGH,toca_abajo,-14.7,-0.220,54.0,85.1,-25.5,64.1,85.1,99.5,15.2,punto adelante de la componente
1744,52.372,HIGH,toca_abajo,-30.8,-0.462,64.0,93.7,-15.5,63.0,93.7,99.5,34.6,punto adelante de la componente
1745,52.402,HIGH,toca_abajo,-40.1,-0.601,71.5,101.0,-8.0,63.2,101.0,99.7,46.6,punto adelante de la componente
1746,52.432,HIGH,toca_abajo,-40.1,-0.601,71.5,101.0,-8.0,63.2,101.0,99.7,46.6,punto adelante de la componente
1747,52.462,HIGH,toca_abajo,-45.2,-0.678,72.0,104.5,-7.5,65.9,104.5,100.1,51.4,punto adelante de la componente
1748,52.492,HIGH,toca_abajo,-53.6,-0.804,86.7,105.9,7.2,53.8,105.9,100.1,53.0,punto adelante de la componente
1749,52.523,HIGH,toca_abajo,-52.4,-0.786,91.2,101.9,11.7,37.2,101.9,100.1,48.4,punto adelante de la componente
1750,52.553,HIGH,toca_abajo,-52.4,-0.786,91.2,101.9,11.7,37.2,101.9,100.1,48.4,punto adelante de la componente
1751,52.583,HIGH,toca_abajo,-46.2,-0.693,89.4,98.0,9.9,30.9,98.0,100.1,42.8,punto adelante de la componente
1752,52.613,HIGH,toca_abajo,-29.5,-0.443,83.6,91.9,4.1,30.1,91.9,100.1,31.9,punto adelante de la componente
1753,52.643,HIGH,toca_abajo,-29.5,-0.443,83.6,91.9,4.1,30.1,91.9,100.1,31.9,punto adelante de la componente
1754,52.673,HIGH,toca_abajo,-3.8,-0.057,80.3,83.5,0.8,12.9,83.5,100.1,11.4,punto adelante de la componente
1755,52.703,HIGH,toca_abajo,6.1,0.092,83.2,79.5,3.7,-14.6,79.5,100.0,0.1,punto adelante de la componente
1756,52.733,HIGH,toca_abajo,6.1,0.092,83.2,79.5,3.7,-14.6,79.5,100.0,0.1,punto adelante de la componente
1757,52.763,HIGH,toca_abajo,11.4,0.171,85.3,79.5,5.8,-22.2,79.5,100.0,0.0,punto adelante de la componente
1758,52.793,HIGH,toca_abajo,20.9,0.313,81.2,79.5,1.7,-6.7,79.5,100.0,0.0,punto adelante de la componente
1759,52.823,HIGH,toca_abajo,32.9,0.493,79.6,75.6,0.1,-15.9,75.6,100.3,-11.3,punto adelante de la componente
1760,52.853,HIGH,toca_abajo,32.9,0.493,79.6,75.6,0.1,-15.9,75.6,100.3,-11.3,punto adelante de la componente
1761,52.883,HIGH,toca_abajo,51.0,0.764,79.5,55.0,0.0,-61.3,55.0,101.1,-52.4,punto adelante de la componente
1762,52.913,MEDIUM,toca_abajo,64.9,0.974,79.5,30.6,0.0,-74.4,30.6,100.8,-68.6,punto adelante de la componente
1763,52.943,MEDIUM,toca_abajo,64.9,0.974,79.5,30.6,0.0,-74.4,30.6,100.8,-68.6,punto adelante de la componente
1764,52.973,MEDIUM,toca_abajo,73.5,1.000,73.8,23.4,-5.7,-74.4,23.4,100.9,-71.2,punto adelante de la componente
1765,53.003,MEDIUM,toca_abajo,74.3,1.000,71.5,26.6,-8.0,-72.7,26.6,101.0,-70.3,punto adelante de la componente
1766,53.033,MEDIUM,toca_abajo,74.3,1.000,71.5,26.6,-8.0,-72.7,26.6,101.0,-70.3,punto adelante de la componente
1767,53.063,MEDIUM,toca_abajo,73.8,1.000,70.0,33.6,-9.5,-69.2,33.6,101.2,-67.7,punto adelante de la componente
1768,53.093,MEDIUM,toca_abajo,73.4,1.000,69.6,39.5,-9.9,-66.0,39.5,101.8,-65.5,punto adelante de la componente
1769,53.123,MEDIUM,toca_abajo,73.4,1.000,69.6,39.5,-9.9,-66.0,39.5,101.8,-65.5,punto adelante de la componente
1770,53.153,MEDIUM,toca_abajo,67.8,1.000,73.1,48.3,-6.4,-62.7,48.3,102.5,-60.7,punto adelante de la componente
1771,53.183,MEDIUM,toca_abajo,24.9,0.374,82.1,59.3,2.6,-60.8,59.3,102.4,-49.0,punto adelante de la componente
1772,53.213,MEDIUM,toca_abajo,-67.2,-1.000,97.8,77.4,18.3,-57.1,77.4,101.7,-6.4,punto adelante de la componente
1773,53.243,MEDIUM,toca_abajo,-67.2,-1.000,97.8,77.4,18.3,-57.1,77.4,101.7,-6.4,punto adelante de la componente
1774,53.273,MEDIUM,toca_abajo,-79.8,-1.000,111.6,94.8,32.1,-53.8,94.8,102.5,41.1,punto adelante de la componente
1775,53.303,MEDIUM,toca_abajo,-83.8,-1.000,120.0,103.1,40.5,-57.1,103.1,103.9,55.7,punto adelante de la componente
1776,53.333,MEDIUM,toca_abajo,-83.8,-1.000,120.0,103.1,40.5,-57.1,103.1,103.9,55.7,punto adelante de la componente
1777,53.363,MEDIUM,toca_abajo,-83.5,-1.000,115.0,95.9,35.5,-60.4,95.9,104.3,46.3,punto adelante de la componente
1778,53.393,MEDIUM,toca_abajo,-74.7,-1.000,100.3,78.9,20.8,-60.6,78.9,103.0,-2.1,punto adelante de la componente
1779,53.423,MEDIUM,toca_abajo,-49.0,-0.736,86.9,67.4,7.4,-59.6,67.4,103.8,-36.7,punto adelante de la componente
1780,53.453,MEDIUM,toca_abajo,-49.0,-0.736,86.9,67.4,7.4,-59.6,67.4,103.8,-36.7,punto adelante de la componente
1781,53.483,MEDIUM,toca_abajo,59.6,0.894,74.9,57.5,-4.6,-56.8,57.5,103.7,-53.6,punto adelante de la componente
1782,53.514,MEDIUM,toca_abajo,79.2,1.000,60.7,45.4,-18.8,-53.8,45.4,104.0,-64.9,punto adelante de la componente
1783,53.544,MEDIUM,toca_abajo,79.2,1.000,60.7,45.4,-18.8,-53.8,45.4,104.0,-64.9,punto adelante de la componente
1784,53.574,MEDIUM,toca_abajo,82.4,1.000,47.8,33.5,-31.7,-50.3,33.5,103.2,-69.9,punto adelante de la componente
1785,53.604,MEDIUM,toca_abajo,83.1,1.000,46.3,35.4,-33.2,-43.8,35.4,103.7,-69.8,punto adelante de la componente
1786,53.634,MEDIUM,toca_abajo,83.1,1.000,46.3,35.4,-33.2,-43.8,35.4,103.7,-69.8,punto adelante de la componente
1787,53.664,MEDIUM,toca_abajo,78.0,1.000,61.2,47.8,-18.3,-49.3,47.8,103.6,-62.6,punto adelante de la componente
1788,53.694,MEDIUM,toca_abajo,63.9,0.959,72.7,58.2,-6.8,-50.8,58.2,103.3,-51.8,punto adelante de la componente
1789,53.724,MEDIUM,toca_abajo,63.9,0.959,72.7,58.2,-6.8,-50.8,58.2,103.3,-51.8,punto adelante de la componente
1790,53.754,MEDIUM,toca_abajo,-61.8,-0.927,94.2,74.2,14.7,-56.6,74.2,101.8,-16.2,punto adelante de la componente
1791,53.784,MEDIUM,toca_abajo,-77.4,-1.000,108.5,91.6,29.0,-53.0,91.6,102.0,34.0,punto adelante de la componente
1792,53.814,MEDIUM,toca_abajo,-77.4,-1.000,108.5,91.6,29.0,-53.0,91.6,102.0,34.0,punto adelante de la componente
1793,53.844,MEDIUM,toca_abajo,-83.0,-1.000,116.8,99.9,37.3,-56.8,99.9,103.9,51.8,punto adelante de la componente
1794,53.874,MEDIUM,toca_abajo,-84.4,-1.000,119.3,100.1,39.8,-60.9,100.1,104.5,53.1,punto adelante de la componente
1795,53.904,MEDIUM,toca_abajo,-81.6,-1.000,105.7,85.8,26.2,-61.4,85.8,104.4,22.1,punto adelante de la componente
1796,53.934,MEDIUM,toca_abajo,-81.6,-1.000,105.7,85.8,26.2,-61.4,85.8,104.4,22.1,punto adelante de la componente
1797,53.964,MEDIUM,toca_abajo,-77.1,-1.000,98.4,77.9,18.9,-61.4,77.9,104.0,-5.8,punto adelante de la componente
1798,53.994,MEDIUM,toca_abajo,-35.4,-0.531,84.3,65.1,4.8,-59.8,65.1,104.0,-42.1,punto adelante de la componente
1799,54.024,MEDIUM,toca_abajo,-35.4,-0.531,84.3,65.1,4.8,-59.8,65.1,104.0,-42.1,punto adelante de la componente
1800,54.054,MEDIUM,toca_abajo,75.4,1.000,67.5,52.3,-12.0,-55.1,52.3,104.7,-60.6,punto adelante de la componente
1801,54.084,MEDIUM,toca_abajo,81.2,1.000,57.7,42.6,-21.8,-54.2,42.6,104.4,-67.1,punto adelante de la componente
1802,54.114,MEDIUM,toca_abajo,81.2,1.000,57.7,42.6,-21.8,-54.2,42.6,104.4,-67.1,punto adelante de la componente
1803,54.144,MEDIUM,toca_abajo,82.8,1.000,47.5,33.0,-32.0,-51.5,33.0,103.5,-70.5,punto adelante de la componente
1804,54.174,MEDIUM,toca_abajo,84.1,1.000,34.6,20.9,-44.9,-48.5,20.9,102.8,-73.7,punto adelante de la componente
1805,54.204,MEDIUM,toca_abajo,84.1,1.000,34.6,20.9,-44.9,-48.5,20.9,102.8,-73.7,punto adelante de la componente
1806,54.234,MEDIUM,toca_abajo,84.9,1.000,37.1,26.9,-42.4,-42.8,26.9,104.1,-73.1,punto adelante de la componente
1807,54.264,MEDIUM,toca_abajo,83.0,1.000,51.0,38.7,-28.5,-48.7,38.7,104.3,-69.0,punto adelante de la componente
1808,54.294,MEDIUM,toca_abajo,79.8,1.000,61.0,48.3,-18.5,-50.0,48.3,104.6,-63.7,punto adelante de la componente
1809,54.324,MEDIUM,toca_abajo,79.8,1.000,61.0,48.3,-18.5,-50.0,48.3,104.6,-63.7,punto adelante de la componente
1810,54.354,MEDIUM,toca_abajo,51.1,0.767,76.2,61.4,-3.3,-52.7,61.4,103.9,-48.3,punto adelante de la componente
1811,54.384,MEDIUM,toca_abajo,-70.7,-1.000,95.5,76.4,16.0,-57.9,76.4,103.2,-10.3,punto adelante de la componente
1812,54.414,MEDIUM,toca_abajo,-70.7,-1.000,95.5,76.4,16.0,-57.9,76.4,103.2,-10.3,punto adelante de la componente
1813,54.444,MEDIUM,toca_abajo,-80.3,-1.000,104.7,87.7,25.2,-56.4,87.7,103.9,27.1,punto adelante de la componente
1814,54.474,MEDIUM,toca_abajo,-84.3,-1.000,116.6,98.4,37.1,-59.4,98.4,104.4,50.5,punto adelante de la componente
1815,54.505,MEDIUM,toca_abajo,-84.3,-1.000,116.6,98.4,37.1,-59.4,98.4,104.4,50.5,punto adelante de la componente
1816,54.535,MEDIUM,toca_abajo,-83.2,-1.000,108.6,89.1,29.1,-61.3,89.1,104.6,31.9,punto adelante de la componente
1817,54.565,MEDIUM,toca_abajo,-78.4,-1.000,98.1,78.9,18.6,-60.5,78.9,104.4,-2.0,punto adelante de la componente
1818,54.595,MEDIUM,toca_abajo,-78.4,-1.000,98.1,78.9,18.6,-60.5,78.9,104.4,-2.0,punto adelante de la componente
1819,54.625,MEDIUM,toca_abajo,-56.3,-0.845,87.3,67.8,7.8,-60.1,67.8,104.0,-36.2,punto adelante de la componente
1820,54.655,MEDIUM,toca_abajo,74.1,1.000,68.6,53.0,-10.9,-55.8,53.0,104.7,-60.0,punto adelante de la componente
1821,54.685,MEDIUM,toca_abajo,74.1,1.000,68.6,53.0,-10.9,-55.8,53.0,104.7,-60.0,punto adelante de la componente
1822,54.715,LOW,toca_abajo,83.5,1.000,52.2,,-27.3,,53.0,104.7,-60.0,ultimo objetivo confiable (memoria)
1823,54.745,MEDIUM,toca_abajo,84.6,1.000,41.5,29.3,-38.0,-47.8,29.3,104.2,-72.5,punto adelante de la componente
1824,54.775,MEDIUM,toca_abajo,85.0,1.000,41.1,30.0,-38.4,-46.4,30.0,104.7,-72.8,punto adelante de la componente
1825,54.805,MEDIUM,toca_abajo,85.0,1.000,41.1,30.0,-38.4,-46.4,30.0,104.7,-72.8,punto adelante de la componente
1826,54.835,LOW,toca_abajo,84.2,1.000,52.0,,-27.5,,30.0,104.7,-72.8,ultimo objetivo confiable (memoria)
1827,54.865,LOW,toca_abajo,80.4,1.000,62.3,,-17.2,,30.0,104.7,-72.8,ultimo objetivo confiable (memoria)
1828,54.895,LOW,toca_abajo,80.4,1.000,62.3,,-17.2,,30.0,104.7,-72.8,ultimo objetivo confiable (memoria)
1829,54.925,MEDIUM,toca_abajo,49.9,0.749,76.3,61.3,-3.2,-54.7,61.3,104.6,-49.8,punto adelante de la componente
1830,54.955,LOW,toca_abajo,-54.7,0.821,84.1,,4.6,,61.3,104.6,-49.8,ultimo objetivo confiable (memoria)
1831,54.985,LOW,toca_abajo,-54.7,0.821,84.1,,4.6,,61.3,104.6,-49.8,ultimo objetivo confiable (memoria)
1832,55.015,LOW,toca_abajo,-82.0,1.000,101.0,,21.5,,61.3,104.6,-49.8,ultimo objetivo confiable (memoria)
1833,55.045,LOW,toca_abajo,-84.8,1.000,118.4,,38.9,,61.3,104.6,-49.8,ultimo objetivo confiable (memoria)
1834,55.075,LOW,toca_abajo,-84.8,1.000,118.4,,38.9,,61.3,104.6,-49.8,ultimo objetivo confiable (memoria)
1835,55.105,LOW,toca_abajo,-87.3,1.000,125.6,,46.1,,61.3,104.6,-49.8,ultimo objetivo confiable (memoria)
1836,55.135,LOW,toca_abajo,-86.3,1.000,105.3,,25.8,,61.3,104.6,-49.8,ultimo objetivo confiable (memoria)
1837,55.165,LOW,toca_abajo,-86.3,1.000,105.3,,25.8,,61.3,104.6,-49.8,ultimo objetivo confiable (memoria)
1838,55.195,LOW,toca_abajo,-85.2,1.000,101.9,,22.4,,61.3,104.6,-49.8,ultimo objetivo confiable (memoria)
1839,55.225,LOW,toca_abajo,-77.9,1.000,90.2,,10.7,,61.3,104.6,-49.8,ultimo objetivo confiable (memoria)
1840,55.255,LOW,toca_abajo,55.7,0.835,75.6,,-3.9,,61.3,104.6,-49.8,ultimo objetivo confiable (memoria)
1841,55.285,LOW,toca_abajo,55.7,0.835,75.6,,-3.9,,61.3,104.6,-49.8,ultimo objetivo confiable (memoria)
1842,55.315,LOW,toca_abajo,83.5,1.000,57.6,,-21.9,,61.3,104.6,-49.8,ultimo objetivo confiable (memoria)
1843,55.345,LOW,toca_abajo,86.2,1.000,39.8,,-39.7,,61.3,104.6,-49.8,ultimo objetivo confiable (memoria)
1844,55.375,LOW,toca_abajo,86.2,1.000,39.8,,-39.7,,61.3,104.6,-49.8,ultimo objetivo confiable (memoria)
1845,55.405,LOW,toca_abajo,87.2,1.000,44.4,,-35.1,,61.3,104.6,-49.8,ultimo objetivo confiable (memoria)
1846,55.435,LOW,toca_abajo,85.1,1.000,60.4,,-19.1,,61.3,104.6,-49.8,ultimo objetivo confiable (memoria)
1847,55.465,LOW,toca_abajo,85.1,1.000,60.4,,-19.1,,61.3,104.6,-49.8,ultimo objetivo confiable (memoria)
1848,55.495,LOW,toca_abajo,83.8,1.000,66.5,,-13.0,,61.3,104.6,-49.8,ultimo objetivo confiable (memoria)
1849,55.526,LOW,toca_abajo,-59.5,0.892,81.4,,1.9,,61.3,104.6,-49.8,ultimo objetivo confiable (memoria)
1850,55.556,LOW,toca_abajo,-59.5,-0.892,81.4,,1.9,,61.3,104.6,-49.8,ultimo objetivo confiable (memoria)
1851,55.586,LOW,toca_abajo,-85.0,-1.000,96.3,,16.8,,61.3,104.6,-49.8,ultimo objetivo confiable (memoria)
1852,55.616,LOW,toca_abajo,-87.0,-1.000,116.3,,36.8,,61.3,104.6,-49.8,ultimo objetivo confiable (memoria)
1853,55.646,LOW,toca_abajo,-87.0,-1.000,116.3,,36.8,,61.3,104.6,-49.8,ultimo objetivo confiable (memoria)
1854,55.676,LOW,toca_abajo,-87.5,-1.000,114.3,,34.8,,61.3,104.6,-49.8,ultimo objetivo confiable (memoria)
1855,55.706,LOW,toca_abajo,-86.8,-1.000,95.9,,16.4,,61.3,104.6,-49.8,ultimo objetivo confiable (memoria)
1856,55.736,LOW,toca_abajo,-86.8,-1.000,95.9,,16.4,,61.3,104.6,-49.8,ultimo objetivo confiable (memoria)
1857,55.766,LOW,toca_abajo,-82.0,-1.000,86.6,,7.1,,61.3,104.6,-49.8,ultimo objetivo confiable (memoria)
1858,55.796,LOW,toca_abajo,-82.0,-1.000,86.6,,7.1,,61.3,104.6,-49.8,ultimo objetivo confiable (memoria)
1859,55.826,LOW,toca_abajo,77.8,1.000,72.0,,-7.5,,61.3,104.6,-49.8,ultimo objetivo confiable (memoria)
1860,55.856,LOW,toca_abajo,85.0,1.000,57.1,,-22.4,,61.3,104.6,-49.8,ultimo objetivo confiable (memoria)
1861,55.886,LOW,toca_abajo,85.0,1.000,57.1,,-22.4,,61.3,104.6,-49.8,ultimo objetivo confiable (memoria)
1862,55.916,LOW,toca_abajo,86.2,1.000,40.9,,-38.6,,61.3,104.6,-49.8,ultimo objetivo confiable (memoria)
1863,55.946,LOW,toca_abajo,87.7,1.000,27.8,,-51.7,,61.3,104.6,-49.8,ultimo objetivo confiable (memoria)
1864,55.976,LOW,toca_abajo,87.7,1.000,27.8,,-51.7,,61.3,104.6,-49.8,ultimo objetivo confiable (memoria)
1865,56.006,LOW,toca_abajo,87.4,1.000,41.0,,-38.5,,61.3,104.6,-49.8,ultimo objetivo confiable (memoria)
1866,56.036,LOW,toca_abajo,88.2,1.000,46.9,,-32.6,,61.3,104.6,-49.8,ultimo objetivo confiable (memoria)
1867,56.066,LOW,toca_abajo,88.2,1.000,46.9,,-32.6,,61.3,104.6,-49.8,ultimo objetivo confiable (memoria)
1868,56.096,LOW,toca_abajo,87.0,1.000,58.6,,-20.9,,61.3,104.6,-49.8,ultimo objetivo confiable (memoria)
1869,56.126,LOW,toca_abajo,81.6,1.000,71.1,,-8.4,,61.3,104.6,-49.8,ultimo objetivo confiable (memoria)
1870,56.156,LOW,toca_abajo,81.6,1.000,71.1,,-8.4,,61.3,104.6,-49.8,ultimo objetivo confiable (memoria)
1871,56.186,LOW,toca_abajo,-79.9,-1.000,87.2,,7.7,,61.3,104.6,-49.8,ultimo objetivo confiable (memoria)
1872,56.216,LOW,toca_abajo,-86.8,-1.000,105.8,,26.3,,61.3,104.6,-49.8,ultimo objetivo confiable (memoria)
1873,56.246,LOW,toca_abajo,-86.8,-1.000,105.8,,26.3,,61.3,104.6,-49.8,ultimo objetivo confiable (memoria)
1874,56.276,LOW,toca_abajo,-89.1,-1.000,115.9,,36.4,,61.3,104.6,-49.8,ultimo objetivo confiable (memoria)
1875,56.306,PERDIDA,sin_componente,32.7,0.000,,,,,,,0.0,sin objetivo
1876,56.336,PERDIDA,sin_componente,32.7,0.000,,,,,,,0.0,sin objetivo
1877,56.366,PERDIDA,sin_componente,-89.6,0.000,,,,,,,0.0,sin objetivo
1878,56.396,PERDIDA,sin_componente,-89.3,0.000,,,,,,,0.0,sin objetivo
1879,56.426,PERDIDA,sin_componente,-89.4,0.000,,,,,,,0.0,sin objetivo
1880,56.456,PERDIDA,sin_componente,-89.2,0.000,,,,,,,0.0,sin objetivo
1881,56.486,PERDIDA,sin_componente,-89.2,0.000,,,,,,,0.0,sin objetivo
1882,56.517,LOW,toca_abajo,-88.2,1.000,101.0,,21.5,,61.3,104.6,-49.8,ultimo objetivo confiable (memoria)
1883,56.547,LOW,toca_abajo,-86.2,1.000,93.5,,14.0,,61.3,104.6,-49.8,ultimo objetivo confiable (memoria)
1884,56.577,LOW,toca_abajo,-86.2,1.000,93.5,,14.0,,61.3,104.6,-49.8,ultimo objetivo confiable (memoria)
1885,56.607,LOW,toca_abajo,-37.9,0.568,79.5,,0.0,,61.3,104.6,-49.8,ultimo objetivo confiable (memoria)
1886,56.637,LOW,toca_abajo,86.7,1.000,67.5,,-12.0,,61.3,104.6,-49.8,ultimo objetivo confiable (memoria)
1887,56.667,LOW,toca_abajo,88.0,1.000,53.2,,-26.3,,61.3,104.6,-49.8,ultimo objetivo confiable (memoria)
1888,56.697,LOW,toca_abajo,88.0,1.000,53.2,,-26.3,,61.3,104.6,-49.8,ultimo objetivo confiable (memoria)
1889,56.727,LOW,toca_abajo,87.2,1.000,37.8,,-41.7,,61.3,104.6,-49.8,ultimo objetivo confiable (memoria)
1890,56.757,LOW,toca_abajo,88.4,1.000,20.7,,-58.8,,61.3,104.6,-49.8,ultimo objetivo confiable (memoria)
1891,56.787,LOW,toca_abajo,88.4,1.000,20.7,,-58.8,,61.3,104.6,-49.8,ultimo objetivo confiable (memoria)
1892,56.817,LOW,toca_abajo,88.1,1.000,28.1,,-51.4,,61.3,104.6,-49.8,ultimo objetivo confiable (memoria)
1893,56.847,LOW,toca_abajo,88.0,1.000,37.5,,-42.0,,61.3,104.6,-49.8,ultimo objetivo confiable (memoria)
1894,56.877,LOW,toca_abajo,88.0,1.000,37.5,,-42.0,,61.3,104.6,-49.8,ultimo objetivo confiable (memoria)
1895,56.907,LOW,toca_abajo,88.4,1.000,45.0,,-34.5,,61.3,104.6,-49.8,ultimo objetivo confiable (memoria)
1896,56.937,PERDIDA,sin_componente,88.7,0.000,,,,,,,0.0,sin objetivo
1897,56.967,PERDIDA,sin_componente,88.7,0.000,,,,,,,0.0,sin objetivo
1898,56.997,PERDIDA,sin_componente,88.0,0.000,,,,,,,0.0,sin objetivo
1899,57.027,LOW,toca_abajo,-51.2,0.768,80.2,,0.7,,61.3,104.6,-49.8,ultimo objetivo confiable (memoria)
1900,57.057,LOW,toca_abajo,-51.2,0.768,80.2,,0.7,,61.3,104.6,-49.8,ultimo objetivo confiable (memoria)
1901,57.087,PERDIDA,sin_componente,-90.0,0.000,,,,,,,0.0,sin objetivo
1902,57.117,PERDIDA,sin_componente,42.8,0.000,,,,,,,0.0,sin objetivo
1903,57.147,PERDIDA,sin_componente,0.0,0.000,,,,,,,0.0,sin objetivo
1904,57.177,PERDIDA,sin_componente,0.0,0.000,,,,,,,0.0,sin objetivo
1905,57.207,PERDIDA,sin_componente,0.0,0.000,,,,,,,0.0,sin objetivo
1906,57.237,PERDIDA,sin_componente,45.4,0.000,,,,,,,0.0,sin objetivo
1907,57.267,PERDIDA,sin_componente,45.4,0.000,,,,,,,0.0,sin objetivo
1908,57.297,PERDIDA,sin_componente,37.3,0.000,,,,,,,0.0,sin objetivo
1909,57.327,PERDIDA,sin_componente,38.7,0.000,,,,,,,0.0,sin objetivo
1910,57.357,PERDIDA,sin_componente,38.7,0.000,,,,,,,0.0,sin objetivo
1911,57.387,PERDIDA,sin_componente,37.5,0.000,,,,,,,0.0,sin objetivo
1912,57.417,PERDIDA,sin_componente,37.5,0.000,,,,,,,0.0,sin objetivo
1913,57.447,PERDIDA,sin_componente,0.0,0.000,,,,,,,0.0,sin objetivo
1914,57.477,PERDIDA,sin_componente,23.2,0.000,,,,,,,0.0,sin objetivo
1915,57.508,PERDIDA,sin_componente,23.2,0.000,,,,,,,0.0,sin objetivo
1916,57.538,PERDIDA,sin_componente,23.5,0.000,,,,,,,0.0,sin objetivo
1917,57.568,PERDIDA,sin_componente,26.8,0.000,,,,,,,0.0,sin objetivo
1918,57.598,PERDIDA,sin_componente,21.5,0.000,,,,,,,0.0,sin objetivo
1919,57.628,PERDIDA,sin_componente,21.5,0.000,,,,,,,0.0,sin objetivo
1920,57.658,PERDIDA,sin_componente,6.6,0.000,,,,,,,0.0,sin objetivo
1921,57.688,PERDIDA,sin_componente,6.6,0.000,,,,,,,0.0,sin objetivo
1922,57.718,PERDIDA,sin_componente,-3.4,0.000,,,,,,,0.0,sin objetivo
1923,57.748,PERDIDA,sin_componente,-6.7,0.000,,,,,,,0.0,sin objetivo
1924,57.778,PERDIDA,sin_componente,-6.7,0.000,,,,,,,0.0,sin objetivo
1925,57.808,SIN_CERCA,continuidad,-11.5,-0.600,,,,,61.3,104.6,-49.8,memoria
1926,57.838,SIN_CERCA,continuidad,-7.0,-0.600,,77.2,,,77.2,76.3,-3.0,componente visible arriba
1927,57.868,SIN_CERCA,continuidad,-7.0,-0.600,,77.2,,,77.2,76.3,-3.0,componente visible arriba
1928,57.898,SIN_CERCA,continuidad,-8.2,-0.600,,78.1,,,78.1,78.0,-1.9,componente visible arriba
1929,57.928,SIN_CERCA,continuidad,-8.2,-0.600,,78.1,,,78.1,78.0,-1.9,componente visible arriba
1930,57.958,SIN_CERCA,continuidad,-25.4,-0.600,,,,,78.1,78.0,-1.9,memoria
1931,57.988,SIN_CERCA,continuidad,-33.4,-0.600,,102.0,,,102.0,80.0,29.4,componente visible arriba
1932,58.018,SIN_CERCA,continuidad,-36.1,-0.600,,111.3,,,111.3,79.9,38.4,componente visible arriba
1933,58.048,SIN_CERCA,continuidad,-36.1,-0.600,,111.3,,,111.3,79.9,38.4,componente visible arriba
1934,58.078,SIN_CERCA,continuidad,-38.1,-0.600,,89.4,,,89.4,98.9,25.1,componente visible arriba
1935,58.108,HIGH,toca_abajo,-35.2,-0.529,65.2,89.0,-14.3,58.5,89.0,100.3,25.6,punto adelante de la componente
1936,58.138,HIGH,toca_abajo,-35.2,-0.529,65.2,89.0,-14.3,58.5,89.0,100.3,25.6,punto adelante de la componente
1937,58.168,HIGH,toca_abajo,-34.5,-0.517,67.2,88.7,-12.3,57.2,88.7,100.2,24.9,punto adelante de la componente
1938,58.198,HIGH,toca_abajo,-34.5,-0.517,67.2,88.7,-12.3,57.2,88.7,100.2,24.9,punto adelante de la componente
1939,58.228,HIGH,toca_abajo,-36.1,-0.542,71.0,90.9,-8.5,55.0,90.9,100.3,30.1,punto adelante de la componente
1940,58.258,HIGH,toca_abajo,-37.7,-0.566,73.4,92.8,-6.1,52.5,92.8,99.8,33.5,punto adelante de la componente
1941,58.288,HIGH,toca_abajo,-36.3,-0.545,74.3,92.1,-5.2,50.1,92.1,99.7,31.9,punto adelante de la componente
1942,58.318,HIGH,toca_abajo,-36.3,-0.545,74.3,92.1,-5.2,50.1,92.1,99.7,31.9,punto adelante de la componente
1943,58.348,HIGH,toca_abajo,-32.1,-0.482,72.3,88.6,-7.2,49.2,88.6,100.4,25.0,punto adelante de la componente
1944,58.378,HIGH,toca_abajo,-23.5,-0.353,67.3,83.6,-12.2,48.4,83.6,100.0,11.5,punto adelante de la componente
1945,58.408,HIGH,toca_abajo,-23.5,-0.353,67.3,83.6,-12.2,48.4,83.6,100.0,11.5,punto adelante de la componente
1946,58.438,HIGH,toca_abajo,-14.7,-0.220,62.4,78.6,-17.1,48.7,78.6,100.1,-2.5,punto adelante de la componente
1947,58.468,HIGH,toca_abajo,-4.6,-0.068,58.2,74.0,-21.3,47.5,74.0,100.0,-15.4,punto adelante de la componente
1948,58.498,HIGH,toca_abajo,-4.6,-0.068,58.2,74.0,-21.3,47.5,74.0,100.0,-15.4,punto adelante de la componente
1949,58.529,HIGH,toca_abajo,4.8,0.072,51.4,67.5,-28.1,47.4,67.5,99.9,-30.8,punto adelante de la componente
1950,58.559,HIGH,toca_abajo,11.3,0.170,48.2,64.5,-31.3,48.3,64.5,100.0,-36.9,punto adelante de la componente
1951,58.589,HIGH,toca_abajo,11.3,0.170,48.2,64.5,-31.3,48.3,64.5,100.0,-36.9,punto adelante de la componente
1952,58.619,HIGH,toca_abajo,15.6,0.235,45.4,62.0,-34.1,48.6,62.0,99.9,-41.1,punto adelante de la componente
1953,58.649,HIGH,toca_abajo,1.7,0.026,53.1,69.4,-26.4,49.0,69.4,100.1,-26.9,punto adelante de la componente
1954,58.679,HIGH,toca_abajo,1.7,0.026,53.1,69.4,-26.4,49.0,69.4,100.1,-26.9,punto adelante de la componente
1955,58.709,HIGH,toca_abajo,-17.0,-0.256,66.8,81.4,-12.7,45.2,81.4,100.0,5.5,punto adelante de la componente
1956,58.739,HIGH,toca_abajo,-32.7,-0.490,78.1,90.4,-1.4,40.2,90.4,100.0,28.4,punto adelante de la componente
1957,58.769,HIGH,toca_abajo,-32.7,-0.490,78.1,90.4,-1.4,40.2,90.4,100.0,28.4,punto adelante de la componente
1958,58.799,HIGH,toca_abajo,-42.6,-0.639,85.0,96.1,5.5,37.5,96.1,100.0,39.8,punto adelante de la componente
1959,58.829,HIGH,toca_abajo,-48.0,-0.720,90.8,99.7,11.3,31.8,99.7,100.1,45.4,punto adelante de la componente
1960,58.859,HIGH,toca_abajo,-48.0,-0.720,90.8,99.7,11.3,31.8,99.7,100.1,45.4,punto adelante de la componente
1961,58.889,HIGH,toca_abajo,-42.6,-0.639,87.2,95.5,7.8,29.4,95.5,99.9,38.6,punto adelante de la componente
1962,58.919,HIGH,toca_abajo,-41.8,-0.626,85.8,93.8,6.2,29.0,93.8,100.1,35.6,punto adelante de la componente
1963,58.949,HIGH,toca_abajo,-41.8,-0.626,85.8,93.8,6.2,29.0,93.8,100.1,35.6,punto adelante de la componente
1964,58.979,HIGH,toca_abajo,-26.1,-0.391,79.7,87.2,0.2,27.6,87.2,100.0,21.1,punto adelante de la componente
1965,59.009,HIGH,toca_abajo,4.6,0.069,70.1,77.8,-9.4,27.9,77.8,100.0,-4.9,punto adelante de la componente
1966,59.039,HIGH,toca_abajo,4.6,0.069,70.1,77.8,-9.4,27.9,77.8,100.0,-4.9,punto adelante de la componente
1967,59.069,HIGH,toca_abajo,34.7,0.521,58.8,67.1,-20.7,29.7,67.1,100.1,-31.9,punto adelante de la componente
1968,59.099,HIGH,toca_abajo,53.2,0.799,47.1,56.6,-32.4,33.1,56.6,99.9,-48.8,punto adelante de la componente
1969,59.129,HIGH,toca_abajo,53.2,0.799,47.1,56.6,-32.4,33.1,56.6,99.9,-48.8,punto adelante de la componente
1970,59.159,HIGH,toca_abajo,57.3,0.859,46.9,57.8,-32.6,36.8,57.8,99.9,-47.3,punto adelante de la componente
1971,59.189,MEDIUM,toca_abajo,47.6,0.714,55.6,66.5,-23.9,36.8,66.5,99.9,-32.9,punto adelante de la componente
1972,59.219,MEDIUM,toca_abajo,47.6,0.714,55.6,66.5,-23.9,36.8,66.5,99.9,-32.9,punto adelante de la componente
1973,59.249,MEDIUM,toca_abajo,15.4,0.231,67.2,77.6,-12.3,35.3,77.6,99.8,-5.3,punto adelante de la componente
1974,59.279,MEDIUM,toca_abajo,15.4,0.231,67.2,77.6,-12.3,35.3,77.6,99.8,-5.3,punto adelante de la componente
1975,59.309,MEDIUM,toca_abajo,-37.1,-0.557,82.3,91.0,2.8,30.8,91.0,99.8,29.7,punto adelante de la componente
1976,59.339,MEDIUM,toca_abajo,-59.8,-0.897,95.1,102.2,15.6,25.9,102.2,99.9,48.5,punto adelante de la componente
1977,59.369,MEDIUM,toca_abajo,-68.3,-1.000,103.5,110.0,24.0,24.1,110.0,100.1,56.9,punto adelante de la componente
1978,59.399,MEDIUM,toca_abajo,-68.3,-1.000,103.5,110.0,24.0,24.1,110.0,100.1,56.9,punto adelante de la componente
1979,59.429,MEDIUM,toca_abajo,-72.7,-1.000,112.4,117.4,32.9,19.2,117.4,100.0,62.3,punto adelante de la componente
1980,59.459,MEDIUM,toca_abajo,-63.8,-0.957,103.2,107.1,23.7,14.8,107.1,99.9,53.9,punto adelante de la componente
1981,59.489,MEDIUM,toca_abajo,-63.8,-0.957,103.2,107.1,23.7,14.8,107.1,99.9,53.9,punto adelante de la componente
1982,59.520,MEDIUM,toca_abajo,-46.8,-0.702,87.7,94.0,8.2,23.3,94.0,100.0,35.9,punto adelante de la componente
1983,59.550,MEDIUM,toca_abajo,8.6,0.130,71.2,79.0,-8.3,27.8,79.0,99.9,-1.5,punto adelante de la componente
1984,59.580,MEDIUM,toca_abajo,8.6,0.130,71.2,79.0,-8.3,27.8,79.0,99.9,-1.5,punto adelante de la componente
1985,59.610,MEDIUM,toca_abajo,43.1,0.647,62.6,71.0,-16.9,30.0,71.0,100.1,-23.2,punto adelante de la componente
1986,59.640,MEDIUM,toca_abajo,43.1,0.647,62.6,71.0,-16.9,30.0,71.0,100.1,-23.2,punto adelante de la componente
1987,59.670,MEDIUM,toca_abajo,59.5,0.893,54.7,63.3,-24.8,30.7,63.3,100.0,-39.1,punto adelante de la componente
1988,59.700,MEDIUM,toca_abajo,59.9,0.899,55.9,65.6,-23.6,33.9,65.6,100.1,-34.8,punto adelante de la componente
1989,59.730,MEDIUM,toca_abajo,59.9,0.899,55.9,65.6,-23.6,33.9,65.6,100.1,-34.8,punto adelante de la componente
1990,59.760,MEDIUM,toca_abajo,51.0,0.765,62.9,72.5,-16.6,33.8,72.5,100.1,-19.3,punto adelante de la componente
1991,59.790,MEDIUM,toca_abajo,-23.4,-0.351,78.5,87.2,-1.0,31.2,87.2,100.0,21.0,punto adelante de la componente
1992,59.820,MEDIUM,toca_abajo,-60.2,-0.904,91.9,99.0,12.4,26.6,99.0,100.2,44.6,punto adelante de la componente
1993,59.850,MEDIUM,toca_abajo,-60.2,-0.904,91.9,99.0,12.4,26.6,99.0,100.2,44.6,punto adelante de la componente
1994,59.880,MEDIUM,toca_abajo,-70.5,-1.000,103.0,108.5,23.5,21.3,108.5,100.2,55.7,punto adelante de la componente
1995,59.910,MEDIUM,toca_abajo,-70.5,-1.000,103.0,108.5,23.5,21.3,108.5,100.2,55.7,punto adelante de la componente
1996,59.940,MEDIUM,toca_abajo,-64.7,-0.970,97.8,101.8,18.3,15.5,101.8,100.1,48.2,punto adelante de la componente
1997,59.970,MEDIUM,toca_abajo,-38.9,-0.584,83.9,89.3,4.4,20.5,89.3,100.0,26.2,punto adelante de la componente
1998,60.000,MEDIUM,toca_abajo,-38.9,-0.584,83.9,89.3,4.4,20.5,89.3,100.0,26.2,punto adelante de la componente
1999,60.030,MEDIUM,toca_abajo,24.4,0.367,71.5,78.1,-8.0,24.8,78.1,100.1,-4.2,punto adelante de la componente
2000,60.060,MEDIUM,toca_abajo,58.2,0.873,61.1,68.3,-18.4,26.8,68.3,100.2,-29.5,punto adelante de la componente
2001,60.090,MEDIUM,toca_abajo,71.4,1.000,47.5,55.1,-32.0,28.4,55.1,100.2,-51.0,punto adelante de la componente
2002,60.120,MEDIUM,toca_abajo,71.4,1.000,47.5,55.1,-32.0,28.4,55.1,100.2,-51.0,punto adelante de la componente
2003,60.150,MEDIUM,toca_abajo,76.5,1.000,32.9,43.9,-46.6,36.9,43.9,99.9,-60.6,punto adelante de la componente
2004,60.180,MEDIUM,toca_abajo,72.5,1.000,40.0,52.4,-39.5,40.9,52.4,100.1,-53.7,punto adelante de la componente
2005,60.210,MEDIUM,toca_abajo,72.5,1.000,40.0,52.4,-39.5,40.9,52.4,100.1,-53.7,punto adelante de la componente
2006,60.240,MEDIUM,toca_abajo,55.3,0.829,58.9,69.9,-20.6,37.2,69.9,100.1,-25.7,punto adelante de la componente
2007,60.270,MEDIUM,toca_abajo,55.3,0.829,58.9,69.9,-20.6,37.2,69.9,100.1,-25.7,punto adelante de la componente
2008,60.300,MEDIUM,toca_abajo,-36.2,-0.543,81.2,89.4,1.7,33.9,89.4,101.4,28.2,punto adelante de la componente
2009,60.330,PERDIDA,sin_componente,-75.1,0.000,,,,,,,0.0,sin objetivo
2010,60.360,PERDIDA,sin_componente,-75.1,0.000,,,,,,,0.0,sin objetivo
2011,60.390,PERDIDA,sin_componente,-80.6,0.000,,,,,,,0.0,sin objetivo
2012,60.420,MEDIUM,toca_abajo,-81.8,-1.000,140.8,142.2,61.3,6.1,142.2,101.0,73.1,punto adelante de la componente
2013,60.450,MEDIUM,toca_abajo,-81.8,-1.000,140.8,142.2,61.3,6.1,142.2,101.0,73.1,punto adelante de la componente
2014,60.480,MEDIUM,toca_abajo,-81.1,-1.000,137.7,138.0,58.2,1.2,138.0,100.0,71.1,punto adelante de la componente
2015,60.511,MEDIUM,toca_abajo,-81.1,-1.000,137.7,138.0,58.2,1.2,138.0,100.0,71.1,punto adelante de la componente
2016,60.541,PERDIDA,sin_componente,0.0,0.000,,,,,,,0.0,sin objetivo
2017,60.571,PERDIDA,sin_componente,0.0,0.000,,,,,,,0.0,sin objetivo
2018,60.601,PERDIDA,sin_componente,0.0,0.000,,,,,,,0.0,sin objetivo
2019,60.631,PERDIDA,sin_componente,0.0,0.000,,,,,,,0.0,sin objetivo
2020,60.661,HIGH,toca_abajo,67.5,1.000,21.6,32.9,-57.9,36.6,32.9,99.7,-66.4,punto adelante de la componente
2021,60.691,HIGH,toca_abajo,74.6,1.000,6.4,19.1,-73.1,41.2,19.1,99.9,-71.6,punto adelante de la componente
2022,60.721,HIGH,toca_abajo,74.6,1.000,6.4,19.1,-73.1,41.2,19.1,99.9,-71.6,punto adelante de la componente
2023,60.751,SIN_CERCA,continuidad,71.0,0.600,,10.5,,,10.5,100.0,-73.8,componente visible arriba
2024,60.781,SIN_CERCA,continuidad,53.0,0.600,,2.1,,,2.1,97.4,-73.7,componente visible arriba
2025,60.811,SIN_CERCA,continuidad,53.0,0.600,,2.1,,,2.1,97.4,-73.7,componente visible arriba
2026,60.841,SIN_CERCA,salto_grande,-13.6,-0.600,,,,,2.1,97.4,-73.7,memoria
2027,60.871,SIN_CERCA,salto_grande,-26.2,-0.600,,,,,2.1,97.4,-73.7,memoria
2028,60.901,SIN_CERCA,salto_grande,-26.2,-0.600,,,,,2.1,97.4,-73.7,memoria
2029,60.931,SIN_CERCA,salto_grande,-37.7,-0.600,,,,,2.1,97.4,-73.7,memoria
2030,60.961,SIN_CERCA,salto_grande,-48.0,-0.600,,158.5,,,158.5,76.4,61.1,componente visible arriba
2031,60.991,SIN_CERCA,continuidad,-48.0,-0.600,,158.5,,,158.5,76.4,61.1,componente visible arriba
2032,61.021,SIN_CERCA,continuidad,-50.7,-0.600,,156.7,,,156.7,77.3,61.0,componente visible arriba
2033,61.051,LOW,toca_abajo,47.4,0.712,27.9,,-51.6,,156.7,77.3,61.0,ultimo objetivo confiable (memoria)
2034,61.081,LOW,toca_abajo,47.4,0.712,27.9,,-51.6,,156.7,77.3,61.0,ultimo objetivo confiable (memoria)
2035,61.111,MEDIUM,toca_abajo,64.9,0.974,69.2,35.4,-10.3,-67.2,35.4,100.9,-66.6,punto adelante de la componente
2036,61.141,HIGH,toca_abajo,18.2,0.273,76.8,82.4,-2.7,23.4,82.4,99.9,8.3,punto adelante de la componente
2037,61.171,HIGH,toca_abajo,18.2,0.273,76.8,82.4,-2.7,23.4,82.4,99.9,8.3,punto adelante de la componente
2038,61.201,HIGH,toca_abajo,25.0,0.375,4.9,9.5,-74.6,18.1,9.5,99.6,-73.8,punto adelante de la componente
2039,61.231,SIN_CERCA,continuidad,15.2,-0.600,,1.5,,,1.5,97.3,-73.8,componente visible arriba
2040,61.261,SIN_CERCA,continuidad,15.2,-0.600,,1.5,,,1.5,97.3,-73.8,componente visible arriba
2041,61.291,MEDIUM,toca_abajo,78.6,1.000,20.9,8.4,-58.6,-41.7,8.4,100.9,-75.0,punto adelante de la componente
2042,61.321,HIGH,toca_abajo,-16.1,-0.241,153.9,110.7,74.4,-71.2,110.7,99.4,56.6,punto adelante de la componente
2043,61.351,HIGH,toca_abajo,-16.1,-0.241,153.9,110.7,74.4,-71.2,110.7,99.4,56.6,punto adelante de la componente
2044,61.381,HIGH,toca_abajo,-53.7,-0.805,152.7,149.7,73.2,-11.6,149.7,99.8,73.9,punto adelante de la componente
2045,61.411,HIGH,toca_abajo,-65.6,-0.983,150.4,147.6,70.9,-10.6,147.6,99.8,73.5,punto adelante de la componente
2046,61.441,HIGH,toca_abajo,-65.6,-0.983,150.4,147.6,70.9,-10.6,147.6,99.8,73.5,punto adelante de la componente
2047,61.471,HIGH,toca_abajo,-65.6,-0.983,146.4,143.7,66.9,-10.8,143.7,99.9,72.6,punto adelante de la componente
2048,61.502,HIGH,toca_abajo,-65.0,-0.976,140.9,138.3,61.4,-10.1,138.3,99.9,71.1,punto adelante de la componente
2049,61.532,HIGH,toca_abajo,-65.0,-0.976,140.9,138.3,61.4,-10.1,138.3,99.9,71.1,punto adelante de la componente
2050,61.562,HIGH,toca_abajo,-62.6,-0.939,133.4,128.1,53.9,-20.1,128.1,100.1,67.7,punto adelante de la componente
2051,61.592,HIGH,toca_abajo,-56.8,-0.852,121.8,115.6,42.3,-23.0,115.6,100.1,61.1,punto adelante de la componente
2052,61.622,HIGH,toca_abajo,-52.4,-0.785,115.6,109.7,36.1,-22.0,109.7,100.1,56.6,punto adelante de la componente
2053,61.652,HIGH,toca_abajo,-52.4,-0.785,115.6,109.7,36.1,-22.0,109.7,100.1,56.6,punto adelante de la componente
2054,61.682,HIGH,toca_abajo,-46.8,-0.703,111.1,104.4,31.6,-24.9,104.4,100.1,51.4,punto adelante de la componente
2055,61.712,HIGH,toca_abajo,-40.6,-0.609,107.8,100.0,28.3,-28.5,100.0,100.1,45.8,punto adelante de la componente
2056,61.742,HIGH,toca_abajo,-40.6,-0.609,107.8,100.0,28.3,-28.5,100.0,100.1,45.8,punto adelante de la componente
2057,61.772,HIGH,toca_abajo,-26.8,-0.402,98.6,91.6,19.1,-26.1,91.6,100.1,31.3,punto adelante de la componente
2058,61.802,HIGH,toca_abajo,-26.8,-0.402,98.6,91.6,19.1,-26.1,91.6,100.1,31.3,punto adelante de la componente
2059,61.832,HIGH,toca_abajo,5.8,0.087,84.9,78.8,5.4,-22.9,78.8,100.1,-2.0,punto adelante de la componente
2060,61.862,HIGH,toca_abajo,35.3,0.529,70.5,65.2,-9.0,-20.0,65.2,100.1,-35.7,punto adelante de la componente
2061,61.892,HIGH,toca_abajo,47.4,0.711,60.5,56.1,-19.0,-17.1,56.1,100.1,-49.6,punto adelante de la componente
2062,61.922,HIGH,toca_abajo,47.4,0.711,60.5,56.1,-19.0,-17.1,56.1,100.1,-49.6,punto adelante de la componente
2063,61.952,HIGH,toca_abajo,52.7,0.791,53.8,50.7,-25.7,-12.1,50.7,100.1,-55.4,punto adelante de la componente
2064,61.982,HIGH,toca_abajo,50.5,0.758,55.6,52.7,-23.9,-11.0,52.7,100.1,-53.4,punto adelante de la componente
2065,62.012,HIGH,toca_abajo,50.5,0.758,55.6,52.7,-23.9,-11.0,52.7,100.1,-53.4,punto adelante de la componente
2066,62.042,HIGH,toca_abajo,43.8,0.657,61.0,58.7,-18.5,-9.1,58.7,100.1,-46.3,punto adelante de la componente
2067,62.072,HIGH,toca_abajo,30.0,0.450,72.2,69.0,-7.3,-12.4,69.0,100.1,-27.9,punto adelante de la componente
2068,62.102,HIGH,toca_abajo,17.4,0.261,80.4,76.3,0.9,-15.7,76.3,100.1,-9.0,punto adelante de la componente
2069,62.132,HIGH,toca_abajo,6.6,0.098,87.2,83.1,7.7,-15.8,83.1,100.1,10.3,punto adelante de la componente
2070,62.162,HIGH,toca_abajo,6.6,0.098,87.2,83.1,7.7,-15.8,83.1,100.1,10.3,punto adelante de la componente
2071,62.192,HIGH,toca_abajo,-11.5,-0.173,97.4,92.4,17.9,-19.4,92.4,100.1,33.0,punto adelante de la componente
2072,62.222,HIGH,toca_abajo,-24.8,-0.372,107.4,101.9,27.9,-20.7,101.9,100.1,48.4,punto adelante de la componente
2073,62.252,HIGH,toca_abajo,-25.9,-0.388,111.5,106.2,32.0,-20.3,106.2,100.1,53.3,punto adelante de la componente
2074,62.282,HIGH,toca_abajo,-25.9,-0.388,111.5,106.2,32.0,-20.3,106.2,100.1,53.3,punto adelante de la componente
2075,62.312,HIGH,toca_abajo,-20.9,-0.314,112.9,105.9,33.4,-26.0,105.9,100.1,53.0,punto adelante de la componente
2076,62.342,HIGH,toca_abajo,-10.6,-0.158,104.6,98.0,25.1,-24.6,98.0,100.1,42.9,punto adelante de la componente
2077,62.372,HIGH,toca_abajo,-10.6,-0.158,104.6,98.0,25.1,-24.6,98.0,100.1,42.9,punto adelante de la componente
2078,62.402,HIGH,toca_abajo,-6.2,-0.092,101.9,96.6,22.4,-20.3,96.6,100.1,40.7,punto adelante de la componente
2079,62.432,HIGH,toca_abajo,3.8,0.058,97.4,91.1,17.9,-23.4,91.1,100.1,30.3,punto adelante de la componente
2080,62.462,HIGH,toca_abajo,3.8,0.058,97.4,91.1,17.9,-23.4,91.1,100.1,30.3,punto adelante de la componente
2081,62.492,HIGH,toca_abajo,14.1,0.211,90.6,85.4,11.1,-20.0,85.4,100.1,16.4,punto adelante de la componente
2082,62.523,HIGH,toca_abajo,20.1,0.302,87.5,82.6,8.0,-18.5,82.6,100.1,8.9,punto adelante de la componente
2083,62.553,HIGH,toca_abajo,20.1,0.302,87.5,82.6,8.0,-18.5,82.6,100.1,8.9,punto adelante de la componente
2084,62.583,HIGH,toca_abajo,27.7,0.416,85.2,80.9,5.7,-16.5,80.9,100.1,4.1,punto adelante de la componente
2085,62.613,HIGH,toca_abajo,39.8,0.597,82.4,63.8,2.9,-50.6,63.8,99.3,-37.2,punto adelante de la componente
2086,62.643,HIGH,toca_abajo,38.5,0.578,88.8,60.2,9.3,-62.7,60.2,99.8,-43.7,punto adelante de la componente
2087,62.673,HIGH,toca_abajo,38.5,0.578,88.8,60.2,9.3,-62.7,60.2,99.8,-43.7,punto adelante de la componente
2088,62.703,HIGH,toca_abajo,36.4,0.546,94.3,61.0,14.8,-66.9,61.0,100.0,-42.8,punto adelante de la componente
2089,62.733,HIGH,toca_abajo,22.0,0.331,101.9,66.8,22.4,-68.3,66.8,100.0,-32.4,punto adelante de la componente
2090,62.763,HIGH,toca_abajo,22.0,0.331,101.9,66.8,22.4,-68.3,66.8,100.0,-32.4,punto adelante de la componente
